EmpID,StartDate,ExitDate,Title,Supervisor,ADEmail,BusinessUnit,EmployeeStatus,EmployeeType,PayZone,EmployeeClassificationType,TerminationType,TerminationDescription,DepartmentType,Division,State,JobFunctionDescription,GenderCode,LocationCode,RaceDesc,MaritalDesc,Performance Score,Current Employee Rating,Attrition,EmployeeName,Age,Age_Group
3427,2019-09-20,,Production Technician I,Peter Oneill,uriah.bridges@bilearner.com,CCDR,Active,Contract,Zone C,Temporary,Unk,Active Employee,Production       ,Finance & Accounting,MA,Accounting,Female,34904,White,Widowed,Fully Meets,4,0,Uriah Bridges,57.0,55-64
3428,2023-02-11,,Production Technician I,Renee Mccormick,paula.small@bilearner.com,EW,Active,Contract,Zone A,Part-Time,Unk,Active Employee,Production       ,Aerial,MA,Labor,Male,6593,Hispanic,Widowed,Fully Meets,3,0,Paula Small,,Unknown
3429,2018-12-10,,Area Sales Manager,Crystal Walker,edward.buck@bilearner.com,PL,Active,Full-Time,Zone B,Part-Time,Unk,Active Employee,Sales,General - Sga,MA,Assistant,Male,2330,Hispanic,Widowed,Fully Meets,4,0,Edward Buck,35.0,25-34
3430,2021-06-21,,Area Sales Manager,Rebekah Wright,michael.riordan@bilearner.com,CCDR,Active,Contract,Zone A,Full-Time,Unk,Active Employee,Sales,Finance & Accounting,ND,Clerk,Male,58782,Other,Single,Fully Meets,2,0,Michael Riordan,28.0,25-34
3431,2019-06-29,,Area Sales Manager,Jason Kim,jasmine.onque@bilearner.com,TNS,Active,Contract,Zone A,Temporary,Unk,Active Employee,Sales,General - Con,FL,Laborer,Female,33174,Other,Married,Fully Meets,3,0,Jasmine Onque,,Unknown
3432,2020-01-17,,Area Sales Manager,Sheri Campos,maruk.fraval@bilearner.com,BPC,Active,Contract,Zone B,Full-Time,Unk,Active Employee,Sales,Field Operations,CT,Driver,Male,6050,Black,Married,Fully Meets,3,0,Maruk Fraval,77.0,65+
3433,2022-04-06,2023-07-03,Area Sales Manager,Jacob Braun,latia.costa@bilearner.com,WBL,Active,Full-Time,Zone B,Temporary,Involuntary,Me see picture nature degree benefit.,Sales,General - Eng,CA,Technician,Female,90007,Hispanic,Divorced,Exceeds,4,1,Latia Costa,84.0,65+
3434,2020-11-06,2023-01-29,Area Sales Manager,Tracy Marquez,sharlene.terry@bilearner.com,CCDR,Active,Contract,Zone C,Full-Time,Involuntary,Blue community type skill story.,Sales,Engineers,OR,Engineer,Female,97756,White,Divorced,Fully Meets,2,1,Sharlene Terry,69.0,65+
3435,2018-08-18,,Area Sales Manager,Sharon Becker,jac.mckinzie@bilearner.com,NEL,Active,Contract,Zone B,Part-Time,Unk,Active Employee,Sales,Executive,TX,Executive Assistant,Male,78789,Black,Widowed,Exceeds,3,0,Jac McKinzie,,Unknown
3436,2022-01-21,2023-06-29,Area Sales Manager,George Jenkins,joseph.martins@bilearner.com,BPC,Active,Part-Time,Zone B,Temporary,Resignation,Summer personal bag.,Sales,Engineers,TX,Engineer,Male,78207,Asian,Widowed,Fully Meets,5,1,Joseph Martins,77.0,65+
3437,2023-08-04,,Area Sales Manager,Troy White,myriam.givens@bilearner.com,SVG,Active,Contract,Zone B,Temporary,Unk,Active Employee,Sales,Field Operations,IN,Technician,Female,46204,Other,Single,Fully Meets,5,0,Myriam Givens,,Unknown
3438,2018-08-10,2019-11-04,Area Sales Manager,Brian Miller,dheepa.nguyen@bilearner.com,MSC,Active,Full-Time,Zone C,Temporary,Retirement,Alone once than. More condition pay far.,Sales,General - Con,GA,Technician,Female,30428,Asian,Married,Fully Meets,3,1,Dheepa Nguyen,78.0,65+
3439,2022-05-25,2022-11-27,Area Sales Manager,Charles Parks,bartholemew.khemmich@bilearner.com,EW,Active,Full-Time,Zone A,Temporary,Involuntary,Foot in theory minute recognize test.,Sales,Splicing,CO,Splicer,Male,80820,Other,Single,Fully Meets,3,1,Bartholemew Khemmich,,Unknown
3440,2019-12-05,2023-02-17,Area Sales Manager,Gregory Walker,xana.potts@bilearner.com,CCDR,Active,Contract,Zone A,Full-Time,Resignation,Degree wish science when thing week old.,Sales,Finance & Accounting,KY,Controller,Female,40220,White,Divorced,Fully Meets,3,1,Xana Potts,75.0,65+
3441,2019-04-28,,Area Sales Manager,Tyler Lewis,prater.jeremy@bilearner.com,BPC,Active,Part-Time,Zone A,Part-Time,Unk,Active Employee,Sales,General - Con,NV,Lineman,Male,89139,Asian,Widowed,Exceeds,4,0,Prater Jeremy,,Unknown
3442,2019-07-09,2022-06-16,Area Sales Manager,Ashley Scott,kaylah.moon@bilearner.com,PYZ,Active,Full-Time,Zone A,Full-Time,Retirement,Fear particular method stage.,IT/IS,Field Operations,MA,Laborer,Male,2810,Black,Single,Exceeds,2,1,Kaylah Moon,,Unknown
3443,2021-04-05,2023-05-12,Area Sales Manager,Lauren Jones,kristen.tate@bilearner.com,WBL,Active,Full-Time,Zone C,Part-Time,Voluntary,Wall body wonder successful.,IT/IS,Project Management - Con,KY,Coordinator,Male,2621,Asian,Widowed,Fully Meets,3,1,Kristen Tate,32.0,25-34
3444,2021-11-28,2022-02-04,Area Sales Manager,Matthew Jackson,bobby.rodgers@bilearner.com,NEL,Active,Contract,Zone A,Part-Time,Voluntary,Visit foot nearly radio treatment.,Sales,Engineers,KY,Director,Male,44553,Other,Widowed,Fully Meets,3,1,Bobby Rodgers,,Unknown
3445,2021-01-16,,Area Sales Manager,Michelle Mitchell,reid.park@bilearner.com,PL,Active,Contract,Zone C,Full-Time,Unk,Active Employee,Sales,Project Management - Con,KY,Supervisor,Female,5360,Other,Married,Exceeds,4,0,Reid Park,41.0,35-44
3446,2021-08-24,,Area Sales Manager,Sydney French,hector.dalton@bilearner.com,BPC,Active,Part-Time,Zone A,Part-Time,Unk,Active Employee,Sales,Field Operations,TX,Driller,Female,16325,White,Divorced,Exceeds,2,0,Hector Dalton,30.0,25-34
3447,2020-05-26,2023-06-18,Area Sales Manager,Michelle Evans MD,mariela.schultz@bilearner.com,CCDR,Future Start,Part-Time,Zone C,Part-Time,Involuntary,Unit pass office southern break one.,Sales,General - Con,TX,Technician,Female,43481,Asian,Widowed,Fully Meets,3,1,Mariela Schultz,,Unknown
3448,2019-10-01,2020-11-06,Area Sales Manager,Patricia Cook,angela.molina@bilearner.com,SVG,Future Start,Full-Time,Zone A,Temporary,Retirement,List class mind.,Sales,Engineers,TX,Specialist,Male,50705,Asian,Widowed,Fully Meets,3,1,Angela Molina,68.0,65+
3449,2023-05-10,2023-05-27,Area Sales Manager,Ashley Reeves,gerald.preston@bilearner.com,EW,Future Start,Contract,Zone B,Temporary,Involuntary,Price third parent evening.,Sales,General - Eng,CO,Technician,Male,5168,Black,Single,Fully Meets,5,1,Gerald Preston,,Unknown
3450,2020-09-01,2022-12-04,Area Sales Manager,Stanley Harvey,reilly.moyer@bilearner.com,MSC,Active,Contract,Zone C,Temporary,Resignation,Cause military a sense. Doctor property may.,Sales,Field Operations,CO,Operator,Male,11765,Other,Single,Exceeds,2,1,Reilly Moyer,32.0,25-34
3451,2021-02-18,2022-11-11,Area Sales Manager,Michael Bradshaw,carlee.french@bilearner.com,TNS,Active,Contract,Zone C,Full-Time,Voluntary,Station another son positive.,Sales,General - Con,CO,Technician,Male,71071,Other,Divorced,Exceeds,3,1,Carlee French,,Unknown
3452,2022-11-08,,Area Sales Manager,Debbie Crosby,jaydon.blackburn@bilearner.com,PYZ,Active,Part-Time,Zone A,Part-Time,Unk,Active Employee,Sales,General - Con,IN,Foreman,Male,12122,Black,Divorced,Fully Meets,2,0,Jaydon Blackburn,79.0,65+
3453,2022-10-13,,Area Sales Manager,Elizabeth Taylor,bridger.carter@bilearner.com,WBL,Active,Contract,Zone C,Part-Time,Unk,Active Employee,Sales,Fielders,MA,Engineer,Male,87065,White,Widowed,Fully Meets,4,0,Bridger Carter,44.0,35-44
3454,2022-09-11,,Area Sales Manager,Brian Dunlap,leon.beard@bilearner.com,PYZ,Active,Full-Time,Zone C,Full-Time,Unk,Active Employee,IT/IS,General - Con,KY,Foreman,Male,10415,Hispanic,Married,Needs Improvement,4,0,Leon Beard,,Unknown
3455,2021-06-29,2022-07-05,Area Sales Manager,Daniel Rodriguez,charity.miranda@bilearner.com,WBL,Active,Full-Time,Zone C,Temporary,Resignation,Pm local take example fund. Small heavy listen.,Sales,Project Management - Eng,KY,Manager,Male,3763,Other,Widowed,Exceeds,4,1,Charity Miranda,,Unknown
3456,2023-03-06,,Area Sales Manager,Martin Hammond,axel.howe@bilearner.com,NEL,Active,Full-Time,Zone A,Temporary,Unk,Active Employee,Sales,Field Operations,KY,Technician,Female,79623,Black,Divorced,Fully Meets,3,0,Axel Howe,,Unknown
3457,2020-09-25,,Area Sales Manager,Sara Bell,milton.wall@bilearner.com,PL,Active,Full-Time,Zone B,Temporary,Unk,Active Employee,Sales,Engineers,KY,Technician,Female,69189,White,Divorced,Needs Improvement,3,0,Milton Wall,,Unknown
3458,2022-04-28,2023-05-24,Area Sales Manager,Elizabeth Anderson,cory.robinson@bilearner.com,BPC,Future Start,Contract,Zone A,Full-Time,Voluntary,Several young whether that expert.,Sales,Field Operations,TX,Laborer,Female,5194,Hispanic,Single,Needs Improvement,3,1,Cory Robinson,30.0,25-34
3459,2021-04-18,2022-06-21,Area Sales Manager,Erin Bailey,saniya.yu@bilearner.com,CCDR,Future Start,Part-Time,Zone A,Full-Time,Retirement,Science end approach democratic treatment.,Sales,General - Con,TX,Splicer,Male,8779,Black,Widowed,Exceeds,2,1,Saniya Yu,82.0,65+
3460,2020-02-19,,Area Sales Manager,Dennis Henderson,alisa.james@bilearner.com,SVG,Active,Full-Time,Zone A,Full-Time,Unk,Active Employee,Sales,Aerial,TX,Lineman,Male,74682,Asian,Married,Fully Meets,3,0,Alisa James,82.0,65+
3461,2019-07-18,2021-10-01,Area Sales Manager,Tammy Conner,lincoln.compton@bilearner.com,EW,Future Start,Full-Time,Zone C,Part-Time,Resignation,Base scene central unit per argue. Might last of.,Sales,General - Con,CO,Foreman,Male,78046,Hispanic,Married,Needs Improvement,1,1,Lincoln Compton,,Unknown
3462,2018-09-13,2021-09-17,Area Sales Manager,Brianna Mathews,aliana.nolan@bilearner.com,MSC,Active,Contract,Zone A,Full-Time,Involuntary,Yourself book budget product.,Sales,Field Operations,CO,Coordinator,Male,27270,Hispanic,Divorced,Needs Improvement,3,1,Aliana Nolan,84.0,65+
3463,2020-04-30,2021-07-18,Area Sales Manager,Jessica Peters,kayden.dodson@bilearner.com,TNS,Active,Part-Time,Zone A,Temporary,Retirement,Paper can score else investment.,Sales,Field Operations,IN,Tower Hand,Male,12703,Hispanic,Single,Fully Meets,1,1,Kayden Dodson,,Unknown
3464,2018-12-03,2022-09-09,Area Sales Manager,Mark Harris,james.duke@bilearner.com,PYZ,Active,Contract,Zone B,Full-Time,Involuntary,Stuff different color how.,Sales,Shop (Fleet),MA,Mechanic,Male,66835,Black,Widowed,Needs Improvement,5,1,James Duke,,Unknown
3465,2021-11-08,,Area Sales Manager,Elizabeth Tapia,willow.stuart@bilearner.com,WBL,Active,Full-Time,Zone B,Full-Time,Unk,Active Employee,Sales,General - Con,MA,Flagger,Male,66150,Asian,Divorced,Needs Improvement,3,0,Willow Stuart,64.0,55-64
3466,2022-04-13,2023-04-10,Area Sales Manager,Jon Holden,clayton.walker@bilearner.com,PYZ,Active,Part-Time,Zone C,Full-Time,Retirement,Sign figure employee card education.,IT/IS,Aerial,KY,Supervisor,Male,64288,Other,Married,Exceeds,4,1,Clayton Walker,,Unknown
3467,2020-05-06,,Area Sales Manager,Michael Odonnell,celia.curtis@bilearner.com,WBL,Active,Contract,Zone A,Part-Time,Unk,Active Employee,Sales,Fielders,KY,Engineer,Female,94333,Asian,Divorced,Exceeds,1,0,Celia Curtis,,Unknown
3468,2019-09-09,,Area Sales Manager,Andres Parker,valentin.reilly@bilearner.com,NEL,Active,Contract,Zone B,Temporary,Unk,Active Employee,Sales,Wireline Construction,KY,Foreman,Female,45453,Black,Single,Fully Meets,4,0,Valentin Reilly,,Unknown
3469,2020-07-29,2023-01-05,Area Sales Manager,James Berry,ryland.shepherd@bilearner.com,PL,Future Start,Contract,Zone B,Full-Time,Resignation,Right cut matter arrive difference.,Sales,Field Operations,TX,Driver,Female,81905,Asian,Divorced,Needs Improvement,3,1,Ryland Shepherd,,Unknown
3470,2018-11-14,2019-10-28,Area Sales Manager,Gail Ali,esteban.gilbert@bilearner.com,BPC,Future Start,Contract,Zone C,Part-Time,Retirement,Speak professor statement result.,Sales,Field Operations,TX,Technician,Female,12491,Black,Married,Needs Improvement,3,1,Esteban Gilbert,,Unknown
3471,2020-02-29,,Area Sales Manager,John Marshall,jonathan.adkins@bilearner.com,CCDR,Active,Part-Time,Zone C,Temporary,Unk,Active Employee,Sales,Field Operations,TX,Foreman,Male,64350,Asian,Married,Fully Meets,4,0,Jonathan Adkins,59.0,55-64
3472,2023-01-15,,Area Sales Manager,Jessica Chang,nevaeh.soto@bilearner.com,SVG,Active,Contract,Zone C,Full-Time,Unk,Active Employee,Sales,Project Management - Con,TX,Director,Male,74124,Other,Married,Exceeds,4,0,Nevaeh Soto,44.0,35-44
3473,2023-06-29,,Area Sales Manager,Desiree Vang,chaim.mata@bilearner.com,EW,Active,Part-Time,Zone A,Temporary,Unk,Active Employee,Sales,Shop (Fleet),CO,Manager,Male,33379,Hispanic,Widowed,Exceeds,2,0,Chaim Mata,76.0,65+
3474,2020-03-09,,Area Sales Manager,Andrew Goodman,arely.patton@bilearner.com,MSC,Active,Full-Time,Zone A,Temporary,Unk,Active Employee,Sales,Catv,CO,Laborer,Male,34481,Other,Divorced,Fully Meets,2,0,Arely Patton,,Unknown
3475,2021-09-21,2023-04-13,Area Sales Manager,Rebecca Simpson,vance.trujillo@bilearner.com,TNS,Active,Full-Time,Zone C,Temporary,Resignation,Expert challenge education air none money wide.,Sales,General - Con,IN,Foreman,Male,90406,Asian,Widowed,Fully Meets,2,1,Vance Trujillo,,Unknown
3476,2023-06-12,2023-07-06,Area Sales Manager,Samantha Cardenas,charlie.koch@bilearner.com,PYZ,Active,Part-Time,Zone A,Temporary,Voluntary,Buy become improve guess business know.,Sales,Fielders,MA,Engineer,Male,95774,Asian,Divorced,Needs Improvement,2,1,Charlie Koch,,Unknown
3477,2019-04-07,,Area Sales Manager,Nancy Johnson,sonny.horne@bilearner.com,PYZ,Active,Part-Time,Zone A,Full-Time,Unk,Active Employee,IT/IS,Aerial,KY,Laborer,Female,16058,Asian,Widowed,Needs Improvement,2,0,Sonny Horne,57.0,55-64
3478,2018-09-17,2019-01-09,Area Sales Manager,Richard Hodges,thomas.chandler@bilearner.com,WBL,Active,Full-Time,Zone C,Temporary,Resignation,Read family dark scene scene guess.,Sales,Wireline Construction,KY,Groundman,Female,45149,Hispanic,Married,Fully Meets,2,1,Thomas Chandler,69.0,65+
3479,2022-08-02,2023-04-02,Area Sales Manager,Madison Wilson,sarai.stone@bilearner.com,NEL,Active,Contract,Zone A,Part-Time,Involuntary,Somebody great could yet.,Sales,Project Management - Con,TX,Technician,Female,96336,Hispanic,Widowed,Fully Meets,2,1,Sarai Stone,,Unknown
3480,2022-09-08,2022-10-16,Area Sales Manager,Eric King,jerimiah.harmon@bilearner.com,PL,Future Start,Full-Time,Zone C,Temporary,Retirement,View vote contain within fight cup party war.,Sales,Catv,TX,Supervisor,Female,75671,Black,Widowed,Fully Meets,1,1,Jerimiah Harmon,80.0,65+
3481,2019-03-07,2021-05-31,Area Sales Manager,Brandon Harris,leland.allen@bilearner.com,BPC,Future Start,Full-Time,Zone C,Part-Time,Voluntary,Buy house certain wrong research chair.,Sales,Wireline Construction,TX,Splicer,Male,61149,Other,Widowed,Fully Meets,4,1,Leland Allen,61.0,55-64
3482,2019-10-29,2021-02-07,Area Sales Manager,Matthew Flores,cristal.bolton@bilearner.com,CCDR,Future Start,Full-Time,Zone A,Temporary,Resignation,Miss onto none our discussion year.,Sales,Catv,TX,Lineman,Male,57302,Asian,Divorced,Needs Improvement,2,1,Cristal Bolton,36.0,35-44
3483,2021-09-26,,Area Sales Manager,Krystal Hamilton,jaslene.harding@bilearner.com,SVG,Active,Part-Time,Zone B,Temporary,Unk,Active Employee,Sales,Project Management - Con,CO,Coordinator,Male,42605,Asian,Widowed,Fully Meets,1,0,Jaslene Harding,,Unknown
3484,2018-08-29,,Area Sales Manager,Amber Hernandez,albert.gonzalez@bilearner.com,EW,Active,Part-Time,Zone B,Full-Time,Unk,Active Employee,Sales,General - Con,CO,Model Assistant,Male,64036,Other,Single,Fully Meets,4,0,Albert Gonzalez,,Unknown
3485,2021-10-26,,Area Sales Manager,Patricia Smith,jaiden.johnson@bilearner.com,MSC,Active,Contract,Zone C,Full-Time,Unk,Active Employee,Sales,Field Operations,CO,Laborer,Male,23173,White,Widowed,Fully Meets,5,0,Jaiden Johnson,,Unknown
3486,2022-10-31,2023-06-08,Area Sales Manager,Victoria Krause,brendon.mcconnell@bilearner.com,TNS,Active,Part-Time,Zone C,Temporary,Involuntary,Nature finish modern push former American.,Sales,Fielders,IN,Engineer,Male,19665,Other,Widowed,Fully Meets,4,1,Brendon Mcconnell,,Unknown
3487,2023-03-15,,Area Sales Manager,Jesse Hunt,kimora.parsons@bilearner.com,BPC,Active,Contract,Zone B,Part-Time,Unk,Active Employee,Sales,General - Sga,KY,Administrator,Female,41161,Other,Divorced,Fully Meets,4,0,Kimora Parsons,32.0,25-34
3488,2022-09-09,,Area Sales Manager,Shane Jones,willie.patterson@bilearner.com,CCDR,Active,Contract,Zone B,Full-Time,Unk,Active Employee,Sales,Wireline Construction,KY,Lineman,Female,52499,Asian,Single,Fully Meets,2,0,Willie Patterson,29.0,25-34
3489,2022-03-04,,Area Sales Manager,Jessica Murphy,devyn.powers@bilearner.com,EW,Active,Part-Time,Zone A,Temporary,Unk,Active Employee,Sales,Field Operations,TX,Laborer,Female,25634,Black,Divorced,Fully Meets,2,0,Devyn Powers,73.0,65+
3490,2019-02-11,,Area Sales Manager,Crystal Wallace,weston.preston@bilearner.com,MSC,Active,Part-Time,Zone A,Part-Time,Unk,Active Employee,Sales,General - Sga,TX,Director,Female,37965,Hispanic,Divorced,Fully Meets,2,0,Weston Preston,35.0,25-34
3491,2021-01-26,,Area Sales Manager,Tina Nelson,lennon.buchanan@bilearner.com,NEL,Active,Contract,Zone B,Full-Time,Unk,Active Employee,Sales,Field Operations,TX,Driver,Male,39504,White,Widowed,Fully Meets,5,0,Lennon Buchanan,53.0,45-54
3492,2019-11-26,,Area Sales Manager,Ashley Smith,vicente.merritt@bilearner.com,PL,Active,Full-Time,Zone C,Full-Time,Unk,Active Employee,Sales,General - Con,CO,Clerk,Male,31676,Asian,Married,Fully Meets,1,0,Vicente Merritt,33.0,25-34
3493,2019-07-15,,Area Sales Manager,Eric Taylor,hugo.clay@bilearner.com,PYZ,Active,Full-Time,Zone C,Full-Time,Unk,Active Employee,Sales,Project Management - Con,CO,Project Manager,Male,28784,Asian,Widowed,Fully Meets,5,0,Hugo Clay,,Unknown
3494,2020-06-18,,Area Sales Manager,Jacob Snyder,cohen.raymond@bilearner.com,SVG,Active,Contract,Zone B,Full-Time,Unk,Active Employee,Sales,General - Con,CO,Technician,Male,90983,Black,Single,Fully Meets,4,0,Cohen Raymond,32.0,25-34
3495,2023-06-22,2023-07-22,Area Sales Manager,Daniel Cabrera,tia.ellis@bilearner.com,TNS,Active,Part-Time,Zone B,Temporary,Retirement,Night company image able suggest.,Sales,Wireline Construction,IN,Laborer,Male,1115,Other,Married,Fully Meets,4,1,Tia Ellis,,Unknown
3496,2021-12-02,,Area Sales Manager,Barbara Garcia,aspen.bentley@bilearner.com,WBL,Active,Contract,Zone A,Part-Time,Unk,Active Employee,Sales,General - Sga,CA,Administrator,Male,72233,Other,Widowed,Fully Meets,5,0,Aspen Bentley,,Unknown
3497,2021-12-08,,Area Sales Manager,Kendra Murray,graham.rodriguez@bilearner.com,TNS,Active,Part-Time,Zone C,Temporary,Unk,Active Employee,Sales,Project Management - Con,OR,Lineman,Female,58210,Hispanic,Widowed,Fully Meets,1,0,Graham Rodriguez,,Unknown
3498,2023-04-26,2023-06-22,Area Sales Manager,Peter Harvey,joel.mcmillan@bilearner.com,PYZ,Active,Full-Time,Zone A,Full-Time,Voluntary,About allow article. For gas player magazine.,Sales,General - Sga,KY,Laborer,Female,36087,White,Widowed,Fully Meets,2,1,Joel Mcmillan,,Unknown
3499,2018-09-25,2021-12-20,Area Sales Manager,Patrick Daniel,maci.frost@bilearner.com,WBL,Active,Part-Time,Zone C,Temporary,Involuntary,Seem hand dog. Us six beyond place fund well.,Sales,Field Operations,KY,Technician,Female,61457,Asian,Widowed,Fully Meets,5,1,Maci Frost,,Unknown
3500,2018-11-20,2020-06-21,Area Sales Manager,Bryan Douglas,nevaeh.lucas@bilearner.com,NEL,Active,Full-Time,Zone B,Part-Time,Voluntary,Game hour boy not write somebody owner.,Sales,Shop (Fleet),TX,Mechanic,Female,80424,White,Divorced,Fully Meets,1,1,Nevaeh Lucas,,Unknown
3501,2020-08-30,2022-08-30,Area Sales Manager,Destiny Hopkins,garrett.zimmerman@bilearner.com,PL,Future Start,Part-Time,Zone A,Part-Time,Retirement,Worker medical commercial participant tough leg.,Sales,General - Con,TX,Technician,Male,6240,Other,Widowed,Fully Meets,4,1,Garrett Zimmerman,,Unknown
3502,2019-10-01,,Area Sales Manager,Angela Morris,eugene.marks@bilearner.com,BPC,Active,Full-Time,Zone C,Temporary,Unk,Active Employee,Sales,Splicing,TX,Electrician,Male,49914,White,Married,Fully Meets,1,0,Eugene Marks,,Unknown
3503,2022-01-20,,Area Sales Manager,Erica Franklin,geovanni.pugh@bilearner.com,CCDR,Active,Part-Time,Zone A,Temporary,Unk,Active Employee,Sales,Project Management - Con,CO,Manager,Male,71319,Other,Single,Fully Meets,4,0,Geovanni Pugh,,Unknown
3504,2021-10-10,,Area Sales Manager,Gabriela Orr,javon.kelley@bilearner.com,SVG,Active,Full-Time,Zone B,Part-Time,Unk,Active Employee,Sales,General - Con,CO,Laborer,Male,27992,Hispanic,Married,Fully Meets,2,0,Javon Kelley,,Unknown
3505,2020-08-29,,Area Sales Manager,Michael Wilkins,amaya.hicks@bilearner.com,EW,Active,Contract,Zone B,Temporary,Unk,Active Employee,Sales,Field Operations,IN,Groundman,Male,72324,Hispanic,Widowed,Fully Meets,1,0,Amaya Hicks,,Unknown
3506,2019-08-27,2023-05-10,Area Sales Manager,Jordan Vega,laila.woodard@bilearner.com,MSC,Active,Full-Time,Zone B,Temporary,Voluntary,Fund nor half early miss follow.,Sales,Field Operations,IN,Technician,Male,38740,Other,Married,Fully Meets,2,1,Laila Woodard,38.0,35-44
3507,2021-02-25,2023-04-07,Area Sales Manager,John Miller,ivan.huff@bilearner.com,TNS,Active,Full-Time,Zone A,Full-Time,Retirement,Line later deal stand sometimes too mind.,Sales,Project Management - Con,CA,Manager,Male,9437,White,Single,Fully Meets,4,1,Ivan Huff,,Unknown
3508,2021-07-13,,Area Sales Manager,Trevor Adkins,aidan.harding@bilearner.com,CCDR,Active,Full-Time,Zone B,Part-Time,Unk,Active Employee,Sales,Aerial,OR,Laborer,Male,9385,Asian,Single,Fully Meets,5,0,Aidan Harding,,Unknown
3509,2021-04-14,,Area Sales Manager,Marcus Hunt,cruz.boyer@bilearner.com,BPC,Active,Part-Time,Zone C,Full-Time,Unk,Active Employee,Sales,General - Sga,KY,Project Controls,Female,75993,Black,Married,Fully Meets,2,0,Cruz Boyer,49.0,45-54
3510,2020-02-10,,Area Sales Manager,Jennifer King,raven.koch@bilearner.com,PYZ,Active,Part-Time,Zone A,Full-Time,Unk,Active Employee,Sales,General - Con,KY,Laborer,Female,65329,Hispanic,Married,Fully Meets,2,0,Raven Koch,,Unknown
3511,2021-08-17,2021-12-31,Area Sales Manager,Shawn Dudley,karli.barker@bilearner.com,WBL,Active,Part-Time,Zone B,Full-Time,Resignation,Tell paper every.,Sales,Finance & Accounting,KY,Director,Female,41111,Asian,Divorced,Fully Meets,4,1,Karli Barker,,Unknown
3512,2023-04-17,2023-06-22,Area Sales Manager,Lindsay Chang,tyrone.sosa@bilearner.com,NEL,Future Start,Contract,Zone C,Temporary,Voluntary,Why sport must page bad.,Sales,Yard (Material Handling),TX,Coordinator,Female,58860,Black,Single,Fully Meets,2,1,Tyrone Sosa,,Unknown
3513,2022-09-02,2023-05-24,Area Sales Manager,Sharon Ruiz,damaris.cisneros@bilearner.com,PL,Future Start,Contract,Zone C,Temporary,Involuntary,Something sense information final building.,Sales,General - Con,TX,Laborer,Male,93051,Other,Married,Fully Meets,5,1,Damaris Cisneros,,Unknown
3514,2020-04-15,,Area Sales Manager,April Randolph,alexus.estes@bilearner.com,BPC,Active,Full-Time,Zone B,Part-Time,Unk,Active Employee,Sales,Wireline Construction,TX,Manager,Male,17419,Asian,Married,Fully Meets,1,0,Alexus Estes,68.0,65+
3515,2022-03-09,2022-12-10,Area Sales Manager,Mary Reilly,kinsley.flowers@bilearner.com,CCDR,Future Start,Part-Time,Zone A,Part-Time,Retirement,School see rest firm I.,Sales,Finance & Accounting,CO,Controller,Male,59593,White,Single,Fully Meets,4,1,Kinsley Flowers,,Unknown
3516,2022-04-07,2023-01-22,Area Sales Manager,Eric Goodman,deborah.love@bilearner.com,SVG,Active,Contract,Zone B,Part-Time,Retirement,Source doctor rock group this.,Sales,Project Management - Con,CO,Coordinator,Male,96350,Asian,Divorced,Fully Meets,5,1,Deborah Love,,Unknown
3517,2020-02-19,,Area Sales Manager,Caleb Schneider,milagros.francis@bilearner.com,EW,Active,Part-Time,Zone A,Part-Time,Unk,Active Employee,Sales,Splicing,IN,Splicer,Male,44469,Hispanic,Widowed,Fully Meets,4,0,Milagros Francis,84.0,65+
3518,2021-04-10,2022-07-04,Area Sales Manager,Cheryl Henry,roberto.michael@bilearner.com,MSC,Active,Contract,Zone B,Part-Time,Involuntary,Little imagine career he produce program.,Sales,General - Eng,CA,Coordinator,Female,13249,Hispanic,Married,Fully Meets,2,1,Roberto Michael,,Unknown
3519,2021-12-19,2022-03-02,Area Sales Manager,Dan Hernandez,elaine.ewing@bilearner.com,TNS,Active,Part-Time,Zone C,Temporary,Resignation,Your very trip successful memory to while out.,Sales,Aerial,CA,Groundman,Male,17123,Hispanic,Widowed,Fully Meets,2,1,Elaine Ewing,,Unknown
3520,2020-12-13,2023-01-13,Area Sales Manager,Teresa Daniel,caiden.munoz@bilearner.com,TNS,Active,Full-Time,Zone C,Temporary,Involuntary,Red some option.,Sales,Project Management - Con,ND,Manager,Female,18983,Black,Divorced,Fully Meets,1,1,Caiden Munoz,63.0,55-64
3521,2019-02-26,,Area Sales Manager,Melissa Decker,jocelyn.bradford@bilearner.com,WBL,Active,Contract,Zone C,Part-Time,Unk,Active Employee,Sales,General - Con,KY,Electrician,Female,51795,Asian,Divorced,Fully Meets,4,0,Jocelyn Bradford,,Unknown
3522,2020-03-02,,Area Sales Manager,Michael Nguyen,marques.armstrong@bilearner.com,BPC,Active,Full-Time,Zone C,Part-Time,Unk,Active Employee,Sales,Splicing,KY,Splicer,Female,34369,Other,Single,Fully Meets,1,0,Marques Armstrong,43.0,35-44
3523,2021-06-25,2022-08-25,Area Sales Manager,Tony Mcconnell,rohan.chapman@bilearner.com,CCDR,Active,Full-Time,Zone A,Temporary,Resignation,Theory grow future week house.,Sales,General - Con,KY,Laborer,Female,23092,Other,Single,Fully Meets,2,1,Rohan Chapman,,Unknown
3524,2021-07-26,2022-05-04,Area Sales Manager,Adam Gibson,emmanuel.franklin@bilearner.com,EW,Future Start,Contract,Zone B,Full-Time,Resignation,Inside week also so.,Sales,Field Operations,TX,Laborer,Male,6074,Asian,Divorced,Fully Meets,2,1,Emmanuel Franklin,27.0,25-34
3525,2022-07-03,2023-01-10,Area Sales Manager,Stephanie Duke,clayton.mccormick@bilearner.com,MSC,Future Start,Contract,Zone B,Temporary,Retirement,Surface vote old picture.,Sales,General - Con,TX,Foreman,Male,72264,Hispanic,Single,Fully Meets,2,1,Clayton Mccormick,,Unknown
3526,2022-09-15,,Area Sales Manager,Paige Flores MD,darius.krause@bilearner.com,NEL,Active,Full-Time,Zone B,Full-Time,Unk,Active Employee,Sales,General - Con,TX,Foreman,Male,28282,White,Widowed,Fully Meets,4,0,Darius Krause,,Unknown
3527,2020-05-01,2021-02-25,Area Sales Manager,Hannah Snyder,ahmed.hawkins@bilearner.com,PL,Active,Full-Time,Zone B,Temporary,Retirement,Especially thing recognize year fine shoulder.,Sales,Aerial,CO,Lineman,Male,46645,Black,Married,Fully Meets,1,1,Ahmed Hawkins,,Unknown
3528,2022-10-13,,Area Sales Manager,William Ayala,kymani.benjamin@bilearner.com,PYZ,Active,Full-Time,Zone C,Part-Time,Unk,Active Employee,Sales,Finance & Accounting,CO,Accounting,Male,10790,Hispanic,Widowed,Fully Meets,2,0,Kymani Benjamin,,Unknown
3529,2020-01-03,2020-08-24,Area Sales Manager,Samuel Moore,callum.mcdaniel@bilearner.com,SVG,Active,Part-Time,Zone C,Full-Time,Voluntary,Camera spring color about energy provide claim.,Sales,Field Operations,IN,Top Hand,Male,67282,Hispanic,Single,Fully Meets,2,1,Callum Mcdaniel,,Unknown
3530,2019-11-13,,Area Sales Manager,Jenna Weaver,zariah.black@bilearner.com,TNS,Active,Full-Time,Zone B,Part-Time,Unk,Active Employee,Sales,Field Operations,CA,Tower Hand,Female,62321,Black,Widowed,Fully Meets,2,0,Zariah Black,,Unknown
3531,2023-06-17,,Area Sales Manager,Dylan Blake,ronnie.mayer@bilearner.com,WBL,Active,Full-Time,Zone C,Full-Time,Unk,Active Employee,Sales,Project Management - Con,CA,Project Manager,Male,18409,Black,Divorced,Fully Meets,1,0,Ronnie Mayer,,Unknown
3532,2021-10-14,,Area Sales Manager,Monique Anderson,marlon.ford@bilearner.com,EW,Active,Part-Time,Zone B,Full-Time,Unk,Active Employee,IT/IS,Wireless,OR,Technician,Female,40306,Black,Widowed,Fully Meets,1,0,Marlon Ford,,Unknown
3533,2021-06-01,2023-07-16,Area Sales Manager,Kelsey Gibson,slade.griffith@bilearner.com,MSC,Active,Contract,Zone B,Full-Time,Voluntary,Pass language out side age evidence.,Sales,General - Sga,ND,Administrator,Male,65183,White,Married,Fully Meets,2,1,Slade Griffith,60.0,55-64
3534,2018-09-14,,Area Sales Manager,Sonia Diaz,lee.frye@bilearner.com,TNS,Active,Full-Time,Zone A,Full-Time,Unk,Active Employee,Sales,Engineers,KY,Engineer,Female,97002,Asian,Single,Fully Meets,4,0,Lee Frye,,Unknown
3535,2018-12-11,2022-06-02,Area Sales Manager,Brian Morton,veronica.rowe@bilearner.com,PYZ,Active,Full-Time,Zone A,Temporary,Retirement,Popular west moment natural step activity.,Sales,Fielders,KY,Engineer,Female,29811,Black,Single,Fully Meets,4,1,Veronica Rowe,32.0,25-34
3536,2022-08-06,,Area Sales Manager,Thomas Holmes,aylin.berg@bilearner.com,WBL,Active,Contract,Zone C,Temporary,Unk,Active Employee,Sales,General - Sga,GA,Administrative,Female,89169,Black,Single,Fully Meets,2,0,Aylin Berg,37.0,35-44
3537,2022-05-28,2023-02-24,Area Sales Manager,Dawn Perez,neveah.rowe@bilearner.com,NEL,Future Start,Contract,Zone C,Part-Time,Retirement,Manager lead both sing.,Sales,Field Operations,TX,Foreman,Male,63882,Hispanic,Married,Fully Meets,2,1,Neveah Rowe,72.0,65+
3538,2019-06-16,2022-03-05,Area Sales Manager,Diane Parker,keith.baxter@bilearner.com,PL,Future Start,Part-Time,Zone C,Part-Time,Resignation,And after why station much cell low.,Sales,Fielders,TX,Engineer,Male,62328,Asian,Widowed,Fully Meets,2,1,Keith Baxter,,Unknown
3539,2019-12-08,,Area Sales Manager,John Johnson,chaz.bruce@bilearner.com,BPC,Active,Full-Time,Zone C,Temporary,Unk,Active Employee,Sales,General - Con,CO,Foreman,Male,74448,Hispanic,Single,Fully Meets,5,0,Chaz Bruce,,Unknown
3540,2020-03-12,2022-10-09,Area Sales Manager,Dakota Robinson,maya.mccann@bilearner.com,CCDR,Active,Full-Time,Zone B,Part-Time,Retirement,American rule surface very figure.,Sales,Splicing,CO,Supervisor,Male,18721,White,Widowed,Exceeds,4,1,Maya Mccann,43.0,35-44
3541,2020-04-06,2023-07-24,Area Sales Manager,Melanie Garcia,aaron.weber@bilearner.com,SVG,Active,Full-Time,Zone B,Full-Time,Involuntary,Read stand western white article campaign dog.,Sales,Field Operations,IN,Technician,Male,78938,Black,Married,Exceeds,2,1,Aaron Weber,,Unknown
3542,2023-04-15,,Area Sales Manager,Amanda Knight,ellie.gill@bilearner.com,EW,Active,Contract,Zone A,Temporary,Unk,Active Employee,Sales,Field Operations,IN,Manager,Male,45456,White,Married,Needs Improvement,1,0,Ellie Gill,78.0,65+
3543,2020-11-10,,Area Sales Manager,Kimberly Cardenas,rayne.kerr@bilearner.com,MSC,Active,Part-Time,Zone A,Temporary,Unk,Active Employee,Sales,General - Con,CA,Laborer,Female,45509,Black,Single,Fully Meets,2,0,Rayne Kerr,,Unknown
3544,2023-06-29,2023-07-09,Area Sales Manager,Laura Salinas,samara.mcbride@bilearner.com,TNS,Active,Contract,Zone A,Temporary,Retirement,Political likely land country.,Sales,Aerial,CA,Foreman,Male,13902,Asian,Single,Fully Meets,2,1,Samara Mcbride,,Unknown
3545,2022-03-07,,Area Sales Manager,Andres Jones,ryann.rubio@bilearner.com,EW,Active,Full-Time,Zone C,Temporary,Unk,Active Employee,IT/IS,Field Operations,OR,Locator,Female,9733,Black,Widowed,Fully Meets,1,0,Ryann Rubio,,Unknown
3546,2021-07-31,2023-01-27,Area Sales Manager,Jeffrey Huffman,paris.carr@bilearner.com,CCDR,Active,Full-Time,Zone B,Part-Time,Voluntary,Baby million million soldier.,Sales,General - Con,ND,Foreman,Male,35786,Hispanic,Widowed,Exceeds,1,1,Paris Carr,,Unknown
3547,2022-01-20,,Area Sales Manager,Sara Edwards,adriel.wiggins@bilearner.com,BPC,Active,Contract,Zone B,Full-Time,Unk,Active Employee,Sales,Project Management - Eng,KY,Supervisor,Female,1919,Other,Married,Needs Improvement,2,0,Adriel Wiggins,,Unknown
3548,2021-07-11,2022-10-10,Area Sales Manager,Stephen Garcia,sanaa.glass@bilearner.com,WBL,Active,Part-Time,Zone A,Full-Time,Resignation,Bit reveal forget the.,Sales,General - Con,KY,Technician,Female,40135,White,Single,Fully Meets,1,1,Sanaa Glass,,Unknown
3549,2018-10-15,2020-10-18,Area Sales Manager,Tracy Castro MD,ryan.lynch@bilearner.com,TNS,Active,Full-Time,Zone C,Full-Time,Retirement,Fact southern recognize themselves type mean.,Sales,Field Operations,GA,Technician,Female,72975,Black,Divorced,Fully Meets,2,1,Ryan Lynch,,Unknown
3550,2021-11-26,2022-10-14,Area Sales Manager,Jennifer Hicks,charlie.atkinson@bilearner.com,SVG,Future Start,Part-Time,Zone C,Temporary,Resignation,Will person decade Republican.,Sales,Wireline Construction,TX,Billing,Male,57754,White,Divorced,Fully Meets,1,1,Charlie Atkinson,,Unknown
3551,2018-08-11,,Area Sales Manager,Victoria Bailey,emery.roach@bilearner.com,PYZ,Active,Part-Time,Zone C,Part-Time,Unk,Active Employee,Sales,Engineers,TX,Engineer,Male,81142,Black,Married,Needs Improvement,4,0,Emery Roach,72.0,65+
3552,2020-02-16,2020-06-03,Area Sales Manager,Maria Chan,harper.ramos@bilearner.com,PL,Active,Full-Time,Zone B,Full-Time,Retirement,Stand possible truth bank on meet daughter.,Sales,Field Operations,CO,Foreman,Male,28714,White,Single,Needs Improvement,1,1,Harper Ramos,84.0,65+
3553,2020-01-20,,Area Sales Manager,Regina Martinez,khalil.mendez@bilearner.com,NEL,Active,Contract,Zone C,Temporary,Unk,Active Employee,Sales,Field Operations,CO,Foreman,Male,50379,Black,Divorced,Fully Meets,4,0,Khalil Mendez,77.0,65+
3554,2019-03-31,,Area Sales Manager,Tonya Martin,lizeth.holland@bilearner.com,MSC,Active,Part-Time,Zone C,Temporary,Unk,Active Employee,Sales,People Services,IN,Cpo,Male,78385,Asian,Widowed,Fully Meets,1,0,Lizeth Holland,,Unknown
3555,2023-01-06,2023-05-07,Area Sales Manager,Daniel Wolf,matilda.randall@bilearner.com,EW,Active,Full-Time,Zone C,Temporary,Resignation,Choose list of all nor stock.,Sales,General - Eng,IN,Drafter,Female,48104,Hispanic,Widowed,Fully Meets,4,1,Matilda Randall,38.0,35-44
3556,2019-07-18,2020-01-15,Area Sales Manager,Sarah Petersen,damien.howe@bilearner.com,CCDR,Active,Full-Time,Zone B,Temporary,Retirement,Community material much behind.,Sales,Wireline Construction,CA,Vp,Male,86009,White,Single,Exceeds,2,1,Damien Howe,,Unknown
3557,2019-02-13,,Area Sales Manager,Victoria Christian DDS,nicholas.obrien@bilearner.com,BPC,Active,Part-Time,Zone C,Temporary,Unk,Active Employee,Sales,Field Operations,MA,Operator,Male,68837,Other,Single,Fully Meets,2,0,Nicholas Obrien,66.0,65+
3558,2018-12-30,,Production Technician I,Erin Moore,mildred.gentry@bilearner.com,MSC,Active,Part-Time,Zone A,Part-Time,Unk,Active Employee,Production       ,Yard (Material Handling),MA,Manager,Female,2145,Black,Single,Fully Meets,1,0,Mildred Gentry,67.0,65+
3559,2019-11-06,2020-09-06,Production Technician I,Andrea Gutierrez,wilson k.adinolfi@bilearner.com,NEL,Active,Part-Time,Zone C,Full-Time,Retirement,Age approach seek person across yes care.,Production       ,Field Operations,MA,Assistant,Male,1960,White,Single,Fully Meets,2,1,Wilson K Adinolfi,,Unknown
3560,2022-06-01,,Production Technician I,Wanda Ross DDS,joanne.handschiegl@bilearner.com,MSC,Active,Contract,Zone C,Full-Time,Unk,Active Employee,Production       ,Field Operations,MA,Technician,Female,2127,Asian,Divorced,Exceeds,4,0,Joanne Handschiegl,,Unknown
3561,2023-03-28,,Production Technician II,Steven King,dianna.blount@bilearner.com,BPC,Active,Part-Time,Zone C,Temporary,Unk,Active Employee,Production       ,General - Con,MA,Technician,Female,2171,White,Married,Fully Meets,5,0,Dianna Blount,,Unknown
3562,2019-05-21,2023-01-05,Production Technician I,Stephen Rodriguez,jean.crimmings@bilearner.com,CCDR,Future Start,Contract,Zone B,Full-Time,Retirement,Whom summer common produce despite follow.,Production       ,Shop (Fleet),MA,Manager,Female,1821,Other,Single,Exceeds,2,1,Jean Crimmings,72.0,65+
3563,2019-01-01,,Production Technician I,Patricia Carter,nore.sadki@bilearner.com,WBL,Active,Contract,Zone B,Full-Time,Unk,Active Employee,Production       ,Field Operations,MA,Driver,Male,2148,Black,Widowed,PIP,4,0,Nore Sadki,,Unknown
3564,2019-01-26,2020-12-02,Production Technician II,Diana Johnson,susan.lundy@bilearner.com,SVG,Voluntarily Terminated,Full-Time,Zone C,Temporary,Resignation,Week degree party available measure.,Production       ,Aerial,MA,Lineman,Female,2122,White,Divorced,Fully Meets,1,1,Susan Lundy,32.0,25-34
3565,2021-09-11,,Production Technician I,Diana Good,kramer.keatts@bilearner.com,WBL,Active,Part-Time,Zone B,Full-Time,Unk,Active Employee,Production       ,General - Con,MA,Lineman,Male,1887,Other,Divorced,Fully Meets,4,0,Kramer Keatts,58.0,55-64
3566,2021-09-26,,Production Technician II,Desiree Stephens,maliki.moumanil@bilearner.com,PL,Active,Part-Time,Zone A,Part-Time,Unk,Active Employee,Production       ,Aerial,MA,Lineman,Male,1460,Black,Single,Fully Meets,2,0,Maliki Moumanil,63.0,55-64
3567,2023-03-04,,Production Technician I,Debra Garcia,nader.barton@bilearner.com,EW,Active,Full-Time,Zone C,Full-Time,Unk,Active Employee,Production       ,General - Sga,MA,Technician,Male,2747,Asian,Widowed,Fully Meets,4,0,Nader Barton,60.0,55-64
3568,2023-07-11,2023-07-29,Production Technician I,Susan Brown,quinn.rarrick@bilearner.com,EW,Voluntarily Terminated,Full-Time,Zone B,Part-Time,Involuntary,Couple really very hear.,Production       ,Field Operations,MA,Foreman,Male,2478,Asian,Divorced,Fully Meets,2,1,Quinn Rarrick,52.0,45-54
3569,2019-02-09,2020-08-28,Production Technician I,Margaret Hampton,beatrice.chace@bilearner.com,MSC,Active,Part-Time,Zone B,Temporary,Involuntary,Trial little must kitchen recently.,Production       ,Catv,MA,Supervisor,Female,2763,Hispanic,Divorced,Fully Meets,2,1,Beatrice Chace,,Unknown
3570,2019-04-19,2021-10-26,Production Technician II,Brandon Miller,adrienne j.homberger@bilearner.com,TNS,Voluntarily Terminated,Full-Time,Zone B,Temporary,Voluntary,Change instead determine share far leg ground.,Production       ,Fielders,MA,Engineer,Female,2445,Asian,Married,Fully Meets,1,1,Adrienne J Homberger,,Unknown
3571,2022-07-07,2023-07-17,Production Technician I,Dr. Matthew Schmitt,marilyn.linares@bilearner.com,NEL,Voluntarily Terminated,Part-Time,Zone C,Full-Time,Resignation,Heavy throughout program.,Production       ,Field Operations,MA,Engineer,Female,1886,White,Widowed,Fully Meets,4,1,Marilyn Linares,,Unknown
3572,2019-03-12,2020-05-19,Production Technician I,Shawn Berry,timothy.sullivan@bilearner.com,WBL,Active,Contract,Zone A,Part-Time,Retirement,Where first Mr remember crime.,Production       ,Fielders,MA,Engineer,Male,2747,White,Single,Fully Meets,5,1,Timothy Sullivan,32.0,25-34
3573,2020-03-09,2021-10-17,Production Technician I,Brittany Martin,jennifer.medeiros@bilearner.com,NEL,Active,Contract,Zone B,Full-Time,Involuntary,Cup purpose hundred region similar.,Production       ,Field Operations,MA,Driller,Female,2346,Asian,Divorced,Exceeds,4,1,Jennifer Medeiros,,Unknown
3574,2021-05-18,2022-01-04,Production Technician I,Timothy Weaver,anna.von massenbach@bilearner.com,WBL,Future Start,Contract,Zone B,Full-Time,Involuntary,News quite number answer program.,Production       ,Underground,MA,Laborer,Female,2124,Hispanic,Widowed,Fully Meets,1,1,Anna Von Massenbach,75.0,65+
3575,2021-04-28,2022-01-18,Production Technician I,Amanda Smith,george.johnson@bilearner.com,MSC,Voluntarily Terminated,Part-Time,Zone A,Temporary,Resignation,Big large training region.,Production       ,Field Operations,MA,Groundman,Male,2445,Hispanic,Single,Exceeds,5,1,George Johnson,39.0,35-44
3576,2021-07-21,2023-04-26,Production Technician II,Marc Cummings,angela.erilus@bilearner.com,PL,Active,Full-Time,Zone B,Full-Time,Voluntary,Reflect off growth mouth have.,Production       ,Engineers,MA,Project Manager,Female,2133,Asian,Single,Exceeds,4,1,Angela Erilus,,Unknown
3577,2019-09-15,,Production Technician I,James Rodriguez,miguel.estremera@bilearner.com,BPC,Active,Part-Time,Zone C,Temporary,Unk,Active Employee,Production       ,Field Operations,MA,Tower Hand,Male,2129,White,Widowed,Fully Meets,4,0,Miguel Estremera,,Unknown
3578,2019-05-04,,Production Technician I,Elizabeth Sullivan MD,clinton.owad@bilearner.com,WBL,Active,Full-Time,Zone A,Temporary,Unk,Active Employee,Production       ,Field Operations,MA,Technician,Male,1760,Hispanic,Married,Exceeds,2,0,Clinton Owad,,Unknown
3579,2021-05-20,,Production Technician II,Sean Marsh,constance.sloan@bilearner.com,BPC,Active,Full-Time,Zone C,Part-Time,Unk,Active Employee,Production       ,Field Operations,MA,Laborer,Female,1851,Asian,Widowed,Needs Improvement,4,0,Constance Sloan,,Unknown
3580,2019-12-16,,Production Technician I,Kathryn Wilkinson,davion.sanchez@bilearner.com,PYZ,Active,Full-Time,Zone C,Full-Time,Unk,Active Employee,Production       ,Field Operations,MA,Foreman,Male,41016,Other,Married,Fully Meets,4,0,Davion Sanchez,,Unknown
3581,2020-11-20,2023-05-01,Production Technician I,Paul Walker,ross.strickland@bilearner.com,SVG,Active,Full-Time,Zone A,Part-Time,Voluntary,Memory high then mind concern carry level life.,Production       ,Wireline Construction,MA,Foreman,Male,18389,Other,Divorced,Fully Meets,2,1,Ross Strickland,83.0,65+
3582,2020-08-19,2022-05-04,Production Technician I,Elizabeth Robertson,augustus.drake@bilearner.com,TNS,Active,Part-Time,Zone B,Part-Time,Retirement,Other might rise today.,Production       ,Yard (Material Handling),MA,Laborer,Male,90676,Asian,Widowed,Fully Meets,4,1,Augustus Drake,58.0,55-64
3583,2021-04-28,2022-04-18,Production Technician I,Tasha Mayer,gracelyn.huynh@bilearner.com,WBL,Active,Full-Time,Zone C,Temporary,Retirement,Others those data before major how.,Production       ,Field Operations,MA,Construction Manager,Female,16011,White,Married,Needs Improvement,4,1,Gracelyn Huynh,,Unknown
3584,2020-08-14,,Production Technician I,Chris Walker,orlando.armstrong@bilearner.com,BPC,Active,Contract,Zone C,Full-Time,Unk,Active Employee,Production       ,Field Operations,MA,Lineman,Female,2051,Other,Married,Fully Meets,4,0,Orlando Armstrong,39.0,35-44
3585,2021-12-22,,Production Technician I,Traci Floyd,edward.everett@bilearner.com,CCDR,Active,Full-Time,Zone A,Full-Time,Unk,Active Employee,Production       ,Yard (Material Handling),MA,Laborer,Female,3074,Black,Divorced,Fully Meets,4,0,Edward Everett,,Unknown
3586,2019-02-01,2019-02-10,Production Technician I,Veronica Wiley,jaqueline.terrell@bilearner.com,EW,Active,Part-Time,Zone B,Full-Time,Resignation,Identify next game leader.,Production       ,People Services,MA,Manager,Female,24711,Hispanic,Single,Fully Meets,2,1,Jaqueline Terrell,,Unknown
3587,2021-05-10,2021-12-17,Production Technician I,Katherine Gay,quinn.mccullough@bilearner.com,MSC,Active,Full-Time,Zone B,Temporary,Resignation,Society red to able.,Production       ,General - Eng,MA,Administrative,Male,74564,Other,Divorced,Fully Meets,2,1,Quinn Mccullough,,Unknown
3588,2019-06-25,2019-08-15,Production Technician I,Paul Lopez,selena.greer@bilearner.com,NEL,Active,Full-Time,Zone C,Full-Time,Retirement,Everybody no four arrive major ten culture.,Production       ,Shop (Fleet),MA,Mechanic,Male,14504,Black,Widowed,Fully Meets,2,1,Selena Greer,54.0,45-54
3589,2019-04-25,,Production Technician I,Jay Bush,giovani.roy@bilearner.com,PL,Active,Contract,Zone B,Temporary,Unk,Active Employee,Production       ,Field Operations,MA,Laborer,Male,2683,White,Single,Fully Meets,1,0,Giovani Roy,75.0,65+
3590,2021-02-25,2022-10-13,Production Technician I,Jessica Allen,dominik.mullen@bilearner.com,PYZ,Future Start,Part-Time,Zone C,Full-Time,Retirement,Country as dream project office.,Production       ,Field Operations,MA,Laborer,Male,66167,Asian,Widowed,Fully Meets,4,1,Dominik Mullen,,Unknown
3591,2021-11-23,2023-05-29,Production Technician I,Dr. William Thompson,abdullah.ellison@bilearner.com,SVG,Future Start,Contract,Zone B,Part-Time,Voluntary,Quality decade director.,Production       ,Field Operations,MA,Supervisor,Female,21634,White,Married,Needs Improvement,5,1,Abdullah Ellison,,Unknown
3592,2021-10-05,2022-06-18,Production Technician I,Mrs. Audrey Gonzalez DDS,andre.guzman@bilearner.com,TNS,Future Start,Contract,Zone B,Full-Time,Voluntary,Particular network available hospital.,Production       ,Field Operations,MA,Technician,Male,9454,Other,Single,Fully Meets,3,1,Andre Guzman,,Unknown
3593,2020-05-30,,Production Technician I,Ashley Bradshaw,brayden.malone@bilearner.com,WBL,Active,Contract,Zone A,Full-Time,Unk,Active Employee,Production       ,General - Con,MA,Foreman,Male,48453,Asian,Married,Fully Meets,1,0,Brayden Malone,77.0,65+
3594,2018-12-11,,Production Technician I,Ashley Meyer,maribel.morrison@bilearner.com,PYZ,Active,Part-Time,Zone B,Part-Time,Unk,Active Employee,Production       ,Field Operations,MA,Technician,Male,72888,Black,Married,Needs Improvement,1,0,Maribel Morrison,,Unknown
3595,2020-09-22,2022-09-14,Production Technician I,Nicole Delgado,fisher.stafford@bilearner.com,WBL,Active,Contract,Zone A,Temporary,Resignation,Dark meeting play room head join truth involve.,Production       ,Engineers,MA,Technician,Male,56703,Other,Divorced,Fully Meets,1,1,Fisher Stafford,74.0,65+
3596,2019-07-28,,Production Technician I,John Henry,kellen.medina@bilearner.com,NEL,Active,Part-Time,Zone C,Full-Time,Unk,Active Employee,Production       ,Splicing,MA,Technician,Male,33998,Other,Single,Needs Improvement,2,0,Kellen Medina,,Unknown
3597,2020-06-06,2021-04-14,Production Technician II,Autumn Decker,brenton.monroe@bilearner.com,PYZ,Future Start,Contract,Zone C,Part-Time,Retirement,Democrat themselves deal future early.,Production       ,General - Con,MA,Foreman,Female,17650,Black,Single,Fully Meets,1,1,Brenton Monroe,,Unknown
3598,2018-09-28,2023-08-05,Production Technician II,Alex Moore,derick.rocha@bilearner.com,SVG,Voluntarily Terminated,Part-Time,Zone A,Full-Time,Resignation,Majority executive plan imagine.,Production       ,Project Management - Eng,MA,Supervisor,Female,72750,Other,Married,Needs Improvement,1,1,Derick Rocha,76.0,65+
3599,2020-04-12,,Production Technician II,Dana Smith,elaine.weeks@bilearner.com,TNS,Active,Part-Time,Zone A,Temporary,Unk,Active Employee,Production       ,General - Con,MA,Technician,Female,14044,White,Divorced,Fully Meets,2,0,Elaine Weeks,,Unknown
3600,2022-11-01,,Production Technician II,Bobby Serrano,marely.dixon@bilearner.com,WBL,Active,Contract,Zone B,Temporary,Unk,Active Employee,Production       ,Field Operations,MA,Technician,Female,34810,White,Single,Fully Meets,2,0,Marely Dixon,77.0,65+
3601,2022-11-21,,Production Technician II,Robert Riley,keagan.henson@bilearner.com,BPC,Active,Part-Time,Zone B,Full-Time,Unk,Active Employee,Production       ,Wireline Construction,MA,Billing,Female,75187,White,Married,Fully Meets,5,0,Keagan Henson,,Unknown
3602,2021-04-11,2023-05-24,Production Technician II,Crystal Mcneil,helena.davenport@bilearner.com,CCDR,Voluntarily Terminated,Full-Time,Zone B,Part-Time,Involuntary,Quality audience deal assume.,Production       ,Engineers,MA,Engineer,Female,30766,Hispanic,Married,Fully Meets,5,1,Helena Davenport,32.0,25-34
3603,2018-11-29,2019-02-21,Production Technician II,Christine Costa,houston.aguirre@bilearner.com,EW,Voluntarily Terminated,Full-Time,Zone A,Part-Time,Resignation,To trial deep.,Production       ,Field Operations,MA,Technician,Female,58348,White,Married,Fully Meets,2,1,Houston Aguirre,,Unknown
3604,2019-01-16,2022-08-31,Production Technician II,Mark Hale,kane.owen@bilearner.com,MSC,Active,Part-Time,Zone B,Full-Time,Resignation,Sometimes surface page stand area.,Production       ,Field Operations,MA,Foreman,Female,44626,Hispanic,Divorced,Needs Improvement,4,1,Kane Owen,78.0,65+
3605,2019-09-18,,Production Technician I,Destiny Johnson,emerson.pitts@bilearner.com,CCDR,Active,Contract,Zone C,Temporary,Unk,Active Employee,Production       ,Engineers,MA,Technician,Male,2315,Other,Divorced,Fully Meets,4,0,Emerson Pitts,,Unknown
3606,2019-08-01,2023-01-20,Production Technician I,Eric Gonzales,clarissa.winters@bilearner.com,SVG,Voluntarily Terminated,Part-Time,Zone C,Full-Time,Involuntary,Poor list reduce reality.,Production       ,Billable Consultants,MA,Engineer,Male,95618,Other,Divorced,Fully Meets,3,1,Clarissa Winters,,Unknown
3607,2019-06-18,2021-04-14,Production Technician I,Christopher Murray,frankie.atkins@bilearner.com,EW,Active,Full-Time,Zone A,Full-Time,Resignation,Finally build do analysis beyond heavy.,Production       ,Project Management - Con,MA,Coordinator,Male,15195,Other,Married,Fully Meets,5,1,Frankie Atkins,50.0,45-54
3608,2019-02-13,,Production Technician I,Ashley Williamson,ally.zhang@bilearner.com,MSC,Active,Full-Time,Zone C,Part-Time,Unk,Active Employee,Production       ,Field Operations,MA,Technician,Male,74447,Other,Married,Fully Meets,3,0,Ally Zhang,47.0,45-54
3609,2021-06-02,,Production Technician I,Frederick Harrison,kayleigh.harmon@bilearner.com,TNS,Active,Contract,Zone B,Full-Time,Unk,Active Employee,Production       ,Shop (Fleet),MA,Welder,Female,21318,Other,Widowed,Fully Meets,3,0,Kayleigh Harmon,33.0,25-34
3610,2018-10-11,,Production Technician I,Brian Arnold,kayley.myers@bilearner.com,PYZ,Active,Part-Time,Zone C,Full-Time,Unk,Active Employee,Production       ,Field Operations,MA,Laborer,Female,51430,Other,Single,Fully Meets,3,0,Kayley Myers,53.0,45-54
3611,2021-03-09,,Production Technician I,Lori Reed,rowan.cobb@bilearner.com,WBL,Active,Contract,Zone C,Full-Time,Unk,Active Employee,Production       ,Project Management - Con,MA,Technician,Female,85651,Hispanic,Married,Fully Meets,2,0,Rowan Cobb,,Unknown
3612,2022-01-23,,Production Technician I,Trevor Rodriguez,edward.mann@bilearner.com,NEL,Active,Contract,Zone A,Part-Time,Unk,Active Employee,Production       ,Field Operations,MA,Technician,Male,68900,Black,Single,PIP,4,0,Edward Mann,,Unknown
3613,2019-02-24,,Production Technician I,Jason Owens,amirah.johnson@bilearner.com,PL,Active,Contract,Zone B,Part-Time,Unk,Active Employee,Production       ,Field Operations,MA,Laborer,Male,9241,Asian,Married,Exceeds,1,0,Amirah Johnson,,Unknown
3614,2020-01-08,2021-07-02,Production Technician I,Clifford Martinez,bridget.deleon@bilearner.com,BPC,Active,Contract,Zone B,Temporary,Voluntary,Store common between real.,Production       ,Project Management - Con,MA,Field Project Manager,Male,23691,White,Married,Fully Meets,2,1,Bridget Deleon,,Unknown
3615,2021-05-13,2022-09-22,Production Technician I,Lee Hudson,martin.weber@bilearner.com,CCDR,Future Start,Full-Time,Zone B,Part-Time,Retirement,View ever record ahead.,Production       ,General - Con,MA,Manager,Male,74388,Asian,Divorced,Exceeds,2,1,Martin Weber,,Unknown
3616,2022-02-12,,Production Technician I,Allison Tran,ruben.lewis@bilearner.com,SVG,Active,Contract,Zone C,Full-Time,Unk,Active Employee,Production       ,General - Con,MA,Laborer,Female,14234,Hispanic,Married,Fully Meets,4,0,Ruben Lewis,,Unknown
3617,2023-02-01,,Production Technician I,Pamela Johnson,bailey.collier@bilearner.com,EW,Active,Full-Time,Zone C,Full-Time,Unk,Active Employee,Production       ,Wireline Construction,MA,Splicer,Female,37635,Hispanic,Married,Fully Meets,1,0,Bailey Collier,,Unknown
3618,2023-02-04,,Production Technician I,Erin Harris,charlee.roth@bilearner.com,MSC,Active,Part-Time,Zone B,Temporary,Unk,Active Employee,Production       ,Splicing,MA,Splicer,Male,13186,Black,Married,Fully Meets,3,0,Charlee Roth,82.0,65+
3619,2023-03-23,2023-05-01,Production Technician I,Robert Wright,karissa.bowers@bilearner.com,TNS,Active,Full-Time,Zone A,Full-Time,Involuntary,Some others lot miss land similar.,Production       ,General - Con,MA,Technician,Male,76278,Asian,Married,Fully Meets,3,1,Karissa Bowers,,Unknown
3620,2023-03-22,2023-07-14,Production Technician I,Mr. Nicholas Austin,noel.ramirez@bilearner.com,PYZ,Active,Part-Time,Zone A,Temporary,Involuntary,Outside sing song relationship action teach.,Production       ,General - Eng,MA,Specialist,Male,77580,Hispanic,Married,Fully Meets,2,1,Noel Ramirez,32.0,25-34
3621,2018-11-28,,Production Technician I,Natalie Cannon,victoria.franco@bilearner.com,WBL,Active,Contract,Zone A,Full-Time,Unk,Active Employee,Production       ,Wireless,MA,Laborer,Male,15586,White,Married,Fully Meets,2,0,Victoria Franco,29.0,25-34
3622,2020-07-09,2021-07-10,Production Technician II,Christopher Ayers,danika.fleming@bilearner.com,SVG,Active,Part-Time,Zone A,Temporary,Resignation,Song remember visit finish edge difficult down.,Production       ,Field Operations,MA,Laborer,Female,75607,Hispanic,Divorced,Fully Meets,3,1,Danika Fleming,,Unknown
3623,2019-02-11,,Production Technician II,Elizabeth Burton,jocelyn.kline@bilearner.com,EW,Active,Part-Time,Zone A,Full-Time,Unk,Active Employee,Production       ,Engineers,MA,Engineer,Female,47289,Asian,Divorced,Fully Meets,3,0,Jocelyn Kline,,Unknown
3624,2020-01-09,,Production Technician II,Timothy Curtis,cesar.higgins@bilearner.com,MSC,Active,Part-Time,Zone B,Part-Time,Unk,Active Employee,Production       ,Technology / It,MA,Engineer,Female,85711,Asian,Married,Fully Meets,4,0,Cesar Higgins,30.0,25-34
3625,2021-11-11,2022-07-31,Production Technician II,Tammy Navarro,gabriel.dodson@bilearner.com,TNS,Voluntarily Terminated,Contract,Zone B,Part-Time,Resignation,Interesting final piece follow.,Production       ,Engineers,MA,Engineer,Female,54392,Asian,Single,Fully Meets,5,1,Gabriel Dodson,,Unknown
3626,2021-05-15,,Production Technician II,Natalie Baker,raphael.sandoval@bilearner.com,PYZ,Active,Full-Time,Zone B,Temporary,Unk,Active Employee,Production       ,Field Operations,MA,Foreman,Female,61825,Asian,Single,Fully Meets,2,0,Raphael Sandoval,,Unknown
3627,2019-08-21,2022-10-28,Production Technician II,Jesse Wilson,ruth.harrell@bilearner.com,WBL,Voluntarily Terminated,Contract,Zone C,Full-Time,Resignation,Sport enter think order determine.,Production       ,Field Operations,MA,Supervisor,Female,52646,Black,Married,Fully Meets,3,1,Ruth Harrell,,Unknown
3628,2020-09-18,,Production Technician II,Megan Small,peyton.barber@bilearner.com,NEL,Active,Contract,Zone B,Part-Time,Unk,Active Employee,Production       ,Engineers,MA,Technician,Female,56126,Hispanic,Married,Fully Meets,3,0,Peyton Barber,,Unknown
3629,2022-08-27,2022-12-03,Production Technician I,Dr. David Austin Jr.,reginald.lowery@bilearner.com,NEL,Voluntarily Terminated,Contract,Zone B,Full-Time,Voluntary,Expect grow back list letter.,Production       ,Field Operations,MA,Laborer,Male,70056,Black,Divorced,Fully Meets,5,1,Reginald Lowery,,Unknown
3630,2019-02-23,,Production Technician I,Scott Davis,stephanie.briggs@bilearner.com,MSC,Active,Contract,Zone B,Full-Time,Unk,Active Employee,Production       ,Field Operations,MA,Laborer,Male,81819,Other,Widowed,Fully Meets,5,0,Stephanie Briggs,61.0,55-64
3631,2022-08-08,2022-10-25,Production Technician I,Kristin Salinas,shaniya.becker@bilearner.com,EW,Active,Contract,Zone C,Full-Time,Retirement,Experience room top and including compare.,Production       ,Wireline Construction,MA,Apprentice,Male,12978,Other,Divorced,Fully Meets,3,1,Shaniya Becker,,Unknown
3632,2022-09-24,2022-10-24,Production Technician I,Bridget Jones,ryan.oconnell@bilearner.com,CCDR,Active,Contract,Zone C,Full-Time,Involuntary,Realize work series fact weight contain.,Production       ,Field Operations,MA,Foreman,Male,37983,Asian,Married,Fully Meets,3,1,Ryan Oconnell,81.0,65+
3633,2022-03-21,,Production Technician I,Melissa Wilkinson,emma.ware@bilearner.com,BPC,Active,Contract,Zone B,Temporary,Unk,Active Employee,Production       ,Aerial,MA,Laborer,Female,56687,Hispanic,Single,Fully Meets,5,0,Emma Ware,,Unknown
3634,2023-06-23,2023-07-26,Production Technician I,Eric Cunningham,keyon.haley@bilearner.com,PYZ,Active,Part-Time,Zone B,Full-Time,Retirement,Despite budget compare international little.,Production       ,General - Sga,MA,Supervisor,Female,40148,Other,Married,Fully Meets,5,1,Keyon Haley,,Unknown
3635,2020-10-26,,Production Technician I,Stephen Barron,kylee.bates@bilearner.com,WBL,Active,Part-Time,Zone C,Part-Time,Unk,Active Employee,Production       ,Yard (Material Handling),MA,Runner,Female,71593,Hispanic,Single,Fully Meets,4,0,Kylee Bates,48.0,45-54
3636,2020-01-29,,Production Technician I,Jennifer Soto,marc.chandler@bilearner.com,NEL,Active,Contract,Zone B,Temporary,Unk,Active Employee,Production       ,Catv,MA,Supervisor,Male,10775,Asian,Divorced,Fully Meets,3,0,Marc Chandler,,Unknown
3637,2022-04-23,,Production Technician I,John Jones,abdullah.pruitt@bilearner.com,PL,Active,Full-Time,Zone C,Full-Time,Unk,Active Employee,Production       ,Aerial,MA,Engineer,Male,59441,Asian,Divorced,Fully Meets,3,0,Abdullah Pruitt,,Unknown
3638,2023-06-15,,Production Technician I,Ernest Evans,shamar.roth@bilearner.com,BPC,Active,Full-Time,Zone C,Part-Time,Unk,Active Employee,Production       ,Field Operations,MA,Inspector,Male,55470,Hispanic,Single,Fully Meets,3,0,Shamar Roth,48.0,45-54
3639,2019-09-19,2020-04-14,Production Technician I,Mark Knight,jaylen.acosta@bilearner.com,CCDR,Future Start,Contract,Zone C,Full-Time,Retirement,Official growth onto speech after truth.,Production       ,Field Operations,MA,Runner,Female,8655,Hispanic,Divorced,Fully Meets,3,1,Jaylen Acosta,60.0,55-64
3640,2023-01-07,,Production Technician I,Gina Leon,kale.house@bilearner.com,SVG,Active,Contract,Zone A,Temporary,Unk,Active Employee,Production       ,Field Operations,MA,Foreman,Female,48077,Asian,Divorced,Fully Meets,3,0,Kale House,,Unknown
3641,2020-02-07,2021-05-01,Production Technician I,Eric Michael,kiersten.ellis@bilearner.com,EW,Future Start,Contract,Zone B,Full-Time,Voluntary,Air act watch affect save positive among.,Production       ,General - Con,MA,Operator,Male,56039,Other,Widowed,Fully Meets,3,1,Kiersten Ellis,,Unknown
3642,2020-04-29,2021-11-12,Production Technician I,Alexandra Martin,karissa.carrillo@bilearner.com,MSC,Future Start,Contract,Zone B,Full-Time,Retirement,Cold dinner seat property a hear.,Production       ,Field Operations,MA,Laborer,Male,7474,Black,Single,Fully Meets,3,1,Karissa Carrillo,,Unknown
3643,2020-04-16,,Production Technician I,Eric Calderon,issac.whitehead@bilearner.com,TNS,Active,Full-Time,Zone A,Full-Time,Unk,Active Employee,Production       ,Catv,MA,Laborer,Male,9287,Asian,Single,Fully Meets,3,0,Issac Whitehead,,Unknown
3644,2022-06-16,,Production Technician I,Thomas Jones,madisyn.andrews@bilearner.com,PYZ,Active,Part-Time,Zone B,Full-Time,Unk,Active Employee,Production       ,Field Operations,MA,Laborer,Male,42213,Black,Married,Fully Meets,3,0,Madisyn Andrews,,Unknown
3645,2019-07-22,,Production Technician I,Bridget Mills,madyson.rhodes@bilearner.com,WBL,Active,Part-Time,Zone C,Full-Time,Unk,Active Employee,Production       ,General - Con,MA,Technician,Male,34428,Asian,Single,Fully Meets,3,0,Madyson Rhodes,,Unknown
3646,2023-04-22,,Production Technician II,Sara Bullock,brenton.rodriguez@bilearner.com,SVG,Active,Part-Time,Zone A,Full-Time,Unk,Active Employee,Production       ,Splicing,MA,Splicer,Female,77551,Hispanic,Widowed,Fully Meets,3,0,Brenton Rodriguez,58.0,55-64
3647,2020-12-28,2021-01-30,Production Technician II,Craig Leblanc,nathen.arias@bilearner.com,EW,Voluntarily Terminated,Part-Time,Zone A,Part-Time,Involuntary,Best room cell task majority budget.,Production       ,Engineers,MA,Engineer,Female,20847,Black,Single,Fully Meets,3,1,Nathen Arias,,Unknown
3648,2022-02-23,,Production Technician II,Peter Smith,keyon.hensley@bilearner.com,MSC,Active,Contract,Zone A,Full-Time,Unk,Active Employee,Production       ,Aerial,MA,Lineman,Female,76615,Other,Divorced,Exceeds,4,0,Keyon Hensley,,Unknown
3649,2022-08-13,,Production Technician II,Stephen Green,elisha.ruiz@bilearner.com,TNS,Active,Contract,Zone A,Part-Time,Unk,Active Employee,Production       ,Field Operations,MA,Technician,Female,26602,White,Married,Exceeds,4,0,Elisha Ruiz,58.0,55-64
3650,2019-10-03,2022-02-28,Production Technician II,Jason Jenkins,amirah.stanley@bilearner.com,PYZ,Voluntarily Terminated,Full-Time,Zone B,Part-Time,Retirement,Late least forward bill realize camera.,Production       ,Field Operations,MA,Laborer,Female,72818,White,Divorced,Fully Meets,3,1,Amirah Stanley,,Unknown
3651,2019-10-14,,Production Technician II,Chad Jones,jeremy.meyer@bilearner.com,WBL,Active,Full-Time,Zone C,Full-Time,Unk,Active Employee,Production       ,General - Con,MA,Lineman,Female,90347,White,Single,Fully Meets,3,0,Jeremy Meyer,,Unknown
3652,2019-08-30,2022-08-27,Production Technician I,Victoria Maldonado,owen.dillon@bilearner.com,NEL,Voluntarily Terminated,Part-Time,Zone C,Part-Time,Resignation,Window stuff western interesting.,Production       ,Field Operations,MA,Supervisor,Male,96845,Other,Married,Fully Meets,3,1,Owen Dillon,,Unknown
3653,2021-02-04,2023-07-30,Production Technician I,William Watson,bridget.bray@bilearner.com,PL,Voluntarily Terminated,Contract,Zone B,Part-Time,Voluntary,Particular same detail note.,Production       ,General - Con,MA,Foreman,Male,67277,Asian,Widowed,Exceeds,3,1,Bridget Bray,,Unknown
3654,2022-11-23,,Production Technician I,Jody Cox,cassius.gates@bilearner.com,PYZ,Active,Part-Time,Zone A,Part-Time,Unk,Active Employee,Production       ,Aerial,MA,Lineman,Male,17975,Asian,Divorced,Exceeds,4,0,Cassius Gates,,Unknown
3655,2023-02-25,,Production Technician I,Shelia Good,martha.kemp@bilearner.com,SVG,Active,Part-Time,Zone C,Full-Time,Unk,Active Employee,Production       ,Engineers,MA,Engineer,Male,97142,Asian,Married,Fully Meets,3,0,Martha Kemp,,Unknown
3656,2019-12-15,,Production Technician I,Darlene Green,francesca.mcmahon@bilearner.com,TNS,Active,Part-Time,Zone B,Part-Time,Unk,Active Employee,Production       ,Underground,MA,Laborer,Male,72523,Hispanic,Divorced,Exceeds,5,0,Francesca Mcmahon,,Unknown
3657,2021-08-29,,Production Technician I,Christine Mccarthy,lorelei.walls@bilearner.com,WBL,Active,Part-Time,Zone C,Full-Time,Unk,Active Employee,Production       ,General - Con,MA,Flagger,Female,44406,Black,Single,Fully Meets,4,0,Lorelei Walls,34.0,25-34
3658,2022-11-04,2023-07-07,Production Technician I,Thomas Jackson,emery.gillespie@bilearner.com,BPC,Active,Part-Time,Zone C,Temporary,Involuntary,Once simple the decade.,Production       ,Project Management - Con,MA,Technician,Female,95682,Black,Divorced,Fully Meets,3,1,Emery Gillespie,,Unknown
3659,2019-10-02,2019-10-13,Production Technician I,Eric Powell,kaylee.baldwin@bilearner.com,CCDR,Active,Full-Time,Zone A,Part-Time,Voluntary,Second focus stay scientist.,Production       ,Field Operations,MA,Engineer,Male,86746,Other,Divorced,Exceeds,1,1,Kaylee Baldwin,,Unknown
3660,2019-05-24,,Production Technician I,Joel Browning,aron.hester@bilearner.com,EW,Active,Full-Time,Zone A,Full-Time,Unk,Active Employee,Production       ,Field Operations,MA,Supervisor,Male,73540,Hispanic,Single,Exceeds,3,0,Aron Hester,,Unknown
3661,2022-02-28,2022-09-05,Production Technician I,Denise Roman,reagan.brennan@bilearner.com,MSC,Active,Contract,Zone C,Temporary,Involuntary,Decide group difference decide.,Production       ,Executive,MA,Vp,Male,21624,Asian,Married,Fully Meets,3,1,Reagan Brennan,,Unknown
3662,2023-06-13,,Production Technician I,Linda Cummings,hugh.berry@bilearner.com,NEL,Active,Full-Time,Zone B,Temporary,Unk,Active Employee,Production       ,Wireline Construction,MA,Laborer,Male,90473,Other,Married,Exceeds,2,0,Hugh Berry,,Unknown
3663,2019-10-07,2022-01-22,Production Technician I,Sean Kennedy,brandon.anderson@bilearner.com,PL,Future Start,Part-Time,Zone B,Full-Time,Retirement,Bar serious exist pretty.,Production       ,General - Con,MA,Foreman,Female,13534,Black,Single,Exceeds,3,1,Brandon Anderson,,Unknown
3664,2020-10-06,2022-01-12,Production Technician I,Robert Reid,diana.garza@bilearner.com,PYZ,Future Start,Full-Time,Zone C,Part-Time,Involuntary,Let political issue.,Production       ,Field Operations,MA,Locator,Female,2667,Other,Widowed,Fully Meets,3,1,Diana Garza,,Unknown
3665,2019-11-22,,Production Technician I,Lucas Morse,dalton.bowen@bilearner.com,SVG,Active,Full-Time,Zone B,Temporary,Unk,Active Employee,Production       ,Field Operations,MA,Field Technician,Male,54319,Asian,Married,Fully Meets,3,0,Dalton Bowen,,Unknown
3666,2022-04-29,2023-01-21,Production Technician I,Melissa Shaw,davin.peters@bilearner.com,TNS,Active,Full-Time,Zone A,Full-Time,Involuntary,Rule film know if eat hear.,Production       ,Field Operations,MA,Laborer,Male,16052,Hispanic,Single,Fully Meets,3,1,Davin Peters,,Unknown
3667,2022-12-11,2023-04-28,Production Technician I,Brooke Meyer,leyla.warren@bilearner.com,WBL,Active,Part-Time,Zone B,Temporary,Resignation,Term southern major ever care.,Production       ,Billable Consultants,MA,Technician,Male,18998,Black,Single,Fully Meets,3,1,Leyla Warren,,Unknown
3668,2023-08-06,2023-08-06,Production Technician I,Christopher Clark,victoria.allen@bilearner.com,BPC,Active,Full-Time,Zone C,Full-Time,Voluntary,Rest such husband through his customer no look.,Production       ,Underground,MA,Operator,Male,33735,Asian,Widowed,Needs Improvement,3,1,Victoria Allen,,Unknown
3669,2020-03-28,2023-03-12,Production Technician I,Joshua Francis,tyler.hines@bilearner.com,CCDR,Voluntarily Terminated,Contract,Zone A,Temporary,Retirement,Let former service.,Production       ,Finance & Accounting,MA,Clerk,Male,81928,Black,Widowed,Fully Meets,3,1,Tyler Hines,,Unknown
3670,2022-08-11,2023-03-27,Production Technician II,Walter Shaw,sandra.atkinson@bilearner.com,SVG,Active,Full-Time,Zone A,Full-Time,Resignation,Far happy light already.,Production       ,Billable Consultants,MA,Engineer,Female,14006,Hispanic,Widowed,Needs Improvement,3,1,Sandra Atkinson,,Unknown
3671,2023-01-26,2023-06-19,Production Technician II,Alexander Roberts,simone.hayes@bilearner.com,EW,Voluntarily Terminated,Part-Time,Zone A,Temporary,Involuntary,Edge cold language. Once bring quality hot.,Production       ,Splicing,MA,Splicer,Female,45376,Asian,Divorced,Needs Improvement,3,1,Simone Hayes,,Unknown
3672,2019-01-14,,Production Technician II,Aaron Holland,rhett.valenzuela@bilearner.com,MSC,Active,Part-Time,Zone A,Full-Time,Unk,Active Employee,Production       ,General - Con,MA,Foreman,Female,44501,Asian,Divorced,Fully Meets,3,0,Rhett Valenzuela,,Unknown
3673,2022-06-11,2023-01-10,Production Technician II,Casey Morris,lane.zuniga@bilearner.com,TNS,Voluntarily Terminated,Full-Time,Zone B,Temporary,Voluntary,My teach piece need school fight rock.,Production       ,People Services,MA,Manager,Female,47767,Other,Widowed,Fully Meets,3,1,Lane Zuniga,,Unknown
3674,2020-06-25,2022-03-02,Production Technician II,Sarah Williamson,isabelle.shields@bilearner.com,BPC,Voluntarily Terminated,Part-Time,Zone C,Part-Time,Voluntary,Five carry couple goal western.,Production       ,Engineers,MA,Engineer,Female,39141,Other,Single,Fully Meets,3,1,Isabelle Shields,30.0,25-34
3675,2020-06-08,2022-12-29,Production Technician II,Melissa Torres,mario.mays@bilearner.com,CCDR,Active,Full-Time,Zone C,Full-Time,Resignation,Herself others song center word almost without.,Production       ,Engineers,MA,Technician,Female,70090,Hispanic,Divorced,Fully Meets,3,1,Mario Mays,,Unknown
3676,2018-08-29,,Production Technician I,Craig Hawkins,leah.robinson@bilearner.com,BPC,Active,Contract,Zone B,Part-Time,Unk,Active Employee,Production       ,Yard (Material Handling),MA,Associate,Male,35858,Black,Divorced,Fully Meets,3,0,Leah Robinson,,Unknown
3677,2022-10-01,,Production Technician I,Matthew Hughes,dayami.bailey@bilearner.com,CCDR,Active,Full-Time,Zone A,Full-Time,Unk,Active Employee,Production       ,Field Operations,MA,Supervisor,Male,27462,Hispanic,Single,Fully Meets,3,0,Dayami Bailey,66.0,65+
3678,2021-07-22,,Production Technician I,Chad Ramirez,ramon.fleming@bilearner.com,SVG,Active,Full-Time,Zone A,Full-Time,Unk,Active Employee,Production       ,General - Eng,MA,Drafter,Male,65321,Asian,Single,Fully Meets,3,0,Ramon Fleming,,Unknown
3679,2019-12-14,,Production Technician I,Erica Moore,pedro.harrison@bilearner.com,EW,Active,Full-Time,Zone A,Full-Time,Unk,Active Employee,Production       ,Engineers,MA,Engineer,Male,54017,Asian,Divorced,Fully Meets,3,0,Pedro Harrison,,Unknown
3680,2020-03-27,,Production Technician I,Felicia Ashley,harrison.hudson@bilearner.com,MSC,Active,Part-Time,Zone B,Full-Time,Unk,Active Employee,Production       ,Underground,MA,Operator,Female,51584,Other,Divorced,Fully Meets,3,0,Harrison Hudson,,Unknown
3681,2021-11-25,,Production Technician I,James Williams,taniya.lane@bilearner.com,TNS,Active,Part-Time,Zone B,Temporary,Unk,Active Employee,Production       ,Engineers,MA,Project Manager,Female,75321,Black,Widowed,Fully Meets,3,0,Taniya Lane,,Unknown
3682,2023-07-08,,Production Technician I,Michael Diaz MD,rene.wallace@bilearner.com,PYZ,Active,Full-Time,Zone C,Temporary,Unk,Active Employee,Production       ,Field Operations,MA,Technician,Female,37646,Black,Single,Fully Meets,4,0,Rene Wallace,,Unknown
3683,2021-11-02,2021-12-11,Production Technician I,Mackenzie Porter,kai.gaines@bilearner.com,WBL,Active,Part-Time,Zone C,Temporary,Involuntary,Central baby moment benefit do.,Production       ,Finance & Accounting,MA,Administration,Male,33204,Other,Divorced,Fully Meets,3,1,Kai Gaines,70.0,65+
3684,2019-12-01,2022-12-25,Production Technician I,Robert Simmons,noelle.levy@bilearner.com,NEL,Active,Contract,Zone C,Part-Time,Involuntary,Scientist believe edge imagine push bit fast.,Production       ,Field Operations,MA,Technician,Male,76198,Hispanic,Widowed,Fully Meets,3,1,Noelle Levy,72.0,65+
3685,2022-08-16,2022-11-10,Production Technician I,Jordan Harrison,kylie.jimenez@bilearner.com,PL,Active,Full-Time,Zone C,Full-Time,Retirement,Factor doctor edge police.,Production       ,Project Management - Con,MA,Coordinator,Male,10600,Asian,Widowed,Fully Meets,3,1,Kylie Jimenez,,Unknown
3686,2021-04-25,2022-12-12,Production Technician I,Jesse Farmer,carly.figueroa@bilearner.com,BPC,Future Start,Part-Time,Zone A,Full-Time,Retirement,Concern expect add skill.,Production       ,Engineers,MA,Director,Male,67909,White,Single,Exceeds,1,1,Carly Figueroa,,Unknown
3687,2019-05-17,,Production Technician I,Brianna Blake,bria.mcpherson@bilearner.com,CCDR,Active,Part-Time,Zone B,Temporary,Unk,Active Employee,Production       ,Field Operations,MA,Supervisor,Female,26340,White,Divorced,Exceeds,1,0,Bria Mcpherson,,Unknown
3688,2019-05-04,2021-08-03,Production Technician I,Kathleen Clark,brynn.harding@bilearner.com,SVG,Future Start,Contract,Zone B,Full-Time,Involuntary,Matter man skill produce poor.,Production       ,Wireline Construction,MA,Manager,Female,42113,Asian,Divorced,Exceeds,3,1,Brynn Harding,,Unknown
3689,2021-07-16,,Production Technician I,Jonathan Gutierrez,rashad.wells@bilearner.com,EW,Active,Contract,Zone A,Temporary,Unk,Active Employee,Production       ,Field Operations,MA,Laborer,Male,95832,Asian,Married,Exceeds,3,0,Rashad Wells,,Unknown
3690,2020-08-04,2021-02-27,Production Technician I,Adam Barber,jaylene.deleon@bilearner.com,MSC,Active,Part-Time,Zone A,Temporary,Voluntary,Size manager receive decide attention play plant.,Production       ,Yard (Material Handling),MA,Laborer,Male,60287,White,Single,Needs Improvement,3,1,Jaylene Deleon,,Unknown
3691,2020-11-23,,Production Technician I,David Valenzuela,chace.church@bilearner.com,TNS,Active,Part-Time,Zone C,Full-Time,Unk,Active Employee,Production       ,Finance & Accounting,MA,Manager,Male,34316,Asian,Single,Needs Improvement,1,0,Chace Church,33.0,25-34
3692,2019-11-11,,Production Technician I,Lisa Jordan,zayne.hunter@bilearner.com,PYZ,Active,Full-Time,Zone B,Part-Time,Unk,Active Employee,Production       ,Aerial,MA,Lineman,Male,75371,Black,Widowed,Needs Improvement,3,0,Zayne Hunter,,Unknown
3693,2019-05-20,2020-08-30,Production Technician II,Alexa Smith,amya.vega@bilearner.com,SVG,Active,Part-Time,Zone B,Temporary,Involuntary,Name social full approach. Position want win.,Production       ,Project Management - Con,MA,Field Project Manager,Female,13727,White,Married,Exceeds,2,1,Amya Vega,49.0,45-54
3694,2019-11-05,2022-04-16,Production Technician II,Sue Harper,nickolas.west@bilearner.com,EW,Voluntarily Terminated,Full-Time,Zone A,Part-Time,Involuntary,Training civil attention exist matter water.,Production       ,Field Operations,MA,Specialist,Female,94278,Hispanic,Married,PIP,4,1,Nickolas West,65.0,55-64
3695,2018-09-20,2021-02-04,Production Technician II,Savannah Schneider,cason.neal@bilearner.com,MSC,Voluntarily Terminated,Contract,Zone C,Temporary,Voluntary,Public ask American affect market order.,Production       ,Catv,MA,Laborer,Female,70817,Hispanic,Divorced,PIP,4,1,Cason Neal,,Unknown
3696,2020-09-02,2023-05-26,Production Technician II,Chase Ramirez,aldo.dyer@bilearner.com,TNS,Voluntarily Terminated,Contract,Zone B,Part-Time,Resignation,Arrive its during organization about.,Production       ,Wireless,MA,Foreman,Female,74423,Hispanic,Widowed,PIP,3,1,Aldo Dyer,37.0,35-44
3697,2020-06-28,,Production Technician II,Connor Galloway,sonia.skinner@bilearner.com,PYZ,Active,Full-Time,Zone A,Part-Time,Unk,Active Employee,Production       ,Field Operations,MA,Technician,Female,51256,Other,Single,PIP,4,0,Sonia Skinner,,Unknown
3698,2023-03-22,2023-05-30,Production Technician II,Savannah Weber,julien.banks@bilearner.com,WBL,Active,Full-Time,Zone A,Full-Time,Involuntary,Usually section evening with cup left.,Production       ,Catv,MA,Foreman,Female,16462,Hispanic,Married,PIP,3,1,Julien Banks,42.0,35-44
3699,2022-08-30,2022-09-20,Production Technician I,Justin Harris,madelyn.mcdonald@bilearner.com,PYZ,Voluntarily Terminated,Part-Time,Zone B,Temporary,Involuntary,Business draw with hear dream eat.,Production       ,Engineers,MA,Engineer,Male,48065,Asian,Divorced,PIP,2,1,Madelyn Mcdonald,,Unknown
3700,2019-10-24,,Production Technician I,Wendy Rogers,brenden.nash@bilearner.com,PL,Active,Part-Time,Zone A,Temporary,Unk,Active Employee,Production       ,Wireline Construction,MA,Supervisor,Male,93840,Hispanic,Divorced,PIP,1,0,Brenden Nash,38.0,35-44
3701,2019-11-09,,Production Technician I,Bryan Greer,genesis.coleman@bilearner.com,NEL,Active,Part-Time,Zone B,Temporary,Unk,Active Employee,Production       ,Shop (Fleet),MA,Mechanic,Male,35917,Other,Single,PIP,2,0,Genesis Coleman,,Unknown
3702,2019-07-13,,Production Technician I,David Brown,justice.branch@bilearner.com,MSC,Active,Part-Time,Zone C,Part-Time,Unk,Active Employee,Production       ,Aerial,MA,Foreman,Male,22165,Asian,Single,Exceeds,3,0,Justice Branch,,Unknown
3703,2020-08-31,2022-06-26,Production Technician I,Cory Lee,addisyn.guerrero@bilearner.com,EW,Active,Part-Time,Zone A,Part-Time,Resignation,Tax herself interview maybe control.,Production       ,Engineers,MA,Engineer,Female,87563,White,Widowed,Exceeds,4,1,Addisyn Guerrero,,Unknown
3704,2019-01-25,2021-10-26,Production Technician I,April Stevens,addisyn.aguilar@bilearner.com,CCDR,Active,Full-Time,Zone C,Part-Time,Involuntary,Message firm social daughter third ready.,Production       ,Field Operations,MA,Associate,Female,20993,Asian,Married,Exceeds,5,1,Addisyn Aguilar,50.0,45-54
3705,2020-11-21,2023-04-09,Production Technician I,Bridget Little,marcos.gallagher@bilearner.com,BPC,Active,Full-Time,Zone A,Part-Time,Involuntary,Any after despite suddenly decade.,Production       ,General - Sga,MA,Vp,Female,88723,White,Single,Exceeds,3,1,Marcos Gallagher,,Unknown
3706,2019-09-23,,Production Technician I,Lisa Hamilton,mareli.parker@bilearner.com,WBL,Active,Full-Time,Zone B,Part-Time,Unk,Active Employee,Production       ,Field Operations,MA,Laborer,Male,59933,White,Divorced,Exceeds,3,0,Mareli Parker,52.0,45-54
3707,2022-12-11,,Production Technician I,Kenneth Keller,joshua.mitchell@bilearner.com,TNS,Active,Contract,Zone B,Temporary,Unk,Active Employee,Production       ,Engineers,MA,Manager,Male,81280,Asian,Divorced,Exceeds,3,0,Joshua Mitchell,31.0,25-34
3708,2020-08-21,2022-09-20,Production Technician I,Morgan Smith,case.gaines@bilearner.com,SVG,Active,Full-Time,Zone C,Part-Time,Resignation,Finally feeling often some.,Production       ,Fielders,MA,Engineer,Male,13899,Black,Married,Exceeds,4,1,Case Gaines,,Unknown
3709,2019-02-04,2023-04-17,Production Technician I,Donald Powell,jacey.reyes@bilearner.com,PYZ,Active,Full-Time,Zone C,Part-Time,Voluntary,Provide late phone school score sound growth.,Production       ,Splicing,MA,Splicer,Male,44907,Black,Divorced,Exceeds,5,1,Jacey Reyes,,Unknown
3710,2021-10-29,,Production Technician I,Rebecca Henderson,dean.middleton@bilearner.com,PL,Active,Full-Time,Zone C,Part-Time,Unk,Active Employee,Production       ,Aerial,MA,Foreman,Female,64630,Hispanic,Single,Exceeds,1,0,Dean Middleton,,Unknown
3711,2021-07-17,,Production Technician I,David Bowman,marlene.bates@bilearner.com,NEL,Active,Part-Time,Zone A,Temporary,Unk,Active Employee,Production       ,Finance & Accounting,MA,Administrative,Female,36588,Black,Single,Needs Improvement,1,0,Marlene Bates,45.0,35-44
3712,2019-04-28,2022-09-01,Production Technician I,Christopher Robertson,kyra.ray@bilearner.com,MSC,Future Start,Part-Time,Zone C,Temporary,Retirement,Year color woman become year scene very.,Production       ,Field Operations,MA,Technician,Male,33658,Asian,Married,Needs Improvement,5,1,Kyra Ray,70.0,65+
3713,2020-07-21,,Production Technician I,Michelle Miller,melanie.kennedy@bilearner.com,EW,Active,Full-Time,Zone B,Temporary,Unk,Active Employee,Production       ,General - Sga,MA,Administrator,Male,87025,Hispanic,Widowed,Fully Meets,3,0,Melanie Kennedy,41.0,35-44
3714,2020-01-19,,Production Technician I,Kyle Turner,aleena.mercer@bilearner.com,CCDR,Active,Full-Time,Zone B,Part-Time,Unk,Active Employee,Production       ,Field Operations,MA,Laborer,Male,93985,White,Married,Fully Meets,4,0,Aleena Mercer,,Unknown
3715,2021-09-12,,Production Technician I,Dawn Mendoza,jake.white@bilearner.com,BPC,Active,Contract,Zone A,Full-Time,Unk,Active Employee,Production       ,Project Management - Con,MA,Coordinator,Male,27233,Black,Widowed,Fully Meets,4,0,Jake White,50.0,45-54
3716,2022-07-31,2023-02-18,Production Technician II,David Goodman,chaim.chase@bilearner.com,SVG,Voluntarily Terminated,Full-Time,Zone A,Full-Time,Voluntary,Walk call activity onto seven about.,Production       ,General - Con,MA,Laborer,Female,5569,Black,Married,Fully Meets,1,1,Chaim Chase,,Unknown
3717,2023-05-18,,Production Technician II,Samuel Turner,keshawn.le@bilearner.com,EW,Active,Contract,Zone B,Full-Time,Unk,Active Employee,Production       ,Field Operations,MA,Specialist,Female,21090,Asian,Married,Fully Meets,2,0,Keshawn Le,34.0,25-34
3718,2021-05-25,2021-10-22,Production Technician II,Claudia White,dalton.frazier@bilearner.com,MSC,Voluntarily Terminated,Contract,Zone C,Temporary,Voluntary,Save east phone arrive floor maybe.,Production       ,Field Operations,MA,Driver,Female,52357,Other,Married,Fully Meets,4,1,Dalton Frazier,,Unknown
3719,2022-07-22,,Production Technician II,David Ward,cannon.hester@bilearner.com,TNS,Active,Contract,Zone B,Full-Time,Unk,Active Employee,Production       ,Underground,MA,Laborer,Female,47989,Hispanic,Divorced,Fully Meets,3,0,Cannon Hester,79.0,65+
3720,2019-05-23,2020-09-12,Production Technician II,Andrew Schneider,crystal.brandt@bilearner.com,PYZ,Active,Part-Time,Zone B,Full-Time,Resignation,Young risk quality natural foreign claim.,Production       ,Field Operations,MA,Laborer,Female,31486,White,Single,Fully Meets,3,1,Crystal Brandt,,Unknown
3721,2020-02-12,2020-04-07,Production Technician I,Loretta Gonzalez,johnny.goodman@bilearner.com,NEL,Active,Full-Time,Zone B,Full-Time,Resignation,Recent agent choose dark hard eye.,Production       ,Fielders,MA,Engineer,Male,24794,Black,Widowed,Fully Meets,2,1,Johnny Goodman,,Unknown
3722,2020-02-16,2022-01-09,Production Technician I,Alice Key,nehemiah.hancock@bilearner.com,PL,Voluntarily Terminated,Part-Time,Zone B,Full-Time,Involuntary,Fast glass machine compare after check.,Production       ,Field Operations,MA,Laborer,Male,80316,White,Married,Fully Meets,2,1,Nehemiah Hancock,,Unknown
3723,2022-04-29,2022-07-16,Production Technician I,Ryan Downs,elliana.villanueva@bilearner.com,BPC,Voluntarily Terminated,Full-Time,Zone A,Temporary,Retirement,Everyone chair white situation result.,Production       ,Wireline Construction,MA,Laborer,Male,46742,Asian,Married,Fully Meets,3,1,Elliana Villanueva,,Unknown
3724,2019-10-10,2021-10-30,Production Technician I,Alyssa Johnson,essence.schwartz@bilearner.com,CCDR,Voluntarily Terminated,Part-Time,Zone C,Temporary,Retirement,Board star job song. Hundred believe heavy.,Production       ,Field Operations,MA,Laborer,Male,30194,Asian,Divorced,Fully Meets,4,1,Essence Schwartz,,Unknown
3725,2019-04-07,2023-07-09,Production Technician I,Stephanie Patterson,ryker.cox@bilearner.com,SVG,Active,Contract,Zone B,Part-Time,Voluntary,Child write help growth home.,Production       ,Aerial,MA,Lineman,Male,36808,Asian,Widowed,Fully Meets,1,1,Ryker Cox,,Unknown
3726,2020-07-13,2021-09-18,Production Technician I,Sandra Richardson,averi.stevenson@bilearner.com,EW,Active,Contract,Zone A,Full-Time,Voluntary,Great like sea behind stock drop debate such.,Production       ,General - Con,MA,Lineman,Female,36688,Other,Married,Fully Meets,4,1,Averi Stevenson,,Unknown
3727,2021-08-26,,Production Technician I,Courtney Garcia,katherine.russo@bilearner.com,MSC,Active,Part-Time,Zone C,Temporary,Unk,Active Employee,Production       ,Field Operations,MA,Supervisor,Female,37883,Other,Divorced,Fully Meets,3,0,Katherine Russo,,Unknown
3728,2021-12-23,,Production Technician I,Tamara Grant,aydan.robbins@bilearner.com,TNS,Active,Contract,Zone A,Part-Time,Unk,Active Employee,Production       ,Splicing,MA,Laborer,Male,39843,Hispanic,Divorced,Fully Meets,5,0,Aydan Robbins,59.0,55-64
3729,2022-12-08,2023-07-04,Production Technician I,Natasha Spears,heaven.walls@bilearner.com,BPC,Active,Contract,Zone B,Part-Time,Voluntary,Until reason late off training situation.,Production       ,Wireline Construction,MA,Supervisor,Male,69873,Other,Divorced,Fully Meets,3,1,Heaven Walls,83.0,65+
3730,2022-01-18,,Production Technician I,Sharon Vincent,bobby.chung@bilearner.com,CCDR,Active,Contract,Zone B,Temporary,Unk,Active Employee,Production       ,Fielders,MA,Engineer,Male,2548,Black,Widowed,Fully Meets,4,0,Bobby Chung,61.0,55-64
3731,2020-02-28,2022-12-14,Production Technician I,Kimberly Phelps,maximus.fields@bilearner.com,EW,Active,Part-Time,Zone B,Part-Time,Retirement,Along black change charge particular conference.,Production       ,Field Operations,MA,Engineer,Male,73555,Hispanic,Single,Fully Meets,3,1,Maximus Fields,28.0,25-34
3732,2020-05-31,,Production Technician I,Charles Hoover,orion.ochoa@bilearner.com,MSC,Active,Part-Time,Zone B,Part-Time,Unk,Active Employee,Production       ,Field Operations,MA,Technician,Male,27650,Black,Widowed,Fully Meets,5,0,Orion Ochoa,72.0,65+
3733,2020-04-20,2022-07-23,Production Technician I,Deborah Stevens,halle.boyd@bilearner.com,NEL,Future Start,Contract,Zone C,Part-Time,Retirement,Half glass sport. Oil arm middle play lose such.,Production       ,Field Operations,MA,Driver,Female,2035,Hispanic,Single,Fully Meets,3,1,Halle Boyd,,Unknown
3734,2019-03-07,,Production Technician I,Melissa Alvarez,lindsey.rocha@bilearner.com,PL,Active,Full-Time,Zone C,Temporary,Unk,Active Employee,Production       ,Technology / It,MA,Engineer,Male,74284,White,Divorced,Fully Meets,3,0,Lindsey Rocha,,Unknown
3735,2019-05-29,,Production Technician I,Joel Nichols,chace.gray@bilearner.com,PYZ,Active,Contract,Zone C,Temporary,Unk,Active Employee,Production       ,Wireless,MA,Project Manager,Male,81455,White,Married,Fully Meets,1,0,Chace Gray,63.0,55-64
3736,2020-10-18,2023-03-22,Production Technician I,Kimberly Soto,carsen.wheeler@bilearner.com,SVG,Active,Full-Time,Zone A,Part-Time,Resignation,Democrat home space past sense serious.,Production       ,Wireline Construction,MA,Laborer,Male,95345,Other,Married,Fully Meets,2,1,Carsen Wheeler,50.0,45-54
3737,2018-11-19,,Production Technician I,John Hill,arielle.escobar@bilearner.com,TNS,Active,Part-Time,Zone B,Part-Time,Unk,Active Employee,Production       ,People Services,MA,Director,Male,67176,Hispanic,Divorced,Fully Meets,5,0,Arielle Escobar,80.0,65+
3738,2022-04-15,2023-01-09,Production Technician II,Steven Carter,kaitlynn.blair@bilearner.com,SVG,Voluntarily Terminated,Full-Time,Zone A,Temporary,Involuntary,Partner perhaps they rock.,Production       ,General - Con,MA,Lineman,Female,21015,Hispanic,Widowed,Fully Meets,3,1,Kaitlynn Blair,26.0,25-34
3739,2018-08-24,2021-03-22,Production Technician II,Rachel Pham,amir.melendez@bilearner.com,EW,Voluntarily Terminated,Full-Time,Zone B,Temporary,Voluntary,Themselves specific seem want seek hospital.,Production       ,Field Operations,MA,Tower Hand,Female,80870,Asian,Divorced,Fully Meets,3,1,Amir Melendez,75.0,65+
3740,2022-10-15,2023-02-17,Production Technician II,Christopher Cunningham,monique.buckley@bilearner.com,MSC,Voluntarily Terminated,Full-Time,Zone C,Part-Time,Voluntary,Final like human late job.,Production       ,People Services,MA,Intern,Female,12265,Other,Single,Fully Meets,4,1,Monique Buckley,,Unknown
3741,2023-02-27,2023-03-28,Production Technician II,Brittany Marshall,clark.blanchard@bilearner.com,TNS,Voluntarily Terminated,Full-Time,Zone A,Temporary,Voluntary,Board industry once tough investment age.,Production       ,Field Operations,MA,Engineer,Female,47025,Hispanic,Widowed,Fully Meets,1,1,Clark Blanchard,,Unknown
3742,2021-09-22,2023-05-15,Production Technician II,Ryan Anderson,gabriel.pearson@bilearner.com,PYZ,Active,Contract,Zone A,Temporary,Resignation,Wait small thing staff.,Production       ,Field Operations,MA,Manager,Female,81011,Asian,Married,Fully Meets,2,1,Gabriel Pearson,45.0,35-44
3743,2020-05-30,,Production Technician I,Stephanie Valdez,mercedes.cook@bilearner.com,WBL,Active,Contract,Zone A,Part-Time,Unk,Active Employee,Production       ,General - Con,MA,Locator,Male,13394,Black,Married,Fully Meets,2,0,Mercedes Cook,,Unknown
3744,2020-09-11,,Production Technician I,Christopher Garcia,skyler.blankenship@bilearner.com,NEL,Active,Part-Time,Zone B,Full-Time,Unk,Active Employee,Production       ,Aerial,MA,Lineman,Female,50967,Asian,Widowed,Fully Meets,5,0,Skyler Blankenship,,Unknown
3745,2019-05-31,2020-10-06,Production Technician I,Sarah Cross,jordan.davis@bilearner.com,PL,Voluntarily Terminated,Full-Time,Zone C,Full-Time,Involuntary,So give cause soldier.,Production       ,General - Con,MA,Technician,Male,8286,Asian,Single,Fully Meets,4,1,Jordan Davis,,Unknown
3746,2020-07-13,,Production Technician I,Judy Lambert,bridget.wu@bilearner.com,BPC,Active,Part-Time,Zone B,Full-Time,Unk,Active Employee,Production       ,Shop (Fleet),MA,Mechanic,Male,68039,Black,Widowed,Fully Meets,3,0,Bridget Wu,,Unknown
3747,2021-09-09,2023-02-10,Production Technician I,Chelsea Bright,gabriel.kirk@bilearner.com,CCDR,Voluntarily Terminated,Part-Time,Zone C,Temporary,Retirement,Soon glass reveal Republican could.,Production       ,Technology / It,MA,Technician,Male,56563,Black,Widowed,Fully Meets,2,1,Gabriel Kirk,,Unknown
3748,2019-04-06,,Production Technician I,Shawn Mckay,aron.ali@bilearner.com,SVG,Active,Full-Time,Zone C,Part-Time,Unk,Active Employee,Production       ,General - Con,MA,Laborer,Male,96739,Other,Married,Fully Meets,1,0,Aron Ali,,Unknown
3749,2021-02-16,,Production Technician I,Samantha Pugh,kayden.soto@bilearner.com,EW,Active,Full-Time,Zone A,Full-Time,Unk,Active Employee,Production       ,Project Management - Eng,MA,Planner,Female,27488,Other,Married,Fully Meets,4,0,Kayden Soto,41.0,35-44
3750,2020-02-17,,Production Technician I,Sheryl Curtis,micaela.conner@bilearner.com,MSC,Active,Full-Time,Zone C,Part-Time,Unk,Active Employee,Production       ,Engineers,MA,Engineer,Male,49299,Black,Single,Fully Meets,1,0,Micaela Conner,,Unknown
3751,2021-10-15,,Production Technician I,Eric Knight,arthur.mitchell@bilearner.com,TNS,Active,Contract,Zone A,Full-Time,Unk,Active Employee,Production       ,Aerial,MA,Model Assistant,Male,32547,Other,Single,Fully Meets,3,0,Arthur Mitchell,,Unknown
3752,2022-07-06,,Production Technician I,Morgan Ross,deven.morse@bilearner.com,PYZ,Active,Full-Time,Zone A,Temporary,Unk,Active Employee,Production       ,Engineers,MA,Engineer,Male,11664,White,Divorced,Fully Meets,2,0,Deven Morse,72.0,65+
3753,2019-03-05,2020-12-10,Production Technician I,Laura Mcpherson,george.villegas@bilearner.com,WBL,Active,Part-Time,Zone B,Part-Time,Involuntary,Truth resource more week hope generation.,Production       ,Project Management - Eng,MA,Planner,Male,37926,White,Single,Fully Meets,4,1,George Villegas,,Unknown
3754,2020-06-02,2022-01-25,Production Technician I,Sarah Morgan,arielle.potts@bilearner.com,NEL,Active,Full-Time,Zone C,Full-Time,Voluntary,Stage necessary although they.,Production       ,Project Management - Con,MA,Engineer,Male,76770,Black,Married,Fully Meets,1,1,Arielle Potts,,Unknown
3755,2020-11-26,2023-02-17,Production Technician I,Emily Church,maxwell.howell@bilearner.com,PL,Future Start,Full-Time,Zone C,Full-Time,Resignation,Scientist heart others employee church century.,Production       ,Executive,MA,Manager,Female,72484,Black,Married,Fully Meets,4,1,Maxwell Howell,,Unknown
3756,2021-05-24,,Production Technician I,Melissa Hernandez,junior.bridges@bilearner.com,BPC,Active,Full-Time,Zone A,Temporary,Unk,Active Employee,Production       ,Field Operations,MA,Driller,Female,13669,Hispanic,Married,Fully Meets,3,0,Junior Bridges,82.0,65+
3757,2022-10-17,2023-03-26,Production Technician I,Debra Yang,salvatore.noble@bilearner.com,CCDR,Future Start,Full-Time,Zone B,Part-Time,Involuntary,Marriage sound myself others well morning wrong.,Production       ,Aerial,MA,Lineman,Male,7481,Asian,Single,Fully Meets,2,1,Salvatore Noble,,Unknown
3758,2022-11-16,2023-06-24,Production Technician I,Alejandro Palmer,heath.hodges@bilearner.com,SVG,Voluntarily Terminated,Contract,Zone A,Temporary,Retirement,Lawyer miss meet across agent.,Production       ,Engineers,MA,Engineer,Male,76897,Other,Divorced,Fully Meets,3,1,Heath Hodges,,Unknown
3759,2022-05-01,2022-09-25,Production Technician I,Emily Pugh,gabriella.warner@bilearner.com,EW,Active,Contract,Zone B,Full-Time,Retirement,Authority different including gun production.,Production       ,Yard (Material Handling),MA,Laborer,Male,47326,Black,Married,Fully Meets,1,1,Gabriella Warner,,Unknown
3760,2021-08-24,,Production Technician I,Sherry Morris,ryan.tate@bilearner.com,MSC,Active,Full-Time,Zone A,Part-Time,Unk,Active Employee,Production       ,General - Con,MA,Technician,Male,20814,Other,Widowed,Fully Meets,3,0,Ryan Tate,66.0,65+
3761,2023-06-22,2023-07-10,Production Technician II,Melissa Conrad,hazel.vincent@bilearner.com,CCDR,Active,Contract,Zone A,Full-Time,Involuntary,Item born upon blue.,Production       ,General - Sga,MA,Assistant,Female,75880,Black,Married,Fully Meets,1,1,Hazel Vincent,,Unknown
3762,2020-07-18,,Production Technician II,Lauren Villarreal,gavyn.riggs@bilearner.com,SVG,Active,Part-Time,Zone B,Temporary,Unk,Active Employee,Production       ,Engineers,MA,Engineer,Female,65366,Black,Divorced,Fully Meets,2,0,Gavyn Riggs,77.0,65+
3763,2023-01-12,2023-02-06,Production Technician II,Randall Williams,giancarlo.cross@bilearner.com,EW,Voluntarily Terminated,Full-Time,Zone B,Full-Time,Involuntary,They four last represent spend bit.,Production       ,Finance & Accounting,MA,Clerk,Female,40231,White,Widowed,Fully Meets,3,1,Giancarlo Cross,,Unknown
3764,2022-02-16,,Production Technician II,Tiffany Stone,cristal.bradshaw@bilearner.com,MSC,Active,Full-Time,Zone B,Temporary,Unk,Active Employee,Production       ,General - Sga,MA,Manager,Female,41487,Black,Single,Fully Meets,3,0,Cristal Bradshaw,,Unknown
3765,2022-09-02,,Production Technician II,Eric Smith,guadalupe.burke@bilearner.com,TNS,Active,Part-Time,Zone A,Temporary,Unk,Active Employee,Production       ,Yard (Material Handling),MA,Runner,Female,36904,Hispanic,Widowed,Fully Meets,3,0,Guadalupe Burke,,Unknown
3766,2019-02-02,2023-02-03,Production Technician II,Taylor Morris,elisa.henry@bilearner.com,PYZ,Active,Part-Time,Zone A,Part-Time,Resignation,Common no sure wonder up although.,Production       ,Yard (Material Handling),MA,Manager,Female,10110,Black,Widowed,Fully Meets,3,1,Elisa Henry,83.0,65+
3767,2021-08-26,2022-09-05,Production Technician I,Zachary Nelson,kale.fischer@bilearner.com,TNS,Voluntarily Terminated,Full-Time,Zone B,Part-Time,Retirement,Actually on Democrat down live base should.,Production       ,General - Con,MA,Laborer,Female,46087,Black,Divorced,Fully Meets,2,1,Kale Fischer,33.0,25-34
3768,2020-12-31,,Production Technician I,David Garcia,morgan.blackwell@bilearner.com,SVG,Active,Contract,Zone B,Full-Time,Unk,Active Employee,Production       ,Catv,MA,Foreman,Female,37838,Black,Divorced,Fully Meets,4,0,Morgan Blackwell,,Unknown
3769,2020-12-12,,Production Technician I,Laura Chavez,ivan.wright@bilearner.com,PYZ,Active,Full-Time,Zone A,Full-Time,Unk,Active Employee,Production       ,Fielders,MA,Engineer,Male,15968,Asian,Married,Fully Meets,3,0,Ivan Wright,,Unknown
3770,2022-01-13,2023-04-11,Production Technician I,Rachel Jones,nayeli.hood@bilearner.com,PL,Voluntarily Terminated,Contract,Zone B,Temporary,Involuntary,Land physical tax.,Production       ,Aerial,MA,Lineman,Male,21100,Asian,Married,Fully Meets,3,1,Nayeli Hood,,Unknown
3771,2021-01-24,2023-05-07,Production Technician I,Kathryn Jones,marilyn.smith@bilearner.com,NEL,Voluntarily Terminated,Part-Time,Zone B,Temporary,Retirement,Catch issue water night recognize mention.,Production       ,General - Con,MA,Foreman,Male,65845,Asian,Married,Fully Meets,3,1,Marilyn Smith,,Unknown
3772,2022-02-08,2022-07-22,Production Technician I,Mrs. Rachel Henry,zoie.rowland@bilearner.com,MSC,Active,Full-Time,Zone A,Temporary,Retirement,Side most force better region operation language.,Production       ,Engineers,MA,Engineer,Female,58535,Asian,Divorced,Fully Meets,3,1,Zoie Rowland,60.0,55-64
3773,2020-10-11,2022-02-26,Production Technician I,Laura Hernandez,ann.nguyen@bilearner.com,EW,Voluntarily Terminated,Part-Time,Zone A,Temporary,Retirement,Building possible too process do.,Production       ,Engineers,MA,Engineer,Female,3994,Hispanic,Divorced,Fully Meets,3,1,Ann Nguyen,,Unknown
3774,2019-06-20,2021-10-13,Production Technician I,Justin Stanley,ramiro.savage@bilearner.com,CCDR,Active,Part-Time,Zone B,Full-Time,Involuntary,Success realize political move adult new.,Production       ,Engineers,MA,Engineer,Male,32544,Black,Single,Fully Meets,3,1,Ramiro Savage,28.0,25-34
3775,2021-07-13,2022-11-26,Production Technician I,Amy Ross,karma.koch@bilearner.com,BPC,Active,Contract,Zone B,Part-Time,Resignation,Agency picture enjoy pattern since and piece.,Production       ,Field Operations,MA,Laborer,Male,36153,Other,Widowed,Fully Meets,3,1,Karma Koch,,Unknown
3776,2021-10-14,2021-10-30,Production Technician I,Benjamin Yates,jacqueline.hendrix@bilearner.com,WBL,Active,Contract,Zone A,Full-Time,Resignation,Goal someone serious myself way probably.,Production       ,General - Eng,MA,Administrative,Male,34262,Black,Married,Fully Meets,3,1,Jacqueline Hendrix,,Unknown
3777,2021-11-09,,Production Technician I,Penny Estrada,kaitlin.barker@bilearner.com,TNS,Active,Contract,Zone C,Temporary,Unk,Active Employee,Production       ,Aerial,MA,Lineman,Male,12906,Black,Single,Fully Meets,3,0,Kaitlin Barker,,Unknown
3778,2023-04-02,2023-07-27,Production Technician I,Frank Freeman,semaj.griffith@bilearner.com,SVG,Active,Full-Time,Zone A,Full-Time,Involuntary,Similar computer less four.,Production       ,Wireline Construction,MA,Groundman,Male,30753,Other,Married,Fully Meets,3,1,Semaj Griffith,34.0,25-34
3779,2022-10-19,2023-05-03,Production Technician I,Regina Bryant MD,damian.burke@bilearner.com,PYZ,Future Start,Part-Time,Zone B,Temporary,Voluntary,About allow court us.,Production       ,Shop (Fleet),MA,Technician,Female,60533,Other,Divorced,Fully Meets,3,1,Damian Burke,,Unknown
3780,2020-05-09,2021-09-14,Production Technician I,Samantha Roberts,jessie.smith@bilearner.com,PL,Future Start,Part-Time,Zone C,Part-Time,Retirement,Everything look could economy PM fast.,Production       ,General - Con,MA,Technician,Female,36882,Black,Widowed,Fully Meets,3,1,Jessie Smith,,Unknown
3781,2019-08-18,2022-05-05,Production Technician I,Daniel Peterson,hezekiah.cummings@bilearner.com,NEL,Future Start,Contract,Zone B,Full-Time,Involuntary,Hot stay response fly himself accept.,Production       ,General - Con,MA,Laborer,Male,62493,Black,Single,Fully Meets,3,1,Hezekiah Cummings,,Unknown
3782,2019-03-09,2020-05-02,Production Technician I,Dr. Matthew Harrell,brody.house@bilearner.com,MSC,Voluntarily Terminated,Full-Time,Zone B,Temporary,Retirement,Blood people direction all item.,Production       ,Field Operations,MA,Driver,Male,92706,Asian,Widowed,Fully Meets,3,1,Brody House,,Unknown
3783,2020-05-09,,Production Technician I,Jared Whitehead,aaliyah.watts@bilearner.com,EW,Active,Contract,Zone A,Full-Time,Unk,Active Employee,Production       ,Fielders,MA,Engineer,Male,7773,Asian,Divorced,Fully Meets,3,0,Aaliyah Watts,64.0,55-64
3784,2022-08-14,,Production Technician I,William Price,ashton.larsen@bilearner.com,CCDR,Active,Contract,Zone A,Temporary,Unk,Active Employee,Production       ,Splicing,MA,Supervisor,Female,55514,White,Single,Fully Meets,3,0,Ashton Larsen,,Unknown
3785,2022-01-18,,Production Technician II,Sheri Jackson,joshua.gibson@bilearner.com,PL,Active,Contract,Zone C,Temporary,Unk,Active Employee,Production       ,Project Management - Con,MA,Director,Female,13406,Black,Divorced,Fully Meets,3,0,Joshua Gibson,,Unknown
3786,2021-06-22,2022-07-26,Production Technician II,Paul Richards,kyleigh.bauer@bilearner.com,PYZ,Voluntarily Terminated,Full-Time,Zone A,Part-Time,Resignation,Cost high must body defense population.,Production       ,Field Operations,MA,Technician,Female,65379,Black,Divorced,Fully Meets,3,1,Kyleigh Bauer,64.0,55-64
3787,2023-01-19,2023-06-20,Production Technician II,Alexis Gutierrez,ramon.schultz@bilearner.com,SVG,Voluntarily Terminated,Full-Time,Zone C,Part-Time,Resignation,Peace anything sign third.,Production       ,General - Sga,MA,Supervisor,Female,69445,White,Widowed,Fully Meets,3,1,Ramon Schultz,,Unknown
3788,2023-05-17,2023-06-13,Production Technician II,Michael Mcclure,maxim.houston@bilearner.com,TNS,Voluntarily Terminated,Part-Time,Zone A,Full-Time,Involuntary,In read day your stay she.,Production       ,Field Operations,MA,Foreman,Female,32440,Black,Married,Fully Meets,3,1,Maxim Houston,50.0,45-54
3789,2020-06-07,,Production Technician II,Randall Frey,deanna.sellers@bilearner.com,WBL,Active,Contract,Zone A,Part-Time,Unk,Active Employee,Production       ,Wireline Construction,MA,Foreman,Female,30804,Other,Widowed,Fully Meets,3,0,Deanna Sellers,,Unknown
3790,2023-07-07,2023-07-11,Production Technician II,Matthew Le,frankie.figueroa@bilearner.com,PYZ,Active,Full-Time,Zone A,Temporary,Resignation,Simply Mrs moment seven feel time.,Production       ,Yard (Material Handling),MA,Laborer,Female,17247,Hispanic,Single,Fully Meets,3,1,Frankie Figueroa,64.0,55-64
3791,2020-03-28,,Production Technician I,Ashley Petty,bentley.rush@bilearner.com,WBL,Active,Full-Time,Zone B,Full-Time,Unk,Active Employee,Production       ,Finance & Accounting,MA,Administration,Female,32417,Asian,Divorced,Fully Meets,3,0,Bentley Rush,48.0,45-54
3792,2019-05-23,2022-05-10,Production Technician I,Angela Shaffer,alexia.pham@bilearner.com,NEL,Active,Part-Time,Zone C,Full-Time,Retirement,Analysis listen here fight.,Production       ,Engineers,MA,Engineer,Male,50738,White,Married,Fully Meets,3,1,Alexia Pham,28.0,25-34
3793,2019-04-20,,Production Technician I,Steven Walton,roselyn.roberts@bilearner.com,PL,Active,Full-Time,Zone B,Full-Time,Unk,Active Employee,Production       ,General - Con,MA,Manager,Male,34278,Asian,Married,Fully Meets,3,0,Roselyn Roberts,,Unknown
3794,2018-09-09,,Production Technician I,Abigail Robinson,ayden.chambers@bilearner.com,BPC,Active,Contract,Zone A,Full-Time,Unk,Active Employee,Production       ,General - Con,MA,Foreman,Male,40836,Asian,Widowed,Fully Meets,5,0,Ayden Chambers,,Unknown
3795,2022-07-14,,Production Technician I,Brandi Howell,kaitlynn.serrano@bilearner.com,CCDR,Active,Part-Time,Zone A,Part-Time,Unk,Active Employee,Production       ,General - Sga,MA,Manager,Male,59081,White,Divorced,Exceeds,3,0,Kaitlynn Serrano,37.0,35-44
3796,2019-04-17,2021-12-02,Production Technician I,Connie Blackburn,jefferson.white@bilearner.com,SVG,Active,Contract,Zone A,Part-Time,Resignation,Better above culture throughout life me.,Production       ,General - Con,MA,Laborer,Female,82019,Hispanic,Married,Exceeds,3,1,Jefferson White,,Unknown
3797,2020-05-15,,Production Technician I,Connie Martinez,maria.grant@bilearner.com,EW,Active,Contract,Zone A,Full-Time,Unk,Active Employee,Production       ,Catv,MA,Splicer,Female,32969,Black,Married,Fully Meets,3,0,Maria Grant,,Unknown
3798,2020-04-04,2023-07-04,Production Technician I,Cheryl Martinez,bryanna.ibarra@bilearner.com,MSC,Active,Full-Time,Zone C,Full-Time,Voluntary,Town impact science learn break talk.,Production       ,General - Con,MA,Lineman,Male,36648,Other,Widowed,Fully Meets,3,1,Bryanna Ibarra,,Unknown
3799,2022-10-15,,Production Technician I,Ryan Carlson,sophie.zavala@bilearner.com,TNS,Active,Full-Time,Zone A,Temporary,Unk,Active Employee,Production       ,Executive,MA,Director,Male,95984,Hispanic,Single,Exceeds,3,0,Sophie Zavala,,Unknown
3800,2019-07-11,,Production Technician I,Jamie Henderson,amya.grant@bilearner.com,PYZ,Active,Contract,Zone C,Part-Time,Unk,Active Employee,Production       ,General - Sga,MA,Administrator,Male,31864,Other,Married,Fully Meets,3,0,Amya Grant,76.0,65+
3801,2019-10-02,,Production Technician I,Jamie Stark,jaydan.neal@bilearner.com,WBL,Active,Contract,Zone C,Temporary,Unk,Active Employee,Production       ,Field Operations,MA,Laborer,Female,54738,Hispanic,Single,Fully Meets,3,0,Jaydan Neal,,Unknown
3802,2021-03-04,,Production Technician I,Michael Andrade,amiyah.ramirez@bilearner.com,NEL,Active,Full-Time,Zone A,Full-Time,Unk,Active Employee,Production       ,Field Operations,MA,Project Manager,Male,65896,White,Divorced,Fully Meets,3,0,Amiyah Ramirez,,Unknown
3803,2021-02-10,2022-01-01,Production Technician I,Jason Haley,kai.holt@bilearner.com,PL,Future Start,Contract,Zone B,Full-Time,Resignation,Cup arm drug place level table staff.,Production       ,Field Operations,MA,Tower Hand,Female,35618,Black,Single,Fully Meets,3,1,Kai Holt,41.0,35-44
3804,2019-05-15,,Production Technician I,Virginia Short,brendon.wilson@bilearner.com,BPC,Active,Full-Time,Zone C,Part-Time,Unk,Active Employee,Production       ,General - Con,MA,Lineman,Female,17561,Hispanic,Single,Fully Meets,3,0,Brendon Wilson,,Unknown
3805,2022-04-28,,Production Technician I,Heather Bell,nancy.short@bilearner.com,CCDR,Active,Full-Time,Zone B,Part-Time,Unk,Active Employee,Production       ,General - Con,MA,Mechanic,Male,13779,Other,Divorced,Fully Meets,3,0,Nancy Short,,Unknown
3806,2021-09-23,2023-07-01,Production Technician I,Maria Obrien,isabella.wilkins@bilearner.com,SVG,Active,Contract,Zone C,Temporary,Resignation,Everybody list to. Green best stock yes happen.,Production       ,Field Operations,MA,Groundman,Male,31026,Other,Married,Fully Meets,3,1,Isabella Wilkins,52.0,45-54
3807,2021-09-15,2021-11-10,Production Technician I,George Doyle,mayra.moss@bilearner.com,EW,Active,Contract,Zone C,Temporary,Resignation,Family identify bar modern. Yeah article rest.,Production       ,Project Management - Con,MA,Manager,Male,84074,Asian,Single,Fully Meets,3,1,Mayra Moss,,Unknown
3808,2019-04-27,2020-03-20,IT Support,Jason Miller,maria.gonzalez@bilearner.com,PYZ,Active,Contract,Zone B,Full-Time,Resignation,Address control day. Election safe free capital.,IT/IS,General - Sga,MA,Administrator,Female,2472,White,Widowed,Fully Meets,3,1,Maria Gonzalez,,Unknown
3809,2019-10-06,2020-08-23,Network Engineer,Raymond Bird,jumil.turpin@bilearner.com,TNS,Active,Part-Time,Zone B,Part-Time,Resignation,Somebody arm memory pull word.,IT/IS,Field Operations,MA,Foreman,Male,2343,Hispanic,Single,Fully Meets,3,1,Jumil Turpin,,Unknown
3810,2020-02-16,,Sr. Network Engineer,Thomas Wilson,ann.daniele@bilearner.com,PL,Active,Full-Time,Zone A,Temporary,Unk,Active Employee,IT/IS,General - Sga,CT,Administrator,Female,6033,Black,Single,Fully Meets,3,0,Ann Daniele,67.0,65+
3811,2022-05-14,2022-10-21,Sr. Network Engineer,Robin Wilson,joe.south@bilearner.com,PL,Active,Part-Time,Zone B,Temporary,Involuntary,Back prove second tax air.,IT/IS,Fielders,CT,Engineer,Male,6278,Hispanic,Widowed,Fully Meets,3,1,Joe South,68.0,65+
3812,2019-02-13,2020-08-06,Sr. Network Engineer,Julie Lewis,sarah.warfield@bilearner.com,BPC,Active,Contract,Zone B,Full-Time,Resignation,Center west table security.,IT/IS,General - Eng,MA,Administrative,Female,2453,Hispanic,Single,Fully Meets,3,1,Sarah Warfield,,Unknown
3813,2022-08-24,,IT Support,Joseph Mathews,alejandro.bacong@bilearner.com,SVG,Active,Part-Time,Zone A,Part-Time,Unk,Active Employee,IT/IS,Engineers,MA,Engineer,Male,1886,Hispanic,Widowed,Fully Meets,3,0,Alejandro Bacong,,Unknown
3814,2019-01-07,2020-09-05,Sr. Network Engineer,Karen Crawford,jyoti.lajiri@bilearner.com,EW,Leave of Absence,Part-Time,Zone C,Full-Time,Retirement,Short quality fall name get science throughout.,IT/IS,Engineers,MA,Coordinator,Male,2169,Black,Widowed,Fully Meets,3,1,Jyoti Lajiri,,Unknown
3815,2021-03-26,,Network Engineer,Mary Mcmillan,neville.tredinnick@bilearner.com,SVG,Active,Contract,Zone C,Part-Time,Unk,Active Employee,IT/IS,Project Management - Con,MA,Coordinator,Male,1420,White,Divorced,Fully Meets,3,0,Neville Tredinnick,,Unknown
3816,2021-05-01,,IT Support,Kyle Adams,anthony.cisco@bilearner.com,WBL,Active,Full-Time,Zone A,Temporary,Unk,Active Employee,IT/IS,Field Operations,MA,Technician,Male,2135,Hispanic,Single,Fully Meets,3,0,Anthony Cisco,70.0,65+
3817,2021-10-10,2023-01-21,IT Support,Jamie Baker,linda.dolan@bilearner.com,CCDR,Active,Part-Time,Zone A,Full-Time,Resignation,Firm national vote result.,IT/IS,General - Con,MA,Technician,Female,2119,Black,Single,Needs Improvement,3,1,Linda Dolan,48.0,45-54
3818,2020-01-02,2022-04-03,Network Engineer,Daniel White,carlos.merlos@bilearner.com,CCDR,Active,Part-Time,Zone A,Part-Time,Voluntary,Car book street pull try brother.,IT/IS,Wireless,MA,Technician,Male,2138,Asian,Single,Fully Meets,3,1,Carlos Merlos,,Unknown
3819,2020-01-20,,Network Engineer,William Johnson,tanya.morway@bilearner.com,MSC,Active,Full-Time,Zone B,Part-Time,Unk,Active Employee,IT/IS,Aerial,MA,Foreman,Female,2048,Asian,Single,Fully Meets,3,0,Tanya Morway,,Unknown
3820,2018-08-11,2021-05-21,Network Engineer,George Tran,anita.shepard@bilearner.com,EW,Active,Contract,Zone C,Full-Time,Voluntary,Pattern son memory power citizen personal unit.,IT/IS,General - Con,MA,Foreman,Female,1773,Other,Divorced,Fully Meets,3,1,Anita Shepard,,Unknown
3821,2021-12-18,,Sr. Network Engineer,Jonathan Knight,jeremiah.semizoglou@bilearner.com,TNS,Active,Contract,Zone A,Temporary,Unk,Active Employee,IT/IS,Field Operations,MA,Manager,Male,1545,White,Single,Fully Meets,3,0,Jeremiah Semizoglou,45.0,35-44
3822,2019-09-24,2022-04-04,Network Engineer,Calvin Williamson,katrina.lambert@bilearner.com,WBL,Active,Full-Time,Zone B,Part-Time,Retirement,Nice sit hotel doctor.,Executive Office,General - Con,MA,Technician,Male,56727,Hispanic,Divorced,Fully Meets,3,1,Katrina Lambert,,Unknown
3823,2022-10-17,2023-06-26,Network Engineer,David Rodriguez,alexzander.pope@bilearner.com,TNS,Active,Full-Time,Zone A,Temporary,Involuntary,Word once speech mind.,Executive Office,Shop (Fleet),MA,Supervisor,Male,12469,White,Single,Needs Improvement,3,1,Alexzander Pope,,Unknown
3824,2020-01-07,,IT Support,Carolyn Richards,derek.holmes@bilearner.com,SVG,Active,Contract,Zone C,Full-Time,Unk,Active Employee,IT/IS,General - Sga,MA,Administrator,Male,83312,Black,Single,Fully Meets,3,0,Derek Holmes,,Unknown
3825,2022-11-05,,IT Support,Karen York,danika.deleon@bilearner.com,PYZ,Active,Full-Time,Zone A,Part-Time,Unk,Active Employee,IT/IS,Field Operations,MA,Tower Hand,Male,97413,Black,Married,Fully Meets,3,0,Danika Deleon,,Unknown
3826,2023-04-26,2023-06-03,IT Support,Jessica Hernandez,sabrina.durham@bilearner.com,PL,Active,Part-Time,Zone B,Full-Time,Resignation,Part officer father last trouble field.,IT/IS,Field Operations,MA,Laborer,Male,21759,Asian,Divorced,Fully Meets,3,1,Sabrina Durham,25.0,Under 25
3827,2019-05-29,,IT Support,Dana Ballard,frankie.carrillo@bilearner.com,NEL,Active,Part-Time,Zone B,Part-Time,Unk,Active Employee,IT/IS,General - Eng,MA,Engineer,Male,79707,Asian,Widowed,Fully Meets,3,0,Frankie Carrillo,,Unknown
3828,2019-09-12,,Sr. Network Engineer,Charles Duncan,quintin.solomon@bilearner.com,PL,Active,Part-Time,Zone A,Full-Time,Unk,Active Employee,IT/IS,Aerial,MA,Lineman,Male,84152,Black,Divorced,Fully Meets,3,0,Quintin Solomon,,Unknown
3829,2019-01-27,2021-02-26,Sr. Network Engineer,Jesse Newman,jaqueline.pittman@bilearner.com,BPC,Active,Part-Time,Zone C,Full-Time,Resignation,Suffer rock nothing happen strong major spend.,IT/IS,Project Management - Con,MA,Manager,Male,55408,Other,Married,Exceeds,3,1,Jaqueline Pittman,70.0,65+
3830,2019-08-20,,Principal Data Architect,David Zavala,mariana.glass@bilearner.com,CCDR,Active,Part-Time,Zone C,Temporary,Unk,Active Employee,IT/IS,Field Operations,CT,Tower Hand,Male,89892,White,Widowed,PIP,3,0,Mariana Glass,,Unknown
3831,2018-09-14,,Enterprise Architect,John Holt,payton.cross@bilearner.com,SVG,Active,Part-Time,Zone C,Part-Time,Unk,Active Employee,IT/IS,Field Operations,CT,Laborer,Female,16260,Hispanic,Divorced,Needs Improvement,3,0,Payton Cross,76.0,65+
3832,2021-08-02,2022-09-29,Sr. DBA,Melinda Mcintyre,sloane.rasmussen@bilearner.com,EW,Leave of Absence,Full-Time,Zone B,Part-Time,Resignation,Lead throw others.,IT/IS,Project Management - Eng,MA,Planner,Female,96097,Hispanic,Widowed,PIP,3,1,Sloane Rasmussen,62.0,55-64
3833,2022-01-26,2022-11-02,Network Engineer,Melissa Baker,elise.vazquez@bilearner.com,PYZ,Active,Full-Time,Zone A,Part-Time,Retirement,Partner discover size agency alone.,Executive Office,Field Operations,MA,Top Hand,Male,21738,Asian,Single,PIP,3,1,Elise Vazquez,73.0,65+
3834,2019-05-10,2021-08-05,Network Engineer,Gregory Coleman,monique.pierce@bilearner.com,WBL,Active,Contract,Zone C,Part-Time,Involuntary,Participant candidate wonder growth agree.,Executive Office,Field Operations,MA,Technician,Male,40039,Hispanic,Married,Fully Meets,3,1,Monique Pierce,65.0,55-64
3835,2019-01-02,2022-12-06,IT Support,Paul Smith,axel.higgins@bilearner.com,NEL,Active,Part-Time,Zone B,Part-Time,Resignation,Try crime reach magazine their grow feeling.,IT/IS,Yard (Material Handling),MA,Associate,Male,45952,Hispanic,Divorced,Fully Meets,3,1,Axel Higgins,33.0,25-34
3836,2021-08-13,,IT Support,Heather Farmer,marcos.petty@bilearner.com,PL,Active,Contract,Zone A,Temporary,Unk,Active Employee,IT/IS,General - Con,MA,Technician,Male,9738,Black,Single,Fully Meets,3,0,Marcos Petty,80.0,65+
3837,2022-10-02,2022-11-13,IT Support,Thomas Weaver,mia.cowan@bilearner.com,BPC,Active,Part-Time,Zone A,Part-Time,Resignation,Often my different just.,IT/IS,Finance & Accounting,MA,Administrative,Male,72879,Other,Single,PIP,3,1,Mia Cowan,,Unknown
3838,2018-12-17,2021-04-21,IT Support,Duane Le,tanya.leonard@bilearner.com,CCDR,Active,Part-Time,Zone A,Full-Time,Voluntary,Race state time lose.,IT/IS,Field Operations,MA,Assistant,Female,28364,Asian,Single,PIP,3,1,Tanya Leonard,,Unknown
3839,2021-10-11,,Sr. Network Engineer,Jason Morris DVM,dereon.page@bilearner.com,PL,Active,Contract,Zone B,Part-Time,Unk,Active Employee,IT/IS,General - Con,MA,Lineman,Male,94433,Hispanic,Divorced,PIP,3,0,Dereon Page,,Unknown
3840,2023-04-01,2023-05-18,Sr. Network Engineer,Alex Lewis,meadow.boyer@bilearner.com,BPC,Active,Part-Time,Zone B,Full-Time,Voluntary,Item type author pick set read style.,IT/IS,Field Operations,MA,Foreman,Male,97654,Hispanic,Single,Fully Meets,3,1,Meadow Boyer,,Unknown
3841,2021-03-20,,Principal Data Architect,Kevin Gross,paris.simpson@bilearner.com,CCDR,Active,Full-Time,Zone C,Full-Time,Unk,Active Employee,IT/IS,Wireline Construction,CT,Laborer,Male,78239,Asian,Single,Fully Meets,3,0,Paris Simpson,,Unknown
3842,2020-08-20,2021-08-11,Enterprise Architect,Clayton Robertson,kyla.durham@bilearner.com,SVG,Leave of Absence,Part-Time,Zone B,Part-Time,Involuntary,Visit lawyer interesting.,IT/IS,Aerial,MA,Lineman,Female,40402,White,Divorced,Fully Meets,3,1,Kyla Durham,,Unknown
3843,2023-07-16,2023-07-30,Sr. DBA,Melissa Pineda,cassidy.maddox@bilearner.com,EW,Leave of Absence,Full-Time,Zone C,Full-Time,Resignation,Place field everyone yourself.,IT/IS,Engineers,MA,Engineer,Female,21480,Asian,Single,Fully Meets,3,1,Cassidy Maddox,49.0,45-54
3844,2021-06-10,2022-08-18,Network Engineer,Melissa Torres,edgar.underwood@bilearner.com,PYZ,Active,Part-Time,Zone C,Temporary,Voluntary,Church happen network dog kid thought.,Executive Office,General - Con,MA,Laborer,Male,49677,White,Single,PIP,3,1,Edgar Underwood,65.0,55-64
3845,2019-08-25,,Network Engineer,Jordan Caldwell,jaiden.underwood@bilearner.com,WBL,Active,Contract,Zone A,Full-Time,Unk,Active Employee,Executive Office,Field Operations,MA,Laborer,Male,69726,Hispanic,Single,PIP,3,0,Jaiden Underwood,57.0,55-64
3846,2020-05-04,2023-05-15,IT Support,Anthony Neal,eugene.potts@bilearner.com,NEL,Active,Contract,Zone C,Full-Time,Retirement,Fall often enjoy once house card something.,IT/IS,Wireline Construction,MA,Driver,Male,44664,Asian,Single,Fully Meets,3,1,Eugene Potts,51.0,45-54
3847,2019-02-24,2020-06-11,IT Support,Gregory Rodriguez,gilbert.klein@bilearner.com,PL,Active,Part-Time,Zone B,Temporary,Retirement,Indeed compare I since possible something.,IT/IS,Field Operations,MA,Laborer,Male,53800,Hispanic,Single,Fully Meets,3,1,Gilbert Klein,28.0,25-34
3848,2019-09-24,,IT Support,John Gordon,nathaly.huffman@bilearner.com,BPC,Active,Full-Time,Zone C,Temporary,Unk,Active Employee,IT/IS,Field Operations,MA,Technician,Male,69459,Asian,Married,Fully Meets,3,0,Nathaly Huffman,,Unknown
3849,2021-02-13,,IT Support,Darryl Vargas,nancy.clay@bilearner.com,CCDR,Active,Contract,Zone A,Part-Time,Unk,Active Employee,IT/IS,General - Con,MA,Foreman,Female,78801,White,Widowed,Fully Meets,3,0,Nancy Clay,,Unknown
3850,2020-01-05,2022-04-25,Sr. Network Engineer,Cheryl Cook,kylie.cantrell@bilearner.com,MSC,Active,Part-Time,Zone B,Temporary,Voluntary,Gas likely father read individual fly serve.,IT/IS,Yard (Material Handling),MA,Administration,Male,77264,Hispanic,Single,Fully Meets,3,1,Kylie Cantrell,,Unknown
3851,2019-01-18,2020-03-30,Sr. Network Engineer,Thomas Hanson,vance.marquez@bilearner.com,NEL,Leave of Absence,Contract,Zone C,Temporary,Resignation,Law particularly paper friend.,IT/IS,Executive,CT,Manager,Male,38058,Black,Married,PIP,3,1,Vance Marquez,32.0,25-34
3852,2019-03-01,2021-09-25,Principal Data Architect,Dr. Eric Henderson,dante.wyatt@bilearner.com,PL,Leave of Absence,Part-Time,Zone A,Temporary,Retirement,Modern fight pattern.,IT/IS,Field Operations,CT,Laborer,Female,34011,White,Widowed,PIP,3,1,Dante Wyatt,39.0,35-44
3853,2021-08-14,2022-11-05,Enterprise Architect,James Horn,rey.monroe@bilearner.com,PYZ,Leave of Absence,Full-Time,Zone A,Temporary,Resignation,Rule yes maintain treatment.,IT/IS,General - Con,MA,Operator,Female,56198,Asian,Single,Fully Meets,3,1,Rey Monroe,,Unknown
3854,2019-06-06,2019-09-05,Network Engineer,Matthew Miranda,jayden.mckee@bilearner.com,WBL,Active,Part-Time,Zone B,Temporary,Retirement,Area card test push day effect.,Executive Office,Technology / It,MA,Manager,Male,72343,Black,Single,Fully Meets,3,1,Jayden Mckee,,Unknown
3855,2021-05-25,2022-08-13,Network Engineer,Jason Patel,brady.yoder@bilearner.com,WBL,Active,Part-Time,Zone B,Part-Time,Retirement,Case try necessary test. Full today TV bit year.,Executive Office,People Services,MA,Accountant,Male,77314,Other,Widowed,Fully Meets,3,1,Brady Yoder,27.0,25-34
3856,2023-03-17,2023-06-12,Network Engineer,Michael Young,darwin.allen@bilearner.com,TNS,Active,Part-Time,Zone C,Part-Time,Involuntary,Stand cut knowledge staff course than class.,Executive Office,Wireline Construction,MA,Groundman,Male,57170,Other,Divorced,PIP,3,1,Darwin Allen,,Unknown
3857,2022-10-02,2022-10-11,IT Support,Lindsey Osborne,jasper.harrison@bilearner.com,SVG,Active,Contract,Zone B,Temporary,Voluntary,Forget budget now window.,IT/IS,Fielders,MA,Engineer,Male,18837,Black,Widowed,PIP,3,1,Jasper Harrison,,Unknown
3858,2022-01-22,,IT Support,Gerald Yu,bailey.humphrey@bilearner.com,PYZ,Active,Full-Time,Zone B,Full-Time,Unk,Active Employee,IT/IS,Engineers,MA,Technician,Male,90580,Other,Married,Fully Meets,3,0,Bailey Humphrey,75.0,65+
3859,2019-11-29,2022-08-18,IT Support,Randall Keller,clare.english@bilearner.com,PL,Active,Full-Time,Zone B,Part-Time,Voluntary,Conference feeling notice military.,IT/IS,Fielders,MA,Engineer,Female,70282,Hispanic,Married,PIP,3,1,Clare English,,Unknown
3860,2020-07-01,2022-09-22,IT Support,Ricky Banks,amy.sherman@bilearner.com,NEL,Active,Contract,Zone B,Temporary,Resignation,A matter seven second professor.,IT/IS,Catv,MA,Lineman,Female,86329,Asian,Single,Fully Meets,3,1,Amy Sherman,30.0,25-34
3861,2022-03-24,,Sr. Network Engineer,Jessica Figueroa,lizbeth.hunt@bilearner.com,PL,Active,Full-Time,Zone C,Part-Time,Unk,Active Employee,IT/IS,General - Con,MA,Flagger,Male,70757,Other,Widowed,PIP,3,0,Lizbeth Hunt,,Unknown
3862,2019-05-13,2023-06-06,Sr. Network Engineer,Lindsey Gibson,eden.armstrong@bilearner.com,BPC,Leave of Absence,Part-Time,Zone B,Temporary,Involuntary,Contain result down realize employee image in.,IT/IS,Project Management - Con,CT,Engineer,Male,58224,White,Married,PIP,3,1,Eden Armstrong,37.0,35-44
3863,2019-06-07,,Principal Data Architect,Jeremy Hanson,eugene.mueller@bilearner.com,CCDR,Active,Contract,Zone A,Temporary,Unk,Active Employee,IT/IS,Aerial,MA,Technician,Female,38413,Other,Single,PIP,3,0,Eugene Mueller,,Unknown
3864,2022-12-05,2023-06-13,Enterprise Architect,David Chung,tiffany.washington@bilearner.com,SVG,Leave of Absence,Contract,Zone A,Full-Time,Resignation,Sort blue time total.,IT/IS,Aerial,MA,Laborer,Female,32977,Other,Married,Needs Improvement,3,1,Tiffany Washington,,Unknown
3865,2020-09-29,2021-10-22,Network Engineer,Jacob Russo,sloane.moss@bilearner.com,MSC,Active,Part-Time,Zone C,Temporary,Involuntary,Me husband about special within.,Production       ,Sales & Marketing,MA,Vp,Male,9209,Asian,Single,Needs Improvement,3,1,Sloane Moss,63.0,55-64
3866,2020-09-04,2021-04-17,Network Engineer,Harold Lee,kaeden.vargas@bilearner.com,TNS,Active,Contract,Zone A,Full-Time,Retirement,First bed red in.,Executive Office,Field Operations,MA,Technician,Male,58737,Other,Divorced,Fully Meets,3,1,Kaeden Vargas,67.0,65+
3867,2018-08-26,,Network Engineer,Heather Hill,lena.sandoval@bilearner.com,PYZ,Active,Part-Time,Zone B,Full-Time,Unk,Active Employee,Executive Office,Catv,MA,Clerk,Male,5363,Other,Widowed,Fully Meets,3,0,Lena Sandoval,,Unknown
3868,2019-08-17,,Network Engineer,Jasmine Smith,adrien.olsen@bilearner.com,WBL,Active,Contract,Zone A,Part-Time,Unk,Active Employee,IT/IS,Finance & Accounting,MA,Administrative,Male,51175,Hispanic,Widowed,Fully Meets,3,0,Adrien Olsen,,Unknown
3869,2019-09-25,2020-02-07,IT Support,Shawn Martin,damari.brewer@bilearner.com,NEL,Active,Full-Time,Zone A,Temporary,Voluntary,Investment radio bring who. Big move rise return.,IT/IS,Field Operations,MA,Drafter,Male,49132,Hispanic,Divorced,Fully Meets,3,1,Damari Brewer,49.0,45-54
3870,2023-03-11,2023-03-11,IT Support,Mr. Todd Lawson,annalise.gross@bilearner.com,PL,Active,Contract,Zone B,Temporary,Resignation,Capital economy while notice this nice.,IT/IS,Project Management - Con,MA,Laborer,Male,64853,Asian,Single,Fully Meets,3,1,Annalise Gross,,Unknown
3871,2022-12-15,,IT Support,Laura Sanchez,kamari.mcgrath@bilearner.com,BPC,Active,Full-Time,Zone B,Full-Time,Unk,Active Employee,IT/IS,General - Con,MA,Lineman,Female,39859,White,Widowed,Fully Meets,3,0,Kamari Mcgrath,55.0,45-54
3872,2018-08-10,2021-02-08,IT Support,Jeffrey Ramos,lorena.rice@bilearner.com,CCDR,Active,Contract,Zone B,Part-Time,Resignation,Four yourself strong give focus meeting.,IT/IS,Engineers,MA,Director,Female,48135,Asian,Single,Fully Meets,3,1,Lorena Rice,60.0,55-64
3873,2022-03-04,2023-06-22,Sr. Network Engineer,Patricia Johnson,eliezer.stokes@bilearner.com,NEL,Active,Full-Time,Zone B,Part-Time,Resignation,Up reason question past attention.,IT/IS,Executive,MA,General Manager,Male,41066,Hispanic,Widowed,Fully Meets,3,1,Eliezer Stokes,,Unknown
3874,2020-06-02,,Sr. Network Engineer,Brandy Greer,aspen.reyes@bilearner.com,PL,Active,Part-Time,Zone C,Part-Time,Unk,Active Employee,IT/IS,General - Con,CT,Laborer,Male,28613,Hispanic,Married,Fully Meets,3,0,Aspen Reyes,,Unknown
3875,2021-06-29,,Sr. Network Engineer,Charles Velez,rudy.richardson@bilearner.com,BPC,Active,Contract,Zone A,Temporary,Unk,Active Employee,IT/IS,Underground,CT,Laborer,Male,81215,Asian,Divorced,Fully Meets,3,0,Rudy Richardson,,Unknown
3876,2021-10-24,,Principal Data Architect,Deborah Bell,alana.castro@bilearner.com,CCDR,Active,Contract,Zone C,Temporary,Unk,Active Employee,IT/IS,General - Con,MA,Lineman,Female,70578,Hispanic,Single,PIP,3,0,Alana Castro,,Unknown
3877,2018-10-22,2020-04-07,Network Engineer,Christian Ortega,oscar.lopez@bilearner.com,MSC,Active,Part-Time,Zone A,Full-Time,Resignation,Increase town serious care support key heavy.,Executive Office,General - Con,MA,Lineman,Male,81607,Asian,Single,PIP,3,1,Oscar Lopez,,Unknown
3878,2018-09-08,2021-08-23,Network Engineer,Michael Morton,carter.cook@bilearner.com,TNS,Active,Contract,Zone B,Part-Time,Voluntary,Hot star town often onto although cultural.,Executive Office,Engineers,MA,Engineer,Male,69536,Other,Divorced,Fully Meets,3,1,Carter Cook,,Unknown
3879,2019-02-08,2023-02-24,Network Engineer,Brian Aguirre,liam.hanna@bilearner.com,PYZ,Active,Full-Time,Zone C,Part-Time,Involuntary,Say rate glass natural study pattern.,IT/IS,Field Operations,MA,Clerk,Male,16655,Hispanic,Married,Fully Meets,3,1,Liam Hanna,,Unknown
3880,2021-03-29,2021-06-27,Network Engineer,Richard Gonzalez,zara.pitts@bilearner.com,WBL,Active,Part-Time,Zone B,Temporary,Voluntary,Offer kitchen foreign role.,IT/IS,General - Con,MA,Clerical,Male,73726,Black,Single,Fully Meets,3,1,Zara Pitts,,Unknown
3881,2019-06-19,,IT Support,Karen Elliott,abby.woodward@bilearner.com,NEL,Active,Part-Time,Zone B,Part-Time,Unk,Active Employee,IT/IS,Field Operations,MA,Laborer,Male,14181,Other,Divorced,Fully Meets,3,0,Abby Woodward,34.0,25-34
3882,2019-01-30,,IT Support,Kelly Bean,litzy.esparza@bilearner.com,PL,Active,Contract,Zone C,Part-Time,Unk,Active Employee,IT/IS,Wireless,MA,Operator,Female,14438,Asian,Married,Fully Meets,3,0,Litzy Esparza,,Unknown
3883,2022-05-06,2022-09-26,IT Support,Jacob Hamilton,noemi.brewer@bilearner.com,BPC,Active,Contract,Zone B,Full-Time,Involuntary,Here employee minute officer southern.,IT/IS,Field Operations,MA,Administrator,Female,11294,White,Widowed,Fully Meets,3,1,Noemi Brewer,,Unknown
3884,2019-02-02,,IT Support,Barbara Skinner,gilberto.macdonald@bilearner.com,CCDR,Active,Full-Time,Zone B,Temporary,Unk,Active Employee,IT/IS,Engineers,MA,Engineer,Female,96985,Black,Widowed,Fully Meets,3,0,Gilberto Macdonald,,Unknown
3885,2021-12-08,,Sr. Network Engineer,Aaron Oconnor,armando.macias@bilearner.com,EW,Active,Full-Time,Zone B,Part-Time,Unk,Active Employee,IT/IS,Engineers,CT,Engineer,Female,93436,Black,Single,Fully Meets,3,0,Armando Macias,,Unknown
3886,2018-10-12,,Sr. Network Engineer,Christine Mcgee,britney.kelly@bilearner.com,MSC,Active,Part-Time,Zone B,Temporary,Unk,Active Employee,IT/IS,Wireless,CT,Technician,Male,42646,Other,Single,Fully Meets,3,0,Britney Kelly,49.0,45-54
3887,2022-04-22,2023-05-15,Sr. Network Engineer,Jose Moran,emanuel.haas@bilearner.com,NEL,Leave of Absence,Contract,Zone B,Temporary,Retirement,Fact item service few contain less available.,IT/IS,General - Con,CT,Flagger,Male,54502,White,Divorced,Exceeds,3,1,Emanuel Haas,,Unknown
3888,2021-09-05,2022-07-08,Principal Data Architect,Jimmy Beck,karlie.drake@bilearner.com,PL,Leave of Absence,Full-Time,Zone B,Full-Time,Retirement,Too within that room.,IT/IS,Engineers,MA,Engineer,Female,88391,Other,Divorced,Fully Meets,3,1,Karlie Drake,,Unknown
3889,2022-09-05,2022-10-30,Network Engineer,Lisa Chase,myla.mullen@bilearner.com,TNS,Active,Contract,Zone B,Part-Time,Resignation,With affect give water contain lose subject wide.,Executive Office,General - Con,MA,Foreman,Male,26421,Black,Single,Fully Meets,3,1,Myla Mullen,,Unknown
3890,2022-07-19,2023-04-25,Network Engineer,Susan Livingston,alan.holland@bilearner.com,WBL,Active,Full-Time,Zone B,Temporary,Resignation,Card around respond current seem along.,IT/IS,General - Con,MA,Foreman,Male,85660,Asian,Divorced,Fully Meets,3,1,Alan Holland,,Unknown
3891,2022-05-26,,Network Engineer,April Castillo,brooklynn.greene@bilearner.com,BPC,Active,Full-Time,Zone C,Temporary,Unk,Active Employee,IT/IS,Engineers,MA,Engineer,Male,60107,Other,Single,Fully Meets,3,0,Brooklynn Greene,66.0,65+
3892,2022-10-31,,Network Engineer,Diane James,maxwell.mcpherson@bilearner.com,CCDR,Active,Full-Time,Zone A,Full-Time,Unk,Active Employee,IT/IS,Engineers,MA,Principal,Male,60831,Hispanic,Divorced,Fully Meets,3,0,Maxwell Mcpherson,48.0,45-54
3893,2023-03-22,2023-07-28,IT Support,Allison Shannon,lukas.freeman@bilearner.com,EW,Active,Full-Time,Zone B,Part-Time,Involuntary,Series remember American lawyer probably be.,IT/IS,General - Con,MA,Laborer,Female,68298,Asian,Married,Fully Meets,3,1,Lukas Freeman,,Unknown
3894,2023-05-29,,IT Support,David Long,yesenia.nielsen@bilearner.com,MSC,Active,Full-Time,Zone A,Full-Time,Unk,Active Employee,IT/IS,Aerial,MA,Lineman,Female,72913,Black,Married,Fully Meets,3,0,Yesenia Nielsen,67.0,65+
3895,2020-02-23,2021-09-08,IT Support,Kelly Hall,myah.marsh@bilearner.com,NEL,Active,Full-Time,Zone C,Full-Time,Retirement,Right hold rule similar yeah later floor.,IT/IS,Splicing,MA,Tester,Female,3137,Other,Single,Fully Meets,3,1,Myah Marsh,,Unknown
3896,2019-08-13,2022-07-10,IT Support,Rachel Sanchez,korbin.gilbert@bilearner.com,PL,Active,Part-Time,Zone B,Temporary,Involuntary,Meeting wind concern action. Scene western serve.,IT/IS,Engineers,MA,Project Manager,Female,2618,Other,Widowed,Fully Meets,3,1,Korbin Gilbert,,Unknown
3897,2019-03-25,2021-09-13,Sr. Network Engineer,Hector Singleton,jenna.maddox@bilearner.com,NEL,Active,Part-Time,Zone A,Part-Time,Retirement,All machine best age ask court.,IT/IS,Aerial,CT,Project Manager,Female,84396,Black,Married,Fully Meets,3,1,Jenna Maddox,,Unknown
3898,2018-12-14,2023-02-11,Sr. Network Engineer,Denise Oconnor,anaya.preston@bilearner.com,PL,Leave of Absence,Part-Time,Zone C,Temporary,Retirement,Cut during return could hit view born present.,IT/IS,General - Con,CT,Lineman,Male,83611,Asian,Single,Fully Meets,3,1,Anaya Preston,78.0,65+
3899,2021-03-07,2021-08-31,Sr. Network Engineer,Ruben Cook,eugene.pena@bilearner.com,BPC,Leave of Absence,Contract,Zone B,Part-Time,Resignation,Issue teacher page true relate. Fight out learn.,IT/IS,Engineers,CT,Engineer,Female,88656,Other,Divorced,Fully Meets,3,1,Eugene Pena,,Unknown
3900,2023-06-16,,Principal Data Architect,Amy Duncan,abel.baker@bilearner.com,CCDR,Active,Contract,Zone C,Full-Time,Unk,Active Employee,IT/IS,Field Operations,MA,Field Technician,Female,79249,Asian,Single,Fully Meets,3,0,Abel Baker,,Unknown
3901,2021-06-18,,Network Engineer,Anthony Cruz MD,deven.merritt@bilearner.com,EW,Active,Part-Time,Zone A,Temporary,Unk,Active Employee,Executive Office,Project Management - Eng,MA,Project Manager,Male,3921,Hispanic,Single,Fully Meets,3,0,Deven Merritt,38.0,35-44
3902,2023-05-22,2023-06-16,Network Engineer,Michelle Perry,hadassah.moran@bilearner.com,MSC,Active,Contract,Zone B,Temporary,Resignation,Deep certainly boy record.,Executive Office,Wireline Construction,MA,Groundman,Male,84876,Black,Single,Fully Meets,3,1,Hadassah Moran,62.0,55-64
3903,2019-05-14,,Network Engineer,Victoria Shaw,hezekiah.thompson@bilearner.com,TNS,Active,Full-Time,Zone A,Full-Time,Unk,Active Employee,IT/IS,Field Operations,MA,Driver,Male,66324,Hispanic,Single,Fully Meets,3,0,Hezekiah Thompson,,Unknown
3904,2020-12-27,,Network Engineer,Brad Lee,quintin.fry@bilearner.com,PYZ,Active,Contract,Zone A,Part-Time,Unk,Active Employee,IT/IS,Engineers,MA,Engineer,Male,86510,Asian,Widowed,Fully Meets,3,0,Quintin Fry,56.0,55-64
3905,2020-08-04,2022-02-04,Network Engineer,Todd Baker,alayna.hess@bilearner.com,WBL,Active,Full-Time,Zone A,Full-Time,Involuntary,Brother reduce since no during.,IT/IS,Billable Consultants,MA,Engineer,Female,48843,Black,Widowed,Fully Meets,3,1,Alayna Hess,68.0,65+
3906,2020-08-25,,IT Support,Samuel Padilla,amaris.miller@bilearner.com,NEL,Active,Contract,Zone C,Temporary,Unk,Active Employee,IT/IS,Wireline Construction,MA,Splicer,Female,70797,Other,Married,Fully Meets,3,0,Amaris Miller,51.0,45-54
3907,2022-02-24,,IT Support,Michael Wright,barrett.wilcox@bilearner.com,PL,Active,Full-Time,Zone A,Temporary,Unk,Active Employee,IT/IS,Engineers,MA,Director,Female,6437,White,Married,Fully Meets,3,0,Barrett Wilcox,62.0,55-64
3908,2019-08-06,2021-03-21,IT Support,Bryan Foley,kimberly.watson@bilearner.com,BPC,Active,Part-Time,Zone C,Temporary,Resignation,Reduce center top without.,IT/IS,Splicing,MA,Splicer,Female,92289,Black,Married,Needs Improvement,3,1,Kimberly Watson,40.0,35-44
3909,2021-08-01,2021-09-24,IT Support,April Anderson MD,rebecca.park@bilearner.com,CCDR,Active,Part-Time,Zone C,Part-Time,Resignation,Expect maintain knowledge thus.,IT/IS,General - Eng,MA,Administrative,Female,58900,Other,Married,Needs Improvement,3,1,Rebecca Park,,Unknown
3910,2022-07-13,2023-01-22,Sr. Network Engineer,Matthew Calderon DDS,caleb.schneider@bilearner.com,WBL,Active,Part-Time,Zone A,Part-Time,Voluntary,Concern morning while.,IT/IS,Wireless,MA,Technician,Female,35673,White,Widowed,Needs Improvement,3,1,Caleb Schneider,,Unknown
3911,2021-05-28,,Sr. Network Engineer,Bryan Ramos,vanessa.james@bilearner.com,NEL,Active,Full-Time,Zone A,Part-Time,Unk,Active Employee,IT/IS,Splicing,CT,Splicer,Male,68952,White,Widowed,Fully Meets,3,0,Vanessa James,,Unknown
3912,2020-07-06,2021-01-18,Sr. Network Engineer,Alan Harris,maribel.copeland@bilearner.com,PL,Leave of Absence,Part-Time,Zone C,Full-Time,Involuntary,Reach music five away. Too fish sure be.,IT/IS,General - Con,CT,Foreman,Male,97493,Hispanic,Widowed,Needs Improvement,3,1,Maribel Copeland,,Unknown
3913,2020-01-14,2022-06-08,Sr. Network Engineer,Rodney Hart,henry.zimmerman@bilearner.com,BPC,Leave of Absence,Full-Time,Zone A,Part-Time,Resignation,Management so author training floor stage could.,IT/IS,Project Management - Con,MA,Purchasing,Female,69903,White,Married,Fully Meets,3,1,Henry Zimmerman,84.0,65+
3914,2020-02-04,2021-01-29,Network Engineer,Jorge Mayo,nathanial.booth@bilearner.com,SVG,Active,Contract,Zone C,Temporary,Resignation,Whole shake score look.,Executive Office,Engineers,MA,Project Manager,Male,9758,Other,Single,Exceeds,3,1,Nathanial Booth,,Unknown
3915,2022-08-28,,Network Engineer,Kimberly Good,rhys.barry@bilearner.com,TNS,Active,Contract,Zone B,Part-Time,Unk,Active Employee,IT/IS,Field Operations,MA,Foreman,Male,31391,Other,Widowed,Fully Meets,3,0,Rhys Barry,35.0,25-34
3916,2022-06-27,,Network Engineer,Stephanie Harris,jonas.rowland@bilearner.com,WBL,Active,Part-Time,Zone C,Temporary,Unk,Active Employee,IT/IS,Project Management - Con,MA,Coordinator,Male,14939,Other,Widowed,Fully Meets,3,0,Jonas Rowland,,Unknown
3917,2019-12-19,2023-03-31,Network Engineer,Ethan Allison,chris.vincent@bilearner.com,PYZ,Active,Part-Time,Zone C,Full-Time,Retirement,Might control article admit may water.,IT/IS,General - Con,MA,Technician,Female,89635,Black,Widowed,Exceeds,3,1,Chris Vincent,33.0,25-34
3918,2020-09-24,2023-03-27,Network Engineer,Christian Mullen,myah.waller@bilearner.com,WBL,Active,Contract,Zone A,Full-Time,Voluntary,Road he court. Officer blood couple.,IT/IS,Field Operations,MA,Laborer,Female,48262,Asian,Widowed,Fully Meets,3,1,Myah Waller,,Unknown
3919,2023-07-06,,IT Support,Debra Oneal,yaritza.sherman@bilearner.com,NEL,Active,Contract,Zone C,Full-Time,Unk,Active Employee,IT/IS,Field Operations,MA,Tower Hand,Female,42410,Asian,Divorced,Fully Meets,3,0,Yaritza Sherman,82.0,65+
3920,2021-04-11,2022-12-19,IT Support,Cynthia Willis,haley.weaver@bilearner.com,PL,Active,Full-Time,Zone A,Part-Time,Involuntary,Sit parent popular even travel level who.,IT/IS,Field Operations,MA,Laborer,Female,62625,Other,Divorced,Fully Meets,3,1,Haley Weaver,65.0,55-64
3921,2020-02-12,2022-07-15,IT Support,Lauren Douglas,alessandra.lee@bilearner.com,BPC,Active,Contract,Zone A,Part-Time,Retirement,Form law draw east through particularly.,IT/IS,Splicing,MA,Splicer,Female,56684,Other,Married,Fully Meets,3,1,Alessandra Lee,,Unknown
3922,2018-12-25,,IT Support,Katherine Wright,kaitlin.hickman@bilearner.com,CCDR,Active,Part-Time,Zone A,Full-Time,Unk,Active Employee,IT/IS,General - Con,MA,Lineman,Female,26513,White,Widowed,Fully Meets,3,0,Kaitlin Hickman,30.0,25-34
3923,2021-12-25,2023-06-19,Sr. Network Engineer,Jennifer Lester,giancarlo.juarez@bilearner.com,WBL,Active,Full-Time,Zone C,Part-Time,Involuntary,Mouth activity price take take rather.,IT/IS,Aerial,MA,Foreman,Female,26918,Hispanic,Single,Exceeds,3,1,Giancarlo Juarez,,Unknown
3924,2021-05-22,,Sr. Network Engineer,Erin Tran,walter.zuniga@bilearner.com,NEL,Active,Full-Time,Zone B,Full-Time,Unk,Active Employee,IT/IS,General - Con,CT,Technician,Male,86917,Other,Widowed,Fully Meets,3,0,Walter Zuniga,,Unknown
3925,2020-05-03,2022-11-14,Sr. Network Engineer,Bill Barnes,anna.jordan@bilearner.com,PL,Leave of Absence,Contract,Zone C,Part-Time,Resignation,Environment Democrat personal design now.,IT/IS,General - Sga,MA,Vp,Male,64495,Hispanic,Widowed,Fully Meets,3,1,Anna Jordan,,Unknown
3926,2019-02-27,,Sr. Network Engineer,Nicole Morales,jeffery.gamble@bilearner.com,BPC,Active,Full-Time,Zone C,Full-Time,Unk,Active Employee,IT/IS,Wireless,MA,Supervisor,Female,47528,Hispanic,Single,Needs Improvement,3,0,Jeffery Gamble,,Unknown
3927,2020-03-01,2022-03-05,Network Engineer,Gary Davidson,misael.hunter@bilearner.com,SVG,Active,Contract,Zone C,Temporary,Involuntary,Four American something smile.,Executive Office,Aerial,MA,Lineman,Male,50639,Other,Single,Fully Meets,3,1,Misael Hunter,44.0,35-44
3928,2021-01-27,2021-10-18,Network Engineer,Walter Powell,audrina.yu@bilearner.com,TNS,Active,Full-Time,Zone A,Temporary,Resignation,Red say check wish car food between member.,IT/IS,General - Con,MA,Laborer,Male,59834,White,Widowed,Fully Meets,3,1,Audrina Yu,70.0,65+
3929,2023-06-18,2023-07-24,Network Engineer,Kimberly Wolf,jeramiah.foster@bilearner.com,WBL,Active,Contract,Zone C,Part-Time,Resignation,Whom part moment eye. Off wear be hold listen.,IT/IS,Wireline Construction,MA,Clerk,Female,73645,Asian,Married,Fully Meets,3,1,Jeramiah Foster,,Unknown
3930,2019-11-24,,Network Engineer,Patricia Andrews,bruce.wallace@bilearner.com,BPC,Active,Contract,Zone A,Part-Time,Unk,Active Employee,IT/IS,General - Con,MA,Helper,Female,65218,Asian,Married,Fully Meets,3,0,Bruce Wallace,42.0,35-44
3931,2021-09-24,,Network Engineer,Michelle King,giovani.nelson@bilearner.com,CCDR,Active,Part-Time,Zone A,Temporary,Unk,Active Employee,IT/IS,Engineers,MA,Drafter,Male,34001,Black,Widowed,Fully Meets,3,0,Giovani Nelson,,Unknown
3932,2022-08-17,,IT Support,Kenneth Rodriguez,ari.anthony@bilearner.com,EW,Active,Contract,Zone B,Full-Time,Unk,Active Employee,IT/IS,General - Eng,MA,Billing,Female,23569,Black,Single,Fully Meets,3,0,Ari Anthony,,Unknown
3933,2023-04-18,,IT Support,Kevin Hudson,laylah.branch@bilearner.com,MSC,Active,Contract,Zone A,Part-Time,Unk,Active Employee,IT/IS,Engineers,MA,Engineer,Female,46935,White,Married,Fully Meets,3,0,Laylah Branch,,Unknown
3934,2020-04-15,2022-05-13,IT Support,Dustin Sanchez,alanna.mullins@bilearner.com,NEL,Active,Full-Time,Zone C,Temporary,Involuntary,Development operation wrong law room.,IT/IS,Executive,MA,Vp,Female,80168,Asian,Widowed,Fully Meets,3,1,Alanna Mullins,47.0,45-54
3935,2020-12-25,,IT Support,Jennifer Flores,arjun.tyler@bilearner.com,PL,Active,Full-Time,Zone C,Full-Time,Unk,Active Employee,IT/IS,Aerial,MA,Lineman,Male,97304,White,Widowed,Fully Meets,3,0,Arjun Tyler,,Unknown
3936,2022-07-21,2023-05-01,Enterprise Architect,Stephen Rasmussen,donald.favis@bilearner.com,MSC,Terminated for Cause,Full-Time,Zone B,Temporary,Involuntary,Manage brother himself deal.,IT/IS,General - Sga,CT,Director,Male,6033,Other,Widowed,Fully Meets,3,1,Donald Favis,,Unknown
3937,2022-11-04,,Database Administrator,Christina Williams,daniff.hernandez@bilearner.com,EW,Active,Contract,Zone C,Part-Time,Unk,Active Employee,IT/IS,Field Operations,MA,Laborer,Male,1960,White,Widowed,Fully Meets,3,0,Daniff Hernandez,,Unknown
3938,2020-04-20,,Data Analyst,Brittany Evans,lori.roby@bilearner.com,BPC,Active,Part-Time,Zone B,Temporary,Unk,Active Employee,IT/IS,Field Operations,MA,Tower Hand,Female,1886,Hispanic,Married,Fully Meets,3,0,Lori Roby,,Unknown
3939,2019-09-05,,Data Analyst,Nicole Hill,thomas.murray@bilearner.com,CCDR,Active,Part-Time,Zone A,Part-Time,Unk,Active Employee,IT/IS,General - Con,TX,Foreman,Male,78230,Black,Married,Fully Meets,3,0,Thomas Murray,34.0,25-34
3940,2019-08-11,,Sr. DBA,Kaitlyn Young,karthikeyan.ait sidi@bilearner.com,EW,Active,Contract,Zone B,Full-Time,Unk,Active Employee,IT/IS,General - Con,MA,Technician,Male,2148,Other,Divorced,Fully Meets,3,0,Karthikeyan Ait Sidi,68.0,65+
3941,2018-11-04,,Data Analyst,Alejandra Spencer,ivan.rogers@bilearner.com,BPC,Active,Full-Time,Zone B,Temporary,Unk,Active Employee,IT/IS,Field Operations,MA,Laborer,Male,1810,White,Married,Fully Meets,3,0,Ivan Rogers,,Unknown
3942,2018-11-04,2021-12-22,Principal Data Architect,Brian Gamble MD,bianca.roehrich@bilearner.com,PYZ,Voluntarily Terminated,Contract,Zone B,Temporary,Resignation,Begin mind time similar night travel.,IT/IS,Catv,MA,Laborer,Female,2703,Asian,Married,PIP,3,1,Bianca Roehrich,75.0,65+
3943,2019-07-27,2021-07-25,Data Analyst ,Lauren Moore,jason.salter@bilearner.com,NEL,Voluntarily Terminated,Part-Time,Zone A,Part-Time,Resignation,Choose system picture one party decision.,IT/IS,General - Eng,MA,Administrative,Male,2452,Black,Single,Fully Meets,3,1,Jason Salter,55.0,45-54
3944,2020-12-21,,Data Analyst,Joseph Owen,julia.zhou@bilearner.com,SVG,Active,Full-Time,Zone A,Full-Time,Unk,Active Employee,IT/IS,General - Sga,MA,Administrator,Female,2148,White,Single,Fully Meets,3,0,Julia Zhou,29.0,25-34
3945,2022-07-25,,Data Analyst,Carla Wilson,thelma.petrowsky@bilearner.com,MSC,Active,Full-Time,Zone C,Temporary,Unk,Active Employee,IT/IS,Engineers,MA,Engineer,Female,1886,Black,Single,PIP,3,0,Thelma Petrowsky,,Unknown
3946,2019-06-15,,Database Administrator,Valerie Moody,jayne.horton@bilearner.com,NEL,Active,Contract,Zone A,Temporary,Unk,Active Employee,IT/IS,Shop (Fleet),MA,Technician,Female,2493,White,Married,Fully Meets,3,0,Jayne Horton,,Unknown
3947,2020-04-04,2022-06-22,Database Administrator,Heather Phillips,renee.becker@bilearner.com,EW,Terminated for Cause,Full-Time,Zone B,Full-Time,Resignation,Door hear include off.,IT/IS,Field Operations,MA,Field Technician,Female,2026,Hispanic,Married,Fully Meets,3,1,Renee Becker,30.0,25-34
3948,2023-02-03,2023-05-29,Data Analyst,Peggy Mccoy,randall.pearson@bilearner.com,MSC,Voluntarily Terminated,Contract,Zone C,Full-Time,Involuntary,Discuss budget Mrs line whom television.,IT/IS,Aerial,MA,Foreman,Male,2747,Hispanic,Married,Fully Meets,3,1,Randall Pearson,,Unknown
3949,2022-09-20,2023-07-04,Sr. DBA,Natasha Walton,claudia n.carr@bilearner.com,SVG,Future Start,Full-Time,Zone A,Temporary,Voluntary,City week discussion success month push.,IT/IS,General - Con,MA,Laborer,Female,1886,White,Single,Fully Meets,3,1,Claudia N Carr,,Unknown
3950,2023-07-12,,Database Administrator,George Willis,noelle.johnson@bilearner.com,CCDR,Active,Full-Time,Zone A,Part-Time,Unk,Active Employee,IT/IS,Fielders,MA,Engineer,Female,2301,Hispanic,Widowed,Fully Meets,3,0,Noelle Johnson,,Unknown
3951,2021-04-25,2023-02-12,Database Administrator,Joseph Jensen,taisha.goble@bilearner.com,MSC,Terminated for Cause,Contract,Zone A,Temporary,Resignation,Model candidate worker writer.,IT/IS,Wireline Construction,MA,Groundman,Female,2127,Asian,Divorced,Fully Meets,3,1,Taisha Goble,65.0,55-64
3952,2021-03-13,,Data Analyst,Donna Young,kramer.simard@bilearner.com,EW,Active,Full-Time,Zone A,Full-Time,Unk,Active Employee,IT/IS,Finance & Accounting,MA,Assistant,Male,2110,Black,Single,Fully Meets,3,0,Kramer Simard,76.0,65+
3953,2021-08-16,,Data Analyst,Nicole Elliott,mark.griffith@bilearner.com,BPC,Active,Full-Time,Zone B,Full-Time,Unk,Active Employee,IT/IS,General - Eng,MA,Engineer,Female,78692,White,Married,Fully Meets,3,0,Mark Griffith,,Unknown
3954,2021-10-18,,Database Administrator,Gerald Carey,denisse.hayes@bilearner.com,CCDR,Active,Full-Time,Zone B,Temporary,Unk,Active Employee,IT/IS,General - Con,MA,Flagger,Female,87816,Hispanic,Married,Fully Meets,3,0,Denisse Hayes,80.0,65+
3955,2020-02-16,2023-03-16,Database Administrator,Aaron Richards,draven.giles@bilearner.com,SVG,Active,Contract,Zone C,Full-Time,Resignation,Detail positive wall bag project travel.,IT/IS,Project Management - Con,MA,Coordinator,Female,31207,Hispanic,Married,Fully Meets,3,1,Draven Giles,,Unknown
3956,2019-08-07,2023-03-08,Database Administrator,Joseph Shelton,aliana.shaw@bilearner.com,EW,Active,Contract,Zone A,Temporary,Retirement,Billion same enter green imagine mouth country.,IT/IS,General - Sga,TX,Foreman,Female,6158,Black,Widowed,Fully Meets,3,1,Aliana Shaw,29.0,25-34
3957,2022-01-03,,Database Administrator,Rose Conner,makaila.nixon@bilearner.com,MSC,Active,Contract,Zone C,Temporary,Unk,Active Employee,IT/IS,Field Operations,TX,Administration,Female,36554,Other,Divorced,Fully Meets,3,0,Makaila Nixon,35.0,25-34
3958,2020-09-22,,Database Administrator,Jacqueline Huerta,mohammed.orr@bilearner.com,TNS,Active,Part-Time,Zone C,Full-Time,Unk,Active Employee,IT/IS,Field Operations,TX,Foreman,Female,53042,Hispanic,Married,PIP,3,0,Mohammed Orr,,Unknown
3959,2022-11-11,2023-07-14,Data Architect,Douglas Chapman,braylen.mendoza@bilearner.com,PYZ,Terminated for Cause,Part-Time,Zone A,Full-Time,Resignation,Threat high fine everyone out.,IT/IS,General - Con,TX,Foreman,Male,42665,Hispanic,Single,Fully Meets,3,1,Braylen Mendoza,,Unknown
3960,2018-08-11,,CIO,Guy Hansen,andreas.torres@bilearner.com,WBL,Active,Part-Time,Zone A,Full-Time,Unk,Active Employee,IT/IS,Field Operations,TX,Laborer,Male,95490,White,Married,Fully Meets,3,0,Andreas Torres,79.0,65+
3961,2023-03-31,,BI Director,Angela Gibson,maddison.perez@bilearner.com,NEL,Active,Full-Time,Zone A,Full-Time,Unk,Active Employee,IT/IS,Aerial,MA,Lineman,Male,74182,Black,Divorced,Fully Meets,3,0,Maddison Perez,,Unknown
3962,2021-03-10,,Sr. DBA,Joseph Patton,charlize.wagner@bilearner.com,MSC,Active,Contract,Zone B,Part-Time,Unk,Active Employee,IT/IS,Aerial,MA,Lineman,Female,49449,Hispanic,Divorced,Fully Meets,3,0,Charlize Wagner,,Unknown
3963,2019-08-30,,Sr. Accountant,Debra Mckenzie,micah.pace@bilearner.com,TNS,Active,Part-Time,Zone B,Temporary,Unk,Active Employee,IT/IS,Field Operations,MA,Foreman,Female,39060,Black,Widowed,Fully Meets,3,0,Micah Pace,,Unknown
3964,2021-06-07,2023-01-25,Sr. Accountant,Wendy Jackson,marlee.stevens@bilearner.com,PYZ,Future Start,Part-Time,Zone A,Temporary,Involuntary,Soon agency begin song.,IT/IS,Aerial,MA,Lineman,Male,21007,Black,Single,Exceeds,3,1,Marlee Stevens,,Unknown
3965,2020-04-22,,Software Engineering Manager,Shaun Bell,precious.roth@bilearner.com,WBL,Active,Contract,Zone B,Part-Time,Unk,Active Employee,IT/IS,General - Con,MA,Laborer,Female,12883,Other,Married,Fully Meets,3,0,Precious Roth,28.0,25-34
3966,2018-10-19,2021-09-04,Software Engineer,Ruth Myers,konner.villegas@bilearner.com,NEL,Future Start,Contract,Zone A,Part-Time,Voluntary,Tree six high notice after news.,Software Engineering,Field Operations,MA,Laborer,Female,5707,Black,Single,Fully Meets,3,1,Konner Villegas,,Unknown
3967,2018-12-03,2021-01-20,Data Analyst,Harold Jones,anastasia.gillespie@bilearner.com,MSC,Active,Full-Time,Zone A,Temporary,Involuntary,Today policy same expert close drive drug.,IT/IS,Finance & Accounting,MA,Administration,Female,10856,Black,Married,Fully Meets,3,1,Anastasia Gillespie,,Unknown
3968,2021-02-20,,Data Analyst,Susan Smith,emely.rice@bilearner.com,NEL,Active,Contract,Zone B,Temporary,Unk,Active Employee,IT/IS,Engineers,MA,Engineer,Female,94663,Other,Married,Fully Meets,3,0,Emely Rice,,Unknown
3969,2021-01-17,,Database Administrator,Derrick Johnson,lewis.nixon@bilearner.com,PL,Active,Contract,Zone A,Full-Time,Unk,Active Employee,IT/IS,Aerial,MA,Lineman,Female,61086,Asian,Divorced,Exceeds,3,0,Lewis Nixon,,Unknown
3970,2020-10-04,2023-04-27,Database Administrator,Cynthia Gardner,macy.webster@bilearner.com,PYZ,Active,Part-Time,Zone B,Full-Time,Voluntary,Push reflect pay similar movement others morning.,IT/IS,Field Operations,MA,Foreman,Female,44077,Other,Married,Exceeds,3,1,Macy Webster,76.0,65+
3971,2021-01-29,,Database Administrator,Joel Hodge II,ciara.acevedo@bilearner.com,SVG,Active,Part-Time,Zone A,Temporary,Unk,Active Employee,IT/IS,General - Con,TX,Technician,Female,49694,Other,Widowed,Fully Meets,3,0,Ciara Acevedo,,Unknown
3972,2022-07-26,,Database Administrator,Raymond Wilson,eleanor.patton@bilearner.com,TNS,Active,Part-Time,Zone B,Part-Time,Unk,Active Employee,IT/IS,General - Con,TX,Foreman,Female,21727,Black,Divorced,Fully Meets,3,0,Eleanor Patton,71.0,65+
3973,2018-09-21,2023-06-22,Database Administrator,Jason Sims,brooklyn.tanner@bilearner.com,WBL,Terminated for Cause,Part-Time,Zone C,Temporary,Resignation,Professor now audience lay box.,IT/IS,Field Operations,TX,Laborer,Female,50856,Hispanic,Single,Exceeds,3,1,Brooklyn Tanner,,Unknown
3974,2018-12-25,2019-07-10,Data Architect,Ronnie Garcia,zander.franco@bilearner.com,BPC,Terminated for Cause,Part-Time,Zone C,Full-Time,Involuntary,Way appear summer strong.,IT/IS,General - Eng,TX,Engineer,Male,97255,Other,Married,Exceeds,3,1,Zander Franco,40.0,35-44
3975,2020-11-03,2022-09-25,CIO,Curtis Hill,kianna.rhodes@bilearner.com,CCDR,Terminated for Cause,Part-Time,Zone B,Temporary,Voluntary,Doctor good process certainly successful ask.,IT/IS,Field Operations,TX,Technician,Male,44793,Asian,Single,Fully Meets,3,1,Kianna Rhodes,,Unknown
3976,2021-10-22,,Sr. DBA,Curtis Mathis,kinsley.braun@bilearner.com,MSC,Active,Full-Time,Zone C,Temporary,Unk,Active Employee,IT/IS,Field Operations,MA,Laborer,Female,24094,White,Divorced,Fully Meets,3,0,Kinsley Braun,,Unknown
3977,2018-08-27,,Sr. Accountant,Bryan Sanchez,gordon.wu@bilearner.com,TNS,Active,Full-Time,Zone A,Full-Time,Unk,Active Employee,IT/IS,Wireline Construction,MA,Apprentice,Female,41670,Black,Divorced,Fully Meets,3,0,Gordon Wu,,Unknown
3978,2020-07-12,,Sr. Accountant,Mark Hines DDS,maryjane.cross@bilearner.com,PYZ,Active,Part-Time,Zone B,Part-Time,Unk,Active Employee,IT/IS,General - Con,MA,Laborer,Male,56453,Asian,Widowed,Fully Meets,3,0,Maryjane Cross,,Unknown
3979,2021-01-25,2022-06-11,Software Engineering Manager,Emma Allen,peyton.phelps@bilearner.com,WBL,Future Start,Contract,Zone C,Temporary,Resignation,Front car keep.,IT/IS,Technology / It,MA,Controller,Female,5067,Black,Married,Fully Meets,3,1,Peyton Phelps,,Unknown
3980,2020-05-11,,Data Analyst,John Hart,carmen.atkins@bilearner.com,PL,Active,Full-Time,Zone C,Full-Time,Unk,Active Employee,IT/IS,Project Management - Con,MA,Project Manager,Female,39598,White,Married,Exceeds,3,0,Carmen Atkins,51.0,45-54
3981,2020-07-24,2023-04-09,Data Analyst,Richard Bailey,kiara.fox@bilearner.com,BPC,Active,Full-Time,Zone A,Temporary,Resignation,In throw short war process series ground.,IT/IS,Field Operations,MA,Laborer,Female,35765,Black,Divorced,Fully Meets,3,1,Kiara Fox,66.0,65+
3982,2022-08-09,,Database Administrator,Beverly Parker,yair.jennings@bilearner.com,CCDR,Active,Part-Time,Zone B,Part-Time,Unk,Active Employee,IT/IS,Aerial,MA,Laborer,Female,24218,Other,Married,Needs Improvement,3,0,Yair Jennings,69.0,65+
3983,2022-06-12,,Database Administrator,Daniel Hart,kaylie.velazquez@bilearner.com,SVG,Active,Full-Time,Zone A,Full-Time,Unk,Active Employee,IT/IS,Field Operations,MA,Technician,Female,62116,Hispanic,Married,Exceeds,3,0,Kaylie Velazquez,62.0,55-64
3984,2022-02-10,2022-06-08,Database Administrator,Thomas Ramirez,christine.skinner@bilearner.com,EW,Active,Contract,Zone B,Full-Time,Retirement,If require particularly civil.,IT/IS,Wireline Construction,TX,Laborer,Female,67986,Hispanic,Single,Fully Meets,3,1,Christine Skinner,,Unknown
3985,2023-01-13,2023-05-19,Database Administrator,Melissa Turner,zayne.mccullough@bilearner.com,MSC,Terminated for Cause,Part-Time,Zone A,Part-Time,Resignation,Network dinner again position three.,IT/IS,People Services,TX,Director,Male,26193,White,Widowed,Fully Meets,3,1,Zayne Mccullough,,Unknown
3986,2020-03-10,,Database Administrator,Lynn Jackson,dennis.key@bilearner.com,TNS,Active,Part-Time,Zone A,Temporary,Unk,Active Employee,IT/IS,Catv,TX,Supervisor,Female,46762,Hispanic,Married,Fully Meets,3,0,Dennis Key,,Unknown
3987,2022-02-25,2022-07-19,Data Architect,Lindsay Nelson,aydan.benjamin@bilearner.com,PYZ,Terminated for Cause,Full-Time,Zone A,Full-Time,Retirement,Appear happen list.,IT/IS,Catv,TX,Supervisor,Male,81376,Other,Widowed,Exceeds,3,1,Aydan Benjamin,44.0,35-44
3988,2022-07-21,2022-11-21,Sr. DBA,Anthony Williams,kenzie.mullins@bilearner.com,SVG,Leave of Absence,Contract,Zone A,Temporary,Voluntary,Successful center consider.,IT/IS,Shop (Fleet),MA,Mechanic,Female,73583,White,Widowed,Fully Meets,3,1,Kenzie Mullins,,Unknown
3989,2022-07-11,,Sr. DBA,Mr. Jason Brock,asa.pham@bilearner.com,TNS,Active,Full-Time,Zone C,Part-Time,Unk,Active Employee,IT/IS,General - Con,MA,Foreman,Female,43953,Asian,Widowed,Fully Meets,3,0,Asa Pham,,Unknown
3990,2019-12-02,2019-12-26,Sr. Accountant,Caitlin Murphy,damarion.schneider@bilearner.com,WBL,Future Start,Contract,Zone C,Temporary,Involuntary,Follow hit perform arm.,IT/IS,Safety,MA,Safety,Male,73329,White,Divorced,Fully Meets,3,1,Damarion Schneider,,Unknown
3991,2023-04-10,,Sr. Accountant,Ashley Cervantes,talan.rodgers@bilearner.com,BPC,Active,Contract,Zone B,Full-Time,Unk,Active Employee,IT/IS,Project Management - Con,MA,Coordinator,Male,89576,Black,Single,Fully Meets,3,0,Talan Rodgers,52.0,45-54
3992,2022-12-08,2023-05-07,Data Analyst,Roy Villegas,evelin.snow@bilearner.com,SVG,Active,Part-Time,Zone A,Full-Time,Voluntary,Teach left short key over.,IT/IS,General - Eng,MA,Technician,Male,49077,Black,Married,Fully Meets,3,1,Evelin Snow,,Unknown
3993,2022-06-22,,Data Analyst,Gregory Ramirez,sienna.preston@bilearner.com,PYZ,Active,Contract,Zone C,Full-Time,Unk,Active Employee,IT/IS,Field Operations,MA,Foreman,Female,42676,Asian,Married,Fully Meets,3,0,Sienna Preston,,Unknown
3994,2022-09-22,,Data Analyst,Latoya Lam,taylor.dennis@bilearner.com,PL,Active,Full-Time,Zone A,Full-Time,Unk,Active Employee,IT/IS,Field Operations,MA,Top Hand,Female,53464,Asian,Single,Fully Meets,3,0,Taylor Dennis,39.0,35-44
3995,2019-07-15,2021-06-01,Database Administrator,Stuart White,cortez.murillo@bilearner.com,NEL,Active,Full-Time,Zone A,Temporary,Resignation,Or break sea say owner. Often guy local.,IT/IS,Wireline Construction,MA,Project Manager,Female,95641,Black,Widowed,Exceeds,3,1,Cortez Murillo,80.0,65+
3996,2021-09-01,,Database Administrator,Summer Carter,leonel.combs@bilearner.com,MSC,Active,Part-Time,Zone C,Full-Time,Unk,Active Employee,IT/IS,Catv,MA,Laborer,Female,82286,White,Widowed,Fully Meets,3,0,Leonel Combs,,Unknown
3997,2019-07-16,,Database Administrator,Jordan George,carmen.frost@bilearner.com,EW,Active,Contract,Zone A,Temporary,Unk,Active Employee,IT/IS,Engineers,TX,Project Manager,Male,72560,Black,Single,Needs Improvement,3,0,Carmen Frost,80.0,65+
3998,2021-12-24,2022-07-27,Database Administrator,Brittany Rubio,ace.krause@bilearner.com,CCDR,Terminated for Cause,Full-Time,Zone B,Full-Time,Resignation,Performance reflect military enter color.,IT/IS,Yard (Material Handling),TX,Administrative,Female,82557,Other,Married,Fully Meets,3,1,Ace Krause,,Unknown
3999,2019-04-17,2021-08-17,Database Administrator,John Henderson,reuben.davila@bilearner.com,BPC,Terminated for Cause,Full-Time,Zone B,Full-Time,Involuntary,Ball when check interview score manager.,IT/IS,Engineers,TX,Engineer,Male,13760,Asian,Single,Exceeds,3,1,Reuben Davila,83.0,65+
4000,2019-10-26,2021-06-08,Data Architect,Eugene Morgan,angelique.mann@bilearner.com,PYZ,Terminated for Cause,Contract,Zone C,Full-Time,Involuntary,Stop air whole generation adult song.,IT/IS,Field Operations,TX,Technician,Male,18464,Black,Divorced,Fully Meets,3,1,Angelique Mann,,Unknown
1001,2019-08-29,,Software Engineer,Angela Carlson,susan.exantus@bilearner.com,BPC,Active,Part-Time,Zone A,Part-Time,Unk,Active Employee,Software Engineering,Engineers,MA,Engineer,Female,1749,Black,Married,Fully Meets,3,0,Susan Exantus,,Unknown
1002,2022-12-12,2023-05-28,Software Engineer,Angela Hayes,sandra.martin@bilearner.com,NEL,Active,Part-Time,Zone A,Temporary,Involuntary,Behind buy our of very claim.,Software Engineering,Catv,MA,Foreman,Female,2135,Asian,Widowed,Fully Meets,3,1,Sandra Martin,76.0,65+
1003,2023-03-08,2023-03-15,Software Engineer,Christina Copeland,keyla.del bosque@bilearner.com,WBL,Active,Contract,Zone A,Part-Time,Voluntary,Some make teach quite range seem conference.,Software Engineering,Field Operations,MA,Foreman,Female,2176,White,Married,Fully Meets,3,1,Keyla Del Bosque,,Unknown
1004,2020-05-29,2021-03-05,Software Engineer,Jennifer Cohen,andrew.szabo@bilearner.com,PYZ,Active,Part-Time,Zone C,Part-Time,Involuntary,Enter beautiful social store.,Software Engineering,Project Management - Con,MA,Coordinator,Male,2140,Black,Single,Fully Meets,3,1,Andrew Szabo,,Unknown
1005,2022-09-16,,Software Engineer,Mr. Jesus Richards,luke.patronick@bilearner.com,SVG,Active,Full-Time,Zone B,Temporary,Unk,Active Employee,Software Engineering,Field Operations,MA,Project Manager,Male,1844,Black,Divorced,Fully Meets,3,0,Luke Patronick,,Unknown
1006,2021-08-15,2021-11-20,Software Engineer,Beth Johnson,colby.andreola@bilearner.com,MSC,Active,Full-Time,Zone C,Part-Time,Resignation,Throughout yet in serious here wish.,Software Engineering,Engineers,MA,Administrative,Female,2110,White,Widowed,Fully Meets,3,1,Colby Andreola,,Unknown
1007,2020-10-25,2021-09-26,Software Engineer,Raymond Adams,edward.true@bilearner.com,SVG,Voluntarily Terminated,Part-Time,Zone A,Part-Time,Involuntary,Recently however meeting economic.,Software Engineering,General - Con,MA,Lineman,Male,2451,Black,Widowed,Fully Meets,3,1,Edward TRUE,,Unknown
1008,2019-08-28,2020-05-04,Software Engineer,Jessica Rhodes,judith.carabbio@bilearner.com,BPC,Active,Contract,Zone B,Temporary,Voluntary,Instead story skill financial who.,Software Engineering,General - Con,MA,Foreman,Female,2132,Hispanic,Married,Fully Meets,3,1,Judith Carabbio,,Unknown
1009,2019-06-13,2023-01-12,Software Engineer,Steven Tran,adell.saada@bilearner.com,NEL,Active,Part-Time,Zone C,Temporary,Retirement,Exactly vote including easy.,Software Engineering,General - Con,MA,Model Assistant,Female,2132,Other,Single,Fully Meets,3,1,Adell Saada,39.0,35-44
1010,2021-01-12,2022-03-18,Software Engineer,Kristen Collier,kamari.hunter@bilearner.com,EW,Voluntarily Terminated,Part-Time,Zone C,Temporary,Voluntary,West note present Mr woman family.,Software Engineering,Field Operations,MA,Supervisor,Male,12889,Hispanic,Divorced,Fully Meets,3,1,Kamari Hunter,,Unknown
1011,2022-02-07,2023-02-12,Software Engineer,David Lopez,sarah.malone@bilearner.com,MSC,Voluntarily Terminated,Contract,Zone A,Temporary,Resignation,Professor situation they bag interest there.,Software Engineering,General - Con,MA,Foreman,Male,21340,Hispanic,Married,Fully Meets,3,1,Sarah Malone,,Unknown
1012,2020-11-09,2021-06-06,Software Engineer,Candice Schmidt,skyler.blackwell@bilearner.com,TNS,Voluntarily Terminated,Contract,Zone A,Temporary,Involuntary,Get apply economy artist right benefit ground.,Software Engineering,General - Eng,MA,Administrative,Male,67544,White,Single,Fully Meets,3,1,Skyler Blackwell,48.0,45-54
1013,2020-05-13,,Software Engineer,Christy Craig,jasmin.shah@bilearner.com,PYZ,Active,Part-Time,Zone B,Full-Time,Unk,Active Employee,Software Engineering,Engineers,MA,Engineer,Male,36398,Asian,Single,Fully Meets,3,0,Jasmin Shah,,Unknown
1014,2022-12-31,2023-07-13,Shared Services Manager,Jermaine Weaver,kole.quinn@bilearner.com,WBL,Active,Part-Time,Zone A,Full-Time,Retirement,I back place no three offer economic.,Software Engineering,Catv,MA,Clerk,Male,2562,Other,Single,Fully Meets,3,1,Kole Quinn,,Unknown
1015,2018-12-03,,Shared Services Manager,James Barajas,ansley.jackson@bilearner.com,NEL,Active,Contract,Zone A,Part-Time,Unk,Active Employee,Software Engineering,People Services,MA,Vp,Female,22621,White,Married,Fully Meets,3,0,Ansley Jackson,65.0,55-64
1016,2020-02-21,2021-05-29,Senior BI Developer,Tyler Davis,jayda.reese@bilearner.com,PL,Active,Part-Time,Zone B,Part-Time,Involuntary,Friend agree stock teach price fish.,Admin Offices,Shop (Fleet),MA,Mechanic,Female,64065,White,Single,Fully Meets,3,1,Jayda Reese,70.0,65+
1017,2020-09-07,2021-12-15,Senior BI Developer,Joshua Gonzalez,julien.whitehead@bilearner.com,BPC,Active,Full-Time,Zone B,Full-Time,Involuntary,True system strong often experience.,Admin Offices,Field Operations,MA,Laborer,Female,97374,Black,Single,Fully Meets,3,1,Julien Whitehead,79.0,65+
1018,2020-06-19,2021-12-08,Senior BI Developer,Justin Sherman,alan.haynes@bilearner.com,CCDR,Active,Part-Time,Zone A,Part-Time,Involuntary,When price group admit fall fly around.,Admin Offices,General - Con,MA,Laborer,Female,87646,White,Married,Fully Meets,3,1,Alan Haynes,,Unknown
1019,2022-10-14,2023-07-28,Software Engineer,Sara Holland,kamryn.herrera@bilearner.com,EW,Voluntarily Terminated,Full-Time,Zone A,Temporary,Retirement,Article tough away forward home. Night author so.,Software Engineering,Fielders,MA,Engineer,Male,77974,Hispanic,Widowed,Fully Meets,3,1,Kamryn Herrera,,Unknown
1020,2023-06-20,2023-07-18,Software Engineer,Shelia Graham,kelvin.foster@bilearner.com,MSC,Voluntarily Terminated,Contract,Zone C,Full-Time,Resignation,Man issue never strategy will maintain resource.,Software Engineering,Field Operations,MA,Supervisor,Female,42126,Black,Widowed,Fully Meets,3,1,Kelvin Foster,,Unknown
1021,2020-11-09,2023-07-17,Software Engineer,Amanda Hayden,joe.fletcher@bilearner.com,TNS,Voluntarily Terminated,Full-Time,Zone C,Full-Time,Resignation,Section hospital clearly season history.,Software Engineering,General - Eng,MA,Billing,Male,51613,Hispanic,Single,Fully Meets,3,1,Joe Fletcher,,Unknown
1022,2022-09-19,,Software Engineer,Nicole Haynes,frederick.howe@bilearner.com,PYZ,Active,Part-Time,Zone A,Temporary,Unk,Active Employee,Software Engineering,Field Operations,MA,Engineer,Male,12765,Black,Divorced,Fully Meets,3,0,Frederick Howe,64.0,55-64
1023,2018-11-09,2021-10-10,Shared Services Manager,Debra Morales,nickolas.davila@bilearner.com,WBL,Active,Contract,Zone C,Part-Time,Voluntary,Each wish foot person morning per significant.,Software Engineering,General - Con,MA,Clerk,Male,64122,Hispanic,Divorced,Fully Meets,3,1,Nickolas Davila,34.0,25-34
1024,2018-12-30,2021-06-23,Shared Services Manager,Chad Andrews,kasey.boyer@bilearner.com,NEL,Active,Contract,Zone A,Part-Time,Involuntary,Free may every real agency as blue maintain.,Software Engineering,Fielders,MA,Coordinator,Female,91332,Other,Divorced,Fully Meets,3,1,Kasey Boyer,,Unknown
1025,2023-05-11,2023-05-15,Senior BI Developer,John Wallace,giovanni.jenkins@bilearner.com,PL,Active,Full-Time,Zone A,Temporary,Retirement,Quite none ten order.,Admin Offices,Field Operations,MA,Foreman,Female,39827,Other,Divorced,Fully Meets,3,1,Giovanni Jenkins,,Unknown
1026,2022-11-03,2023-02-09,Senior BI Developer,Benjamin Frederick,alexis.moss@bilearner.com,BPC,Active,Contract,Zone A,Part-Time,Resignation,Where forward evening huge cost share eat.,Admin Offices,Engineers,MA,Engineer,Female,27418,Other,Widowed,Fully Meets,3,1,Alexis Moss,76.0,65+
1027,2020-06-14,2021-05-29,Senior BI Developer,Michael Ramos,joanna.murphy@bilearner.com,CCDR,Active,Part-Time,Zone A,Full-Time,Voluntary,Open test message part risk.,Admin Offices,General - Con,MA,Flagger,Male,24931,Other,Single,Fully Meets,3,1,Joanna Murphy,,Unknown
1028,2019-10-15,2023-01-01,Software Engineer,Donna Boone,joseph.schmidt@bilearner.com,PYZ,Voluntarily Terminated,Full-Time,Zone C,Part-Time,Resignation,Federal less every character section think white.,Software Engineering,General - Con,MA,Model Assistant,Male,2121,Asian,Single,Fully Meets,3,1,Joseph Schmidt,,Unknown
1029,2020-04-28,,Software Engineer,Jeffrey Johnston,brittany.hurley@bilearner.com,SVG,Active,Part-Time,Zone B,Part-Time,Unk,Active Employee,Software Engineering,Field Operations,MA,Specialist,Female,97697,Asian,Divorced,Fully Meets,3,0,Brittany Hurley,47.0,45-54
1030,2019-10-29,,Software Engineer,Sarah King,niko.hamilton@bilearner.com,TNS,Active,Contract,Zone C,Temporary,Unk,Active Employee,Software Engineering,Field Operations,MA,Foreman,Male,75783,Black,Single,Fully Meets,3,0,Niko Hamilton,71.0,65+
1031,2021-04-28,,Software Engineer,Cynthia Delgado,ruben.martinez@bilearner.com,WBL,Active,Part-Time,Zone B,Temporary,Unk,Active Employee,Software Engineering,General - Con,MA,Lineman,Male,26111,White,Widowed,Fully Meets,3,0,Ruben Martinez,,Unknown
1032,2022-04-19,2022-08-26,Software Engineer,Dominique Bailey,kiley.haynes@bilearner.com,PYZ,Active,Full-Time,Zone C,Part-Time,Voluntary,Off part culture choose strong public.,Software Engineering,Aerial,MA,Laborer,Male,50656,Asian,Widowed,Fully Meets,3,1,Kiley Haynes,72.0,65+
1033,2023-03-28,,Shared Services Manager,Teresa Meyer,blaine.brooks@bilearner.com,WBL,Active,Contract,Zone B,Full-Time,Unk,Active Employee,Software Engineering,Field Operations,MA,Operator,Male,71808,Other,Single,Fully Meets,3,0,Blaine Brooks,,Unknown
1034,2019-05-06,,Shared Services Manager,Sarah Carey,dennis.livingston@bilearner.com,NEL,Active,Full-Time,Zone C,Part-Time,Unk,Active Employee,Software Engineering,Project Management - Con,MA,Manager,Female,1043,Black,Single,Fully Meets,3,0,Dennis Livingston,49.0,45-54
1035,2020-10-13,,Senior BI Developer,Taylor Wright,case.russell@bilearner.com,PL,Active,Full-Time,Zone A,Temporary,Unk,Active Employee,Admin Offices,Underground,MA,Laborer,Female,41260,Asian,Divorced,Fully Meets,3,0,Case Russell,,Unknown
1036,2021-07-06,2021-11-25,Senior BI Developer,Daniel Moore,kody.jimenez@bilearner.com,BPC,Active,Part-Time,Zone A,Part-Time,Resignation,Teacher door money tend song.,Admin Offices,Field Operations,MA,Foreman,Male,15346,Asian,Single,Fully Meets,3,1,Kody Jimenez,33.0,25-34
1037,2020-09-24,2020-11-02,Software Engineer,Stacey Vargas,zoe.colon@bilearner.com,CCDR,Voluntarily Terminated,Part-Time,Zone C,Full-Time,Voluntary,Accept knowledge drop bar understand.,Software Engineering,Fielders,MA,Engineer,Male,4876,Other,Widowed,Fully Meets,3,1,Zoe Colon,,Unknown
1038,2023-01-18,,Software Engineer,Beth Anderson,courtney.cowan@bilearner.com,SVG,Active,Contract,Zone B,Part-Time,Unk,Active Employee,Software Engineering,Field Operations,MA,Crew Leader,Male,14886,Hispanic,Married,Fully Meets,3,0,Courtney Cowan,55.0,45-54
1039,2019-08-22,2022-03-25,Software Engineer,Joshua Daniels,nolan.perez@bilearner.com,EW,Voluntarily Terminated,Part-Time,Zone B,Part-Time,Involuntary,Under follow guess lot minute able history face.,Software Engineering,Finance & Accounting,MA,Administrative,Female,46407,Other,Widowed,Fully Meets,3,1,Nolan Perez,,Unknown
1040,2019-07-25,2022-12-17,Software Engineer,Mark Mays,katrina.farrell@bilearner.com,MSC,Voluntarily Terminated,Contract,Zone A,Part-Time,Retirement,Main customer television phone staff family.,Software Engineering,Field Operations,MA,Technician,Male,74234,White,Divorced,Fully Meets,3,1,Katrina Farrell,,Unknown
1041,2019-11-11,2020-01-10,Software Engineer,Brandon Ortiz,camden.kelly@bilearner.com,TNS,Voluntarily Terminated,Full-Time,Zone A,Full-Time,Retirement,Suffer consider store find up.,Software Engineering,Engineers,MA,Administrative,Male,45272,White,Single,Fully Meets,3,1,Camden Kelly,50.0,45-54
1042,2022-07-16,,Software Engineer,Cheryl Swanson,milo.hood@bilearner.com,PYZ,Active,Contract,Zone B,Temporary,Unk,Active Employee,Software Engineering,Field Operations,MA,Driller,Male,96170,Black,Widowed,Fully Meets,3,0,Milo Hood,,Unknown
1043,2022-12-19,2023-05-10,Shared Services Manager,Matthew Patel,kale.lang@bilearner.com,WBL,Active,Full-Time,Zone C,Part-Time,Resignation,Agreement particular scene also war who.,Software Engineering,Splicing,MA,Billing,Female,65963,White,Married,Fully Meets,3,1,Kale Lang,,Unknown
1044,2020-09-15,,Shared Services Manager,Jennifer Adams,shyanne.stark@bilearner.com,NEL,Active,Contract,Zone A,Temporary,Unk,Active Employee,Software Engineering,Field Operations,MA,Foreman,Female,75123,Hispanic,Divorced,Fully Meets,3,0,Shyanne Stark,,Unknown
1045,2020-10-04,2023-02-27,Senior BI Developer,Kelly Williams,elliott.ashley@bilearner.com,PL,Active,Full-Time,Zone C,Temporary,Involuntary,Artist technology ever body provide today doctor.,Admin Offices,Catv,MA,Foreman,Female,11164,Black,Single,Fully Meets,3,1,Elliott Ashley,63.0,55-64
1046,2022-04-23,2022-08-03,Software Engineer,Jose Daniel,genesis.todd@bilearner.com,CCDR,Voluntarily Terminated,Full-Time,Zone A,Temporary,Involuntary,Former treat check special economy.,Software Engineering,Underground,MA,Laborer,Male,65978,White,Single,Fully Meets,3,1,Genesis Todd,,Unknown
1047,2021-11-27,,Software Engineer,Vanessa Ramirez,sincere.jimenez@bilearner.com,SVG,Active,Contract,Zone A,Part-Time,Unk,Active Employee,Software Engineering,Field Operations,MA,Technician,Female,73877,Hispanic,Single,Fully Meets,3,0,Sincere Jimenez,,Unknown
1048,2019-11-29,,Software Engineer,Joshua Pittman,stephen.daugherty@bilearner.com,EW,Active,Part-Time,Zone A,Temporary,Unk,Active Employee,Software Engineering,General - Con,MA,Helper,Male,48971,Asian,Widowed,Fully Meets,3,0,Stephen Daugherty,,Unknown
1049,2019-05-30,2020-12-19,Software Engineer,Patricia Brewer,demarion.morrow@bilearner.com,MSC,Voluntarily Terminated,Part-Time,Zone B,Part-Time,Involuntary,Plan capital firm foreign.,Software Engineering,Field Operations,MA,Technician,Male,16259,White,Married,Fully Meets,3,1,Demarion Morrow,,Unknown
1050,2020-11-23,,Software Engineer,Jerry Suarez,steven.schneider@bilearner.com,TNS,Active,Contract,Zone B,Temporary,Unk,Active Employee,Software Engineering,Finance & Accounting,MA,Accounting,Male,64114,Black,Widowed,Fully Meets,3,0,Steven Schneider,33.0,25-34
1051,2022-04-08,2023-01-11,Software Engineer,Allison York,devon.hinton@bilearner.com,PYZ,Active,Full-Time,Zone C,Part-Time,Involuntary,Her office place.,Software Engineering,Field Operations,MA,Operator,Male,14669,White,Divorced,Fully Meets,3,1,Devon Hinton,,Unknown
1052,2021-02-25,2021-06-04,Shared Services Manager,Christopher Romero,jacquelyn.johns@bilearner.com,WBL,Active,Contract,Zone B,Part-Time,Voluntary,Plant enjoy these drive themselves never hit PM.,Software Engineering,General - Con,MA,Foreman,Female,52448,Hispanic,Single,Fully Meets,3,1,Jacquelyn Johns,,Unknown
1053,2019-03-13,2021-04-07,Shared Services Manager,Timothy Hansen,blaine.keith@bilearner.com,NEL,Active,Contract,Zone C,Full-Time,Resignation,Wind commercial in ahead will realize.,Software Engineering,Project Management - Con,MA,Project Manager,Female,43336,Hispanic,Divorced,Fully Meets,3,1,Blaine Keith,,Unknown
1054,2023-02-12,,Software Engineer,Christopher Romero,phillip.salazar@bilearner.com,PL,Active,Part-Time,Zone A,Full-Time,Unk,Active Employee,Software Engineering,Engineers,MA,Project Manager,Male,56271,White,Single,Fully Meets,3,0,Phillip Salazar,33.0,25-34
1055,2018-09-08,,Software Engineer,Alec Hernandez,chaz.webb@bilearner.com,PYZ,Active,Contract,Zone C,Full-Time,Unk,Active Employee,Software Engineering,Field Operations,MA,Laborer,Female,56708,White,Widowed,Fully Meets,3,0,Chaz Webb,,Unknown
1056,2021-11-18,,Software Engineer,Kari Bishop,desmond.anderson@bilearner.com,SVG,Active,Contract,Zone C,Temporary,Unk,Active Employee,Software Engineering,Wireline Construction,MA,Driver,Male,12869,Hispanic,Widowed,Fully Meets,3,0,Desmond Anderson,83.0,65+
1057,2023-07-01,,Software Engineer,Justin Grant,sophie.decker@bilearner.com,TNS,Active,Full-Time,Zone A,Full-Time,Unk,Active Employee,Software Engineering,Wireline Construction,MA,Foreman,Male,18240,Asian,Widowed,Fully Meets,3,0,Sophie Decker,,Unknown
1058,2022-04-18,,Software Engineer,Sarah Sims,lena.bryan@bilearner.com,WBL,Active,Contract,Zone C,Temporary,Unk,Active Employee,Software Engineering,Billable Consultants,MA,Technician,Male,77311,Hispanic,Married,Fully Meets,3,0,Lena Bryan,,Unknown
1059,2023-04-29,,Software Engineer,Emily Brennan,kelsie.mccormick@bilearner.com,BPC,Active,Part-Time,Zone C,Full-Time,Unk,Active Employee,Software Engineering,Engineers,MA,Engineer,Female,63959,Asian,Widowed,Fully Meets,3,0,Kelsie Mccormick,,Unknown
1060,2018-10-10,2018-12-25,Shared Services Manager,Sandra Black,frida.livingston@bilearner.com,CCDR,Active,Part-Time,Zone B,Full-Time,Voluntary,Improve center sure Mr respond for recent.,Software Engineering,General - Con,MA,Project Manager,Female,20331,Black,Single,Fully Meets,3,1,Frida Livingston,50.0,45-54
1061,2022-11-20,,Shared Services Manager,Laura Norman,isai.alvarado@bilearner.com,EW,Active,Part-Time,Zone C,Part-Time,Unk,Active Employee,Software Engineering,General - Sga,MA,Specialist,Female,45515,Other,Single,Fully Meets,3,0,Isai Alvarado,,Unknown
1062,2019-05-18,2020-01-14,Software Engineer,Amanda Hale,travis.vasquez@bilearner.com,BPC,Voluntarily Terminated,Part-Time,Zone A,Part-Time,Involuntary,Rise activity learn step power simple sure.,Software Engineering,Engineers,MA,Program Manager,Male,59717,Hispanic,Married,Fully Meets,3,1,Travis Vasquez,57.0,55-64
1063,2021-06-22,,Software Engineer,James Baker,jazlene.maynard@bilearner.com,CCDR,Active,Full-Time,Zone B,Temporary,Unk,Active Employee,Software Engineering,Aerial,MA,Foreman,Female,15748,Black,Single,Fully Meets,3,0,Jazlene Maynard,,Unknown
1064,2022-03-30,2022-04-13,Software Engineer,Terry Durham,wyatt.donovan@bilearner.com,SVG,Voluntarily Terminated,Part-Time,Zone A,Part-Time,Retirement,North help rock stage someone book.,Software Engineering,Field Operations,MA,Technician,Male,67106,White,Divorced,Fully Meets,3,1,Wyatt Donovan,,Unknown
1065,2018-08-28,,Software Engineer,Erik Simon,nathaly.cooper@bilearner.com,EW,Active,Contract,Zone C,Temporary,Unk,Active Employee,Software Engineering,Engineers,MA,Engineer,Male,33438,Other,Widowed,Fully Meets,3,0,Nathaly Cooper,,Unknown
1066,2021-12-27,2023-01-05,Software Engineer,Summer Moreno,gage.weeks@bilearner.com,MSC,Active,Full-Time,Zone C,Temporary,Voluntary,Face garden central since several food.,Software Engineering,Catv,MA,Operator,Male,61106,Hispanic,Single,Fully Meets,3,1,Gage Weeks,,Unknown
1067,2020-11-14,,Software Engineer,Carla Cox,gavin.frye@bilearner.com,TNS,Active,Part-Time,Zone A,Temporary,Unk,Active Employee,Software Engineering,Field Operations,MA,Technician,Female,25160,White,Married,Fully Meets,3,0,Gavin Frye,78.0,65+
1068,2021-10-01,,Software Engineer,Mary Mendoza,amber.ross@bilearner.com,PYZ,Active,Full-Time,Zone B,Part-Time,Unk,Active Employee,Software Engineering,Wireline Construction,MA,Project Manager,Female,52694,Black,Widowed,Fully Meets,3,0,Amber Ross,,Unknown
1069,2018-10-13,2023-05-28,Shared Services Manager,Cassandra Smith,wyatt.edwards@bilearner.com,WBL,Active,Full-Time,Zone B,Part-Time,Resignation,Really full stand face explain would keep energy.,Software Engineering,General - Con,MA,Foreman,Female,30264,Other,Widowed,Fully Meets,3,1,Wyatt Edwards,,Unknown
1070,2018-12-15,2022-05-28,Shared Services Manager,Warren Baker,karla.reed@bilearner.com,NEL,Active,Full-Time,Zone C,Temporary,Resignation,Or add data indicate account father early these.,Software Engineering,General - Sga,MA,Project Manager,Male,22326,Black,Married,Fully Meets,3,1,Karla Reed,28.0,25-34
1071,2019-03-28,2020-10-17,Software Engineer,Amy Bell,yadira.mcmillan@bilearner.com,PL,Voluntarily Terminated,Contract,Zone A,Part-Time,Involuntary,Guy ten dream. Thing he care series.,Software Engineering,Field Operations,MA,Laborer,Male,30139,Black,Married,Fully Meets,3,1,Yadira Mcmillan,,Unknown
1072,2018-12-27,,Software Engineer,Teresa Lopez,fernando.mcconnell@bilearner.com,BPC,Active,Part-Time,Zone C,Part-Time,Unk,Active Employee,Software Engineering,Field Operations,MA,Operator,Female,93329,Asian,Widowed,Fully Meets,3,0,Fernando Mcconnell,,Unknown
1073,2019-05-11,,Software Engineer,Kimberly Holland,sean.bean@bilearner.com,CCDR,Active,Full-Time,Zone A,Full-Time,Unk,Active Employee,Software Engineering,Field Operations,MA,Foreman,Male,67825,White,Single,Fully Meets,3,0,Sean Bean,,Unknown
1074,2021-02-19,2023-02-24,Software Engineer,Robert Garcia,lilianna.mccall@bilearner.com,SVG,Voluntarily Terminated,Full-Time,Zone A,Temporary,Voluntary,Professional usually hospital worker among.,Software Engineering,General - Con,MA,Laborer,Male,86545,Asian,Divorced,Fully Meets,3,1,Lilianna Mccall,43.0,35-44
1075,2022-11-05,2023-04-16,Software Engineer,Nicholas Martinez,salvador.thomas@bilearner.com,EW,Active,Part-Time,Zone B,Full-Time,Involuntary,Health American identify meeting.,Software Engineering,Engineers,MA,Engineer,Male,76670,Asian,Married,Fully Meets,3,1,Salvador Thomas,,Unknown
1076,2020-03-22,2020-09-28,Software Engineer,Carlos Barnes,jair.silva@bilearner.com,MSC,Active,Contract,Zone C,Part-Time,Retirement,Gun bill spend anyone.,Software Engineering,General - Eng,MA,Administrative,Female,29368,White,Widowed,Fully Meets,3,1,Jair Silva,,Unknown
1077,2019-02-02,,Software Engineer,Allison Jacobs,derek.moreno@bilearner.com,TNS,Active,Contract,Zone B,Temporary,Unk,Active Employee,Software Engineering,Wireless,MA,Foreman,Female,97585,Black,Single,Fully Meets,3,0,Derek Moreno,34.0,25-34
1078,2020-02-24,2021-06-16,Software Engineer,Angela Ramsey,litzy.conner@bilearner.com,PYZ,Active,Contract,Zone C,Temporary,Voluntary,Crime west best industry right alone begin.,Software Engineering,Aerial,MA,Foreman,Female,42710,Asian,Divorced,Fully Meets,3,1,Litzy Conner,,Unknown
1079,2021-04-07,2022-05-01,Shared Services Manager,Malik Smith,joanna.burnett@bilearner.com,WBL,Active,Part-Time,Zone B,Full-Time,Resignation,Story knowledge policy. Board tax treatment.,Software Engineering,Project Management - Eng,MA,Manager,Female,21279,Hispanic,Divorced,Fully Meets,3,1,Joanna Burnett,26.0,25-34
1080,2020-11-14,,Shared Services Manager,Jessica Lewis,abdullah.frederick@bilearner.com,NEL,Active,Part-Time,Zone C,Full-Time,Unk,Active Employee,Software Engineering,Fielders,MA,Engineer,Male,17976,Black,Widowed,Fully Meets,3,0,Abdullah Frederick,38.0,35-44
1081,2022-01-17,2022-08-10,Software Engineer,Kayla Ibarra,armani.porter@bilearner.com,EW,Voluntarily Terminated,Contract,Zone B,Part-Time,Involuntary,Imagine plant southern sound reduce.,Software Engineering,General - Con,MA,Laborer,Male,53628,Asian,Divorced,Fully Meets,3,1,Armani Porter,,Unknown
1082,2021-09-02,2023-06-27,Software Engineer,Ryan Mathews,taylor.sanders@bilearner.com,MSC,Active,Part-Time,Zone B,Part-Time,Retirement,Resource top fear shake green view great which.,Software Engineering,General - Con,MA,Technician,Male,84761,Other,Married,Fully Meets,3,1,Taylor Sanders,50.0,45-54
1083,2023-07-30,,Software Engineer,Melissa Scott,iliana.randall@bilearner.com,NEL,Active,Part-Time,Zone A,Full-Time,Unk,Active Employee,Software Engineering,Aerial,MA,Supervisor,Female,2187,Asian,Divorced,Fully Meets,3,0,Iliana Randall,63.0,55-64
1084,2023-06-27,,Software Engineer,Robert Schmitt,luke.henderson@bilearner.com,PL,Active,Contract,Zone C,Part-Time,Unk,Active Employee,Software Engineering,Executive,MA,Administrator,Male,76615,White,Single,Fully Meets,3,0,Luke Henderson,37.0,35-44
1085,2022-03-27,,Software Engineer,Patricia Wallace,madelyn.lambert@bilearner.com,PYZ,Active,Contract,Zone B,Full-Time,Unk,Active Employee,Software Engineering,General - Con,MA,Lineman,Male,18707,Other,Divorced,Fully Meets,3,0,Madelyn Lambert,74.0,65+
1086,2022-08-12,2022-10-20,Software Engineer,Justin Young,ava.pace@bilearner.com,SVG,Active,Contract,Zone A,Temporary,Voluntary,Thousand both simple network let.,Software Engineering,Field Operations,MA,Supervisor,Female,23203,Black,Single,Fully Meets,3,1,Ava Pace,,Unknown
1087,2022-07-08,2023-08-04,Software Engineer,Robert Salinas,delaney.bruce@bilearner.com,TNS,Active,Part-Time,Zone A,Part-Time,Voluntary,Party explain perhaps.,Software Engineering,Field Operations,MA,Tower Hand,Female,18844,Other,Married,Fully Meets,3,1,Delaney Bruce,52.0,45-54
1088,2020-08-15,2021-01-23,Software Engineer,Mary Anderson,jair.bullock@bilearner.com,WBL,Active,Contract,Zone B,Part-Time,Resignation,Specific fire rate fly clearly.,Software Engineering,General - Con,MA,Foreman,Female,64815,White,Widowed,Fully Meets,3,1,Jair Bullock,35.0,25-34
1089,2023-05-27,2023-06-14,Software Engineer,Jennifer Stevens,kayla.farrell@bilearner.com,BPC,Active,Full-Time,Zone A,Temporary,Involuntary,Your plant win seem hair him career style.,Software Engineering,Wireline Construction,MA,Groundman,Female,69860,Black,Married,Fully Meets,3,1,Kayla Farrell,,Unknown
1090,2023-01-02,,Shared Services Manager,Jennifer Murphy,taylor.gamble@bilearner.com,CCDR,Active,Part-Time,Zone C,Full-Time,Unk,Active Employee,Software Engineering,Field Operations,MA,Technician,Female,93542,Black,Divorced,Fully Meets,3,0,Taylor Gamble,,Unknown
1091,2018-11-16,2021-04-03,Production Technician I,Daniel Booth,carl.desimone@bilearner.com,PYZ,Active,Contract,Zone B,Temporary,Involuntary,Fine use card current agent.,Production       ,General - Sga,MA,Supervisor,Male,2061,Asian,Single,Fully Meets,3,1,Carl Desimone,,Unknown
1092,2022-07-12,,Production Technician I,Martin Jackson,sophia.theamstern@bilearner.com,PYZ,Active,Part-Time,Zone C,Full-Time,Unk,Active Employee,Production       ,Field Operations,MA,Clerk,Female,2066,Hispanic,Divorced,Fully Meets,3,0,Sophia Theamstern,,Unknown
1093,2022-12-16,,Production Technician I,Elizabeth Richards,kara.harrison@bilearner.com,NEL,Active,Contract,Zone B,Part-Time,Unk,Active Employee,Production       ,Engineers,MA,Engineer,Female,1886,Asian,Widowed,Fully Meets,3,0,Kara Harrison,,Unknown
1094,2023-05-08,,Production Technician II,Jose Bray,ming.huynh@bilearner.com,EW,Active,Part-Time,Zone A,Full-Time,Unk,Active Employee,Production       ,Field Operations,MA,Foreman,Female,1742,Other,Single,Fully Meets,3,0,Ming Huynh,,Unknown
1095,2023-04-07,,Production Technician II,Jamie Frye,karen.mancuso@bilearner.com,WBL,Active,Full-Time,Zone A,Temporary,Unk,Active Employee,Production       ,Engineers,MA,Engineer,Female,2176,Hispanic,Divorced,Fully Meets,3,0,Karen Mancuso,,Unknown
1096,2022-02-15,2022-10-19,Production Technician I,Adam Hunt,linda.anderson@bilearner.com,PYZ,Active,Part-Time,Zone C,Part-Time,Voluntary,Issue loss day provide everyone white.,Production       ,Shop (Fleet),MA,Mechanic,Female,1844,Asian,Married,Fully Meets,3,1,Linda Anderson,53.0,45-54
1097,2023-07-17,2023-08-03,Production Technician I,Jeffrey Saunders,nilson.fernandes@bilearner.com,SVG,Active,Contract,Zone B,Part-Time,Involuntary,Blue star hospital work.,Production       ,Field Operations,MA,Technician,Male,2132,Hispanic,Divorced,Fully Meets,3,1,Nilson Fernandes,27.0,25-34
1098,2019-05-03,2023-06-02,Production Technician I,Stephanie Griffin,alain.robinson@bilearner.com,PL,Voluntarily Terminated,Part-Time,Zone A,Temporary,Involuntary,Meet fight night. Image room nation.,Production       ,General - Eng,MA,Engineer,Male,1420,Asian,Widowed,Fully Meets,3,1,Alain Robinson,33.0,25-34
1099,2022-03-25,2022-04-22,Production Technician I,Robert Sullivan,seffi.shields@bilearner.com,SVG,Active,Part-Time,Zone A,Part-Time,Retirement,Person say might throw war scientist.,Production       ,Field Operations,MA,Laborer,Female,2149,Other,Single,Fully Meets,3,1,Seffi Shields,,Unknown
1100,2020-04-07,,Production Technician I,Charles Delacruz,horia.ndzi@bilearner.com,EW,Active,Full-Time,Zone C,Temporary,Unk,Active Employee,Production       ,Field Operations,MA,Laborer,Male,2421,White,Divorced,Fully Meets,3,0,Horia Ndzi,62.0,55-64
1101,2021-03-10,,Production Technician I,John Alvarez,evelyn.girifalco@bilearner.com,TNS,Active,Full-Time,Zone A,Part-Time,Unk,Active Employee,Production       ,Engineers,MA,Engineer,Female,2451,White,Widowed,Fully Meets,3,0,Evelyn Girifalco,,Unknown
1102,2019-08-04,,Production Technician II,Margaret Lee,ermine.pelletier@bilearner.com,EW,Active,Part-Time,Zone A,Part-Time,Unk,Active Employee,Production       ,General - Con,MA,Groundman,Female,2472,Black,Single,Fully Meets,3,0,Ermine Pelletier,,Unknown
1103,2021-04-11,2023-05-27,Production Technician I,Chad Moreno,samuel.maclennan@bilearner.com,BPC,Voluntarily Terminated,Full-Time,Zone C,Temporary,Involuntary,Garden sit drive assume large seat.,Production       ,Splicing,MA,Splicer,Male,1938,Asian,Widowed,Fully Meets,3,1,Samuel MacLennan,69.0,65+
1104,2019-06-16,,Production Technician I,Matthew West,sean.bernstein@bilearner.com,PYZ,Active,Part-Time,Zone C,Temporary,Unk,Active Employee,Production       ,General - Eng,MA,Supervisor,Male,2072,Asian,Divorced,Fully Meets,3,0,Sean Bernstein,,Unknown
1105,2020-10-08,2022-12-04,Production Technician I,Mark Jacobs,shakira.perry@bilearner.com,PL,Voluntarily Terminated,Contract,Zone A,Full-Time,Voluntary,Others suggest generation budget large west real.,Production       ,General - Con,MA,Technician,Female,2176,Hispanic,Single,Fully Meets,3,1,Shakira Perry,78.0,65+
1106,2021-08-18,,Production Technician II,Isaac Long,michael j.fitzpatrick@bilearner.com,BPC,Active,Full-Time,Zone B,Temporary,Unk,Active Employee,Production       ,Aerial,MA,Lineman,Male,2143,Other,Single,Fully Meets,3,0,Michael J Fitzpatrick,31.0,25-34
1107,2020-03-16,,Production Technician II,Amanda Marshall,cybil.trzeciak@bilearner.com,BPC,Active,Contract,Zone A,Part-Time,Unk,Active Employee,Production       ,Wireline Construction,MA,Laborer,Female,1778,Other,Single,Fully Meets,3,0,Cybil Trzeciak,34.0,25-34
1108,2019-01-24,,Production Technician I,Danielle Jones,barry.wilber@bilearner.com,TNS,Active,Full-Time,Zone A,Full-Time,Unk,Active Employee,Production       ,General - Con,MA,Flagger,Male,2324,White,Married,Fully Meets,3,0,Barry Wilber,,Unknown
1109,2022-06-11,2022-09-25,Production Technician I,Timothy Moore,enola.chivukula@bilearner.com,EW,Voluntarily Terminated,Full-Time,Zone C,Part-Time,Retirement,Large although outside technology office.,Production       ,Field Operations,MA,Laborer,Female,1775,White,Divorced,Fully Meets,3,1,Enola Chivukula,45.0,35-44
1110,2022-07-02,,Production Technician II,Joshua Vasquez,joelle.burke@bilearner.com,NEL,Active,Full-Time,Zone B,Temporary,Unk,Active Employee,Production       ,General - Con,MA,Foreman,Female,2148,Asian,Single,Fully Meets,3,0,Joelle Burke,39.0,35-44
1111,2019-09-08,2020-08-29,Production Technician I,Mark Hernandez,alexandra.kirill@bilearner.com,BPC,Voluntarily Terminated,Full-Time,Zone A,Part-Time,Retirement,Gun fly subject those. Must member financial.,Production       ,Splicing,MA,Splicer,Female,2127,White,Widowed,Fully Meets,3,1,Alexandra Kirill,,Unknown
1112,2022-07-10,,Production Technician I,Kristi Andrews,celeste.johnson@bilearner.com,MSC,Active,Full-Time,Zone A,Part-Time,Unk,Active Employee,Production       ,Engineers,MA,Project Manager,Female,84262,White,Single,Fully Meets,3,0,Celeste Johnson,,Unknown
1113,2022-04-24,,Production Technician I,Kenneth Carter,nathalia.hendrix@bilearner.com,NEL,Active,Contract,Zone B,Part-Time,Unk,Active Employee,Production       ,General - Con,MA,Lineman,Female,31490,Asian,Divorced,Fully Meets,3,0,Nathalia Hendrix,50.0,45-54
1114,2020-03-31,,Production Technician I,John Smith,justus.bowen@bilearner.com,PL,Active,Full-Time,Zone C,Part-Time,Unk,Active Employee,Production       ,General - Con,MA,Laborer,Female,59522,Hispanic,Widowed,Fully Meets,3,0,Justus Bowen,,Unknown
1115,2019-03-23,,Production Technician I,Bradley Butler,marcus.bender@bilearner.com,PYZ,Active,Contract,Zone A,Part-Time,Unk,Active Employee,Production       ,Field Operations,MA,Technician,Male,63452,Black,Widowed,Fully Meets,3,0,Marcus Bender,,Unknown
1116,2019-03-09,2023-07-12,Production Technician I,Ryan Jenkins,ryker.logan@bilearner.com,SVG,Voluntarily Terminated,Full-Time,Zone A,Full-Time,Voluntary,Maintain program process present knowledge PM.,Production       ,Field Operations,MA,Clerk,Male,50055,White,Divorced,Fully Meets,3,1,Ryker Logan,42.0,35-44
1117,2019-02-21,2019-03-06,Production Technician I,Dennis Martinez,payten.middleton@bilearner.com,TNS,Voluntarily Terminated,Full-Time,Zone C,Temporary,Resignation,Place impact which although.,Production       ,General - Con,MA,Technician,Male,6139,Other,Divorced,Fully Meets,3,1,Payten Middleton,,Unknown
1118,2019-10-04,2022-11-26,Production Technician I,Stephen Parks,harrison.hunt@bilearner.com,WBL,Active,Full-Time,Zone B,Temporary,Retirement,Power picture early anyone.,Production       ,Engineers,MA,Project Manager,Male,44761,Asian,Divorced,Fully Meets,3,1,Harrison Hunt,,Unknown
1119,2019-11-24,2020-12-20,Production Technician I,Brenda Garza DDS,orlando.henderson@bilearner.com,BPC,Active,Part-Time,Zone C,Part-Time,Involuntary,City mouth training radio Mrs.,Production       ,Field Operations,MA,Laborer,Female,49105,White,Single,Fully Meets,3,1,Orlando Henderson,,Unknown
1120,2020-08-17,,Production Technician I,Ms. Diane Bradshaw DVM,darian.potts@bilearner.com,CCDR,Active,Part-Time,Zone B,Temporary,Unk,Active Employee,Production       ,People Services,MA,Administration,Female,24637,Black,Divorced,Fully Meets,3,0,Darian Potts,,Unknown
1121,2021-03-16,,Production Manager,Alyssa Gill,isabela.collins@bilearner.com,EW,Active,Part-Time,Zone C,Full-Time,Unk,Active Employee,Production       ,Aerial,MA,Lineman,Female,87582,Hispanic,Widowed,Fully Meets,3,0,Isabela Collins,,Unknown
1122,2021-11-16,2022-08-26,Production Manager,Miss Haley Duke DVM,sierra.macias@bilearner.com,MSC,Active,Contract,Zone C,Part-Time,Retirement,Food ball huge out simply according.,Production       ,General - Con,MA,Technician,Female,35632,White,Married,Fully Meets,3,1,Sierra Macias,,Unknown
1123,2022-05-03,,Production Manager,Barbara Gardner,giuliana.farmer@bilearner.com,NEL,Active,Full-Time,Zone B,Full-Time,Unk,Active Employee,Production       ,Field Operations,MA,Lineman,Female,38475,Other,Married,Fully Meets,3,0,Giuliana Farmer,61.0,55-64
1124,2019-12-24,2022-11-11,Production Manager,Monique Hudson DDS,pierce.robbins@bilearner.com,PL,Active,Full-Time,Zone A,Full-Time,Involuntary,Strategy fear tough wife here now.,Production       ,Engineers,MA,Technician,Female,80817,Other,Married,Fully Meets,3,1,Pierce Robbins,,Unknown
1125,2021-10-21,,Production Technician II,Angela Peterson,lamont.bridges@bilearner.com,WBL,Active,Contract,Zone B,Part-Time,Unk,Active Employee,Production       ,Aerial,MA,Lineman,Male,10511,Hispanic,Married,Fully Meets,3,0,Lamont Bridges,35.0,25-34
1126,2018-09-08,2020-03-06,Production Technician II,Tony Pratt,gretchen.richard@bilearner.com,NEL,Voluntarily Terminated,Part-Time,Zone C,Temporary,Retirement,Feeling usually west peace money political the.,Production       ,Engineers,MA,Engineer,Male,6305,White,Divorced,Fully Meets,3,1,Gretchen Richard,,Unknown
1127,2019-02-26,,Production Technician II,Keith Lyons,axel.hart@bilearner.com,PL,Active,Full-Time,Zone A,Full-Time,Unk,Active Employee,Production       ,General - Con,MA,Technician,Male,33576,White,Married,Fully Meets,3,0,Axel Hart,,Unknown
1128,2023-04-21,,Production Technician II,Kevin Calderon,emma.escobar@bilearner.com,BPC,Active,Part-Time,Zone B,Part-Time,Unk,Active Employee,Production       ,General - Con,MA,Technician,Female,12707,Hispanic,Married,Fully Meets,3,0,Emma Escobar,,Unknown
1129,2019-09-19,2021-10-23,Production Technician II,Laura Reid,maximilian.craig@bilearner.com,CCDR,Voluntarily Terminated,Full-Time,Zone B,Part-Time,Resignation,Mission media writer cell.,Production       ,Field Operations,MA,Tower Hand,Female,73131,Other,Married,Fully Meets,3,1,Maximilian Craig,,Unknown
1130,2020-12-23,,Production Technician I,Stacey Fowler,erik.padilla@bilearner.com,SVG,Active,Contract,Zone A,Part-Time,Unk,Active Employee,Production       ,Technology / It,MA,Intern,Female,37659,Hispanic,Divorced,Fully Meets,3,0,Erik Padilla,,Unknown
1131,2019-03-29,,Production Technician I,Stephen Hebert,gilbert.duffy@bilearner.com,EW,Active,Part-Time,Zone B,Part-Time,Unk,Active Employee,Production       ,Splicing,MA,Operator,Female,48502,Black,Single,Fully Meets,3,0,Gilbert Duffy,,Unknown
1132,2021-05-15,2023-05-03,Production Technician I,James Burgess,raymond.ayers@bilearner.com,NEL,Voluntarily Terminated,Contract,Zone B,Full-Time,Involuntary,Note claim hundred central bad.,Production       ,Aerial,MA,Laborer,Female,88428,Hispanic,Widowed,Fully Meets,3,1,Raymond Ayers,63.0,55-64
1133,2022-03-14,2022-10-02,Production Technician I,Jordan Robinson,vincent.wyatt@bilearner.com,PL,Voluntarily Terminated,Full-Time,Zone B,Part-Time,Voluntary,Field year certainly data sense table yes.,Production       ,Aerial,MA,Engineer,Female,95347,Hispanic,Married,Fully Meets,3,1,Vincent Wyatt,,Unknown
1134,2021-12-06,2022-01-08,Production Technician I,Matthew Baker,micah.stanley@bilearner.com,BPC,Voluntarily Terminated,Part-Time,Zone C,Temporary,Retirement,For majority down.,Production       ,General - Con,MA,Technician,Female,80920,Asian,Single,Fully Meets,3,1,Micah Stanley,30.0,25-34
1135,2021-10-27,,Production Technician I,Anita Dudley,evan.chen@bilearner.com,CCDR,Active,Full-Time,Zone A,Temporary,Unk,Active Employee,Production       ,Engineers,MA,Principal,Male,7440,Other,Widowed,Fully Meets,3,0,Evan Chen,,Unknown
1136,2023-04-01,,Production Technician I,Marilyn Cook,serenity.thornton@bilearner.com,SVG,Active,Full-Time,Zone A,Temporary,Unk,Active Employee,Production       ,Field Operations,MA,Driver,Male,84202,Other,Divorced,Fully Meets,3,0,Serenity Thornton,,Unknown
1137,2019-05-29,,Production Technician I,Brian Hamilton,talan.rivas@bilearner.com,EW,Active,Full-Time,Zone C,Part-Time,Unk,Active Employee,Production       ,Field Operations,MA,Laborer,Male,3187,Black,Single,Fully Meets,3,0,Talan Rivas,,Unknown
1138,2019-07-12,2022-07-12,Production Technician I,David Park,calvin.braun@bilearner.com,MSC,Active,Full-Time,Zone B,Temporary,Involuntary,It stay center free vote.,Production       ,General - Eng,MA,Coordinator,Male,2766,Black,Divorced,Fully Meets,3,1,Calvin Braun,43.0,35-44
1139,2018-08-10,2022-02-21,Production Technician I,Victoria Campbell,cale.bender@bilearner.com,TNS,Active,Contract,Zone A,Temporary,Involuntary,Most could result else think this window.,Production       ,Splicing,MA,Technician,Male,75014,Hispanic,Married,Fully Meets,3,1,Cale Bender,73.0,65+
1140,2021-09-29,,Production Technician I,Anthony Steele,kirsten.vance@bilearner.com,PYZ,Active,Part-Time,Zone C,Full-Time,Unk,Active Employee,Production       ,Engineers,MA,Engineer,Female,53486,Black,Single,Fully Meets,3,0,Kirsten Vance,38.0,35-44
1141,2021-08-05,,Production Technician I,Terry Henson,cade.cox@bilearner.com,WBL,Active,Contract,Zone A,Full-Time,Unk,Active Employee,Production       ,Field Operations,MA,Locator,Female,73898,Black,Divorced,Fully Meets,3,0,Cade Cox,,Unknown
1142,2023-08-02,,Production Manager,Katie Lucas,ibrahim.wolfe@bilearner.com,NEL,Active,Full-Time,Zone B,Temporary,Unk,Active Employee,Production       ,Project Management - Con,MA,Coordinator,Female,89723,Asian,Married,Fully Meets,3,0,Ibrahim Wolfe,34.0,25-34
1143,2018-09-02,2021-07-28,Production Manager,Margaret Gamble,elianna.schmitt@bilearner.com,PL,Active,Contract,Zone A,Full-Time,Resignation,Year total care thousand what each.,Production       ,Field Operations,MA,Lineman,Female,46695,Hispanic,Widowed,Fully Meets,3,1,Elianna Schmitt,,Unknown
1144,2019-10-13,,Production Manager,Heidi Wang,colby.wolfe@bilearner.com,BPC,Active,Part-Time,Zone B,Part-Time,Unk,Active Employee,Production       ,Wireline Construction,MA,Project Manager,Female,12711,Asian,Single,Fully Meets,3,0,Colby Wolfe,,Unknown
1145,2020-09-24,,Production Technician II,David Moore,autumn.barrera@bilearner.com,TNS,Active,Contract,Zone B,Full-Time,Unk,Active Employee,Production       ,Shop (Fleet),MA,Shop,Male,66792,Hispanic,Married,Fully Meets,3,0,Autumn Barrera,78.0,65+
1146,2023-08-06,,Production Technician II,Richard Harvey,emmalee.cervantes@bilearner.com,SVG,Active,Contract,Zone C,Part-Time,Unk,Active Employee,Production       ,Field Operations,MA,Groundman,Male,81317,Hispanic,Divorced,Fully Meets,3,0,Emmalee Cervantes,63.0,55-64
1147,2019-06-11,2022-02-27,Production Technician II,Lisa Shaw,ernest.willis@bilearner.com,PYZ,Voluntarily Terminated,Full-Time,Zone B,Full-Time,Involuntary,By small force myself team industry.,Production       ,General - Con,MA,Lineman,Female,50894,Black,Single,Fully Meets,3,1,Ernest Willis,,Unknown
1148,2019-02-14,,Production Technician II,Christopher Adams,jaxon.anderson@bilearner.com,PL,Active,Part-Time,Zone A,Temporary,Unk,Active Employee,Production       ,Wireline Construction,MA,Project Manager,Female,22415,Black,Married,Fully Meets,3,0,Jaxon Anderson,,Unknown
1149,2022-03-17,,Production Technician II,Brittany Brown,precious.caldwell@bilearner.com,NEL,Active,Part-Time,Zone C,Temporary,Unk,Active Employee,Production       ,Field Operations,MA,Locator,Female,5855,Asian,Married,Fully Meets,3,0,Precious Caldwell,,Unknown
1150,2020-08-05,,Production Technician I,Riley Schultz,yahir.serrano@bilearner.com,MSC,Active,Part-Time,Zone A,Full-Time,Unk,Active Employee,Production       ,Aerial,MA,Lineman,Female,64124,White,Single,Fully Meets,3,0,Yahir Serrano,45.0,35-44
1151,2022-08-23,,Production Technician I,Bradley Mitchell,krystal.peterson@bilearner.com,EW,Active,Part-Time,Zone A,Part-Time,Unk,Active Employee,Production       ,Field Operations,MA,Laborer,Male,2497,Asian,Widowed,Fully Meets,3,0,Krystal Peterson,,Unknown
1152,2023-01-12,,Production Technician I,Misty Mcknight,jadyn.haley@bilearner.com,CCDR,Active,Full-Time,Zone A,Full-Time,Unk,Active Employee,Production       ,Engineers,MA,Engineer,Female,36242,Other,Divorced,Fully Meets,3,0,Jadyn Haley,63.0,55-64
1153,2020-04-14,2021-09-10,Production Technician I,Brian Hudson,davis.roberts@bilearner.com,EW,Voluntarily Terminated,Part-Time,Zone A,Temporary,Resignation,Ok though floor sense want future.,Production       ,Field Operations,MA,Laborer,Female,87428,Asian,Divorced,Fully Meets,3,1,Davis Roberts,,Unknown
1154,2021-09-27,2023-02-05,Production Technician I,Andrew Perez,meadow.avery@bilearner.com,MSC,Voluntarily Terminated,Full-Time,Zone C,Part-Time,Retirement,Leader above room hand collection imagine.,Production       ,Field Operations,MA,Laborer,Female,76772,White,Married,Fully Meets,3,1,Meadow Avery,39.0,35-44
1155,2018-11-17,2020-03-12,Production Technician I,Kimberly Marshall,allyson.owen@bilearner.com,NEL,Voluntarily Terminated,Contract,Zone A,Temporary,Resignation,Provide machine statement now.,Production       ,Finance & Accounting,MA,Clerk,Female,21218,Other,Married,Fully Meets,3,1,Allyson Owen,75.0,65+
1156,2019-07-22,2023-02-28,Production Technician I,Ashley Washington,francisco.simon@bilearner.com,PL,Voluntarily Terminated,Contract,Zone A,Full-Time,Voluntary,Science available hard.,Production       ,Billable Consultants,MA,Project Manager,Male,94316,Hispanic,Married,Fully Meets,3,1,Francisco Simon,,Unknown
1157,2019-02-10,,Production Technician I,Kristen Chan,trent.christian@bilearner.com,PYZ,Active,Part-Time,Zone A,Temporary,Unk,Active Employee,Production       ,Wireline Construction,MA,Manager,Male,39746,Hispanic,Married,Fully Meets,3,0,Trent Christian,,Unknown
1158,2018-11-22,2020-07-19,Production Technician I,Sean Ellis,chaya.boyd@bilearner.com,SVG,Voluntarily Terminated,Full-Time,Zone A,Full-Time,Resignation,Himself final success these or card strategy.,Production       ,Field Operations,MA,Technician,Male,96001,Asian,Widowed,Fully Meets,3,1,Chaya Boyd,68.0,65+
1159,2023-04-23,,Production Technician I,Jennifer Cox,nehemiah.rivas@bilearner.com,TNS,Active,Part-Time,Zone A,Temporary,Unk,Active Employee,Production       ,Splicing,MA,Splicer,Male,62733,Other,Divorced,Fully Meets,3,0,Nehemiah Rivas,47.0,45-54
1160,2022-12-26,2023-05-23,Production Technician I,Kevin Coleman,wyatt.spence@bilearner.com,WBL,Active,Part-Time,Zone B,Full-Time,Retirement,Help economic analysis campaign young leg.,Production       ,General - Con,MA,Flagger,Female,66418,Asian,Single,Fully Meets,3,1,Wyatt Spence,50.0,45-54
1161,2020-06-14,,Production Technician I,Brian Henderson,abram.fisher@bilearner.com,PYZ,Active,Contract,Zone B,Part-Time,Unk,Active Employee,Production       ,Yard (Material Handling),MA,Runner,Female,78453,Other,Widowed,Fully Meets,3,0,Abram Fisher,,Unknown
1162,2022-03-29,2023-05-20,Production Technician I,Alyssa Myers DVM,jayleen.oconnell@bilearner.com,WBL,Active,Full-Time,Zone C,Temporary,Resignation,For law simple design entire while.,Production       ,General - Con,MA,Laborer,Female,85444,Asian,Widowed,Fully Meets,3,1,Jayleen Oconnell,,Unknown
1163,2022-12-18,,Production Manager,Julie Griffin,jordon.meadows@bilearner.com,NEL,Active,Contract,Zone A,Part-Time,Unk,Active Employee,Production       ,Project Management - Con,MA,Manager,Female,93166,White,Divorced,Fully Meets,3,0,Jordon Meadows,30.0,25-34
1164,2019-03-21,,Production Manager,Curtis Fitzpatrick,justice.pineda@bilearner.com,PL,Active,Part-Time,Zone A,Part-Time,Unk,Active Employee,Production       ,General - Sga,MA,Project Coordinator,Female,12732,Other,Married,Fully Meets,3,0,Justice Pineda,,Unknown
1165,2021-02-08,,Production Manager,Elizabeth Garcia,isiah.decker@bilearner.com,BPC,Active,Full-Time,Zone C,Full-Time,Unk,Active Employee,Production       ,Field Operations,MA,Laborer,Female,48895,Other,Widowed,Fully Meets,3,0,Isiah Decker,28.0,25-34
1166,2022-06-06,,Production Technician II,Michelle Castillo,giada.boone@bilearner.com,WBL,Active,Full-Time,Zone A,Temporary,Unk,Active Employee,Production       ,Field Operations,MA,Foreman,Male,73043,Other,Married,Fully Meets,3,0,Giada Boone,,Unknown
1167,2021-11-01,,Production Technician II,Caroline Grant,camryn.guerra@bilearner.com,NEL,Active,Contract,Zone B,Full-Time,Unk,Active Employee,Production       ,Field Operations,MA,Laborer,Female,69064,Other,Single,Fully Meets,3,0,Camryn Guerra,71.0,65+
1168,2023-01-19,,Production Technician II,Mark Ellis,melody.rollins@bilearner.com,PL,Active,Contract,Zone A,Full-Time,Unk,Active Employee,Production       ,Field Operations,MA,Assistant,Female,85041,White,Married,Fully Meets,3,0,Melody Rollins,75.0,65+
1169,2020-07-30,,Production Technician II,Mrs. Danielle Dickerson DDS,lucia.cummings@bilearner.com,BPC,Active,Contract,Zone B,Part-Time,Unk,Active Employee,Production       ,Field Operations,MA,Operator,Female,66037,Asian,Single,Fully Meets,3,0,Lucia Cummings,,Unknown
1170,2023-07-16,,Production Technician II,Stacy Ellis,jaylen.serrano@bilearner.com,CCDR,Active,Part-Time,Zone C,Full-Time,Unk,Active Employee,Production       ,Underground,MA,Laborer,Female,53112,Black,Single,Fully Meets,3,0,Jaylen Serrano,,Unknown
1171,2022-06-16,,Production Technician I,Hannah Bailey,jayson.bright@bilearner.com,SVG,Active,Part-Time,Zone A,Part-Time,Unk,Active Employee,Production       ,Field Operations,MA,Laborer,Female,93320,Hispanic,Single,Fully Meets,3,0,Jayson Bright,,Unknown
1172,2021-06-13,2022-05-27,Production Technician I,Charles Rogers,carlie.wilkerson@bilearner.com,EW,Voluntarily Terminated,Full-Time,Zone C,Full-Time,Voluntary,Truth game down which.,Production       ,Engineers,MA,Engineer,Male,39849,Asian,Married,Fully Meets,3,1,Carlie Wilkerson,,Unknown
1173,2020-11-14,2021-11-01,Production Technician I,Christine Foster,kaylyn.patrick@bilearner.com,BPC,Voluntarily Terminated,Full-Time,Zone C,Full-Time,Resignation,Sure trip sound action.,Production       ,Isp,MA,Manager,Female,38596,White,Widowed,Fully Meets,3,1,Kaylyn Patrick,,Unknown
1174,2020-06-16,2023-03-13,Production Technician I,Tyler Brown,evie.pope@bilearner.com,CCDR,Voluntarily Terminated,Full-Time,Zone C,Temporary,Resignation,Treatment power card almost pretty sister.,Production       ,Field Operations,MA,Construction Manager,Female,31731,Other,Widowed,Fully Meets,3,1,Evie Pope,53.0,45-54
1175,2018-12-20,2020-12-24,Production Technician I,Holly Nichols,nayeli.kelley@bilearner.com,EW,Voluntarily Terminated,Full-Time,Zone A,Part-Time,Voluntary,Reduce subject positive war score interesting.,Production       ,Catv,MA,Laborer,Female,38710,Asian,Divorced,Fully Meets,3,1,Nayeli Kelley,30.0,25-34
1176,2022-10-29,,Production Technician I,Jennifer Phillips,krista.franco@bilearner.com,MSC,Active,Contract,Zone A,Part-Time,Unk,Active Employee,Production       ,Engineers,MA,Project Manager,Female,7184,White,Married,Fully Meets,3,0,Krista Franco,,Unknown
1177,2020-07-20,,Production Technician I,Shannon Cruz,teresa.farrell@bilearner.com,NEL,Active,Contract,Zone A,Temporary,Unk,Active Employee,Production       ,Aerial,MA,Lineman,Female,13425,Other,Married,Fully Meets,3,0,Teresa Farrell,58.0,55-64
1178,2021-10-03,2021-12-19,Production Technician I,Jamie Lowe,dorian.fox@bilearner.com,PL,Voluntarily Terminated,Contract,Zone C,Part-Time,Involuntary,Occur air as along approach.,Production       ,Field Operations,MA,Laborer,Male,93796,Other,Single,Fully Meets,3,1,Dorian Fox,67.0,65+
1179,2022-07-16,,Production Technician I,Paige Calderon,madeleine.sherman@bilearner.com,PYZ,Active,Part-Time,Zone A,Full-Time,Unk,Active Employee,Production       ,Aerial,MA,Supervisor,Male,92453,Black,Divorced,Fully Meets,3,0,Madeleine Sherman,36.0,35-44
1180,2020-06-30,,Production Technician I,Jacob Taylor,allan.butler@bilearner.com,SVG,Active,Full-Time,Zone B,Full-Time,Unk,Active Employee,Production       ,Underground,MA,Laborer,Male,10449,Hispanic,Single,Fully Meets,3,0,Allan Butler,,Unknown
1181,2021-06-13,,Production Technician I,Sandra Pollard,nevaeh.davila@bilearner.com,TNS,Active,Full-Time,Zone C,Part-Time,Unk,Active Employee,Production       ,Wireline Construction,MA,Laborer,Male,14795,Other,Married,Fully Meets,3,0,Nevaeh Davila,,Unknown
1182,2020-12-29,2022-10-24,Production Technician I,Alex Cox,gunnar.webster@bilearner.com,WBL,Active,Full-Time,Zone C,Temporary,Voluntary,Here best worry rich might about yourself.,Production       ,Splicing,MA,Splicer,Female,60901,Black,Divorced,Fully Meets,3,1,Gunnar Webster,53.0,45-54
1183,2022-02-03,,Production Technician I,Jon Adams,aydin.tate@bilearner.com,BPC,Active,Part-Time,Zone A,Full-Time,Unk,Active Employee,Production       ,Catv,MA,Technician,Female,64083,Black,Married,Fully Meets,3,0,Aydin Tate,,Unknown
1184,2022-01-10,2023-05-11,Production Technician I,Cassandra Cox,patrick.mckinney@bilearner.com,CCDR,Active,Full-Time,Zone B,Temporary,Involuntary,New out peace director fish.,Production       ,Wireline Construction,MA,Foreman,Female,50781,Hispanic,Divorced,Fully Meets,3,1,Patrick Mckinney,75.0,65+
1185,2018-12-13,,Production Manager,Lucas Duffy,milagros.foley@bilearner.com,EW,Active,Part-Time,Zone A,Full-Time,Unk,Active Employee,Production       ,Fielders,MA,Engineer,Female,67399,Other,Widowed,Fully Meets,3,0,Milagros Foley,,Unknown
1186,2021-03-03,,Production Manager,Ashley Ellis,rachael.buck@bilearner.com,MSC,Active,Full-Time,Zone A,Temporary,Unk,Active Employee,Production       ,Splicing,MA,Tester,Female,82086,Hispanic,Single,Fully Meets,3,0,Rachael Buck,,Unknown
1187,2021-07-04,,Production Manager,Allison Figueroa,rigoberto.townsend@bilearner.com,NEL,Active,Part-Time,Zone A,Full-Time,Unk,Active Employee,Production       ,Aerial,MA,Supervisor,Female,97001,Black,Single,Fully Meets,3,0,Rigoberto Townsend,,Unknown
1188,2020-02-06,2021-07-21,Production Technician II,Alex Bernard,reagan.odonnell@bilearner.com,WBL,Voluntarily Terminated,Contract,Zone B,Part-Time,Retirement,Direction west appear son school anything.,Production       ,General - Sga,MA,Estimator,Male,13562,Black,Divorced,Fully Meets,3,1,Reagan Odonnell,,Unknown
1189,2020-06-28,2022-07-11,Production Technician II,Micheal Bryant,roy.morse@bilearner.com,NEL,Voluntarily Terminated,Contract,Zone C,Full-Time,Involuntary,Somebody pass again say cultural.,Production       ,General - Eng,MA,Engineer,Female,55949,Other,Married,Fully Meets,3,1,Roy Morse,38.0,35-44
1190,2020-12-22,2021-11-20,Production Technician II,Bryan Simpson,rafael.buchanan@bilearner.com,PL,Voluntarily Terminated,Contract,Zone B,Full-Time,Resignation,Table day sit wish attention marriage cause.,Production       ,Project Management - Eng,MA,Project Manager,Female,88496,Hispanic,Married,Fully Meets,3,1,Rafael Buchanan,,Unknown
1191,2019-11-24,,Production Technician II,Tamara Carter,kaitlynn.herman@bilearner.com,BPC,Active,Full-Time,Zone B,Full-Time,Unk,Active Employee,Production       ,Wireline Construction,MA,Billing,Female,55947,Black,Divorced,Fully Meets,3,0,Kaitlynn Herman,,Unknown
1192,2022-09-23,,Production Technician II,Bryan Harris,marquise.santana@bilearner.com,CCDR,Active,Full-Time,Zone C,Full-Time,Unk,Active Employee,Production       ,General - Con,MA,Technician,Female,75540,White,Single,Fully Meets,3,0,Marquise Santana,38.0,35-44
1193,2020-02-06,2022-01-23,Production Technician I,Anna Meyers,jamarion.mitchell@bilearner.com,SVG,Voluntarily Terminated,Full-Time,Zone B,Temporary,Involuntary,Onto focus address treat before ability.,Production       ,Aerial,MA,Foreman,Female,68342,Black,Married,Fully Meets,3,1,Jamarion Mitchell,,Unknown
1194,2019-01-14,2021-08-06,Production Technician I,Christopher Levy,gabrielle.hardy@bilearner.com,EW,Voluntarily Terminated,Full-Time,Zone C,Temporary,Resignation,Tonight answer benefit second commercial law.,Production       ,Field Operations,MA,Foreman,Male,5779,Asian,Widowed,Fully Meets,3,1,Gabrielle Hardy,73.0,65+
1195,2019-06-25,2022-05-15,Production Technician I,David Maddox,savion.stokes@bilearner.com,TNS,Leave of Absence,Part-Time,Zone C,Part-Time,Retirement,Window management move.,Production       ,Wireline Construction,MA,Foreman,Female,91065,Hispanic,Widowed,Fully Meets,3,1,Savion Stokes,,Unknown
1196,2019-03-09,,Production Technician I,John Lambert,trevin.summers@bilearner.com,PYZ,Active,Part-Time,Zone C,Temporary,Unk,Active Employee,Production       ,General - Eng,MA,Administrator,Female,47386,Other,Married,Fully Meets,3,0,Trevin Summers,48.0,45-54
1197,2020-06-13,,Production Technician I,Anthony Cross,hailie.bell@bilearner.com,WBL,Active,Full-Time,Zone B,Part-Time,Unk,Active Employee,Production       ,Safety,MA,Administrative,Female,38009,Hispanic,Divorced,Fully Meets,3,0,Hailie Bell,68.0,65+
1198,2019-01-22,,Production Technician I,Daniel Blackburn,audrey.stevens@bilearner.com,NEL,Active,Contract,Zone B,Part-Time,Unk,Active Employee,Production       ,Field Operations,MA,Laborer,Female,61843,Asian,Married,Fully Meets,3,0,Audrey Stevens,,Unknown
1199,2020-12-12,,Production Technician I,Richard Graves,jason.munoz@bilearner.com,PL,Active,Full-Time,Zone B,Part-Time,Unk,Active Employee,Production       ,Field Operations,MA,Laborer,Female,75258,White,Widowed,Fully Meets,3,0,Jason Munoz,,Unknown
1200,2022-04-27,,Production Technician I,Sheryl Scott,carlee.foley@bilearner.com,BPC,Active,Part-Time,Zone A,Full-Time,Unk,Active Employee,Production       ,General - Con,MA,Laborer,Female,62616,Other,Married,Fully Meets,3,0,Carlee Foley,49.0,45-54
1201,2022-04-11,2022-09-26,Production Technician I,Robert Hill,sarahi.dodson@bilearner.com,CCDR,Voluntarily Terminated,Contract,Zone A,Part-Time,Voluntary,Information race relate rich poor already make.,Production       ,General - Con,MA,Flagger,Male,53450,Other,Divorced,Fully Meets,3,1,Sarahi Dodson,,Unknown
1202,2022-09-01,2022-12-02,Production Technician I,Emily Rogers,faith.carey@bilearner.com,SVG,Voluntarily Terminated,Contract,Zone B,Temporary,Voluntary,Tough that inside relate hundred leave.,Production       ,Wireline Construction,MA,Model Assistant,Male,9799,White,Widowed,Fully Meets,3,1,Faith Carey,,Unknown
1203,2018-09-08,,Production Technician I,Jasmine Johnson,mylie.salazar@bilearner.com,EW,Active,Contract,Zone A,Part-Time,Unk,Active Employee,Production       ,Engineers,MA,Engineer,Male,14153,White,Divorced,Fully Meets,3,0,Mylie Salazar,,Unknown
1204,2022-11-24,2023-08-05,Production Technician I,Melissa Tucker,pablo.parker@bilearner.com,MSC,Active,Full-Time,Zone B,Temporary,Voluntary,Attention summer we. Suffer impact imagine we.,Production       ,General - Sga,MA,Vp,Male,76112,White,Married,Fully Meets,3,1,Pablo Parker,,Unknown
1205,2020-07-23,,Production Technician I,Timothy Higgins,ulises.shea@bilearner.com,TNS,Active,Full-Time,Zone C,Part-Time,Unk,Active Employee,Production       ,Yard (Material Handling),MA,Shop,Female,73101,Hispanic,Single,Fully Meets,3,0,Ulises Shea,70.0,65+
1206,2018-12-28,2023-05-15,Production Technician I,Richard Scott,bethany.terry@bilearner.com,PYZ,Active,Part-Time,Zone C,Part-Time,Voluntary,Various step without couple within at gun.,Production       ,Engineers,MA,Drafter,Female,82378,White,Divorced,Fully Meets,3,1,Bethany Terry,,Unknown
1207,2019-10-01,,Production Technician I,Hunter Hill,kamari.holloway@bilearner.com,WBL,Active,Contract,Zone B,Full-Time,Unk,Active Employee,Production       ,Wireline Construction,MA,Laborer,Female,63878,White,Divorced,Fully Meets,3,0,Kamari Holloway,70.0,65+
1208,2019-08-17,2019-10-25,Production Manager,Melissa Greene,jazlene.mcdaniel@bilearner.com,NEL,Active,Contract,Zone A,Part-Time,Retirement,Decision example see low someone. Ball week that.,Production       ,Wireline Construction,MA,Laborer,Female,59862,Black,Single,Fully Meets,3,1,Jazlene Mcdaniel,,Unknown
1209,2023-05-31,,Production Manager,Edwin Guerrero,dane.kelly@bilearner.com,PL,Active,Part-Time,Zone A,Part-Time,Unk,Active Employee,Production       ,Wireline Construction,MA,Foreman,Female,23252,Other,Married,Fully Meets,3,0,Dane Kelly,27.0,25-34
1210,2020-12-08,2023-06-10,Production Manager,Ann Collins,camila.dunn@bilearner.com,BPC,Active,Full-Time,Zone B,Part-Time,Involuntary,Carry parent fight style series challenge.,Production       ,Field Operations,MA,Top Hand,Female,91039,Asian,Divorced,Fully Meets,3,1,Camila Dunn,,Unknown
1211,2018-11-05,2023-03-23,Production Technician II,John Miles,aurora.frederick@bilearner.com,CCDR,Voluntarily Terminated,Part-Time,Zone B,Part-Time,Voluntary,Community probably bad day food place which loss.,Production       ,Field Operations,MA,Splicer,Male,37834,Other,Widowed,Fully Meets,3,1,Aurora Frederick,45.0,35-44
1212,2020-08-26,2023-04-05,Production Technician II,Kevin Mendez,caylee.nunez@bilearner.com,EW,Voluntarily Terminated,Contract,Zone C,Full-Time,Voluntary,Start debate hot fact keep return.,Production       ,Engineers,MA,Project Manager,Female,46678,Hispanic,Single,Fully Meets,3,1,Caylee Nunez,,Unknown
1213,2020-02-23,,Production Technician II,Joe Miller,tamia.sharp@bilearner.com,MSC,Active,Part-Time,Zone A,Part-Time,Unk,Active Employee,Production       ,Project Management - Con,MA,Coordinator,Female,41849,White,Married,Fully Meets,3,0,Tamia Sharp,,Unknown
1214,2022-02-12,,Production Technician II,Joshua Barnes,jaliyah.gamble@bilearner.com,NEL,Active,Full-Time,Zone B,Full-Time,Unk,Active Employee,Production       ,Splicing,MA,Splicer,Female,16422,Asian,Divorced,Fully Meets,3,0,Jaliyah Gamble,,Unknown
1215,2020-02-13,,Production Technician II,Daniel Benson,xander.savage@bilearner.com,PL,Active,Contract,Zone C,Temporary,Unk,Active Employee,Production       ,Aerial,MA,Laborer,Female,79625,Asian,Widowed,Fully Meets,3,0,Xander Savage,,Unknown
1216,2023-02-15,2023-03-09,Production Technician I,Andrea Smith,marc.crosby@bilearner.com,PYZ,Voluntarily Terminated,Part-Time,Zone B,Part-Time,Voluntary,Rock stage better east bad view.,Production       ,General - Con,MA,Technician,Female,11159,Black,Single,Fully Meets,3,1,Marc Crosby,,Unknown
1217,2019-12-03,2021-08-31,Production Technician I,Joshua Johns,marques.zimmerman@bilearner.com,SVG,Voluntarily Terminated,Full-Time,Zone B,Part-Time,Voluntary,First choose again themselves thing however.,Production       ,Wireline Construction,MA,Vp,Male,52300,Asian,Single,Fully Meets,3,1,Marques Zimmerman,,Unknown
1218,2018-12-31,,Production Technician I,Robert Watts,livia.salazar@bilearner.com,WBL,Active,Full-Time,Zone B,Temporary,Unk,Active Employee,Production       ,General - Con,MA,Locator,Female,32620,Black,Married,Fully Meets,3,0,Livia Salazar,,Unknown
1219,2020-01-16,2021-02-09,Production Technician I,Kelly Tate,alana.choi@bilearner.com,BPC,Voluntarily Terminated,Part-Time,Zone B,Part-Time,Voluntary,Develop think capital player campaign prepare.,Production       ,Engineers,MA,Engineer,Female,83986,Hispanic,Married,Fully Meets,3,1,Alana Choi,52.0,45-54
1220,2018-11-20,2020-02-09,Production Technician I,Terry Flores,levi.lawson@bilearner.com,CCDR,Voluntarily Terminated,Full-Time,Zone C,Temporary,Voluntary,Center positive their garden industry.,Production       ,Executive,MA,Vp,Female,89298,Asian,Single,Fully Meets,3,1,Levi Lawson,,Unknown
1221,2022-11-11,2023-07-03,Production Technician I,Leslie Davis,kane.black@bilearner.com,EW,Voluntarily Terminated,Part-Time,Zone A,Part-Time,Involuntary,Deep sea improve miss they nearly measure.,Production       ,Yard (Material Handling),MA,Coordinator,Female,91837,Asian,Single,Fully Meets,3,1,Kane Black,59.0,55-64
1222,2020-12-18,2021-07-23,Production Technician I,Sarah Williams,paola.weeks@bilearner.com,MSC,Voluntarily Terminated,Contract,Zone A,Part-Time,Involuntary,Improve sea attention baby local ahead.,Production       ,People Services,MA,Recruiting,Female,31362,Asian,Widowed,Fully Meets,3,1,Paola Weeks,,Unknown
1223,2021-01-26,,Production Technician I,Luke Miller,brooklynn.mack@bilearner.com,NEL,Active,Full-Time,Zone C,Temporary,Unk,Active Employee,Production       ,Engineers,MA,Engineer,Female,3274,Asian,Widowed,Fully Meets,3,0,Brooklynn Mack,,Unknown
1224,2021-11-26,2022-05-24,Production Technician I,Jeremiah Smith,darrell.zamora@bilearner.com,PL,Voluntarily Terminated,Part-Time,Zone B,Part-Time,Retirement,Recently business give.,Production       ,Wireline Construction,MA,Administrative,Male,71373,Hispanic,Married,Fully Meets,3,1,Darrell Zamora,,Unknown
1225,2023-05-15,,Production Technician I,Krista Smith,irvin.warner@bilearner.com,PYZ,Active,Contract,Zone C,Part-Time,Unk,Active Employee,Production       ,Finance & Accounting,MA,Accounting,Male,66660,Asian,Married,Fully Meets,3,0,Irvin Warner,,Unknown
1226,2023-06-20,,Production Technician I,Eric Greer,dayton.castro@bilearner.com,SVG,Active,Full-Time,Zone A,Full-Time,Unk,Active Employee,Production       ,Field Operations,MA,Driller,Male,26821,Other,Divorced,Fully Meets,3,0,Dayton Castro,,Unknown
1227,2019-08-22,2022-06-06,Production Technician I,Hannah Davis,hailey.mckay@bilearner.com,TNS,Active,Part-Time,Zone C,Part-Time,Voluntary,Relate size according two board.,Production       ,Billable Consultants,MA,Engineer,Female,89365,Other,Divorced,Fully Meets,3,1,Hailey Mckay,,Unknown
1228,2021-08-30,,Production Technician I,Anthony Murray,jaquan.rowland@bilearner.com,WBL,Active,Contract,Zone B,Full-Time,Unk,Active Employee,Production       ,Fielders,MA,Engineer,Female,88976,Other,Widowed,Fully Meets,3,0,Jaquan Rowland,32.0,25-34
1229,2020-01-27,,Production Technician I,Michael Torres,david.velez@bilearner.com,BPC,Active,Part-Time,Zone B,Part-Time,Unk,Active Employee,Production       ,Field Operations,MA,Technician,Female,43853,Black,Single,Fully Meets,3,0,David Velez,,Unknown
1230,2022-03-04,,Production Technician I,Claire Baker,joslyn.patel@bilearner.com,CCDR,Active,Contract,Zone C,Temporary,Unk,Active Employee,Production       ,Wireline Construction,MA,Groundman,Female,19697,Hispanic,Widowed,Fully Meets,3,0,Joslyn Patel,,Unknown
1231,2020-03-07,,Production Manager,Michael Garcia,colt.archer@bilearner.com,EW,Active,Contract,Zone B,Temporary,Unk,Active Employee,Production       ,Wireless,MA,Laborer,Female,50000,Black,Married,Fully Meets,3,0,Colt Archer,32.0,25-34
1232,2020-03-19,,Production Manager,Mrs. Leslie Simmons,abbigail.cameron@bilearner.com,MSC,Active,Full-Time,Zone B,Full-Time,Unk,Active Employee,Production       ,People Services,MA,Support,Female,35033,Other,Single,Fully Meets,3,0,Abbigail Cameron,,Unknown
1233,2022-07-23,,Production Technician II,Hannah Cruz,anastasia.escobar@bilearner.com,WBL,Active,Full-Time,Zone A,Part-Time,Unk,Active Employee,Production       ,Wireline Construction,MA,Project Manager,Male,50676,Other,Divorced,Fully Meets,3,0,Anastasia Escobar,34.0,25-34
1234,2019-10-18,2021-10-03,Production Technician II,Claudia Atkinson,ronin.mclaughlin@bilearner.com,NEL,Voluntarily Terminated,Full-Time,Zone A,Temporary,Involuntary,Learn whatever million.,Production       ,Sales & Marketing,MA,Director,Female,25148,Black,Divorced,Fully Meets,3,1,Ronin Mclaughlin,,Unknown
1235,2020-04-14,,Production Technician II,Virginia Castro,aliana.pena@bilearner.com,PL,Active,Full-Time,Zone B,Full-Time,Unk,Active Employee,Production       ,General - Con,MA,Administrative,Female,96915,Other,Widowed,Fully Meets,3,0,Aliana Pena,,Unknown
1236,2018-11-25,2019-07-25,Production Technician II,Tina Morgan,ramon.goodwin@bilearner.com,BPC,Voluntarily Terminated,Part-Time,Zone B,Full-Time,Retirement,Source join scientist personal when each.,Production       ,Field Operations,MA,Laborer,Female,95167,White,Married,Fully Meets,3,1,Ramon Goodwin,80.0,65+
1237,2021-03-23,2022-08-26,Production Technician II,Nancy Gutierrez,cory.saunders@bilearner.com,CCDR,Voluntarily Terminated,Part-Time,Zone A,Part-Time,Resignation,Practice cover bar reason expect.,Production       ,Yard (Material Handling),MA,Engineer,Female,1223,Black,Divorced,Fully Meets,3,1,Cory Saunders,,Unknown
1238,2020-10-27,2021-11-08,Production Technician I,Brandon Bates,alessandra.huynh@bilearner.com,SVG,Voluntarily Terminated,Part-Time,Zone B,Part-Time,Voluntary,My live interesting street purpose early.,Production       ,Engineers,MA,Engineer,Female,31462,Other,Single,Fully Meets,3,1,Alessandra Huynh,58.0,55-64
1239,2022-06-11,2023-06-29,Production Technician I,Angela Brooks,maeve.holmes@bilearner.com,TNS,Voluntarily Terminated,Part-Time,Zone C,Temporary,Voluntary,Guy know tend get best film hold.,Production       ,Splicing,MA,Technician,Female,6735,Hispanic,Single,Fully Meets,3,1,Maeve Holmes,25.0,Under 25
1240,2020-03-19,,Production Technician I,Katie Barry,alejandra.mclean@bilearner.com,PYZ,Active,Contract,Zone B,Temporary,Unk,Active Employee,Production       ,Isp,MA,Project Manager,Female,60585,Asian,Single,Fully Meets,3,0,Alejandra Mclean,41.0,35-44
1241,2019-11-07,2022-12-07,Production Technician I,Craig Arias,reuben.potter@bilearner.com,WBL,Voluntarily Terminated,Contract,Zone B,Full-Time,Retirement,Fear night field child yard structure.,Production       ,Field Operations,MA,Laborer,Female,46736,Black,Married,Fully Meets,3,1,Reuben Potter,,Unknown
1242,2023-04-24,,Production Technician I,Luke Carter,marilyn.greer@bilearner.com,NEL,Active,Full-Time,Zone C,Part-Time,Unk,Active Employee,Production       ,Wireline Construction,MA,Foreman,Female,35941,White,Married,Fully Meets,3,0,Marilyn Greer,,Unknown
1243,2020-06-04,,Production Technician I,Richard Oliver,camila.nichols@bilearner.com,PL,Active,Contract,Zone A,Temporary,Unk,Active Employee,Production       ,General - Con,MA,Manager,Female,11657,White,Widowed,Fully Meets,3,0,Camila Nichols,47.0,45-54
1244,2022-05-23,,Production Technician I,Raymond Hernandez,iris.bruce@bilearner.com,BPC,Active,Part-Time,Zone A,Full-Time,Unk,Active Employee,Production       ,Isp,MA,Technician,Male,72528,Asian,Married,Fully Meets,3,0,Iris Bruce,72.0,65+
1245,2019-05-17,,Production Technician I,James Clay,henry.pratt@bilearner.com,CCDR,Active,Full-Time,Zone B,Temporary,Unk,Active Employee,Production       ,Engineers,MA,Technician,Male,14705,White,Widowed,Fully Meets,3,0,Henry Pratt,65.0,55-64
1246,2018-09-28,2021-04-25,Production Technician I,Casey Dennis,kira.soto@bilearner.com,SVG,Voluntarily Terminated,Part-Time,Zone B,Temporary,Resignation,Control store point.,Production       ,Field Operations,MA,Ceo,Male,5254,Black,Widowed,Fully Meets,3,1,Kira Soto,,Unknown
1247,2019-03-04,,Production Technician I,Lisa Gonzalez,ashanti.scott@bilearner.com,EW,Active,Part-Time,Zone C,Part-Time,Unk,Active Employee,Production       ,Wireless,MA,Foreman,Female,94026,Other,Single,Fully Meets,3,0,Ashanti Scott,,Unknown
1248,2021-03-29,2021-12-01,Production Technician I,Theresa Miller,sarahi.burke@bilearner.com,MSC,Active,Part-Time,Zone B,Full-Time,Resignation,Suddenly free computer last spend.,Production       ,Underground,MA,Operator,Female,90967,White,Divorced,Fully Meets,3,1,Sarahi Burke,38.0,35-44
1249,2019-07-07,2020-02-14,Production Technician I,Christopher Stewart,aimee.terry@bilearner.com,TNS,Active,Full-Time,Zone A,Part-Time,Retirement,Seek TV finally impact really build.,Production       ,Field Operations,MA,Driver,Female,46879,Asian,Divorced,Fully Meets,3,1,Aimee Terry,,Unknown
1250,2018-09-06,,Production Technician I,Sheri Pearson,jerimiah.jackson@bilearner.com,BPC,Active,Contract,Zone B,Full-Time,Unk,Active Employee,Production       ,General - Sga,MA,Lineman,Female,70353,Black,Widowed,Fully Meets,3,0,Jerimiah Jackson,36.0,35-44
1251,2018-09-25,,Production Technician I,Dennis Davis,callie.murray@bilearner.com,CCDR,Active,Part-Time,Zone A,Part-Time,Unk,Active Employee,Production       ,Splicing,MA,Laborer,Female,27888,Asian,Married,Fully Meets,3,0,Callie Murray,78.0,65+
1252,2022-03-11,2022-04-25,Production Manager,Timothy Hester,fabian.young@bilearner.com,EW,Active,Part-Time,Zone A,Temporary,Voluntary,Dinner skill guess key building.,Production       ,Project Management - Con,MA,Technician,Female,36258,Asian,Divorced,Fully Meets,3,1,Fabian Young,,Unknown
1253,2020-07-13,2021-10-06,Production Manager,Thomas Baker,juliette.morton@bilearner.com,MSC,Active,Part-Time,Zone A,Part-Time,Retirement,Necessary account office.,Production       ,Project Management - Con,MA,Engineer,Female,17844,Asian,Divorced,Fully Meets,3,1,Juliette Morton,,Unknown
1254,2020-06-22,,Production Technician II,Tracy Ramos,alyvia.sellers@bilearner.com,WBL,Active,Contract,Zone B,Full-Time,Unk,Active Employee,Production       ,General - Con,MA,Groundman,Female,87263,White,Married,Fully Meets,3,0,Alyvia Sellers,76.0,65+
1255,2019-09-30,2021-03-02,Production Technician II,Alicia Lindsey,tyler.gay@bilearner.com,NEL,Voluntarily Terminated,Full-Time,Zone A,Temporary,Resignation,Shoulder then shake.,Production       ,General - Con,MA,Laborer,Female,8671,Black,Married,Fully Meets,3,1,Tyler Gay,,Unknown
1256,2020-01-08,,Production Technician II,Adam Harmon,noemi.randall@bilearner.com,PL,Active,Contract,Zone A,Temporary,Unk,Active Employee,Production       ,Wireline Construction,MA,Laborer,Female,16520,White,Widowed,Fully Meets,3,0,Noemi Randall,,Unknown
1257,2021-10-16,,Production Technician II,Brandon Lane,jazlene.lozano@bilearner.com,BPC,Active,Full-Time,Zone B,Temporary,Unk,Active Employee,Production       ,Engineers,MA,Engineer,Female,22868,Asian,Divorced,Fully Meets,3,0,Jazlene Lozano,48.0,45-54
1258,2022-06-29,,Production Technician II,Jeremy Thomas,jennifer.salazar@bilearner.com,CCDR,Active,Full-Time,Zone C,Temporary,Unk,Active Employee,Production       ,Aerial,MA,Foreman,Female,59954,Other,Widowed,Fully Meets,3,0,Jennifer Salazar,,Unknown
1259,2022-05-01,2023-04-24,Production Technician I,Justin Phelps,vaughn.leonard@bilearner.com,SVG,Voluntarily Terminated,Full-Time,Zone A,Temporary,Retirement,Section effort four increase.,Production       ,General - Con,MA,Laborer,Male,43998,White,Single,Fully Meets,3,1,Vaughn Leonard,,Unknown
1260,2018-08-16,,Production Technician I,Tabitha Martin,caitlin.robertson@bilearner.com,TNS,Active,Full-Time,Zone B,Part-Time,Unk,Active Employee,Production       ,Project Management - Con,MA,Manager,Female,75748,Asian,Married,Fully Meets,3,0,Caitlin Robertson,,Unknown
1261,2019-12-27,,Production Technician I,Katherine Huber,elyse.huerta@bilearner.com,PYZ,Active,Part-Time,Zone C,Temporary,Unk,Active Employee,Production       ,Field Operations,MA,Laborer,Female,87591,Hispanic,Married,Fully Meets,3,0,Elyse Huerta,,Unknown
1262,2021-07-01,2023-03-28,Production Technician I,James Benson,kyle.sanders@bilearner.com,WBL,Voluntarily Terminated,Part-Time,Zone A,Full-Time,Retirement,Her relationship national win raise American.,Production       ,Engineers,MA,Engineer,Female,23777,Hispanic,Widowed,Fully Meets,3,1,Kyle Sanders,,Unknown
1263,2022-10-20,,Production Technician I,Thomas Rogers,barrett.jennings@bilearner.com,NEL,Active,Full-Time,Zone B,Full-Time,Unk,Active Employee,Production       ,Shop (Fleet),MA,Foreman,Female,34732,Hispanic,Divorced,Fully Meets,3,0,Barrett Jennings,,Unknown
1264,2019-02-15,,Production Technician I,Veronica Alexander MD,darius.koch@bilearner.com,PL,Active,Full-Time,Zone C,Full-Time,Unk,Active Employee,Production       ,Field Operations,MA,Director,Female,28097,Hispanic,Married,Fully Meets,3,0,Darius Koch,,Unknown
1265,2022-01-17,2022-07-25,Production Technician I,Angela Jackson,kolton.dawson@bilearner.com,BPC,Voluntarily Terminated,Part-Time,Zone C,Full-Time,Retirement,Page year stock own popular health.,Production       ,Field Operations,MA,Laborer,Male,39841,Black,Widowed,Fully Meets,3,1,Kolton Dawson,,Unknown
1266,2021-11-14,2022-07-01,Production Technician I,Lisa Campbell,ciara.cole@bilearner.com,CCDR,Voluntarily Terminated,Full-Time,Zone A,Full-Time,Involuntary,Form song garden right newspaper.,Production       ,Project Management - Con,MA,Manager,Male,46871,Hispanic,Divorced,Fully Meets,3,1,Ciara Cole,55.0,45-54
1267,2020-11-14,2020-12-22,Production Technician I,Sophia Bowman,virginia.wallace@bilearner.com,SVG,Active,Part-Time,Zone C,Full-Time,Voluntary,Better five blue particularly a media firm.,Production       ,General - Con,MA,Lineman,Female,91614,White,Divorced,Fully Meets,3,1,Virginia Wallace,55.0,45-54
1268,2023-02-25,,Production Technician I,Chelsey Crawford,malik.ochoa@bilearner.com,EW,Active,Part-Time,Zone A,Part-Time,Unk,Active Employee,Production       ,General - Con,MA,Technician,Female,89515,Other,Single,Fully Meets,3,0,Malik Ochoa,,Unknown
1269,2022-08-23,,Production Technician I,Brianna Blanchard,elyse.pratt@bilearner.com,MSC,Active,Contract,Zone A,Full-Time,Unk,Active Employee,Production       ,Yard (Material Handling),MA,Laborer,Female,82774,Black,Divorced,Fully Meets,3,0,Elyse Pratt,,Unknown
1270,2019-05-01,2019-12-31,Production Technician I,Adam Miller,yahir.hill@bilearner.com,TNS,Active,Part-Time,Zone C,Full-Time,Voluntary,When approach anyone hold along.,Production       ,Field Operations,MA,Laborer,Female,79937,Hispanic,Married,Fully Meets,3,1,Yahir Hill,,Unknown
1271,2020-04-26,,Production Technician I,Brenda Johnson,harley.abbott@bilearner.com,PYZ,Active,Full-Time,Zone A,Part-Time,Unk,Active Employee,Production       ,General - Sga,MA,Foreman,Female,95232,Asian,Widowed,Fully Meets,3,0,Harley Abbott,,Unknown
1272,2021-02-08,2022-07-15,Production Technician I,Natalie Shaffer,dawson.pratt@bilearner.com,WBL,Active,Full-Time,Zone C,Temporary,Involuntary,National detail star recently.,Production       ,General - Eng,MA,Coordinator,Female,37465,Black,Single,Fully Meets,3,1,Dawson Pratt,,Unknown
1273,2020-10-29,2021-01-26,Production Manager,Rachel Wilkins,michaela.smith@bilearner.com,NEL,Active,Contract,Zone A,Part-Time,Retirement,Treat role defense or common service network.,Production       ,General - Sga,MA,Manager,Female,50409,Asian,Single,Fully Meets,3,1,Michaela Smith,,Unknown
1274,2022-11-22,,Production Manager,Nicole Pierce,lillie.leblanc@bilearner.com,PL,Active,Contract,Zone A,Full-Time,Unk,Active Employee,Production       ,Engineers,MA,Engineer,Female,2006,Black,Single,Fully Meets,3,0,Lillie Leblanc,51.0,45-54
1275,2022-10-11,,Production Technician II,Nicole Gamble,sincere.rivera@bilearner.com,CCDR,Active,Full-Time,Zone B,Part-Time,Unk,Active Employee,Production       ,Aerial,MA,Splicer,Female,55846,Other,Single,Fully Meets,3,0,Sincere Rivera,,Unknown
1276,2019-12-28,,Production Technician II,Lauren Gonzales,lucas.good@bilearner.com,EW,Active,Full-Time,Zone A,Full-Time,Unk,Active Employee,Production       ,General - Sga,MA,Administrator,Female,74245,White,Married,Fully Meets,3,0,Lucas Good,,Unknown
1277,2019-04-11,,Production Technician II,Margaret Murphy,jonas.hernandez@bilearner.com,MSC,Active,Full-Time,Zone C,Part-Time,Unk,Active Employee,Production       ,Splicing,MA,Technician,Female,95565,Other,Single,Fully Meets,3,0,Jonas Hernandez,42.0,35-44
1278,2020-10-26,,Production Technician II,Christine Oneill,cason.tyler@bilearner.com,NEL,Active,Full-Time,Zone A,Part-Time,Unk,Active Employee,Production       ,Field Operations,MA,Laborer,Female,89318,White,Divorced,Fully Meets,3,0,Cason Tyler,,Unknown
1279,2021-07-09,2023-01-27,Production Technician II,Regina Rogers,malachi.singleton@bilearner.com,PL,Voluntarily Terminated,Part-Time,Zone B,Full-Time,Resignation,Mrs technology behavior fear.,Production       ,Field Operations,MA,Technician,Female,29507,White,Married,Fully Meets,3,1,Malachi Singleton,,Unknown
1280,2022-01-12,,Production Technician I,Timothy Blackwell,natalie.christensen@bilearner.com,MSC,Active,Full-Time,Zone C,Temporary,Unk,Active Employee,Production       ,General - Sga,MA,Administrator,Male,77219,Black,Single,Fully Meets,3,0,Natalie Christensen,,Unknown
1281,2020-08-07,2021-07-20,Production Technician I,Jeffrey Bowen,jordyn.sheppard@bilearner.com,TNS,Voluntarily Terminated,Part-Time,Zone A,Part-Time,Retirement,Tree cause agency reduce fine air.,Production       ,Finance & Accounting,MA,Administrative,Female,30117,White,Widowed,Fully Meets,3,1,Jordyn Sheppard,,Unknown
1282,2021-04-10,2022-11-19,Production Technician I,Eileen Rodriguez,rohan.matthews@bilearner.com,BPC,Voluntarily Terminated,Part-Time,Zone A,Temporary,Involuntary,All guy thus card fill walk.,Production       ,Catv,MA,Administrative,Female,30179,Black,Widowed,Fully Meets,3,1,Rohan Matthews,,Unknown
1283,2021-01-11,,Production Technician I,Deborah Arnold,taniya.stafford@bilearner.com,CCDR,Active,Full-Time,Zone C,Full-Time,Unk,Active Employee,Production       ,General - Eng,MA,Drafter,Female,72581,Asian,Married,Fully Meets,3,0,Taniya Stafford,,Unknown
1284,2019-12-08,,Production Technician I,Chase Hardy,cherish.preston@bilearner.com,EW,Active,Contract,Zone B,Full-Time,Unk,Active Employee,Production       ,General - Eng,MA,Supervisor,Female,39352,Other,Married,Fully Meets,3,0,Cherish Preston,,Unknown
1285,2021-09-26,,Production Technician I,John Gonzalez,briley.hanson@bilearner.com,MSC,Active,Part-Time,Zone C,Full-Time,Unk,Active Employee,Production       ,General - Eng,MA,Supervisor,Male,89374,Hispanic,Widowed,Fully Meets,3,0,Briley Hanson,,Unknown
1286,2021-09-09,2021-10-28,Production Technician I,Jennifer Randall,hugo.tate@bilearner.com,NEL,Voluntarily Terminated,Full-Time,Zone B,Temporary,Voluntary,Never few away level attack buy.,Production       ,Field Operations,MA,Driller,Male,74629,Asian,Divorced,Fully Meets,3,1,Hugo Tate,,Unknown
1287,2020-09-19,2023-02-20,Production Technician I,Evelyn Diaz,daniel.griffin@bilearner.com,PL,Voluntarily Terminated,Full-Time,Zone A,Full-Time,Retirement,American quickly treatment.,Production       ,General - Con,MA,Technician,Female,56136,Black,Widowed,Fully Meets,3,1,Daniel Griffin,,Unknown
1288,2022-01-11,2022-10-26,Production Technician I,Justin Johnson,dakota.salinas@bilearner.com,PYZ,Active,Full-Time,Zone C,Part-Time,Voluntary,Skill shoulder bag suffer.,Production       ,Aerial,MA,Lineman,Female,69514,Hispanic,Single,Fully Meets,3,1,Dakota Salinas,,Unknown
1289,2019-07-18,,Production Technician I,Kevin Pearson,janiyah.ballard@bilearner.com,SVG,Active,Full-Time,Zone C,Full-Time,Unk,Active Employee,Production       ,General - Con,MA,Clerk,Female,40307,Other,Single,Fully Meets,3,0,Janiyah Ballard,84.0,65+
1290,2021-04-13,,Production Technician I,Bryan Salas,annika.malone@bilearner.com,TNS,Active,Full-Time,Zone A,Full-Time,Unk,Active Employee,Production       ,General - Sga,MA,Administrator,Female,57255,White,Married,Fully Meets,3,0,Annika Malone,,Unknown
1291,2023-06-17,2023-07-27,Production Technician I,Jeffery Williams,celeste.lin@bilearner.com,WBL,Active,Contract,Zone B,Temporary,Voluntary,Finally provide various but.,Production       ,Engineers,MA,Coordinator,Female,94486,Black,Divorced,Fully Meets,3,1,Celeste Lin,38.0,35-44
1292,2018-10-27,,Production Technician I,Amy Hess,larissa.warner@bilearner.com,BPC,Active,Full-Time,Zone A,Part-Time,Unk,Active Employee,Production       ,Engineers,MA,Engineer,Female,28931,White,Divorced,Fully Meets,3,0,Larissa Warner,,Unknown
1293,2021-06-01,2023-04-29,Production Technician I,Ashley Craig,lawrence.cross@bilearner.com,CCDR,Active,Contract,Zone B,Full-Time,Voluntary,Line with read most.,Production       ,Wireline Construction,MA,Lineman,Female,60878,Asian,Single,Fully Meets,3,1,Lawrence Cross,,Unknown
1294,2023-04-07,2023-05-07,Production Manager,Lisa Ward,kara.barnes@bilearner.com,EW,Active,Part-Time,Zone B,Part-Time,Voluntary,Choose thousand know often size company.,Production       ,Wireline Construction,MA,Laborer,Female,58589,Hispanic,Single,Fully Meets,3,1,Kara Barnes,,Unknown
1295,2021-06-13,,Production Technician II,Richard Santos,emery.schmidt@bilearner.com,PYZ,Active,Full-Time,Zone A,Full-Time,Unk,Active Employee,Production       ,General - Con,MA,Groundman,Female,26059,Other,Married,Fully Meets,3,0,Emery Schmidt,,Unknown
1296,2019-03-13,2020-09-12,Production Technician II,Nathan Hill,adalyn.vaughan@bilearner.com,WBL,Voluntarily Terminated,Full-Time,Zone B,Part-Time,Involuntary,Employee product meeting who kind.,Production       ,Field Operations,MA,Administrator,Female,94411,Asian,Widowed,Fully Meets,3,1,Adalyn Vaughan,,Unknown
1297,2019-05-24,2021-10-09,Production Technician II,Cindy Smith,chase.lloyd@bilearner.com,NEL,Voluntarily Terminated,Part-Time,Zone A,Temporary,Resignation,Suffer phone son property money.,Production       ,Isp,MA,Technician,Female,46980,Other,Married,Fully Meets,3,1,Chase Lloyd,58.0,55-64
1298,2023-02-25,,Production Technician II,Gerald Dunlap,hallie.delacruz@bilearner.com,PL,Active,Part-Time,Zone B,Temporary,Unk,Active Employee,Production       ,General - Con,MA,Laborer,Female,12398,Black,Married,Fully Meets,3,0,Hallie Delacruz,43.0,35-44
1299,2020-03-24,,Production Technician II,Joseph Dixon,tia.atkins@bilearner.com,BPC,Active,Contract,Zone B,Full-Time,Unk,Active Employee,Production       ,Aerial,MA,Foreman,Female,95571,Asian,Widowed,Fully Meets,3,0,Tia Atkins,73.0,65+
1300,2021-06-12,,Production Technician II,Angela Garcia,nia.nicholson@bilearner.com,CCDR,Active,Contract,Zone B,Temporary,Unk,Active Employee,Production       ,Field Operations,MA,Laborer,Female,91189,Black,Married,Fully Meets,3,0,Nia Nicholson,59.0,55-64
1301,2019-03-22,2022-03-23,Production Technician I,Todd Nelson,lilian.norton@bilearner.com,MSC,Voluntarily Terminated,Part-Time,Zone B,Temporary,Retirement,Space long most area product drug tree.,Production       ,Field Operations,MA,Driller,Female,62803,Asian,Widowed,Fully Meets,3,1,Lilian Norton,,Unknown
1302,2021-03-08,2022-12-17,Production Technician I,Aaron Mendoza,aliana.pennington@bilearner.com,TNS,Voluntarily Terminated,Full-Time,Zone A,Full-Time,Voluntary,Study way front fly member.,Production       ,Field Operations,MA,Laborer,Female,77552,Other,Married,Fully Meets,3,1,Aliana Pennington,26.0,25-34
1303,2020-05-15,,Production Technician I,Crystal Taylor,estrella.benitez@bilearner.com,PYZ,Active,Contract,Zone A,Full-Time,Unk,Active Employee,Production       ,Finance & Accounting,MA,Administration,Female,35973,Hispanic,Single,Fully Meets,3,0,Estrella Benitez,69.0,65+
1304,2023-01-24,,Production Technician I,Amanda Barnes,kylie.gilbert@bilearner.com,WBL,Active,Full-Time,Zone B,Part-Time,Unk,Active Employee,Production       ,Safety,MA,Safety,Female,47801,Asian,Widowed,Fully Meets,3,0,Kylie Gilbert,,Unknown
1305,2021-01-06,2022-12-30,Production Technician I,John Bradford,oscar.munoz@bilearner.com,NEL,Voluntarily Terminated,Full-Time,Zone B,Temporary,Resignation,Fact soldier film yet president example car.,Production       ,Field Operations,MA,Laborer,Male,1615,White,Married,Fully Meets,3,1,Oscar Munoz,,Unknown
1306,2021-04-16,,Production Technician I,Christopher Norris,dane.barton@bilearner.com,PL,Active,Part-Time,Zone B,Part-Time,Unk,Active Employee,Production       ,Project Management - Con,MA,Coordinator,Male,49042,Hispanic,Single,Fully Meets,3,0,Dane Barton,29.0,25-34
1307,2021-09-22,2021-10-25,Production Technician I,Mr. Danny Snow,dexter.cline@bilearner.com,BPC,Voluntarily Terminated,Contract,Zone A,Full-Time,Voluntary,Thus whether read kitchen itself.,Production       ,Engineers,MA,Director,Male,94852,Black,Married,Fully Meets,3,1,Dexter Cline,,Unknown
1308,2022-06-28,2023-03-07,Production Technician I,Isaac Foley,atticus.frost@bilearner.com,CCDR,Active,Full-Time,Zone C,Full-Time,Retirement,Bar offer throughout different body quite.,Production       ,Project Management - Con,MA,Supervisor,Female,60350,Asian,Divorced,Fully Meets,3,1,Atticus Frost,46.0,45-54
1309,2020-08-17,,Production Technician I,Holly Pearson,yamilet.cohen@bilearner.com,SVG,Active,Part-Time,Zone C,Part-Time,Unk,Active Employee,Production       ,Field Operations,MA,Driller,Female,41055,Other,Widowed,Fully Meets,3,0,Yamilet Cohen,,Unknown
1310,2023-04-03,2023-07-21,Production Technician I,Adam Vang,emmalee.reynolds@bilearner.com,EW,Active,Part-Time,Zone B,Full-Time,Voluntary,Again kind talk lead.,Production       ,General - Con,MA,Technician,Female,21439,Asian,Single,Fully Meets,3,1,Emmalee Reynolds,38.0,35-44
1311,2023-05-26,2023-06-12,Production Technician I,Anna Townsend,moshe.taylor@bilearner.com,MSC,Active,Full-Time,Zone C,Part-Time,Resignation,Hold parent PM claim star seek.,Production       ,Engineers,MA,Specialist,Male,32645,Asian,Single,Fully Meets,3,1,Moshe Taylor,,Unknown
1312,2021-04-10,,Production Technician I,Edgar Moore,irene.melton@bilearner.com,TNS,Active,Full-Time,Zone B,Full-Time,Unk,Active Employee,Production       ,General - Eng,MA,Technician,Female,47354,Black,Widowed,Fully Meets,3,0,Irene Melton,29.0,25-34
1313,2023-04-18,,Production Technician I,Gary Nelson,eddie.whitney@bilearner.com,PYZ,Active,Contract,Zone C,Part-Time,Unk,Active Employee,Production       ,Field Operations,MA,Operator,Female,64005,Hispanic,Single,Fully Meets,3,0,Eddie Whitney,69.0,65+
1314,2021-10-13,2023-06-21,Production Technician I,Andrea Fowler,marcel.gomez@bilearner.com,WBL,Active,Contract,Zone C,Full-Time,Retirement,Nation local peace nation blue official six.,Production       ,General - Con,MA,Technician,Female,91553,White,Divorced,Fully Meets,3,1,Marcel Gomez,,Unknown
1315,2020-10-10,,Sr. Accountant,Gina Williams,amy.foster-baker@bilearner.com,NEL,Active,Part-Time,Zone A,Temporary,Unk,Active Employee,Admin Offices,Splicing,MA,Tester,Female,2050,Asian,Widowed,Fully Meets,3,0,Amy Foster-Baker,,Unknown
1316,2019-01-20,2021-09-15,President & CEO,Michael West,janet.king@bilearner.com,CCDR,Active,Part-Time,Zone A,Full-Time,Involuntary,Upon writer black.,Executive Office,Aerial,MA,Foreman,Female,1902,Asian,Single,Fully Meets,3,1,Janet King,,Unknown
1317,2021-05-09,2022-10-27,Sr. Accountant,Leslie Allen,bonalyn.boutwell@bilearner.com,MSC,Active,Full-Time,Zone A,Part-Time,Involuntary,Everything discover represent full.,Admin Offices,Aerial,MA,Lineman,Female,2468,Black,Widowed,Fully Meets,3,1,Bonalyn Boutwell,,Unknown
1318,2023-07-29,2023-08-04,Administrative Assistant,Donald Decker,nan.singh@bilearner.com,WBL,Active,Contract,Zone B,Temporary,Retirement,Effort off over always. Form house mean treat.,Admin Offices,Field Operations,MA,Laborer,Female,2330,White,Divorced,Fully Meets,3,1,Nan Singh,,Unknown
1319,2019-08-24,2022-12-14,Accountant I,Donald Richardson,tyrone.steans@bilearner.com,EW,Active,Part-Time,Zone C,Temporary,Involuntary,Value class especially.,Admin Offices,Finance & Accounting,MA,Intern,Male,2703,Asian,Married,Fully Meets,3,1,Tyrone Steans,,Unknown
1320,2018-12-25,,Administrative Assistant,James Bell,estelle.howard@bilearner.com,WBL,Active,Part-Time,Zone B,Full-Time,Unk,Active Employee,Admin Offices,Wireline Construction,MA,Billing,Female,2170,White,Widowed,Fully Meets,3,0,Estelle Howard,43.0,35-44
1321,2021-05-27,2021-08-24,Accountant I,Adrienne Roth,william.larotonda@bilearner.com,TNS,Active,Contract,Zone A,Full-Time,Involuntary,Actually scene law break four summer ability.,Admin Offices,Project Management - Con,MA,Vp,Male,1460,Black,Single,Fully Meets,3,1,William LaRotonda,,Unknown
1322,2023-02-02,2023-06-23,Accountant I,Jessica Blackwell,mia.brown@bilearner.com,TNS,Active,Full-Time,Zone B,Full-Time,Resignation,Public evidence bag trouble interesting.,Admin Offices,Executive,MA,Ceo,Female,1450,Hispanic,Widowed,Fully Meets,3,1,Mia Brown,,Unknown
1323,2022-12-06,,Administrative Assistant,Mary Walker,leigh ann.smith@bilearner.com,PL,Active,Full-Time,Zone B,Temporary,Unk,Active Employee,Admin Offices,Aerial,MA,Foreman,Female,1844,Black,Divorced,Fully Meets,3,0,Leigh Ann Smith,,Unknown
1324,2021-07-23,,Accountant I,Derrick Garcia,peter.foley@bilearner.com,MSC,Active,Part-Time,Zone A,Part-Time,Unk,Active Employee,Admin Offices,General - Con,MA,Helper,Female,11194,Hispanic,Single,Fully Meets,3,0,Peter Foley,,Unknown
1325,2019-11-16,,Accountant I,Jesus Golden,maximus.carney@bilearner.com,TNS,Active,Contract,Zone B,Temporary,Unk,Active Employee,Admin Offices,Engineers,MA,Drafter,Female,60432,Black,Divorced,Fully Meets,3,0,Maximus Carney,44.0,35-44
1326,2020-03-08,2021-11-07,Sr. Network Engineer,Mark Greene,jaida.sweeney@bilearner.com,PYZ,Active,Full-Time,Zone A,Temporary,Retirement,Alone need gun surface. Bar involve wait often.,Admin Offices,General - Eng,MA,Billing,Male,86677,White,Widowed,Fully Meets,3,1,Jaida Sweeney,,Unknown
1327,2019-01-14,,Sr. Network Engineer,Lisa Mills,rhys.lawson@bilearner.com,WBL,Active,Part-Time,Zone B,Temporary,Unk,Active Employee,Admin Offices,Engineers,MA,Engineer,Male,93156,White,Single,Fully Meets,3,0,Rhys Lawson,,Unknown
1328,2020-02-29,2021-09-23,Sr. Network Engineer,Robert Sawyer,skyler.robles@bilearner.com,NEL,Active,Part-Time,Zone C,Full-Time,Voluntary,Draw interest over. Vote late marriage kind.,IT/IS,Executive,MA,Vp,Male,66733,Asian,Single,Fully Meets,3,1,Skyler Robles,,Unknown
1329,2022-11-25,2023-04-12,Software Engineer,Desiree Bender,allyson.keller@bilearner.com,PL,Active,Contract,Zone B,Part-Time,Resignation,Finish join stage start page your seem.,Software Engineering,Field Operations,MA,Laborer,Male,77070,Black,Widowed,Fully Meets,3,1,Allyson Keller,68.0,65+
1330,2022-09-15,2023-05-05,Accountant I,Jeremy Smith,eddie.bauer@bilearner.com,MSC,Active,Full-Time,Zone A,Part-Time,Retirement,Figure yard develop TV enjoy late standard.,Admin Offices,General - Con,MA,Associate,Female,66991,White,Divorced,Fully Meets,3,1,Eddie Bauer,36.0,35-44
1331,2021-08-11,,Accountant I,Mary Taylor,roger.taylor@bilearner.com,TNS,Active,Full-Time,Zone C,Temporary,Unk,Active Employee,Admin Offices,People Services,MA,Intern,Female,69431,Black,Widowed,Fully Meets,3,0,Roger Taylor,,Unknown
1332,2023-08-03,,Sr. Network Engineer,Barry Fitzgerald,marshall.sellers@bilearner.com,PYZ,Active,Contract,Zone B,Part-Time,Unk,Active Employee,Admin Offices,Wireline Construction,MA,Foreman,Male,12089,Hispanic,Divorced,Fully Meets,3,0,Marshall Sellers,,Unknown
1333,2022-03-14,,Sr. Network Engineer,Tracey Clark,cloe.mcgrath@bilearner.com,WBL,Active,Part-Time,Zone A,Part-Time,Unk,Active Employee,IT/IS,Field Operations,MA,Laborer,Male,74486,Black,Divorced,Fully Meets,3,0,Cloe Mcgrath,,Unknown
1334,2020-09-01,2020-11-29,Sr. Network Engineer,Christina Knight,susan.gordon@bilearner.com,NEL,Active,Full-Time,Zone B,Part-Time,Retirement,Authority our technology administration section.,IT/IS,Underground,MA,Laborer,Male,15975,Other,Widowed,Fully Meets,3,1,Susan Gordon,,Unknown
1335,2021-10-31,,Software Engineer,Debra Garza,makenna.newton@bilearner.com,NEL,Active,Contract,Zone A,Full-Time,Unk,Active Employee,Software Engineering,General - Con,MA,Technician,Female,27425,White,Divorced,Fully Meets,3,0,Makenna Newton,,Unknown
1336,2020-02-26,2023-03-30,Accountant I,Ashley Petersen,kellen.smith@bilearner.com,TNS,Active,Full-Time,Zone A,Part-Time,Retirement,Author often return hold compare natural.,Admin Offices,Field Operations,MA,Technician,Female,88247,Black,Married,Fully Meets,3,1,Kellen Smith,,Unknown
1337,2018-08-10,2021-12-07,Accountant I,Jamie Collins,sherlyn.carroll@bilearner.com,WBL,Active,Full-Time,Zone A,Temporary,Resignation,Wonder specific own others card. See else drop.,Admin Offices,General - Con,MA,Safety Manager,Female,71014,White,Single,Fully Meets,3,1,Sherlyn Carroll,,Unknown
1338,2020-09-30,,Sr. Network Engineer,Stephen Ray,rogelio.flores@bilearner.com,BPC,Active,Contract,Zone C,Part-Time,Unk,Active Employee,Admin Offices,Shop (Fleet),MA,Mechanic,Male,90987,Other,Widowed,Fully Meets,3,0,Rogelio Flores,,Unknown
1339,2021-04-01,2022-08-14,Sr. Network Engineer,Michael Norton,kadence.gentry@bilearner.com,CCDR,Active,Contract,Zone B,Temporary,Retirement,Though upon remember later.,IT/IS,Wireline Construction,MA,Foreman,Male,47635,Hispanic,Widowed,Fully Meets,3,1,Kadence Gentry,,Unknown
1340,2021-03-21,2021-11-21,Sr. Network Engineer,Diane Ramirez,willow.golden@bilearner.com,EW,Active,Full-Time,Zone B,Part-Time,Retirement,My himself avoid traditional simply wait.,IT/IS,General - Eng,MA,Engineer,Male,37302,White,Divorced,Fully Meets,3,1,Willow Golden,,Unknown
1341,2021-11-03,,Software Engineering Manager,Ralph Sloan,amiyah.sims@bilearner.com,CCDR,Active,Part-Time,Zone C,Full-Time,Unk,Active Employee,Software Engineering,Engineers,MA,Engineer,Female,76343,Hispanic,Single,Fully Meets,3,0,Amiyah Sims,,Unknown
1342,2019-06-22,2019-08-26,Accountant I,Mark Willis,jeffery.hogan@bilearner.com,EW,Active,Full-Time,Zone B,Part-Time,Retirement,Win paper unit drug nearly card.,Admin Offices,Aerial,MA,Lineman,Female,2559,Asian,Single,Fully Meets,3,1,Jeffery Hogan,,Unknown
1343,2019-11-12,2023-05-19,Accountant I,Joshua Huber,shaniya.hamilton@bilearner.com,MSC,Active,Contract,Zone B,Temporary,Voluntary,Effort situation use necessary.,Admin Offices,Shop (Fleet),MA,Manager,Female,68008,White,Married,Fully Meets,3,1,Shaniya Hamilton,,Unknown
1344,2022-09-20,,Accountant I,John Clark MD,johan.willis@bilearner.com,TNS,Active,Part-Time,Zone A,Part-Time,Unk,Active Employee,Admin Offices,General - Con,MA,Foreman,Male,93554,White,Single,Fully Meets,3,0,Johan Willis,,Unknown
1345,2023-01-27,,Sr. Network Engineer,Amy Jones,seth.alvarez@bilearner.com,PYZ,Active,Full-Time,Zone A,Full-Time,Unk,Active Employee,Admin Offices,Fielders,MA,Engineer,Male,85275,Other,Single,Fully Meets,3,0,Seth Alvarez,,Unknown
1346,2021-02-21,2022-08-22,Sr. Network Engineer,Maurice Krause,aron.grant@bilearner.com,WBL,Active,Contract,Zone C,Temporary,Retirement,Today situation minute figure friend opportunity.,IT/IS,Field Operations,MA,Laborer,Male,37276,White,Divorced,Fully Meets,3,1,Aron Grant,,Unknown
1347,2022-03-04,2023-01-18,Sr. Network Engineer,Amy Griffin,haleigh.carter@bilearner.com,NEL,Active,Part-Time,Zone B,Full-Time,Retirement,Guess fight various decade second pattern.,IT/IS,General - Con,MA,Coordinator,Male,54734,Hispanic,Married,Fully Meets,3,1,Haleigh Carter,,Unknown
1348,2019-04-21,2020-12-02,Software Engineering Manager,Debra Gomez,tatiana.ayala@bilearner.com,WBL,Future Start,Contract,Zone C,Part-Time,Involuntary,They behind war evening. Particular film war yes.,Software Engineering,Field Operations,MA,Engineer,Female,34961,Other,Married,Fully Meets,3,1,Tatiana Ayala,,Unknown
1349,2021-08-02,2022-11-26,Accountant I,Jeremy Pope,kaylynn.mcguire@bilearner.com,EW,Active,Full-Time,Zone B,Part-Time,Retirement,Behind bar item management.,Admin Offices,Safety,MA,Manager,Female,33234,White,Divorced,Fully Meets,3,1,Kaylynn Mcguire,,Unknown
1350,2022-03-04,,Accountant I,Jeffrey Williams,timothy.villarreal@bilearner.com,MSC,Active,Part-Time,Zone B,Temporary,Unk,Active Employee,Admin Offices,Field Operations,MA,Laborer,Female,45030,Black,Divorced,Fully Meets,3,0,Timothy Villarreal,58.0,55-64
1351,2021-03-28,,Accountant I,Daniel Cooper,elliott.petersen@bilearner.com,TNS,Active,Contract,Zone C,Part-Time,Unk,Active Employee,Admin Offices,Field Operations,MA,Tower Hand,Male,38846,White,Divorced,Fully Meets,3,0,Elliott Petersen,28.0,25-34
1352,2018-08-08,2023-06-01,Sr. Network Engineer,Chase Ho,lily.tyler@bilearner.com,PYZ,Active,Contract,Zone B,Full-Time,Voluntary,Series significant out.,Admin Offices,Field Operations,MA,Technician,Male,43568,Other,Divorced,Fully Meets,3,1,Lily Tyler,,Unknown
1353,2020-09-15,2022-01-06,Sr. Network Engineer,Felicia Bailey,noe.mann@bilearner.com,WBL,Active,Part-Time,Zone A,Temporary,Involuntary,Will message south game.,IT/IS,Field Operations,MA,Supervisor,Male,48891,White,Single,Fully Meets,3,1,Noe Mann,80.0,65+
1354,2020-10-28,2022-02-27,Software Engineering Manager,Christopher Jones,christina.terry@bilearner.com,WBL,Future Start,Full-Time,Zone C,Full-Time,Involuntary,Wear happen goal choice must.,Software Engineering,Field Operations,MA,Top Hand,Female,79778,Black,Widowed,Fully Meets,3,1,Christina Terry,67.0,65+
1355,2021-06-16,2021-11-23,Administrative Assistant,Alec Taylor,niko.durham@bilearner.com,SVG,Active,Full-Time,Zone B,Temporary,Resignation,Common paper smile way career capital.,Admin Offices,General - Con,MA,Coordinator,Female,79459,Hispanic,Single,Fully Meets,3,1,Niko Durham,,Unknown
1356,2023-03-20,2023-06-21,Accountant I,Ronald Jones,dante.strong@bilearner.com,EW,Active,Part-Time,Zone A,Temporary,Voluntary,List remember benefit memory also deal people.,Admin Offices,Engineers,MA,Engineer,Female,93230,Hispanic,Married,Fully Meets,3,1,Dante Strong,38.0,35-44
1357,2018-09-07,2021-07-16,Accountant I,Mrs. Tracy Cisneros DDS,angeline.perez@bilearner.com,MSC,Active,Full-Time,Zone C,Temporary,Retirement,Fast whether mouth physical.,Admin Offices,Engineers,MA,Principal,Male,74550,Black,Divorced,Fully Meets,3,1,Angeline Perez,54.0,45-54
1358,2018-11-08,2022-10-28,Accountant I,Isabella Hawkins,jairo.blanchard@bilearner.com,TNS,Active,Part-Time,Zone B,Full-Time,Retirement,Involve study commercial billion and.,Admin Offices,Field Operations,MA,Laborer,Male,1706,Black,Married,Fully Meets,3,1,Jairo Blanchard,,Unknown
1359,2019-01-26,,Sr. Network Engineer,Kendra Garcia,rishi.watkins@bilearner.com,BPC,Active,Full-Time,Zone A,Part-Time,Unk,Active Employee,Admin Offices,Catv,MA,Foreman,Male,50894,Asian,Married,Fully Meets,3,0,Rishi Watkins,,Unknown
1360,2021-08-30,,Sr. Network Engineer,Dawn Williams,immanuel.goodwin@bilearner.com,CCDR,Active,Contract,Zone B,Full-Time,Unk,Active Employee,IT/IS,Field Operations,MA,Technician,Male,27367,Asian,Divorced,PIP,3,0,Immanuel Goodwin,,Unknown
1361,2023-03-08,2023-03-30,Sr. Accountant,Rebecca Randolph,elle.berry@bilearner.com,BPC,Future Start,Full-Time,Zone A,Full-Time,Voluntary,Second scene guy age alone sing year pick.,Admin Offices,Aerial,MA,Supervisor,Female,18484,Black,Married,Exceeds,3,1,Elle Berry,,Unknown
1362,2019-11-10,2020-12-03,Administrative Assistant,William Page,raphael.francis@bilearner.com,SVG,Active,Full-Time,Zone C,Part-Time,Retirement,Rock entire unit amount hope seem hotel.,Admin Offices,General - Con,MA,Technician,Female,36283,Asian,Widowed,Exceeds,3,1,Raphael Francis,43.0,35-44
1363,2023-07-28,,Accountant I,Deborah Johnson,hadley.barrett@bilearner.com,EW,Active,Full-Time,Zone A,Full-Time,Unk,Active Employee,Admin Offices,General - Con,MA,Laborer,Female,82125,Asian,Divorced,PIP,3,0,Hadley Barrett,,Unknown
1364,2019-04-03,2019-08-05,Accountant I,Danny Williams,mollie.jenkins@bilearner.com,MSC,Active,Contract,Zone C,Temporary,Voluntary,Create although card she best and music.,Admin Offices,Finance & Accounting,MA,Administration,Male,32101,White,Divorced,Exceeds,3,1,Mollie Jenkins,,Unknown
1365,2019-07-24,,Accountant I,Misty Collier,cali.nolan@bilearner.com,TNS,Active,Contract,Zone C,Part-Time,Unk,Active Employee,Admin Offices,Field Operations,MA,Lineman,Male,64340,Hispanic,Widowed,Exceeds,3,0,Cali Nolan,,Unknown
1366,2022-04-29,2022-12-11,Sr. Network Engineer,Peter Ortiz,malik.crane@bilearner.com,PYZ,Active,Contract,Zone B,Temporary,Voluntary,Just information assume act possible work later.,IT/IS,General - Con,MA,Laborer,Male,14151,Black,Single,Exceeds,3,1,Malik Crane,,Unknown
1367,2020-10-06,,Sr. Network Engineer,Jeremy Frye,bryce.higgins@bilearner.com,WBL,Active,Part-Time,Zone B,Temporary,Unk,Active Employee,IT/IS,Executive,MA,Coordinator,Female,61754,White,Divorced,Exceeds,3,0,Bryce Higgins,36.0,35-44
1368,2020-04-04,,Sr. Accountant,Leah Boyd,beatrice.bean@bilearner.com,PYZ,Active,Part-Time,Zone C,Temporary,Unk,Active Employee,Admin Offices,General - Sga,MA,Estimator,Female,24157,White,Widowed,Exceeds,3,0,Beatrice Bean,,Unknown
1369,2021-03-26,,Administrative Assistant,Darren Zimmerman,shea.novak@bilearner.com,CCDR,Active,Contract,Zone C,Full-Time,Unk,Active Employee,Sales,Aerial,MA,Foreman,Female,6564,Black,Married,Exceeds,3,0,Shea Novak,,Unknown
1370,2022-05-19,,Administrative Assistant,Tommy Obrien,mateo.mcdaniel@bilearner.com,SVG,Active,Part-Time,Zone A,Temporary,Unk,Active Employee,Admin Offices,General - Con,MA,Locator,Female,55619,Black,Married,Exceeds,3,0,Mateo Mcdaniel,,Unknown
1371,2021-08-28,2021-10-16,Accountant I,Mrs. Nicole Garrison MD,arianna.carlson@bilearner.com,EW,Active,Contract,Zone A,Part-Time,Involuntary,Tax thousand few tonight seek.,Admin Offices,Field Operations,MA,Technician,Female,26844,Black,Married,Exceeds,3,1,Arianna Carlson,69.0,65+
1372,2022-11-24,,Accountant I,Gary Clark,frankie.davenport@bilearner.com,MSC,Active,Contract,Zone A,Full-Time,Unk,Active Employee,Admin Offices,Aerial,MA,Foreman,Male,34610,White,Single,Exceeds,3,0,Frankie Davenport,,Unknown
1373,2022-01-12,2022-11-11,Accountant I,Tina Shaw,morgan.hammond@bilearner.com,TNS,Active,Contract,Zone A,Part-Time,Resignation,Account Republican reduce right.,Admin Offices,Field Operations,MA,Laborer,Male,20630,Other,Divorced,Exceeds,3,1,Morgan Hammond,,Unknown
1374,2019-07-07,,Sr. Network Engineer,Stephen Myers,judith.mccullough@bilearner.com,PYZ,Active,Part-Time,Zone B,Temporary,Unk,Active Employee,IT/IS,Aerial,MA,Foreman,Female,78109,White,Married,Exceeds,3,0,Judith Mccullough,84.0,65+
1375,2021-07-14,,Sr. Accountant,Jeremy Anderson,luca.francis@bilearner.com,PYZ,Active,Contract,Zone B,Full-Time,Unk,Active Employee,Admin Offices,Technology / It,MA,Intern,Female,1498,Asian,Divorced,Exceeds,3,0,Luca Francis,27.0,25-34
1376,2019-12-03,2022-02-10,Administrative Assistant,Linda Brown,mallory.figueroa@bilearner.com,CCDR,Active,Full-Time,Zone B,Temporary,Retirement,Example field consider before old yes on since.,Sales,Field Operations,MA,Supervisor,Female,30890,Other,Single,Exceeds,3,1,Mallory Figueroa,68.0,65+
1377,2021-03-03,2021-07-10,Administrative Assistant,Harry Ellis,larissa.douglas@bilearner.com,SVG,Active,Part-Time,Zone A,Full-Time,Resignation,Current budget certain interview increase.,Admin Offices,General - Con,MA,Technician,Female,67773,White,Divorced,Exceeds,3,1,Larissa Douglas,,Unknown
1378,2022-06-13,,Accountant I,Michael Mathis,konnor.rivas@bilearner.com,EW,Active,Full-Time,Zone C,Part-Time,Unk,Active Employee,Admin Offices,Fielders,MA,Engineer,Female,12640,White,Married,PIP,3,0,Konnor Rivas,51.0,45-54
1379,2023-01-23,,Accountant I,Vincent Snyder,fernanda.yu@bilearner.com,MSC,Active,Part-Time,Zone A,Temporary,Unk,Active Employee,Admin Offices,General - Sga,MA,Supervisor,Male,64384,White,Widowed,Exceeds,3,0,Fernanda Yu,,Unknown
1380,2020-09-06,,Accountant I,Mr. Richard Hicks MD,solomon.paul@bilearner.com,TNS,Active,Part-Time,Zone A,Temporary,Unk,Active Employee,Admin Offices,Field Operations,MA,Laborer,Male,3676,Hispanic,Single,Exceeds,3,0,Solomon Paul,73.0,65+
1381,2022-10-17,,Sr. Network Engineer,Chad Crawford,emiliano.young@bilearner.com,PYZ,Active,Full-Time,Zone A,Temporary,Unk,Active Employee,IT/IS,Aerial,MA,Foreman,Female,71974,Other,Single,PIP,3,0,Emiliano Young,26.0,25-34
1382,2019-06-07,,Sr. Accountant,Ana Henry,mason.ellis@bilearner.com,TNS,Active,Full-Time,Zone B,Part-Time,Unk,Active Employee,Admin Offices,Field Operations,MA,Supervisor,Female,27614,White,Widowed,Exceeds,3,0,Mason Ellis,,Unknown
1383,2022-01-28,2022-09-16,Sr. Accountant,Alan Rios,athena.moore@bilearner.com,BPC,Active,Contract,Zone C,Part-Time,Resignation,Affect bar himself mention serious.,Admin Offices,General - Con,MA,Technician,Female,88549,Hispanic,Divorced,Exceeds,3,1,Athena Moore,32.0,25-34
1384,2020-07-01,2021-03-05,Administrative Assistant,Mrs. Tammy Ballard,karla.farrell@bilearner.com,CCDR,Active,Part-Time,Zone B,Full-Time,Resignation,Thousand every job spring more store.,Admin Offices,Field Operations,MA,Groundman,Female,14083,Other,Single,PIP,3,1,Karla Farrell,70.0,65+
1385,2020-05-30,,Administrative Assistant,Brittany Glover,anderson.meadows@bilearner.com,SVG,Active,Full-Time,Zone C,Part-Time,Unk,Active Employee,Admin Offices,Field Operations,MA,Laborer,Female,37965,Hispanic,Divorced,PIP,3,0,Anderson Meadows,60.0,55-64
1386,2019-10-05,2023-02-04,Accountant I,Joseph Edwards,jacey.braun@bilearner.com,EW,Active,Contract,Zone C,Full-Time,Involuntary,Realize view write beautiful.,Admin Offices,General - Con,MA,Technician,Female,13405,White,Married,Exceeds,3,1,Jacey Braun,,Unknown
1387,2021-11-06,2023-04-20,Accountant I,Sean Hall,nathan.kline@bilearner.com,MSC,Active,Contract,Zone B,Full-Time,Voluntary,Training run sport prevent toward yet.,Admin Offices,General - Con,MA,Laborer,Male,63614,Hispanic,Divorced,PIP,3,1,Nathan Kline,,Unknown
1388,2019-05-09,2020-05-07,Accountant I,Jamie Gardner,gabriella.benitez@bilearner.com,TNS,Active,Part-Time,Zone B,Full-Time,Resignation,Approach better little check.,Admin Offices,Field Operations,MA,Construction Manager,Female,31721,Black,Single,Exceeds,3,1,Gabriella Benitez,,Unknown
1389,2019-10-28,,Production Technician II,James Hines,juan.gonzalez@bilearner.com,NEL,Active,Part-Time,Zone A,Full-Time,Unk,Active Employee,Production       ,Isp,MA,Manager,Male,2128,Hispanic,Widowed,Exceeds,3,0,Juan Gonzalez,64.0,55-64
1390,2019-01-11,,Production Technician I,Matthew Allen,cayo.gonzalez@bilearner.com,SVG,Active,Contract,Zone C,Part-Time,Unk,Active Employee,Production       ,General - Con,MA,Lineman,Male,2108,Asian,Married,Exceeds,3,0,Cayo Gonzalez,,Unknown
1391,2020-04-02,,Production Technician I,Janet Jones,taylor.sparks@bilearner.com,MSC,Active,Contract,Zone A,Temporary,Unk,Active Employee,Production       ,Wireless,MA,Supervisor,Female,2093,Other,Single,Needs Improvement,3,0,Taylor Sparks,,Unknown
1392,2019-06-07,2019-08-15,Production Technician I,David Stephens,jeanette.tippett@bilearner.com,PL,Active,Part-Time,Zone A,Part-Time,Involuntary,Because wind like.,Production       ,Field Operations,MA,Operator,Female,2093,Hispanic,Widowed,Exceeds,3,1,Jeanette Tippett,,Unknown
1393,2021-11-22,2022-11-23,Production Technician I,Abigail Johnson,rose.ivey@bilearner.com,SVG,Active,Part-Time,Zone C,Part-Time,Voluntary,On beyond process before event.,Production       ,General - Con,MA,Flagger,Female,1775,Other,Single,Exceeds,3,1,Rose Ivey,,Unknown
1394,2019-01-19,,Production Technician I,Wesley Stephens,elijian.clukey@bilearner.com,NEL,Active,Full-Time,Zone A,Part-Time,Unk,Active Employee,Production       ,Field Operations,MA,Laborer,Male,2134,Black,Married,Exceeds,3,0,Elijian Clukey,,Unknown
1395,2021-12-17,2021-12-26,Production Technician II,Mr. Kevin Reid,jordan.winthrop@bilearner.com,SVG,Voluntarily Terminated,Full-Time,Zone C,Part-Time,Resignation,Father change close.,Production       ,General - Con,MA,Laborer,Male,2045,Black,Divorced,Exceeds,3,1,Jordan Winthrop,,Unknown
1396,2019-05-04,2021-02-15,Production Technician I,Jorge Taylor,shari.ngodup@bilearner.com,SVG,Active,Part-Time,Zone A,Full-Time,Resignation,Vote look produce consider Mr war.,Production       ,General - Eng,MA,Engineer,Female,1810,Hispanic,Married,Exceeds,3,1,Shari Ngodup,70.0,65+
1397,2018-12-25,2019-03-11,Production Technician I,Robert Gonzalez,john.kretschmer@bilearner.com,MSC,Active,Contract,Zone A,Part-Time,Voluntary,Science fall always move thank seat huge.,Production       ,General - Con,MA,Laborer,Male,1801,Other,Single,Exceeds,3,1,John Kretschmer,,Unknown
1398,2021-01-03,2023-03-08,Production Technician I,Kristin Baird,debbie.mangal@bilearner.com,PYZ,Active,Part-Time,Zone C,Full-Time,Involuntary,Mr chair subject then technology.,Production       ,Splicing,MA,Runner,Female,2451,White,Single,Needs Improvement,3,1,Debbie Mangal,54.0,45-54
1399,2023-06-15,,Production Technician I,Mrs. Sabrina Reed,helen.billis@bilearner.com,BPC,Active,Part-Time,Zone C,Full-Time,Unk,Active Employee,Production       ,General - Con,MA,Foreman,Female,2031,Other,Widowed,Needs Improvement,3,0,Helen Billis,,Unknown
1400,2018-08-29,2023-02-09,Production Technician II,Larry Frost,yen.johnston@bilearner.com,NEL,Active,Full-Time,Zone B,Full-Time,Resignation,Ability bed police onto exactly south.,Production       ,Field Operations,MA,Laborer,Female,2128,White,Divorced,Exceeds,3,1,Yen Johnston,71.0,65+
1401,2019-01-04,,Production Technician I,Michael Holland,hong.pham@bilearner.com,PL,Active,Contract,Zone B,Part-Time,Unk,Active Employee,Production       ,Splicing,MA,Lineman,Male,2451,White,Single,Exceeds,3,0,Hong Pham,,Unknown
1402,2021-09-10,,Production Technician I,Kirk Brooks,linda.bachiochi@bilearner.com,MSC,Active,Full-Time,Zone B,Full-Time,Unk,Active Employee,Production       ,General - Sga,MA,Technician,Female,1902,White,Divorced,Exceeds,3,0,Linda Bachiochi,38.0,35-44
1403,2021-07-08,,Production Technician I,Austin Dixon,lily.dinocco@bilearner.com,SVG,Active,Full-Time,Zone B,Temporary,Unk,Active Employee,Production       ,Field Operations,MA,Technician,Female,2351,White,Widowed,Exceeds,3,0,Lily DiNocco,82.0,65+
1404,2018-11-01,2021-04-29,Production Technician II,James Guzman,ned.miller@bilearner.com,BPC,Voluntarily Terminated,Contract,Zone B,Part-Time,Involuntary,Third cost above management anything.,Production       ,Finance & Accounting,MA,Manager,Male,2472,Hispanic,Single,Exceeds,3,1,Ned Miller,48.0,45-54
1405,2018-12-08,2022-06-11,Production Technician II,Lisa Peters,shana.petingill@bilearner.com,PL,Active,Part-Time,Zone A,Temporary,Involuntary,President TV note reach bad.,Production       ,Field Operations,MA,Construction Manager,Female,2050,Other,Single,Exceeds,3,1,Shana Petingill,,Unknown
1406,2022-10-25,,Production Technician II,Gloria Yang,jennifer.cloninger@bilearner.com,PYZ,Active,Part-Time,Zone A,Full-Time,Unk,Active Employee,Production       ,General - Con,MA,Flagger,Female,1752,Asian,Single,Exceeds,3,0,Jennifer Cloninger,44.0,35-44
1407,2023-04-04,,Production Technician I,Stephanie Kelly,elias.robinson@bilearner.com,TNS,Active,Full-Time,Zone B,Temporary,Unk,Active Employee,Production       ,General - Sga,MA,Administrative,Male,1730,Hispanic,Married,Exceeds,3,0,Elias Robinson,,Unknown
1408,2021-03-17,,Production Technician I,Dr. Michael Melendez,libby.fidelia@bilearner.com,PL,Active,Contract,Zone B,Part-Time,Unk,Active Employee,Production       ,Field Operations,MA,Supervisor,Female,2155,Other,Single,Exceeds,3,0,Libby Fidelia,46.0,45-54
1409,2019-03-11,2021-09-06,Production Technician I,Amanda Perez,catherine.ybarra@bilearner.com,MSC,Voluntarily Terminated,Full-Time,Zone A,Part-Time,Retirement,On sport growth now general.,Production       ,General - Con,MA,Technician,Female,2458,Other,Widowed,Exceeds,3,1,Catherine Ybarra,45.0,35-44
1410,2022-02-25,2023-04-28,Production Technician I,Tina Griffin,ashanti.price@bilearner.com,SVG,Active,Contract,Zone C,Temporary,Resignation,Else behind none grow up significant behavior.,Production       ,Wireline Construction,MA,Laborer,Female,26720,White,Widowed,Exceeds,3,1,Ashanti Price,81.0,65+
1411,2019-07-02,,Production Technician I,Joshua Gregory,makenna.rojas@bilearner.com,EW,Active,Part-Time,Zone C,Part-Time,Unk,Active Employee,Production       ,Aerial,MA,Foreman,Female,78612,Hispanic,Married,Exceeds,3,0,Makenna Rojas,,Unknown
1412,2019-06-20,,Production Technician I,Kathleen Patterson,rory.stone@bilearner.com,MSC,Active,Part-Time,Zone B,Full-Time,Unk,Active Employee,Production       ,Field Operations,MA,Warehouse Technician,Female,75935,White,Widowed,Exceeds,3,0,Rory Stone,,Unknown
1413,2019-09-27,2023-02-08,Production Technician I,Maria Payne,ann.montgomery@bilearner.com,TNS,Active,Part-Time,Zone A,Full-Time,Retirement,Daughter case most. Even most man even.,Production       ,Finance & Accounting,MA,Accounting,Male,51599,Black,Widowed,Needs Improvement,3,1,Ann Montgomery,83.0,65+
1414,2022-11-15,2023-07-26,Production Technician I,Samantha Salas,erin.holder@bilearner.com,BPC,Active,Contract,Zone C,Full-Time,Involuntary,Else skin force security brother experience.,Production       ,Aerial,MA,Labor,Male,95839,Asian,Married,Exceeds,3,1,Erin Holder,60.0,55-64
1415,2020-08-22,,Production Technician I,James Wilson,aubrey.kim@bilearner.com,CCDR,Active,Part-Time,Zone A,Part-Time,Unk,Active Employee,Production       ,Field Operations,MA,Tower Hand,Male,93199,Asian,Divorced,Exceeds,3,0,Aubrey Kim,,Unknown
1416,2020-04-09,,Production Technician I,Brandon Oconnell,edward.love@bilearner.com,EW,Active,Part-Time,Zone B,Full-Time,Unk,Active Employee,Production       ,Field Operations,MA,Flagger,Male,39796,Asian,Widowed,Exceeds,3,0,Edward Love,73.0,65+
1417,2021-03-30,,Production Technician I,Bobby Martinez,paisley.avery@bilearner.com,MSC,Active,Full-Time,Zone C,Part-Time,Unk,Active Employee,Production       ,Aerial,MA,Supervisor,Female,10875,Other,Single,Exceeds,3,0,Paisley Avery,77.0,65+
1418,2018-09-26,,Production Technician I,Timothy Hill,kaiden.leblanc@bilearner.com,NEL,Active,Part-Time,Zone C,Temporary,Unk,Active Employee,Production       ,Wireline Construction,MA,Project Manager,Female,33720,Other,Married,Needs Improvement,3,0,Kaiden Leblanc,,Unknown
1419,2023-05-22,,Production Technician I,Michael Ingram,shania.bauer@bilearner.com,PL,Active,Contract,Zone C,Full-Time,Unk,Active Employee,Production       ,Field Operations,MA,Laborer,Female,50647,Other,Divorced,Exceeds,3,0,Shania Bauer,42.0,35-44
1420,2021-06-04,,Production Technician I,Jamie Ray,danna.hines@bilearner.com,PYZ,Active,Contract,Zone B,Temporary,Unk,Active Employee,Production       ,Project Management - Con,MA,Project Manager,Female,33776,White,Divorced,Exceeds,3,0,Danna Hines,,Unknown
1421,2019-10-22,2023-07-25,Production Technician I,Michael Reese,bennett.bowen@bilearner.com,SVG,Active,Contract,Zone C,Full-Time,Involuntary,Message eat guy pattern score suffer.,Production       ,General - Con,MA,Administration,Female,24552,Other,Married,Exceeds,3,1,Bennett Bowen,,Unknown
1422,2019-10-04,2020-10-18,Production Technician I,Justin Kent,gianna.lopez@bilearner.com,TNS,Future Start,Full-Time,Zone B,Full-Time,Involuntary,Buy ability certain question begin mind.,Production       ,Technology / It,MA,Technician,Female,6933,Hispanic,Divorced,Needs Improvement,3,1,Gianna Lopez,32.0,25-34
1423,2022-06-25,,Production Technician I,Thomas Leon,azaria.young@bilearner.com,WBL,Active,Full-Time,Zone A,Full-Time,Unk,Active Employee,Production       ,Aerial,MA,Laborer,Female,3012,White,Single,Needs Improvement,3,0,Azaria Young,34.0,25-34
1424,2021-11-17,2022-08-03,Production Technician I,Crystal Barnes,aydin.bautista@bilearner.com,BPC,Leave of Absence,Full-Time,Zone B,Part-Time,Voluntary,Sound there everybody anything.,Production       ,General - Con,MA,Laborer,Female,60993,Asian,Married,Needs Improvement,3,1,Aydin Bautista,44.0,35-44
1425,2019-08-04,,Production Technician I,Nicholas Oconnor,antoine.schaefer@bilearner.com,CCDR,Active,Part-Time,Zone B,Full-Time,Unk,Active Employee,Production       ,Field Operations,MA,Technician,Female,10504,Black,Single,Needs Improvement,3,0,Antoine Schaefer,,Unknown
1426,2022-03-08,2022-11-12,Production Technician I,Sarah Stevenson,milagros.cobb@bilearner.com,EW,Voluntarily Terminated,Full-Time,Zone A,Full-Time,Retirement,Hold season meeting voice.,Production       ,General - Con,MA,Technician,Female,11397,Hispanic,Widowed,Exceeds,3,1,Milagros Cobb,,Unknown
1427,2019-02-22,,Production Technician II,Barry Payne,jean.duffy@bilearner.com,CCDR,Active,Full-Time,Zone A,Part-Time,Unk,Active Employee,Production       ,Engineers,MA,Project Manager,Male,96208,Asian,Divorced,Needs Improvement,3,0,Jean Duffy,73.0,65+
1428,2022-12-08,,Production Technician II,Paula Ross,campbell.doyle@bilearner.com,SVG,Active,Full-Time,Zone C,Part-Time,Unk,Active Employee,Production       ,Executive,MA,Director,Male,76607,White,Divorced,Exceeds,3,0,Campbell Doyle,,Unknown
1429,2019-11-22,2022-03-12,Production Technician II,Lisa Spencer,deven.vincent@bilearner.com,EW,Voluntarily Terminated,Contract,Zone B,Temporary,Resignation,History avoid music new teach south only require.,Production       ,Field Operations,MA,Technician,Female,6668,Hispanic,Divorced,Exceeds,3,1,Deven Vincent,82.0,65+
1430,2023-02-13,2023-03-03,Production Technician II,Joseph Smith,evangeline.downs@bilearner.com,MSC,Voluntarily Terminated,Part-Time,Zone A,Temporary,Involuntary,Hour range a country focus.,Production       ,Yard (Material Handling),MA,Shop,Female,36785,Asian,Single,Needs Improvement,3,1,Evangeline Downs,,Unknown
1431,2019-03-15,,Production Technician II,Samantha Ross,kaley.ali@bilearner.com,TNS,Active,Full-Time,Zone B,Full-Time,Unk,Active Employee,Production       ,Field Operations,MA,Laborer,Female,16451,Black,Widowed,Exceeds,3,0,Kaley Ali,,Unknown
1432,2019-07-18,,Production Technician II,Timothy Johnston,madeline.bernard@bilearner.com,PYZ,Active,Contract,Zone A,Part-Time,Unk,Active Employee,Production       ,Project Management - Con,MA,Administration,Male,96784,White,Married,Exceeds,3,0,Madeline Bernard,,Unknown
1433,2021-04-09,2021-11-28,Production Technician I,Brandi Ruiz,alijah.singh@bilearner.com,SVG,Active,Part-Time,Zone C,Part-Time,Voluntary,Tree network those success nature control.,Production       ,General - Con,MA,Clerk,Female,40314,White,Widowed,Needs Improvement,3,1,Alijah Singh,,Unknown
1434,2018-12-30,2023-03-30,Production Technician I,Desiree Martinez,ayla.roberts@bilearner.com,EW,Active,Part-Time,Zone C,Part-Time,Voluntary,Brother work amount rock newspaper.,Production       ,Splicing,MA,Splicer,Female,88408,White,Divorced,Exceeds,3,1,Ayla Roberts,,Unknown
1435,2021-07-30,,Production Technician I,Allison Sanders,isai.mcfarland@bilearner.com,MSC,Active,Contract,Zone C,Temporary,Unk,Active Employee,Production       ,Field Operations,MA,Laborer,Female,70770,Hispanic,Single,Exceeds,3,0,Isai Mcfarland,,Unknown
1436,2022-10-28,,Production Technician I,Kimberly Meyer,brent.dominguez@bilearner.com,TNS,Active,Full-Time,Zone C,Temporary,Unk,Active Employee,Production       ,Field Operations,MA,Laborer,Male,35871,Hispanic,Married,Needs Improvement,3,0,Brent Dominguez,,Unknown
1437,2020-10-29,,Production Technician I,James Kennedy,lorena.graves@bilearner.com,PYZ,Active,Contract,Zone C,Temporary,Unk,Active Employee,Production       ,Project Management - Con,MA,Manager,Male,13357,Asian,Single,Exceeds,3,0,Lorena Graves,,Unknown
1438,2023-03-17,2023-03-22,Production Technician I,Brianna Coleman,lucian.mora@bilearner.com,WBL,Active,Contract,Zone B,Part-Time,Voluntary,Order risk think. North born would might.,Production       ,Field Operations,MA,Foreman,Male,51453,Asian,Married,Exceeds,3,1,Lucian Mora,,Unknown
1439,2022-07-20,2023-04-26,Production Technician I,Daniel Mason,dangelo.gould@bilearner.com,NEL,Active,Full-Time,Zone A,Temporary,Voluntary,Establish go so someone might none stop citizen.,Production       ,General - Con,MA,Laborer,Female,76246,Asian,Widowed,Needs Improvement,3,1,Dangelo Gould,,Unknown
1440,2023-08-04,,Production Technician I,Tommy Green,humberto.horn@bilearner.com,PL,Active,Part-Time,Zone A,Temporary,Unk,Active Employee,Production       ,Field Operations,MA,Driver,Female,57866,Hispanic,Single,Needs Improvement,3,0,Humberto Horn,,Unknown
1441,2021-11-26,2022-09-23,Production Technician I,Holly Lee,miranda.chavez@bilearner.com,BPC,Active,Contract,Zone A,Temporary,Voluntary,Show home than data her. Act speak also best.,Production       ,Field Operations,MA,Laborer,Female,69720,Hispanic,Married,Needs Improvement,3,1,Miranda Chavez,,Unknown
1442,2018-09-27,,Production Technician I,Jerome Warren,makena.mcintosh@bilearner.com,CCDR,Active,Full-Time,Zone A,Temporary,Unk,Active Employee,Production       ,Safety,MA,Safety,Female,31956,Black,Single,Needs Improvement,3,0,Makena Mcintosh,33.0,25-34
1443,2019-08-04,,Production Technician I,Robert Carter,armani.crawford@bilearner.com,SVG,Active,Contract,Zone C,Part-Time,Unk,Active Employee,Production       ,Field Operations,MA,Technician,Female,96317,White,Divorced,Needs Improvement,3,0,Armani Crawford,,Unknown
1444,2019-10-03,,Production Technician I,John Mccarty,eugene.bird@bilearner.com,EW,Active,Contract,Zone C,Part-Time,Unk,Active Employee,Production       ,General - Con,MA,Laborer,Female,78331,White,Divorced,Needs Improvement,3,0,Eugene Bird,,Unknown
1445,2021-09-05,2022-09-29,Production Technician I,Felicia Goodwin,connor.larsen@bilearner.com,MSC,Future Start,Part-Time,Zone C,Part-Time,Voluntary,Party make program beat.,Production       ,Aerial,MA,Labor,Female,89203,White,Married,Exceeds,3,1,Connor Larsen,,Unknown
1446,2020-07-21,2023-02-28,Production Technician I,Joseph Riley,harley.mccullough@bilearner.com,TNS,Future Start,Full-Time,Zone B,Temporary,Involuntary,Be room ready hotel drug pressure.,Production       ,Aerial,MA,Driver,Female,68233,White,Married,Exceeds,3,1,Harley Mccullough,29.0,25-34
1447,2022-12-12,2023-06-26,Production Technician I,Alexis Bell,lucian.montoya@bilearner.com,PYZ,Leave of Absence,Full-Time,Zone C,Part-Time,Resignation,Far special physical including shoulder among.,Production       ,Field Operations,MA,Supervisor,Female,24188,Black,Single,Exceeds,3,1,Lucian Montoya,,Unknown
1448,2020-09-13,,Production Technician I,Jesus Mejia,shiloh.baird@bilearner.com,WBL,Active,Part-Time,Zone A,Part-Time,Unk,Active Employee,Production       ,General - Con,MA,Technician,Female,72868,Other,Single,Needs Improvement,3,0,Shiloh Baird,,Unknown
1449,2022-11-15,,Production Technician II,Ashley Gamble,tara.alvarado@bilearner.com,PL,Active,Part-Time,Zone B,Temporary,Unk,Active Employee,Production       ,General - Sga,MA,Administrator,Male,82061,Other,Divorced,Needs Improvement,3,0,Tara Alvarado,,Unknown
1450,2020-02-07,2022-04-20,Production Technician II,Michael Rodriguez,raina.vaughan@bilearner.com,PYZ,Voluntarily Terminated,Full-Time,Zone C,Temporary,Retirement,Dog hot civil democratic tree public.,Production       ,Field Operations,MA,Manager,Male,19127,White,Single,Needs Improvement,3,1,Raina Vaughan,,Unknown
1451,2022-12-31,,Production Technician II,Miguel Whitehead,sienna.bullock@bilearner.com,SVG,Active,Part-Time,Zone A,Part-Time,Unk,Active Employee,Production       ,Splicing,MA,Technician,Female,26670,Hispanic,Widowed,Needs Improvement,3,0,Sienna Bullock,,Unknown
1452,2019-03-26,,Production Technician II,Lindsey Carter PhD,tyrese.goodman@bilearner.com,TNS,Active,Full-Time,Zone B,Full-Time,Unk,Active Employee,Production       ,Field Operations,MA,Driver,Female,86883,White,Single,Needs Improvement,3,0,Tyrese Goodman,,Unknown
1453,2023-03-22,,Production Technician II,Sherry Jones,giovanni.landry@bilearner.com,WBL,Active,Full-Time,Zone C,Temporary,Unk,Active Employee,Production       ,Engineers,MA,Engineer,Male,83496,Black,Single,Needs Improvement,3,0,Giovanni Landry,,Unknown
1454,2022-12-23,2022-12-25,Production Technician II,Ryan Cooke,javon.moses@bilearner.com,WBL,Voluntarily Terminated,Full-Time,Zone C,Temporary,Voluntary,How civil act war dinner even campaign language.,Production       ,General - Con,MA,Lineman,Male,5270,Hispanic,Married,Needs Improvement,3,1,Javon Moses,49.0,45-54
1455,2019-12-27,,Production Technician I,Sara Farrell,alonso.williams@bilearner.com,PL,Active,Contract,Zone C,Full-Time,Unk,Active Employee,Production       ,General - Sga,MA,Administrator,Female,18041,Other,Widowed,Needs Improvement,3,0,Alonso Williams,,Unknown
1456,2019-06-25,2019-07-09,Production Technician I,Brittany Payne,kamila.rosales@bilearner.com,PYZ,Active,Full-Time,Zone B,Full-Time,Resignation,Amount much food.,Production       ,Engineers,MA,Engineer,Female,55931,Hispanic,Married,Exceeds,3,1,Kamila Rosales,70.0,65+
1457,2018-11-23,,Production Technician I,Linda Boyer,jadiel.french@bilearner.com,SVG,Active,Contract,Zone A,Part-Time,Unk,Active Employee,Production       ,Field Operations,MA,Driller,Female,84889,Other,Married,Exceeds,3,0,Jadiel French,49.0,45-54
1458,2021-01-17,,Production Technician I,John Carter,brennan.jefferson@bilearner.com,TNS,Active,Full-Time,Zone A,Part-Time,Unk,Active Employee,Production       ,Wireline Construction,MA,Foreman,Female,20292,Hispanic,Single,Exceeds,3,0,Brennan Jefferson,,Unknown
1459,2021-09-08,,Production Technician I,Joshua Watkins,noe.glenn@bilearner.com,WBL,Active,Contract,Zone C,Temporary,Unk,Active Employee,Production       ,Engineers,MA,Technician,Male,46927,Black,Single,Exceeds,3,0,Noe Glenn,80.0,65+
1460,2021-02-24,2022-06-18,Production Technician I,Adam Graves,vaughn.kim@bilearner.com,BPC,Active,Full-Time,Zone A,Temporary,Retirement,Deal strong chance cold.,Production       ,Wireline Construction,MA,Foreman,Male,14170,Other,Divorced,Exceeds,3,1,Vaughn Kim,,Unknown
1461,2019-04-12,2020-09-28,Production Technician I,Shane Carr,anabel.evans@bilearner.com,CCDR,Active,Full-Time,Zone C,Full-Time,Retirement,Drive feel its former end allow.,Production       ,Project Management - Con,MA,Technician,Female,82370,Asian,Widowed,Exceeds,3,1,Anabel Evans,25.0,Under 25
1462,2023-07-13,,Production Technician I,Kelly Patel,elisabeth.irwin@bilearner.com,EW,Active,Contract,Zone C,Temporary,Unk,Active Employee,Production       ,Fielders,MA,Engineer,Female,83401,Other,Widowed,Exceeds,3,0,Elisabeth Irwin,66.0,65+
1463,2020-10-05,,Production Technician I,Maria Young,bo.bradford@bilearner.com,MSC,Active,Contract,Zone C,Temporary,Unk,Active Employee,Production       ,Field Operations,MA,Technician,Female,28372,Hispanic,Divorced,Exceeds,3,0,Bo Bradford,,Unknown
1464,2019-01-27,,Production Technician I,Karen Cooke,dustin.beasley@bilearner.com,NEL,Active,Part-Time,Zone C,Full-Time,Unk,Active Employee,Production       ,General - Sga,MA,Supervisor,Female,7304,Asian,Married,Exceeds,3,0,Dustin Beasley,69.0,65+
1465,2020-12-17,2021-11-20,Production Technician I,Tammy Gardner,dean.winters@bilearner.com,PL,Active,Part-Time,Zone A,Full-Time,Retirement,Big evening develop our peace how reality place.,Production       ,Technology / It,MA,Analyst,Female,7717,Other,Single,Exceeds,3,1,Dean Winters,,Unknown
1466,2021-03-04,,Production Technician I,Jennifer Dillon,chanel.dougherty@bilearner.com,PYZ,Active,Full-Time,Zone A,Temporary,Unk,Active Employee,Production       ,Billable Consultants,MA,Engineer,Female,50559,White,Widowed,Exceeds,3,0,Chanel Dougherty,37.0,35-44
1467,2023-03-30,,Production Technician I,Andrew Brown,phoebe.dorsey@bilearner.com,SVG,Active,Full-Time,Zone A,Temporary,Unk,Active Employee,Production       ,People Services,MA,Generalist,Female,18652,Black,Married,Fully Meets,3,0,Phoebe Dorsey,,Unknown
1468,2018-12-27,,Production Technician I,Michael Flowers,coleman.bridges@bilearner.com,TNS,Active,Contract,Zone A,Part-Time,Unk,Active Employee,Production       ,Field Operations,MA,Laborer,Female,24605,Hispanic,Divorced,Exceeds,3,0,Coleman Bridges,,Unknown
1469,2021-09-20,,Production Technician I,Juan Gordon,juliet.bautista@bilearner.com,WBL,Active,Full-Time,Zone B,Temporary,Unk,Active Employee,Production       ,Field Operations,MA,Lineman,Female,59499,Asian,Married,Exceeds,3,0,Juliet Bautista,,Unknown
1470,2023-02-08,,Production Technician I,Kimberly Green,julia.lawrence@bilearner.com,BPC,Active,Part-Time,Zone B,Part-Time,Unk,Active Employee,Production       ,General - Sga,MA,Administrator,Female,62387,Asian,Married,Exceeds,3,0,Julia Lawrence,,Unknown
1471,2019-10-16,2022-01-12,Production Technician II,Connie Elliott,kinley.dean@bilearner.com,CCDR,Voluntarily Terminated,Full-Time,Zone B,Part-Time,Retirement,Explain happen heavy wall hot year ability.,Production       ,Field Operations,MA,Lineman,Male,4589,White,Divorced,Exceeds,3,1,Kinley Dean,66.0,65+
1472,2021-08-31,,Production Technician II,Chase Ali,karina.mccarthy@bilearner.com,SVG,Active,Contract,Zone C,Full-Time,Unk,Active Employee,Production       ,Project Management - Con,MA,Field Project Manager,Male,46068,Other,Single,Exceeds,3,0,Karina Mccarthy,,Unknown
1473,2020-09-25,,Production Technician II,Teresa Wood,ruben.kirby@bilearner.com,EW,Active,Contract,Zone B,Full-Time,Unk,Active Employee,Production       ,Field Operations,MA,Laborer,Female,24519,Black,Divorced,Exceeds,3,0,Ruben Kirby,84.0,65+
1474,2023-02-01,2023-02-03,Production Technician II,Timothy Powell,alexia.hughes@bilearner.com,MSC,Voluntarily Terminated,Full-Time,Zone C,Part-Time,Voluntary,Then sing son.,Production       ,Engineers,MA,Engineer,Female,46511,Hispanic,Married,Exceeds,3,1,Alexia Hughes,,Unknown
1475,2023-01-17,2023-05-21,Production Technician II,Michelle Webb,miles.gill@bilearner.com,TNS,Active,Full-Time,Zone A,Temporary,Resignation,Teacher style heart so. Answer Mr that.,Production       ,Wireline Construction,MA,Laborer,Male,86113,Other,Married,Exceeds,3,1,Miles Gill,,Unknown
1476,2019-12-07,2020-09-02,Production Technician II,Jared Walsh,kaden.woodard@bilearner.com,PYZ,Voluntarily Terminated,Contract,Zone C,Part-Time,Voluntary,Value health model day production identify.,Production       ,Field Operations,MA,Foreman,Male,16157,Other,Divorced,PIP,3,1,Kaden Woodard,64.0,55-64
1477,2018-11-21,2022-01-11,Production Technician I,Jennifer Rivera,frida.wilkins@bilearner.com,CCDR,Active,Contract,Zone B,Full-Time,Retirement,Great relate within you. Red bill unit school.,Production       ,Wireline Construction,MA,Laborer,Female,75398,Asian,Married,Exceeds,3,1,Frida Wilkins,63.0,55-64
1478,2021-02-15,2023-07-18,Production Technician I,Susan Burns,kamron.doyle@bilearner.com,SVG,Active,Part-Time,Zone B,Part-Time,Voluntary,Expert skill prove book wear half though.,Production       ,Field Operations,MA,Locator,Female,35244,Other,Divorced,Exceeds,3,1,Kamron Doyle,,Unknown
1479,2021-01-06,,Production Technician I,Sandra Blackwell,blaine.rose@bilearner.com,EW,Active,Part-Time,Zone B,Full-Time,Unk,Active Employee,Production       ,Project Management - Con,MA,Coordinator,Female,31819,White,Married,Exceeds,3,0,Blaine Rose,75.0,65+
1480,2019-01-18,,Production Technician I,Eric Oliver,elena.gilmore@bilearner.com,MSC,Active,Part-Time,Zone B,Part-Time,Unk,Active Employee,Production       ,Shop (Fleet),MA,Mechanic,Male,77316,Black,Married,Needs Improvement,3,0,Elena Gilmore,,Unknown
1481,2023-03-15,,Production Technician I,Robyn Robbins,ashlynn.moses@bilearner.com,TNS,Active,Full-Time,Zone A,Part-Time,Unk,Active Employee,Production       ,Field Operations,MA,Technician,Male,71882,Asian,Single,Exceeds,3,0,Ashlynn Moses,26.0,25-34
1482,2019-11-11,,Production Technician I,Robert Hall,esmeralda.galvan@bilearner.com,PYZ,Active,Contract,Zone C,Temporary,Unk,Active Employee,Production       ,Finance & Accounting,MA,Vp,Female,81260,Asian,Widowed,Exceeds,3,0,Esmeralda Galvan,74.0,65+
1483,2022-08-21,2023-01-20,Production Technician I,Jacob Smith,ignacio.wiley@bilearner.com,WBL,Active,Full-Time,Zone A,Full-Time,Retirement,A discussion quite mission.,Production       ,Shop (Fleet),MA,Shop,Female,74813,Hispanic,Single,Exceeds,3,1,Ignacio Wiley,,Unknown
1484,2020-05-05,,Production Technician I,Sarah Harper,lorena.mahoney@bilearner.com,NEL,Active,Full-Time,Zone B,Full-Time,Unk,Active Employee,Production       ,General - Con,MA,Laborer,Female,43208,Hispanic,Married,Exceeds,3,0,Lorena Mahoney,35.0,25-34
1485,2021-03-05,2023-04-02,Production Technician I,Dennis Yates,krystal.atkinson@bilearner.com,PL,Active,Contract,Zone A,Part-Time,Involuntary,Top ability sit onto so.,Production       ,Aerial,MA,Laborer,Female,92712,Asian,Married,Exceeds,3,1,Krystal Atkinson,,Unknown
1486,2019-03-07,,Production Technician I,Christopher Smith,soren.merritt@bilearner.com,BPC,Active,Part-Time,Zone A,Full-Time,Unk,Active Employee,Production       ,Engineers,MA,Engineer,Female,53726,Hispanic,Divorced,Fully Meets,3,0,Soren Merritt,,Unknown
1487,2022-05-08,2023-03-27,Production Technician I,Tracy Phillips,frida.salazar@bilearner.com,CCDR,Active,Full-Time,Zone B,Part-Time,Involuntary,Once type here really.,Production       ,General - Con,MA,Operator,Female,31742,Asian,Widowed,Fully Meets,3,1,Frida Salazar,,Unknown
1488,2020-08-21,2022-05-30,Production Technician I,Barry Martinez,annie.peters@bilearner.com,SVG,Future Start,Part-Time,Zone A,Full-Time,Retirement,Speak others again behavior network quite none.,Production       ,Engineers,MA,Project Manager,Female,7547,Hispanic,Single,Fully Meets,3,1,Annie Peters,,Unknown
1489,2020-12-01,,Production Technician I,David Young,zoie.mercado@bilearner.com,EW,Active,Contract,Zone A,Part-Time,Unk,Active Employee,Production       ,Fielders,MA,Technician,Female,42750,White,Widowed,Fully Meets,3,0,Zoie Mercado,,Unknown
1490,2019-08-13,,Production Technician I,Edwin Serrano,joanna.arias@bilearner.com,MSC,Active,Contract,Zone A,Temporary,Unk,Active Employee,Production       ,Engineers,MA,Director,Female,40934,White,Widowed,Needs Improvement,3,0,Joanna Arias,,Unknown
1491,2020-03-09,,Production Technician I,Kevin Jones,tristian.wilcox@bilearner.com,TNS,Active,Part-Time,Zone C,Temporary,Unk,Active Employee,Production       ,Project Management - Con,MA,Manager,Female,4664,Hispanic,Married,Exceeds,3,0,Tristian Wilcox,,Unknown
1492,2020-05-06,,Production Technician II,Ian Price,zoey.spence@bilearner.com,CCDR,Active,Full-Time,Zone B,Temporary,Unk,Active Employee,Production       ,Engineers,MA,Engineer,Male,73153,Other,Divorced,Exceeds,3,0,Zoey Spence,71.0,65+
1493,2022-08-03,,Production Technician II,Kimberly Rivera,bradley.barnes@bilearner.com,SVG,Active,Full-Time,Zone B,Temporary,Unk,Active Employee,Production       ,Field Operations,MA,Laborer,Male,57107,Black,Married,Fully Meets,3,0,Bradley Barnes,,Unknown
1494,2018-10-13,2019-12-04,Production Technician II,Miranda Brown,juliana.schroeder@bilearner.com,EW,Voluntarily Terminated,Contract,Zone B,Full-Time,Retirement,Thing join brother throughout.,Production       ,Splicing,MA,Coordinator,Female,18325,Hispanic,Divorced,Fully Meets,3,1,Juliana Schroeder,77.0,65+
1495,2021-07-04,,Production Technician II,Jorge Cunningham,yasmin.warren@bilearner.com,MSC,Active,Part-Time,Zone A,Temporary,Unk,Active Employee,Production       ,General - Con,MA,Laborer,Male,38175,Hispanic,Single,Fully Meets,3,0,Yasmin Warren,55.0,45-54
1496,2019-04-30,2020-05-04,Production Technician II,Sarah Fisher,izabella.barron@bilearner.com,TNS,Active,Part-Time,Zone A,Full-Time,Retirement,Positive far win six might.,Production       ,Splicing,MA,Technician,Male,27412,White,Widowed,Fully Meets,3,1,Izabella Barron,,Unknown
1497,2020-11-03,,Production Technician II,Melissa Moreno,victoria.soto@bilearner.com,PYZ,Active,Contract,Zone C,Temporary,Unk,Active Employee,Production       ,Engineers,MA,Drafter,Male,26808,Black,Widowed,Needs Improvement,3,0,Victoria Soto,31.0,25-34
1498,2022-08-15,2022-08-20,Production Technician I,Crystal Smith,cody.beard@bilearner.com,BPC,Active,Full-Time,Zone B,Part-Time,Retirement,Will raise compare realize evidence most product.,Production       ,Engineers,MA,Director,Female,43193,Black,Married,Exceeds,3,1,Cody Beard,,Unknown
1499,2022-02-26,2022-10-16,Production Technician I,Lori Lopez DVM,abigayle.mccann@bilearner.com,CCDR,Active,Contract,Zone A,Full-Time,Resignation,Win late significant throughout add.,Production       ,General - Con,MA,Operator,Female,94816,Other,Married,Fully Meets,3,1,Abigayle Mccann,,Unknown
1500,2019-05-13,,Production Technician I,Kevin Rodriguez,brenden.marks@bilearner.com,SVG,Active,Part-Time,Zone B,Part-Time,Unk,Active Employee,Production       ,Field Operations,MA,Tower Hand,Female,92438,Hispanic,Divorced,Fully Meets,3,0,Brenden Marks,41.0,35-44
1501,2021-10-24,2022-10-03,Production Technician I,Mary Higgins,jaqueline.gallagher@bilearner.com,EW,Active,Contract,Zone A,Part-Time,Retirement,Surface mother in into pick middle too.,Production       ,Field Operations,MA,Tower Hand,Male,12961,Hispanic,Widowed,Fully Meets,3,1,Jaqueline Gallagher,27.0,25-34
1502,2021-05-10,2023-04-10,Production Technician I,Austin Salas,abagail.banks@bilearner.com,MSC,Active,Full-Time,Zone B,Full-Time,Retirement,Subject improve what get care test development.,Production       ,General - Eng,MA,Administrative,Male,96477,White,Divorced,Fully Meets,3,1,Abagail Banks,,Unknown
1503,2021-06-13,2021-06-20,Production Technician I,Marissa Clarke,nickolas.guzman@bilearner.com,TNS,Active,Contract,Zone A,Part-Time,Retirement,Remember teacher produce use voice.,Production       ,General - Sga,MA,Business Development,Female,31097,Black,Single,Fully Meets,3,1,Nickolas Guzman,,Unknown
1504,2019-11-04,2021-07-28,Production Technician I,Cindy Lopez,guillermo.rose@bilearner.com,PYZ,Active,Full-Time,Zone C,Full-Time,Resignation,Health section option interview.,Production       ,Engineers,MA,Technician,Female,11962,Other,Married,Needs Improvement,3,1,Guillermo Rose,,Unknown
1505,2020-01-29,,Production Technician I,Nicole Harrington,moises.brock@bilearner.com,WBL,Active,Full-Time,Zone A,Part-Time,Unk,Active Employee,Production       ,Wireline Construction,MA,Supervisor,Female,29145,Other,Widowed,Exceeds,3,0,Moises Brock,,Unknown
1506,2018-09-05,2020-09-08,Production Technician I,Christopher Garcia,hayden.richmond@bilearner.com,NEL,Active,Part-Time,Zone B,Part-Time,Retirement,Likely former outside free short occur.,Production       ,Engineers,MA,Engineer,Female,25033,Hispanic,Single,Exceeds,3,1,Hayden Richmond,,Unknown
1507,2021-07-21,,Production Technician I,Jamie Wallace,evelin.sellers@bilearner.com,PL,Active,Full-Time,Zone C,Full-Time,Unk,Active Employee,Production       ,General - Sga,MA,Administrator,Female,58830,Black,Widowed,Fully Meets,3,0,Evelin Sellers,,Unknown
1508,2023-05-20,,Production Technician I,Noah Woods,dereon.hayes@bilearner.com,BPC,Active,Part-Time,Zone B,Temporary,Unk,Active Employee,Production       ,General - Con,MA,Lineman,Female,64063,White,Single,Fully Meets,3,0,Dereon Hayes,,Unknown
1509,2022-05-16,,Production Technician I,Taylor Fleming,marlee.mathis@bilearner.com,CCDR,Active,Full-Time,Zone C,Full-Time,Unk,Active Employee,Production       ,General - Sga,MA,Assistant,Female,92210,Other,Single,Fully Meets,3,0,Marlee Mathis,,Unknown
1510,2021-03-15,,Production Technician I,Stacy Blackwell,alice.house@bilearner.com,SVG,Active,Contract,Zone C,Temporary,Unk,Active Employee,Production       ,General - Sga,MA,Technician,Female,79031,Black,Married,Fully Meets,3,0,Alice House,,Unknown
1511,2023-06-26,2023-07-30,Production Technician I,Melissa Morse,jonathon.thompson@bilearner.com,EW,Future Start,Full-Time,Zone C,Full-Time,Retirement,Spring sell become contain wear against design.,Production       ,Field Operations,MA,Groundman,Female,47284,Hispanic,Single,Fully Meets,3,1,Jonathon Thompson,31.0,25-34
1512,2019-10-11,2021-04-24,Production Technician I,Maria Huber,kendal.abbott@bilearner.com,MSC,Leave of Absence,Contract,Zone B,Part-Time,Involuntary,Politics discover throw commercial economic.,Production       ,Field Operations,MA,Laborer,Female,42058,Asian,Widowed,Fully Meets,3,1,Kendal Abbott,,Unknown
1513,2019-12-21,,Production Technician II,Carol Knapp,holly.taylor@bilearner.com,PL,Active,Contract,Zone C,Temporary,Unk,Active Employee,Production       ,General - Eng,MA,Engineer,Male,75433,Other,Widowed,Fully Meets,3,0,Holly Taylor,33.0,25-34
1514,2022-07-15,,Production Technician II,Alan Anderson,hadassah.blackburn@bilearner.com,PYZ,Active,Contract,Zone C,Part-Time,Unk,Active Employee,Production       ,Splicing,MA,Manager,Male,22316,Hispanic,Widowed,Fully Meets,3,0,Hadassah Blackburn,43.0,35-44
1515,2018-09-26,,Production Technician II,Catherine Durham,shaylee.hall@bilearner.com,SVG,Active,Full-Time,Zone B,Part-Time,Unk,Active Employee,Production       ,General - Con,MA,Laborer,Female,96974,Other,Married,Fully Meets,3,0,Shaylee Hall,,Unknown
1516,2022-10-16,,Production Technician II,Travis Smith,richard.nelson@bilearner.com,TNS,Active,Contract,Zone B,Full-Time,Unk,Active Employee,Production       ,General - Eng,MA,Manager,Male,46694,Hispanic,Widowed,Fully Meets,3,0,Richard Nelson,83.0,65+
1517,2021-12-02,2022-04-25,Production Technician II,Deborah Clark,leyla.davila@bilearner.com,WBL,Active,Full-Time,Zone C,Part-Time,Involuntary,From through each buy.,Production       ,Splicing,MA,Splicer,Male,4704,White,Married,Fully Meets,3,1,Leyla Davila,40.0,35-44
1518,2019-03-07,2023-03-06,Production Technician II,Tonya Lewis,kolten.calhoun@bilearner.com,BPC,Voluntarily Terminated,Full-Time,Zone B,Temporary,Retirement,Message senior woman care huge.,Production       ,Fielders,MA,Engineer,Male,35960,White,Divorced,Fully Meets,3,1,Kolten Calhoun,,Unknown
1519,2023-05-02,2023-07-26,Production Technician I,Albert Wilson,camille.livingston@bilearner.com,BPC,Active,Part-Time,Zone B,Full-Time,Voluntary,Behind beautiful station court Mrs.,Production       ,Project Management - Con,MA,Supervisor,Female,76669,Asian,Single,Fully Meets,3,1,Camille Livingston,,Unknown
1520,2020-08-24,2023-02-26,Production Technician I,Timothy Anthony,lilianna.colon@bilearner.com,CCDR,Active,Full-Time,Zone A,Full-Time,Involuntary,Onto fall east employee record.,Production       ,Sales & Marketing,MA,Vp,Female,34189,White,Divorced,Fully Meets,3,1,Lilianna Colon,50.0,45-54
1521,2020-12-08,2021-09-07,Production Technician I,Jackie Poole,chaim.patrick@bilearner.com,SVG,Active,Contract,Zone B,Temporary,Voluntary,Material agency modern degree general.,Production       ,Wireline Construction,MA,Groundman,Male,16162,Black,Single,Needs Improvement,3,1,Chaim Patrick,,Unknown
1522,2021-02-15,,Production Technician I,Dr. Daisy James,amara.castillo@bilearner.com,EW,Active,Full-Time,Zone B,Full-Time,Unk,Active Employee,Production       ,Field Operations,MA,Operator,Male,49777,Hispanic,Married,Fully Meets,3,0,Amara Castillo,,Unknown
1523,2020-09-15,2023-06-24,Production Technician I,Amber Gutierrez,joel.eaton@bilearner.com,MSC,Active,Contract,Zone B,Full-Time,Involuntary,Key because while father.,Production       ,People Services,MA,Director,Male,18628,Other,Married,Fully Meets,3,1,Joel Eaton,,Unknown
1524,2023-03-16,,Production Technician I,Johnny Simpson,priscilla.walters@bilearner.com,TNS,Active,Full-Time,Zone A,Temporary,Unk,Active Employee,Production       ,Engineers,MA,Engineer,Female,5112,Other,Single,Fully Meets,3,0,Priscilla Walters,,Unknown
1525,2021-11-14,2022-10-07,Production Technician I,Ashley Padilla,nehemiah.leach@bilearner.com,BPC,Active,Full-Time,Zone B,Temporary,Involuntary,System less wrong.,Production       ,General - Con,MA,Laborer,Female,42288,Asian,Widowed,Needs Improvement,3,1,Nehemiah Leach,,Unknown
1526,2021-04-23,,Production Technician I,Seth Parks,ashtyn.huynh@bilearner.com,CCDR,Active,Contract,Zone B,Full-Time,Unk,Active Employee,Production       ,Field Operations,MA,Foreman,Female,13579,Other,Divorced,Fully Meets,3,0,Ashtyn Huynh,39.0,35-44
1527,2022-06-05,2022-08-26,Production Technician I,Timothy Robbins,tristen.reed@bilearner.com,EW,Active,Part-Time,Zone A,Full-Time,Voluntary,Career unit oil always without bag its.,Production       ,Engineers,MA,Engineer,Female,39855,Asian,Widowed,Fully Meets,3,1,Tristen Reed,,Unknown
1528,2022-11-19,,Production Technician I,Troy Moore,braedon.chandler@bilearner.com,MSC,Active,Part-Time,Zone A,Part-Time,Unk,Active Employee,Production       ,Field Operations,MA,Laborer,Female,47571,Asian,Widowed,Fully Meets,3,0,Braedon Chandler,,Unknown
1529,2023-04-14,,Production Technician I,Dale Morgan,nikolas.hancock@bilearner.com,NEL,Active,Full-Time,Zone C,Part-Time,Unk,Active Employee,Production       ,Field Operations,MA,Laborer,Female,90069,Hispanic,Married,Fully Meets,3,0,Nikolas Hancock,,Unknown
1530,2022-12-13,,Production Technician I,Melissa Carlson,demetrius.sanders@bilearner.com,PL,Active,Contract,Zone B,Full-Time,Unk,Active Employee,Production       ,Field Operations,MA,Top Hand,Female,25072,Other,Single,Fully Meets,3,0,Demetrius Sanders,26.0,25-34
1531,2023-03-11,2023-04-09,Production Technician I,Paula Flynn,tiana.perry@bilearner.com,PYZ,Future Start,Part-Time,Zone A,Full-Time,Voluntary,Authority PM house child cost risk.,Production       ,Aerial,MA,Lineman,Female,2315,Asian,Widowed,Fully Meets,3,1,Tiana Perry,41.0,35-44
1532,2019-11-22,2020-02-18,Production Technician I,Kendra Huerta,rene.pena@bilearner.com,SVG,Leave of Absence,Part-Time,Zone B,Full-Time,Retirement,Most receive serve way recent up with.,Production       ,General - Con,MA,Technician,Female,74746,Asian,Divorced,Fully Meets,3,1,Rene Pena,82.0,65+
1533,2021-03-13,2021-11-19,Production Technician I,Larry Miller,angelo.fox@bilearner.com,TNS,Leave of Absence,Contract,Zone C,Full-Time,Resignation,Civil scientist green table.,Production       ,Aerial,MA,Technician,Female,20157,Black,Widowed,Fully Meets,3,1,Angelo Fox,,Unknown
1534,2022-02-27,,Production Technician II,Timothy Jennings,ernesto.madden@bilearner.com,CCDR,Active,Full-Time,Zone B,Temporary,Unk,Active Employee,Production       ,Field Operations,MA,Operator,Male,11719,White,Married,Fully Meets,3,0,Ernesto Madden,62.0,55-64
1535,2021-05-08,,Production Technician II,Mary Stokes,amari.christian@bilearner.com,SVG,Active,Contract,Zone B,Part-Time,Unk,Active Employee,Production       ,General - Con,MA,Foreman,Female,30912,Black,Widowed,Fully Meets,3,0,Amari Christian,26.0,25-34
1536,2022-12-27,,Production Technician II,Samuel Donovan,lilly.turner@bilearner.com,EW,Active,Contract,Zone C,Part-Time,Unk,Active Employee,Production       ,General - Con,MA,Locator,Female,35052,Asian,Single,Fully Meets,3,0,Lilly Turner,,Unknown
1537,2020-08-16,,Production Technician II,Eddie Herrera,rayne.simpson@bilearner.com,MSC,Active,Contract,Zone B,Full-Time,Unk,Active Employee,Production       ,Project Management - Con,MA,Vp,Male,13235,Hispanic,Divorced,Fully Meets,3,0,Rayne Simpson,76.0,65+
1538,2023-01-20,,Production Technician II,Michael Reed,aaron.tapia@bilearner.com,TNS,Active,Contract,Zone B,Full-Time,Unk,Active Employee,Production       ,Splicing,MA,Splicer,Male,27010,White,Widowed,Fully Meets,3,0,Aaron Tapia,,Unknown
1539,2020-12-28,2021-10-01,Production Technician II,Luke Bright,aimee.santana@bilearner.com,PYZ,Voluntarily Terminated,Part-Time,Zone A,Full-Time,Voluntary,Treatment become trade enough improve.,Production       ,Project Management - Con,MA,Laborer,Male,79458,Hispanic,Widowed,Fully Meets,3,1,Aimee Santana,65.0,55-64
1540,2021-02-18,,Production Technician I,Bonnie Myers,raegan.stanton@bilearner.com,BPC,Active,Contract,Zone C,Temporary,Unk,Active Employee,Production       ,Technology / It,MA,Cio,Female,62937,Black,Widowed,Fully Meets,3,0,Raegan Stanton,,Unknown
1541,2021-01-16,,Production Technician I,Pamela Guzman,johan.sosa@bilearner.com,CCDR,Active,Part-Time,Zone C,Full-Time,Unk,Active Employee,Production       ,General - Sga,MA,Assistant,Female,7598,Black,Widowed,Fully Meets,3,0,Johan Sosa,,Unknown
1542,2022-04-07,,Production Technician I,Brittany Sanchez,stacy.bonilla@bilearner.com,SVG,Active,Full-Time,Zone A,Temporary,Unk,Active Employee,Production       ,Splicing,MA,Construction Manager,Male,26161,White,Married,Fully Meets,3,0,Stacy Bonilla,34.0,25-34
1543,2019-07-11,2021-05-04,Production Technician I,Crystal Nelson,valery.holder@bilearner.com,EW,Active,Part-Time,Zone A,Part-Time,Involuntary,Daughter know consider.,Production       ,Field Operations,MA,Laborer,Male,43421,Black,Married,Fully Meets,3,1,Valery Holder,,Unknown
1544,2020-08-09,2022-11-06,Production Technician I,Jenna Martin,skye.cochran@bilearner.com,MSC,Active,Part-Time,Zone C,Temporary,Retirement,Night office challenge several many.,Production       ,General - Eng,MA,Technician,Female,53393,Other,Married,Fully Meets,3,1,Skye Cochran,,Unknown
1545,2018-09-20,,Production Technician I,Lacey Andrews,jerimiah.mendez@bilearner.com,TNS,Active,Contract,Zone A,Part-Time,Unk,Active Employee,Production       ,Field Operations,MA,Laborer,Female,33362,Hispanic,Married,Fully Meets,3,0,Jerimiah Mendez,69.0,65+
1546,2020-01-21,2021-05-19,Production Technician I,Michelle Miller,madden.lam@bilearner.com,PYZ,Active,Part-Time,Zone B,Part-Time,Voluntary,Week force explain of determine consumer.,Production       ,Splicing,MA,Construction Manager,Female,61239,Hispanic,Widowed,Fully Meets,3,1,Madden Lam,,Unknown
1547,2022-02-17,2023-02-14,Production Technician I,Charles Massey,nicole.stone@bilearner.com,WBL,Active,Contract,Zone B,Temporary,Retirement,Have event interest simply million onto.,Production       ,Technology / It,MA,Intern,Female,31989,Hispanic,Widowed,Fully Meets,3,1,Nicole Stone,,Unknown
1548,2019-06-11,,Production Technician I,Karen Marquez MD,brice.christian@bilearner.com,NEL,Active,Part-Time,Zone A,Full-Time,Unk,Active Employee,Production       ,Engineers,MA,Engineer,Male,75761,Asian,Widowed,Needs Improvement,3,0,Brice Christian,62.0,55-64
1549,2022-05-05,,Production Technician I,Valerie Gregory,sage.potter@bilearner.com,PL,Active,Part-Time,Zone C,Full-Time,Unk,Active Employee,Production       ,Executive,MA,Executive,Female,25854,Other,Married,Fully Meets,3,0,Sage Potter,,Unknown
1550,2018-09-19,2020-08-12,Production Technician I,David Bullock,kyle.peck@bilearner.com,BPC,Active,Full-Time,Zone A,Temporary,Retirement,Name maybe wear yet.,Production       ,Field Operations,MA,Technician,Female,92807,Black,Widowed,Fully Meets,3,1,Kyle Peck,,Unknown
1551,2021-06-01,2023-06-19,Production Technician I,Matthew Mcdaniel,zaniyah.roman@bilearner.com,CCDR,Future Start,Contract,Zone B,Full-Time,Resignation,Product high partner area piece.,Production       ,Engineers,MA,Project Manager,Female,5288,Black,Divorced,Fully Meets,3,1,Zaniyah Roman,,Unknown
1552,2023-07-05,2023-07-11,Production Technician I,Cory Edwards,katie.gutierrez@bilearner.com,SVG,Future Start,Part-Time,Zone C,Part-Time,Voluntary,Loss beyond low begin end husband.,Production       ,Wireline Construction,MA,Laborer,Female,66412,Asian,Widowed,Fully Meets,3,1,Katie Gutierrez,73.0,65+
1553,2022-12-17,,Production Technician I,Kelly Reyes,walker.baird@bilearner.com,EW,Active,Part-Time,Zone C,Part-Time,Unk,Active Employee,Production       ,Field Operations,MA,Technician,Female,20484,Other,Single,Fully Meets,3,0,Walker Baird,66.0,65+
1554,2021-07-06,2022-09-15,Production Technician I,Dustin Alvarado,zackery.sutton@bilearner.com,MSC,Leave of Absence,Full-Time,Zone B,Part-Time,Voluntary,However many movie effort.,Production       ,Technology / It,MA,Project Manager,Male,73854,White,Widowed,Fully Meets,3,1,Zackery Sutton,,Unknown
1555,2019-03-27,,Production Technician II,Kenneth Reeves,hazel.ponce@bilearner.com,PL,Active,Part-Time,Zone A,Part-Time,Unk,Active Employee,Production       ,Field Operations,MA,Technician,Female,86977,Hispanic,Divorced,Fully Meets,3,0,Hazel Ponce,,Unknown
1556,2023-05-08,,Production Technician II,Juan Spencer,joey.alvarez@bilearner.com,PYZ,Active,Full-Time,Zone B,Temporary,Unk,Active Employee,Production       ,Project Management - Con,MA,Manager,Female,40039,Asian,Widowed,Fully Meets,3,0,Joey Alvarez,33.0,25-34
1557,2018-12-12,2020-12-24,Production Technician II,Melissa Rodriguez,titus.day@bilearner.com,SVG,Voluntarily Terminated,Part-Time,Zone B,Temporary,Voluntary,Else student few send bag threat.,Production       ,Project Management - Con,MA,Project Manager,Male,25683,Hispanic,Divorced,Fully Meets,3,1,Titus Day,,Unknown
1558,2020-08-25,,Production Technician II,Andrew Johnson,bella.norris@bilearner.com,TNS,Active,Part-Time,Zone A,Temporary,Unk,Active Employee,Production       ,Field Operations,MA,Project Manager,Male,3170,Black,Married,Fully Meets,3,0,Bella Norris,,Unknown
1559,2022-04-22,2022-08-29,Production Technician II,Jodi Scott,braden.ballard@bilearner.com,WBL,Voluntarily Terminated,Full-Time,Zone B,Full-Time,Involuntary,Account national draw skin dream here how mind.,Production       ,Project Management - Con,MA,Coordinator,Male,32042,Other,Divorced,Fully Meets,3,1,Braden Ballard,61.0,55-64
1560,2021-12-20,2022-12-02,Production Technician II,Tyler Jackson,aron.graham@bilearner.com,PYZ,Voluntarily Terminated,Full-Time,Zone A,Full-Time,Retirement,Sea people east bar indicate garden along.,Production       ,General - Con,MA,Model Assistant,Male,52047,Other,Divorced,Fully Meets,3,1,Aron Graham,79.0,65+
1561,2021-02-12,,Production Technician I,Jordan Medina,shamar.cross@bilearner.com,PL,Active,Contract,Zone C,Full-Time,Unk,Active Employee,Production       ,General - Con,MA,Clerk,Female,88833,Hispanic,Single,Fully Meets,3,0,Shamar Cross,,Unknown
1562,2020-09-29,2021-10-19,Production Technician I,Thomas Garner,kailee.harmon@bilearner.com,BPC,Active,Full-Time,Zone B,Temporary,Involuntary,Firm music future may most.,Production       ,General - Sga,MA,Administrator,Female,3211,Black,Single,Fully Meets,3,1,Kailee Harmon,82.0,65+
1563,2022-09-10,2023-02-09,Production Technician I,Anne Weaver,alice.kaufman@bilearner.com,CCDR,Active,Contract,Zone C,Temporary,Resignation,Dinner level write land effort.,Production       ,Field Operations,MA,Engineer,Female,5789,Black,Widowed,Fully Meets,3,1,Alice Kaufman,,Unknown
1564,2023-03-11,2023-06-03,Production Technician I,Todd Cooper,cesar.house@bilearner.com,SVG,Active,Contract,Zone A,Full-Time,Resignation,Cell indicate keep thus.,Production       ,General - Con,MA,Technician,Male,14685,Other,Widowed,Exceeds,3,1,Cesar House,35.0,25-34
1565,2022-04-28,2023-03-12,Production Technician I,Kathryn Drake,guillermo.lynn@bilearner.com,EW,Active,Full-Time,Zone C,Full-Time,Voluntary,Research if officer land.,Production       ,Field Operations,MA,Foreman,Male,6954,Asian,Widowed,Fully Meets,3,1,Guillermo Lynn,,Unknown
1566,2022-03-20,2023-06-18,Production Technician I,April Mcdonald,myles.hart@bilearner.com,MSC,Active,Full-Time,Zone B,Temporary,Retirement,Ball social thought so probably get.,Production       ,Yard (Material Handling),MA,Technician,Female,69989,Hispanic,Divorced,Exceeds,3,1,Myles Hart,,Unknown
1567,2022-03-04,2022-07-29,Production Technician I,Taylor Harris,deborah.kline@bilearner.com,TNS,Active,Contract,Zone C,Part-Time,Involuntary,Administration away choose.,Production       ,Field Operations,MA,Manager,Female,19999,Asian,Single,Fully Meets,3,1,Deborah Kline,,Unknown
1568,2023-02-01,,Production Technician I,Amber Moody,patricia.pruitt@bilearner.com,PYZ,Active,Part-Time,Zone B,Full-Time,Unk,Active Employee,Production       ,Yard (Material Handling),MA,Coordinator,Female,15282,Asian,Divorced,Fully Meets,3,0,Patricia Pruitt,,Unknown
1569,2021-02-05,,Production Technician I,Larry Ramirez,alice.craig@bilearner.com,WBL,Active,Part-Time,Zone C,Full-Time,Unk,Active Employee,Production       ,Engineers,MA,Engineer,Male,65852,Black,Widowed,Fully Meets,3,0,Alice Craig,,Unknown
1570,2022-11-23,2023-05-26,Production Technician I,Debra Freeman,mariana.copeland@bilearner.com,NEL,Active,Contract,Zone C,Part-Time,Retirement,Perhaps market reduce. Type find close.,Production       ,General - Con,MA,Laborer,Male,79576,Asian,Single,Fully Meets,3,1,Mariana Copeland,34.0,25-34
1571,2021-05-24,,Production Technician I,Lisa Walton,nick.merritt@bilearner.com,PL,Active,Part-Time,Zone A,Full-Time,Unk,Active Employee,Production       ,Yard (Material Handling),MA,Specialist,Female,47974,Hispanic,Divorced,Exceeds,3,0,Nick Merritt,40.0,35-44
1572,2021-09-28,2022-10-09,Production Technician I,Julie Porter,chance.warner@bilearner.com,BPC,Active,Part-Time,Zone C,Part-Time,Resignation,Simple over long.,Production       ,Fielders,MA,Engineer,Female,18550,Black,Married,Fully Meets,3,1,Chance Warner,75.0,65+
1573,2021-03-17,,Production Technician I,Kim Mcintyre,ryann.tapia@bilearner.com,CCDR,Active,Contract,Zone A,Part-Time,Unk,Active Employee,Production       ,Shop (Fleet),MA,Manager,Female,21985,Other,Widowed,Fully Meets,3,0,Ryann Tapia,,Unknown
1574,2023-07-03,2023-07-19,Production Technician I,Stacy Hall,diego.hays@bilearner.com,SVG,Future Start,Full-Time,Zone C,Temporary,Voluntary,Think consider reach enjoy deep son good.,Production       ,General - Con,MA,Foreman,Female,17356,Hispanic,Widowed,Fully Meets,3,1,Diego Hays,,Unknown
1575,2019-08-11,2021-07-10,Production Technician I,Amanda Patterson,gabriel.adams@bilearner.com,EW,Leave of Absence,Contract,Zone A,Temporary,Involuntary,Wonder worry life stand.,Production       ,Field Operations,MA,Laborer,Female,82586,Asian,Single,Fully Meets,3,1,Gabriel Adams,,Unknown
1576,2019-11-11,2020-09-29,Production Technician I,Bill Horn,rohan.mcdowell@bilearner.com,MSC,Voluntarily Terminated,Full-Time,Zone C,Full-Time,Resignation,Card subject carry gas picture.,Production       ,Aerial,MA,Lineman,Male,74406,Black,Married,Needs Improvement,3,1,Rohan Mcdowell,,Unknown
1577,2020-12-15,,Production Technician II,Kevin Hall,sullivan.whitehead@bilearner.com,PL,Active,Full-Time,Zone B,Temporary,Unk,Active Employee,Production       ,Finance & Accounting,MA,Cfo,Female,11134,Black,Widowed,Fully Meets,3,0,Sullivan Whitehead,,Unknown
1578,2021-05-06,2023-04-08,Production Technician II,Robin Valdez,lilliana.randolph@bilearner.com,PYZ,Voluntarily Terminated,Part-Time,Zone B,Part-Time,Retirement,Guy act during two. Film suggest either.,Production       ,Field Operations,MA,Tower Hand,Male,71705,Hispanic,Married,Needs Improvement,3,1,Lilliana Randolph,,Unknown
1579,2021-07-08,,Production Technician II,Zachary Santana,presley.salazar@bilearner.com,SVG,Active,Part-Time,Zone A,Full-Time,Unk,Active Employee,Production       ,General - Con,MA,Foreman,Male,48643,White,Divorced,Fully Meets,3,0,Presley Salazar,,Unknown
1580,2023-04-04,,Production Technician II,Jennifer Campos,lilianna.lynn@bilearner.com,TNS,Active,Part-Time,Zone A,Full-Time,Unk,Active Employee,Production       ,Finance & Accounting,MA,Administration,Male,66491,Asian,Single,Needs Improvement,3,0,Lilianna Lynn,54.0,45-54
1581,2022-08-05,2023-01-30,Production Technician II,Alicia Orr,gerardo.sampson@bilearner.com,WBL,Voluntarily Terminated,Full-Time,Zone C,Part-Time,Voluntary,Left call artist tonight movement history happen.,Production       ,General - Con,MA,Foreman,Male,40823,Asian,Single,Fully Meets,3,1,Gerardo Sampson,,Unknown
1582,2020-04-06,2021-12-08,Production Technician II,Edward Merritt II,miguel.kim@bilearner.com,BPC,Voluntarily Terminated,Part-Time,Zone C,Temporary,Resignation,Five national writer try mean training instead.,Production       ,Field Operations,MA,Engineer,Female,95601,Other,Single,Needs Improvement,3,1,Miguel Kim,31.0,25-34
1583,2023-03-02,2023-03-12,Production Technician I,Katherine Morris,muhammad.mcpherson@bilearner.com,NEL,Voluntarily Terminated,Full-Time,Zone B,Part-Time,Involuntary,Wall despite trial assume.,Production       ,Project Management - Con,MA,Coordinator,Female,60634,Other,Widowed,Fully Meets,3,1,Muhammad Mcpherson,53.0,45-54
1584,2020-04-09,,Production Technician I,Alexis Reed,myles.jensen@bilearner.com,PL,Active,Contract,Zone B,Part-Time,Unk,Active Employee,Production       ,Fielders,MA,Engineer,Female,2053,White,Married,Fully Meets,3,0,Myles Jensen,,Unknown
1585,2022-09-17,2023-07-10,Production Technician I,Dr. Ray Austin,alessandro.harris@bilearner.com,BPC,Active,Part-Time,Zone A,Temporary,Retirement,Let trade loss cell political.,Production       ,Splicing,MA,Tester,Female,77910,Black,Single,Fully Meets,3,1,Alessandro Harris,70.0,65+
1586,2022-01-15,,Production Technician I,Samuel Horton,eugene.reyes@bilearner.com,CCDR,Active,Full-Time,Zone C,Full-Time,Unk,Active Employee,Production       ,General - Con,MA,Technician,Female,16737,Hispanic,Widowed,Fully Meets,3,0,Eugene Reyes,53.0,45-54
1587,2022-05-23,,Production Technician I,Brenda Butler,shamar.guzman@bilearner.com,SVG,Active,Part-Time,Zone C,Part-Time,Unk,Active Employee,Production       ,Splicing,MA,Splicer,Male,12898,Other,Divorced,Fully Meets,3,0,Shamar Guzman,42.0,35-44
1588,2021-07-15,,Production Technician I,April Sanchez,mohammed.mcintyre@bilearner.com,EW,Active,Full-Time,Zone A,Temporary,Unk,Active Employee,Production       ,Splicing,MA,Technician,Male,51245,Hispanic,Widowed,Fully Meets,3,0,Mohammed Mcintyre,,Unknown
1589,2020-08-28,2022-08-25,Production Technician I,Monica Hubbard,travis.morgan@bilearner.com,MSC,Active,Contract,Zone A,Part-Time,Involuntary,Small together man show.,Production       ,Field Operations,MA,Technician,Female,22497,White,Married,Fully Meets,3,1,Travis Morgan,30.0,25-34
1590,2021-09-09,,Production Technician I,Antonio Wilson,alessandro.fuller@bilearner.com,TNS,Active,Part-Time,Zone A,Full-Time,Unk,Active Employee,Production       ,Wireline Construction,MA,Foreman,Male,30814,Black,Single,Fully Meets,3,0,Alessandro Fuller,43.0,35-44
1591,2023-02-10,2023-05-23,Production Technician I,Carla Francis,kamden.ochoa@bilearner.com,PYZ,Active,Contract,Zone A,Part-Time,Voluntary,Several clear purpose scientist.,Production       ,General - Con,MA,Technician,Female,69254,Asian,Divorced,Fully Meets,3,1,Kamden Ochoa,,Unknown
1592,2020-06-14,2023-07-18,Production Technician I,Elizabeth Allen,charlee.wiggins@bilearner.com,WBL,Active,Full-Time,Zone A,Full-Time,Retirement,Base source sort contain sport.,Production       ,Engineers,MA,Engineer,Male,20973,Other,Single,Exceeds,3,1,Charlee Wiggins,,Unknown
1593,2020-12-05,,Production Technician I,Donna Collins,natalia.hamilton@bilearner.com,NEL,Active,Part-Time,Zone B,Full-Time,Unk,Active Employee,Production       ,Catv,MA,Laborer,Male,43757,Asian,Widowed,Exceeds,3,0,Natalia Hamilton,,Unknown
1594,2022-07-16,,Production Technician I,Paul Smith,kierra.boone@bilearner.com,PL,Active,Part-Time,Zone B,Full-Time,Unk,Active Employee,Production       ,Aerial,MA,Lineman,Female,32811,Black,Single,Exceeds,3,0,Kierra Boone,,Unknown
1595,2023-06-09,,Production Technician I,Laura Meadows,charlie.ramirez@bilearner.com,BPC,Active,Part-Time,Zone A,Full-Time,Unk,Active Employee,Production       ,General - Eng,MA,Administrative,Female,75995,Black,Married,Exceeds,3,0,Charlie Ramirez,57.0,55-64
1596,2020-03-02,2020-05-25,Production Technician I,Jennifer Mendez,chris.johnson@bilearner.com,CCDR,Future Start,Contract,Zone C,Temporary,Voluntary,Follow tax above large president high.,Production       ,General - Sga,MA,Administrator,Female,2999,Other,Married,Exceeds,3,1,Chris Johnson,,Unknown
1597,2018-11-23,2021-09-27,Production Technician I,Lynn Lewis,john.bentley@bilearner.com,SVG,Future Start,Part-Time,Zone C,Temporary,Voluntary,Few as next east face window fight admit.,Production       ,Project Management - Con,MA,Coordinator,Female,75959,White,Married,Exceeds,3,1,John Bentley,,Unknown
1598,2019-05-27,2023-06-19,Production Technician I,Francisco Henry,myla.mcintyre@bilearner.com,EW,Leave of Absence,Contract,Zone A,Part-Time,Resignation,Treatment food too ten fill.,Production       ,General - Con,MA,Groundman,Female,8372,Black,Divorced,Needs Improvement,3,1,Myla Mcintyre,48.0,45-54
1599,2022-05-18,2023-04-10,Production Technician II,Marie Cruz,demarcus.ware@bilearner.com,BPC,Voluntarily Terminated,Full-Time,Zone C,Full-Time,Resignation,Late hand figure just price blood.,Production       ,Field Operations,MA,Laborer,Male,82257,White,Divorced,Exceeds,3,1,Demarcus Ware,,Unknown
1600,2018-11-06,,Production Technician II,April Carpenter,devon.daniels@bilearner.com,CCDR,Active,Contract,Zone A,Full-Time,Unk,Active Employee,Production       ,General - Con,MA,Technician,Female,23314,Hispanic,Married,Exceeds,3,0,Devon Daniels,,Unknown
1601,2022-03-29,2023-07-24,Production Technician II,Christopher Sullivan,odin.heath@bilearner.com,SVG,Active,Part-Time,Zone C,Temporary,Resignation,Participant create society method tough team.,Production       ,Engineers,MA,Engineer,Male,45740,Asian,Single,Exceeds,3,1,Odin Heath,36.0,35-44
1602,2021-11-04,2022-05-10,Production Technician II,Elizabeth Klein MD,bryanna.mahoney@bilearner.com,EW,Active,Full-Time,Zone A,Part-Time,Voluntary,Event increase laugh same whatever.,Production       ,General - Con,MA,Technician,Female,60262,Asian,Married,Exceeds,3,1,Bryanna Mahoney,26.0,25-34
1603,2023-04-27,,Production Technician II,Jonathon Rivera,ashlynn.thompson@bilearner.com,MSC,Active,Part-Time,Zone B,Part-Time,Unk,Active Employee,Production       ,General - Con,MA,Locator,Male,29223,White,Single,Exceeds,3,0,Ashlynn Thompson,,Unknown
1604,2020-03-08,,Production Technician II,Ryan Dominguez,ansley.duke@bilearner.com,TNS,Active,Full-Time,Zone B,Full-Time,Unk,Active Employee,Production       ,General - Con,MA,Operator,Male,80948,Asian,Married,Exceeds,3,0,Ansley Duke,,Unknown
1605,2019-04-27,2020-10-08,Production Technician I,Mark Marks,izaiah.quinn@bilearner.com,NEL,Voluntarily Terminated,Full-Time,Zone B,Full-Time,Resignation,West hold these man affect heavy from myself.,Production       ,Field Operations,MA,Laborer,Female,95266,Black,Single,Exceeds,3,1,Izaiah Quinn,,Unknown
1606,2019-05-11,,Production Technician I,Justin Hartman,hillary.clements@bilearner.com,PL,Active,Full-Time,Zone C,Full-Time,Unk,Active Employee,Production       ,Field Operations,MA,Laborer,Female,33304,White,Divorced,Exceeds,3,0,Hillary Clements,82.0,65+
1607,2021-03-09,,Production Technician I,David Boyd,diana.cameron@bilearner.com,BPC,Active,Contract,Zone C,Temporary,Unk,Active Employee,Production       ,Shop (Fleet),MA,Shop,Female,36632,Hispanic,Married,Needs Improvement,3,0,Diana Cameron,39.0,35-44
1608,2020-11-05,,Production Technician I,Emily Flores,rhianna.allison@bilearner.com,CCDR,Active,Part-Time,Zone A,Temporary,Unk,Active Employee,Production       ,Field Operations,MA,Technician,Female,20625,White,Widowed,PIP,3,0,Rhianna Allison,,Unknown
1609,2018-09-12,2023-02-25,Production Technician I,John Hopkins,ramon.watson@bilearner.com,SVG,Active,Contract,Zone A,Full-Time,Retirement,Fight look song material year happen.,Production       ,General - Eng,MA,Engineer,Male,26283,Black,Married,PIP,3,1,Ramon Watson,,Unknown
1610,2019-11-09,2019-11-18,Production Technician I,Wendy Williamson,raegan.spence@bilearner.com,EW,Active,Part-Time,Zone B,Full-Time,Involuntary,Option action around live school rich spend.,Production       ,General - Con,MA,Flagger,Female,67750,White,Single,Needs Improvement,3,1,Raegan Spence,,Unknown
1611,2018-11-29,2022-07-09,Production Technician I,Glenda Wilson,jacoby.singleton@bilearner.com,MSC,Active,Full-Time,Zone C,Part-Time,Voluntary,Over almost sport stay.,Production       ,Project Management - Con,MA,Coordinator,Female,53913,Hispanic,Widowed,Needs Improvement,3,1,Jacoby Singleton,,Unknown
1612,2022-07-03,2023-02-22,Production Technician I,Bailey Richards,kara.yates@bilearner.com,TNS,Active,Part-Time,Zone B,Temporary,Retirement,Foreign truth concern break ground.,Production       ,General - Sga,MA,Lineman,Male,76052,White,Single,Needs Improvement,3,1,Kara Yates,,Unknown
1613,2019-09-26,2020-08-01,Production Technician I,Taylor Cruz,beau.barron@bilearner.com,PYZ,Active,Contract,Zone C,Full-Time,Voluntary,Real public realize evening building middle.,Production       ,Field Operations,MA,Laborer,Female,61768,Other,Single,Exceeds,3,1,Beau Barron,31.0,25-34
1614,2022-12-23,,Production Technician I,Joseph Harris,giovanna.morton@bilearner.com,WBL,Active,Part-Time,Zone B,Part-Time,Unk,Active Employee,Production       ,Field Operations,MA,Director,Male,33335,Asian,Divorced,Needs Improvement,3,0,Giovanna Morton,,Unknown
1615,2023-01-19,,Production Technician I,Courtney Mann,braelyn.dominguez@bilearner.com,NEL,Active,Part-Time,Zone C,Part-Time,Unk,Active Employee,Production       ,General - Con,MA,Foreman,Male,69290,White,Married,Exceeds,3,0,Braelyn Dominguez,,Unknown
1616,2018-10-01,,Production Technician I,Anthony Page,rhett.andrews@bilearner.com,PL,Active,Full-Time,Zone A,Part-Time,Unk,Active Employee,Production       ,Field Operations,MA,Laborer,Female,65106,Black,Divorced,Needs Improvement,3,0,Rhett Andrews,35.0,25-34
1617,2022-02-18,,Production Technician I,Christina Powell,terrell.crosby@bilearner.com,BPC,Active,Full-Time,Zone B,Full-Time,Unk,Active Employee,Production       ,Aerial,MA,Lineman,Female,12740,Black,Divorced,Needs Improvement,3,0,Terrell Crosby,,Unknown
1618,2021-12-09,,Production Technician I,Shane Smith,corbin.roberson@bilearner.com,CCDR,Active,Full-Time,Zone B,Temporary,Unk,Active Employee,Production       ,Field Operations,MA,Laborer,Male,58121,White,Widowed,Needs Improvement,3,0,Corbin Roberson,,Unknown
1619,2019-01-01,2021-09-23,Production Technician I,Tammie Brown,micheal.drake@bilearner.com,SVG,Leave of Absence,Part-Time,Zone B,Full-Time,Retirement,Letter happen cut.,Production       ,General - Con,MA,Foreman,Female,95591,Black,Widowed,Needs Improvement,3,1,Micheal Drake,62.0,55-64
1620,2020-05-27,,Production Technician I,David Browning,evie.mclaughlin@bilearner.com,EW,Active,Contract,Zone A,Full-Time,Unk,Active Employee,Production       ,Executive,MA,Executive Assistant,Male,70072,Asian,Single,Needs Improvement,3,0,Evie Mclaughlin,59.0,55-64
1621,2021-09-21,2023-01-28,BI Developer,Alicia Mendoza,robert.hubert@bilearner.com,MSC,Active,Full-Time,Zone B,Temporary,Involuntary,That commercial east message peace.,IT/IS,Field Operations,MA,Supervisor,Male,2134,Other,Divorced,Needs Improvement,3,1,Robert Hubert,51.0,45-54
1622,2021-08-30,2022-03-22,BI Developer,Cynthia Goodwin,matthew.westinghouse@bilearner.com,TNS,Active,Contract,Zone A,Part-Time,Retirement,Television represent skill police.,IT/IS,Aerial,MA,Director,Male,2134,Asian,Single,Needs Improvement,3,1,Matthew Westinghouse,,Unknown
1623,2023-06-19,2023-07-31,BI Developer,David Beard,jason.smith@bilearner.com,PYZ,Active,Full-Time,Zone C,Temporary,Voluntary,Stage pay south word speak.,IT/IS,Finance & Accounting,MA,Intern,Male,2045,Other,Divorced,Needs Improvement,3,1,Jason Smith,,Unknown
1624,2023-05-12,2023-05-16,Senior BI Developer,Maria Rivera,charlie.wang@bilearner.com,WBL,Active,Full-Time,Zone A,Temporary,Resignation,Call certain industry out believe show.,IT/IS,Field Operations,MA,Top Hand,Male,1887,White,Widowed,Needs Improvement,3,1,Charlie Wang,,Unknown
1625,2022-06-05,,Senior BI Developer,Victor Maynard,kurt.navathe@bilearner.com,NEL,Active,Part-Time,Zone B,Part-Time,Unk,Active Employee,IT/IS,Shop (Fleet),MA,Manager,Male,2056,Other,Single,Exceeds,3,0,Kurt Navathe,,Unknown
1626,2020-09-17,2021-06-08,Data Architect,William Green,katie.roper@bilearner.com,PL,Active,Full-Time,Zone B,Temporary,Resignation,To national third with give law live.,IT/IS,General - Con,MA,Technician,Female,2056,Other,Married,Needs Improvement,3,1,Katie Roper,79.0,65+
1627,2023-05-15,,BI Developer,Alicia Howard,maggie.rachael@bilearner.com,BPC,Active,Full-Time,Zone C,Full-Time,Unk,Active Employee,IT/IS,Field Operations,MA,Technician,Female,2110,Other,Divorced,Exceeds,3,0,Maggie Rachael,,Unknown
1628,2018-12-15,2019-11-14,Senior BI Developer,Walter Thompson,binh.le@bilearner.com,CCDR,Active,Part-Time,Zone A,Temporary,Retirement,Evidence but adult coach claim minute simple.,IT/IS,Catv,MA,Foreman,Female,1886,Asian,Single,Needs Improvement,3,1,Binh Le,52.0,45-54
1629,2019-11-06,2023-03-22,BI Developer,Robert Crawford,lucia.peterson@bilearner.com,PL,Terminated for Cause,Part-Time,Zone B,Full-Time,Voluntary,Prevent sing be member democratic.,IT/IS,Field Operations,MA,Engineer,Female,2970,Hispanic,Married,Fully Meets,3,1,Lucia Peterson,80.0,65+
1630,2021-04-25,2022-10-25,BI Developer,David Wu,nola.moss@bilearner.com,BPC,Terminated for Cause,Contract,Zone C,Temporary,Involuntary,Avoid no beat from interesting.,IT/IS,General - Con,MA,Foreman,Female,13058,Other,Single,Fully Meets,3,1,Nola Moss,82.0,65+
1631,2023-06-17,2023-07-19,BI Developer,Jessica Peters,chance.braun@bilearner.com,CCDR,Terminated for Cause,Full-Time,Zone C,Full-Time,Voluntary,President site student thank community.,IT/IS,Executive,MA,Executive Assistant,Female,20602,White,Widowed,Fully Meets,3,1,Chance Braun,,Unknown
1632,2022-01-14,,BI Developer,Mary Lewis,alma.pennington@bilearner.com,SVG,Active,Full-Time,Zone C,Full-Time,Unk,Active Employee,IT/IS,Field Operations,MA,Driller,Female,40731,Black,Widowed,Fully Meets,3,0,Alma Pennington,56.0,55-64
1633,2018-10-22,2019-03-13,Area Sales Manager,Sandra Gardner,miley.french@bilearner.com,EW,Active,Contract,Zone B,Temporary,Involuntary,Establish hotel up value property.,IT/IS,Field Operations,MA,Laborer,Female,94379,Black,Widowed,Fully Meets,3,1,Miley French,32.0,25-34
1634,2021-10-17,2022-11-13,Area Sales Manager,Bethany Jackson,kole.levine@bilearner.com,MSC,Active,Contract,Zone C,Part-Time,Voluntary,Partner decide help quite whether market.,IT/IS,Finance & Accounting,MA,Administration,Male,62674,Black,Divorced,Fully Meets,3,1,Kole Levine,,Unknown
1635,2021-10-19,2023-04-10,Area Sales Manager,Alexandra Harvey,azul.watkins@bilearner.com,TNS,Active,Full-Time,Zone C,Part-Time,Retirement,Upon south nice five reduce lose.,IT/IS,Safety,MA,Safety,Male,18618,Hispanic,Single,Fully Meets,3,1,Azul Watkins,,Unknown
1636,2018-10-16,2018-12-17,Sales Manager,Donna Gomez,landen.blanchard@bilearner.com,SVG,Active,Contract,Zone B,Part-Time,Involuntary,Four look heavy by much.,Admin Offices,Aerial,MA,Lineman,Male,6067,White,Single,Fully Meets,3,1,Landen Blanchard,28.0,25-34
1637,2020-04-26,2020-07-21,Sales Manager,Mr. Keith Smith DVM,leroy.norman@bilearner.com,EW,Active,Full-Time,Zone C,Part-Time,Resignation,Rather which writer family.,Admin Offices,General - Con,MA,Foreman,Male,78952,Black,Divorced,Fully Meets,3,1,Leroy Norman,,Unknown
1638,2020-01-22,2022-10-26,Sales Manager,Miss Andrea Robertson,nikhil.pineda@bilearner.com,MSC,Active,Full-Time,Zone B,Full-Time,Involuntary,Suggest point then however matter close her.,Sales,Finance & Accounting,MA,Accounting,Male,82541,Asian,Divorced,Fully Meets,3,1,Nikhil Pineda,,Unknown
1639,2022-03-30,2022-07-21,BI Director,Robert Ford,kadence.simon@bilearner.com,EW,Terminated for Cause,Full-Time,Zone A,Full-Time,Resignation,Prevent entire business ask meeting contain tree.,IT/IS,Field Operations,MA,Technician,Male,87307,Black,Married,Fully Meets,3,1,Kadence Simon,68.0,65+
1640,2021-05-29,2022-09-03,BI Developer,Christopher Meyer,elliot.phillips@bilearner.com,MSC,Terminated for Cause,Contract,Zone A,Full-Time,Voluntary,Item many international assume almost whole.,IT/IS,Engineers,MA,Field Project Manager,Female,59443,Hispanic,Divorced,Fully Meets,3,1,Elliot Phillips,,Unknown
1641,2023-03-09,2023-05-30,BI Developer,Daniel Cooke,taniya.daniels@bilearner.com,NEL,Terminated for Cause,Part-Time,Zone C,Temporary,Voluntary,Shake war over young like anything order.,IT/IS,Field Operations,MA,Laborer,Female,40835,Other,Married,Fully Meets,3,1,Taniya Daniels,37.0,35-44
1642,2019-11-22,2019-12-28,BI Developer,Jennifer Davies,julia.jimenez@bilearner.com,PL,Terminated for Cause,Contract,Zone A,Part-Time,Retirement,Nature here wrong why.,IT/IS,Wireline Construction,MA,Project Manager,Female,9049,Black,Single,Fully Meets,3,1,Julia Jimenez,,Unknown
1643,2019-04-07,2020-12-22,Area Sales Manager,Christopher King,kamden.paul@bilearner.com,SVG,Active,Full-Time,Zone A,Full-Time,Involuntary,Player when almost cultural.,IT/IS,Aerial,MA,Supervisor,Male,12567,Other,Widowed,Fully Meets,3,1,Kamden Paul,,Unknown
1644,2023-03-23,2023-03-28,Area Sales Manager,Jasmine Mclaughlin,octavio.hicks@bilearner.com,TNS,Active,Contract,Zone C,Temporary,Voluntary,Away painting appear six live radio.,IT/IS,Aerial,MA,Foreman,Male,94154,Other,Widowed,Fully Meets,3,1,Octavio Hicks,26.0,25-34
1645,2021-02-18,2022-10-28,Area Sales Manager,Jennifer Briggs,jaidyn.malone@bilearner.com,WBL,Active,Part-Time,Zone A,Temporary,Resignation,Be choice ever concern.,IT/IS,Fielders,MA,Engineer,Male,42258,Hispanic,Widowed,Fully Meets,3,1,Jaidyn Malone,,Unknown
1646,2019-04-05,2021-05-07,Sales Manager,Carol Morales,cora.perez@bilearner.com,SVG,Active,Contract,Zone C,Full-Time,Voluntary,Fight beautiful describe personal.,Admin Offices,General - Sga,MA,Engineer,Male,74220,Black,Divorced,Fully Meets,3,1,Cora Perez,,Unknown
1647,2019-10-23,2022-07-09,Sales Manager,Johnny Parker,isis.ayala@bilearner.com,EW,Active,Contract,Zone B,Part-Time,Involuntary,Book fill person size institution number attack.,IT/IS,Catv,MA,Foreman,Male,47015,Black,Widowed,Fully Meets,3,1,Isis Ayala,40.0,35-44
1648,2021-05-14,,Sales Manager,Karen Cordova,charlee.calhoun@bilearner.com,MSC,Active,Part-Time,Zone C,Part-Time,Unk,Active Employee,Sales,Aerial,MA,Driver,Male,96848,White,Single,Fully Meets,3,0,Charlee Calhoun,,Unknown
1649,2019-03-19,,CIO,Diana Schmitt,walter.pruitt@bilearner.com,WBL,Active,Full-Time,Zone A,Part-Time,Unk,Active Employee,IT/IS,Wireline Construction,TX,Groundman,Male,87451,White,Single,Fully Meets,3,0,Walter Pruitt,62.0,55-64
1650,2019-05-08,2020-10-01,BI Director,Courtney Chang,julie.harrington@bilearner.com,NEL,Terminated for Cause,Part-Time,Zone C,Temporary,Resignation,Past stand forget offer serious never.,IT/IS,Engineers,MA,Technician,Male,29739,Asian,Widowed,Fully Meets,3,1,Julie Harrington,,Unknown
1651,2019-10-05,2023-05-21,BI Developer,Patricia Moore,amara.wood@bilearner.com,PL,Terminated for Cause,Part-Time,Zone A,Temporary,Involuntary,Offer hundred defense street draw glass thank.,IT/IS,Aerial,MA,Laborer,Female,13117,Black,Widowed,Fully Meets,3,1,Amara Wood,,Unknown
1652,2021-11-29,2022-05-31,BI Developer,Tiffany Cantrell,nevaeh.ponce@bilearner.com,BPC,Terminated for Cause,Full-Time,Zone C,Full-Time,Resignation,Environment campaign left bar.,IT/IS,Field Operations,MA,Driver,Female,2581,White,Single,Fully Meets,3,1,Nevaeh Ponce,41.0,35-44
1653,2018-11-06,2019-12-26,Area Sales Manager,Alyssa Gutierrez,greta.fields@bilearner.com,EW,Active,Part-Time,Zone B,Temporary,Involuntary,Within amount each onto hair. Single hope threat.,IT/IS,Field Operations,MA,Foreman,Male,63435,Hispanic,Married,Fully Meets,3,1,Greta Fields,69.0,65+
1654,2021-07-27,2021-11-23,Area Sales Manager,Raymond Walsh,zackery.hess@bilearner.com,MSC,Active,Full-Time,Zone B,Temporary,Resignation,Should three accept interesting these.,IT/IS,Engineers,MA,Administrative,Male,87224,Black,Divorced,Fully Meets,3,1,Zackery Hess,,Unknown
1655,2023-07-18,,Area Sales Manager,Lisa Thompson,chloe.gould@bilearner.com,TNS,Active,Part-Time,Zone A,Temporary,Unk,Active Employee,IT/IS,Wireline Construction,MA,Project Manager,Male,3563,Black,Married,Fully Meets,3,0,Chloe Gould,84.0,65+
1656,2022-09-04,,Senior BI Developer,Jessica Morgan,elyse.chandler@bilearner.com,CCDR,Active,Part-Time,Zone C,Temporary,Unk,Active Employee,Admin Offices,Field Operations,MA,Tower Hand,Male,10497,Black,Single,Fully Meets,3,0,Elyse Chandler,,Unknown
1657,2019-05-24,,Sales Manager,Tristan Hutchinson,isaias.briggs@bilearner.com,SVG,Active,Contract,Zone B,Part-Time,Unk,Active Employee,IT/IS,Engineers,MA,Engineer,Male,38675,Other,Married,Fully Meets,3,0,Isaias Briggs,,Unknown
1658,2019-11-03,,Sales Manager,Aaron Willis,allison.frank@bilearner.com,EW,Active,Contract,Zone B,Part-Time,Unk,Active Employee,IT/IS,Field Operations,MA,Laborer,Male,72313,Other,Widowed,Fully Meets,3,0,Allison Frank,,Unknown
1659,2019-11-26,2021-03-19,Sales Manager,Keith Fleming,joaquin.hahn@bilearner.com,MSC,Active,Full-Time,Zone C,Part-Time,Involuntary,North rise until plan join.,Sales,Field Operations,MA,Laborer,Female,39930,White,Single,Fully Meets,3,1,Joaquin Hahn,,Unknown
1660,2022-08-09,2022-09-01,CIO,Whitney Miller,drake.nicholson@bilearner.com,WBL,Terminated for Cause,Contract,Zone B,Full-Time,Retirement,Tax five question.,IT/IS,General - Con,MA,Technician,Male,47536,Other,Widowed,Fully Meets,3,1,Drake Nicholson,55.0,45-54
1661,2019-03-19,,BI Director,Christina Randall,kenna.porter@bilearner.com,NEL,Active,Contract,Zone C,Full-Time,Unk,Active Employee,IT/IS,Finance & Accounting,MA,Clerk,Male,91255,Hispanic,Divorced,Fully Meets,3,0,Kenna Porter,,Unknown
1662,2018-11-25,,BI Developer,William Lloyd,peter.wong@bilearner.com,PL,Active,Contract,Zone C,Full-Time,Unk,Active Employee,IT/IS,Engineers,MA,Engineer,Female,19115,Hispanic,Married,Fully Meets,3,0,Peter Wong,63.0,55-64
1663,2022-04-10,2023-04-03,BI Developer,Mrs. Jennifer Hughes,fatima.pennington@bilearner.com,BPC,Terminated for Cause,Full-Time,Zone C,Full-Time,Retirement,Economic its member focus growth.,IT/IS,Aerial,MA,Lineman,Female,32063,Asian,Widowed,Fully Meets,3,1,Fatima Pennington,,Unknown
1664,2021-04-02,,Area Sales Manager,Jordan Bennett,lainey.ayers@bilearner.com,EW,Active,Full-Time,Zone C,Full-Time,Unk,Active Employee,IT/IS,Splicing,MA,Laborer,Male,2597,White,Single,Fully Meets,3,0,Lainey Ayers,35.0,25-34
1665,2019-12-22,,Area Sales Manager,Jonathan Taylor,tania.jennings@bilearner.com,MSC,Active,Contract,Zone A,Part-Time,Unk,Active Employee,IT/IS,Project Management - Con,MA,Coordinator,Male,30018,Black,Widowed,Fully Meets,3,0,Tania Jennings,63.0,55-64
1666,2021-08-14,,Area Sales Manager,Alexis Johns,kara.ferrell@bilearner.com,TNS,Active,Full-Time,Zone A,Part-Time,Unk,Active Employee,IT/IS,General - Con,OR,Locator,Male,38619,Black,Divorced,Fully Meets,3,0,Kara Ferrell,,Unknown
1667,2018-08-28,,Senior BI Developer,Gloria Franklin,george.sheppard@bilearner.com,BPC,Active,Full-Time,Zone A,Full-Time,Unk,Active Employee,Admin Offices,Splicing,MA,Splicer,Male,62112,Black,Widowed,Fully Meets,3,0,George Sheppard,,Unknown
1668,2023-07-10,,Senior BI Developer,Eric Mcclain,taniyah.mcmillan@bilearner.com,CCDR,Active,Part-Time,Zone C,Part-Time,Unk,Active Employee,Admin Offices,Aerial,MA,Laborer,Male,35842,Black,Single,Fully Meets,3,0,Taniyah Mcmillan,79.0,65+
1669,2020-09-18,,Sales Manager,Olivia Barton,kole.avila@bilearner.com,SVG,Active,Part-Time,Zone A,Temporary,Unk,Active Employee,IT/IS,Field Operations,MA,Executive Assistant,Male,78813,Asian,Divorced,Fully Meets,3,0,Kole Avila,,Unknown
1670,2019-07-18,,Sales Manager,Bethany Norris,ernest.munoz@bilearner.com,EW,Active,Contract,Zone A,Full-Time,Unk,Active Employee,IT/IS,Splicing,MA,Laborer,Female,4772,Other,Widowed,Fully Meets,3,0,Ernest Munoz,66.0,65+
1671,2021-11-21,2021-12-12,Sales Manager,Anita Brown,rose.jordan@bilearner.com,MSC,Active,Contract,Zone A,Full-Time,Involuntary,Position face whose and cut consider wide.,Sales,Project Management - Con,MA,Coordinator,Female,83162,White,Married,Fully Meets,3,1,Rose Jordan,62.0,55-64
1672,2021-03-08,,CIO,Emily Chen,amaris.torres@bilearner.com,CCDR,Active,Full-Time,Zone B,Part-Time,Unk,Active Employee,IT/IS,Field Operations,MA,Tester,Male,21426,Asian,Married,Fully Meets,3,0,Amaris Torres,,Unknown
1673,2019-08-21,,BI Director,April Gallagher,titus.lowe@bilearner.com,EW,Active,Part-Time,Zone C,Full-Time,Unk,Active Employee,IT/IS,General - Con,MA,Laborer,Female,74874,Other,Widowed,Fully Meets,3,0,Titus Lowe,76.0,65+
1674,2022-04-30,2023-06-09,BI Developer,Deborah White,savanah.prince@bilearner.com,MSC,Terminated for Cause,Part-Time,Zone B,Full-Time,Involuntary,Tax reduce by firm.,IT/IS,Wireline Construction,MA,Laborer,Female,56043,Other,Married,Fully Meets,3,1,Savanah Prince,,Unknown
1675,2023-02-03,2023-04-16,Area Sales Manager,Crystal Garcia,dawson.pollard@bilearner.com,SVG,Active,Full-Time,Zone A,Part-Time,Resignation,Simply class career vote.,IT/IS,Field Operations,MA,Technician,Male,59192,Hispanic,Widowed,Fully Meets,3,1,Dawson Pollard,67.0,65+
1676,2023-05-08,,Area Sales Manager,Jeremy Ewing,moises.day@bilearner.com,TNS,Active,Part-Time,Zone B,Full-Time,Unk,Active Employee,IT/IS,Catv,MA,Foreman,Male,82767,Other,Widowed,Fully Meets,3,0,Moises Day,63.0,55-64
1677,2022-07-29,,Area Sales Manager,Dillon Guerrero,sadie.sheppard@bilearner.com,WBL,Active,Part-Time,Zone B,Part-Time,Unk,Active Employee,IT/IS,General - Con,OR,Foreman,Female,44156,Other,Widowed,Fully Meets,3,0,Sadie Sheppard,,Unknown
1678,2020-11-18,2021-05-22,Senior BI Developer,Barbara Boyd,soren.coleman@bilearner.com,PL,Active,Part-Time,Zone A,Part-Time,Resignation,Republican threat song to rock.,Admin Offices,Field Operations,MA,Technician,Female,59433,Black,Widowed,Fully Meets,3,1,Soren Coleman,,Unknown
1679,2021-05-16,2022-04-14,Senior BI Developer,Susan Barrett,sage.morris@bilearner.com,BPC,Active,Part-Time,Zone C,Part-Time,Voluntary,Hope notice white husband turn manage.,Admin Offices,Engineers,MA,Project Manager,Male,42691,Black,Widowed,Fully Meets,3,1,Sage Morris,,Unknown
1680,2019-10-25,2020-10-16,Senior BI Developer,Anthony Foster,lillian.steele@bilearner.com,CCDR,Active,Full-Time,Zone C,Temporary,Involuntary,Soon prove offer couple word science.,IT/IS,General - Con,MA,Laborer,Male,33673,Other,Divorced,Fully Meets,3,1,Lillian Steele,50.0,45-54
1681,2023-03-05,2023-05-04,Sales Manager,Jennifer Cook,deanna.meza@bilearner.com,SVG,Active,Contract,Zone B,Temporary,Retirement,I western water easy practice dinner none.,IT/IS,Engineers,MA,Engineer,Female,34659,White,Divorced,Fully Meets,3,1,Deanna Meza,52.0,45-54
1682,2021-06-01,,Sales Manager,Elizabeth Romero,troy.todd@bilearner.com,EW,Active,Part-Time,Zone B,Part-Time,Unk,Active Employee,IT/IS,Aerial,MA,Foreman,Female,65125,Black,Married,Fully Meets,3,0,Troy Todd,,Unknown
1683,2022-01-22,2022-07-25,Sales Manager,Rebecca Davis,beckett.shea@bilearner.com,MSC,Voluntarily Terminated,Full-Time,Zone B,Part-Time,Voluntary,Heart lose care sort deal.,Sales,Aerial,MA,Lineman,Female,97969,Other,Married,Fully Meets,3,1,Beckett Shea,,Unknown
1684,2023-07-09,2023-07-31,CIO,Christopher Ayala,eve.barker@bilearner.com,WBL,Terminated for Cause,Contract,Zone A,Part-Time,Involuntary,Not budget never social yourself agreement.,IT/IS,Engineers,MA,Engineer,Male,18894,Hispanic,Widowed,Fully Meets,3,1,Eve Barker,63.0,55-64
1685,2018-11-11,2019-05-27,BI Director,Jeremy Wright,lillie.wilkerson@bilearner.com,NEL,Terminated for Cause,Full-Time,Zone A,Full-Time,Retirement,Action whatever school machine fear.,IT/IS,Aerial,MA,Foreman,Female,16287,Black,Divorced,Fully Meets,3,1,Lillie Wilkerson,,Unknown
1686,2021-01-05,2021-06-18,BI Developer,Jennifer Adams,alexis.harrell@bilearner.com,SVG,Active,Contract,Zone C,Full-Time,Retirement,Scientist become a become value cell policy.,IT/IS,Finance & Accounting,MA,Intern,Male,63472,Black,Widowed,Fully Meets,3,1,Alexis Harrell,72.0,65+
1687,2022-11-25,,Area Sales Manager,Charles Williamson,mylee.snow@bilearner.com,EW,Active,Part-Time,Zone C,Full-Time,Unk,Active Employee,IT/IS,Engineers,MA,Drafter,Male,19801,White,Widowed,Fully Meets,3,0,Mylee Snow,,Unknown
1688,2020-03-30,2023-07-21,Area Sales Manager,James Black,elsa.mckenzie@bilearner.com,MSC,Active,Full-Time,Zone A,Full-Time,Voluntary,Together among marriage center evidence sure.,IT/IS,Shop (Fleet),OR,Mechanic,Male,34107,Other,Divorced,Fully Meets,3,1,Elsa Mckenzie,,Unknown
1689,2021-01-02,2022-09-22,Senior BI Developer,Wendy Palmer,kolby.reed@bilearner.com,MSC,Active,Part-Time,Zone C,Temporary,Retirement,Benefit available decade.,Admin Offices,Field Operations,MA,Technician,Male,35372,Other,Married,Fully Meets,3,1,Kolby Reed,41.0,35-44
1690,2019-02-26,2019-07-26,Senior BI Developer,Tracy Price,kyler.morales@bilearner.com,NEL,Active,Contract,Zone A,Temporary,Voluntary,Alone education career how difficult worry.,Admin Offices,Yard (Material Handling),MA,Administrative,Male,56249,Black,Widowed,Fully Meets,3,1,Kyler Morales,,Unknown
1691,2019-10-06,,Senior BI Developer,Ruth Cruz,jasiah.walton@bilearner.com,PL,Active,Contract,Zone A,Part-Time,Unk,Active Employee,IT/IS,Project Management - Con,MA,Technician,Male,77562,Black,Widowed,Fully Meets,3,0,Jasiah Walton,,Unknown
1692,2020-04-19,2022-07-30,Sales Manager,William Hutchinson,urijah.brandt@bilearner.com,PYZ,Active,Part-Time,Zone C,Part-Time,Voluntary,Hundred nor last.,IT/IS,Engineers,MA,Engineer,Female,23764,Other,Widowed,Fully Meets,3,1,Urijah Brandt,,Unknown
1693,2022-12-24,,Sales Manager,Sharon Kim,gianna.pope@bilearner.com,SVG,Active,Contract,Zone C,Part-Time,Unk,Active Employee,IT/IS,Field Operations,MA,Tower Hand,Female,2558,Other,Single,Fully Meets,3,0,Gianna Pope,,Unknown
1694,2021-04-09,2021-05-29,CIO,Dennis Gardner,malia.reynolds@bilearner.com,TNS,Terminated for Cause,Part-Time,Zone A,Temporary,Resignation,Make company education fish.,IT/IS,Aerial,MA,Foreman,Male,82773,Asian,Married,Fully Meets,3,1,Malia Reynolds,65.0,55-64
1695,2018-09-04,2022-12-16,BI Director,Jennifer Hernandez,claire.gordon@bilearner.com,SVG,Terminated for Cause,Contract,Zone C,Full-Time,Voluntary,Product key its something. Yourself pay anyone.,IT/IS,Isp,MA,Specialist,Female,20654,Other,Widowed,Fully Meets,3,1,Claire Gordon,,Unknown
1696,2021-11-07,,BI Developer,Margaret Martinez,joshua.hall@bilearner.com,NEL,Active,Full-Time,Zone C,Temporary,Unk,Active Employee,IT/IS,General - Eng,MA,Coordinator,Male,74846,Hispanic,Married,Fully Meets,3,0,Joshua Hall,,Unknown
1697,2023-05-24,2023-07-21,BI Developer,Melanie Campbell,mattie.peters@bilearner.com,MSC,Active,Full-Time,Zone B,Part-Time,Retirement,Soon color sit call certainly.,IT/IS,General - Con,MA,Foreman,Male,3758,Asian,Widowed,Fully Meets,3,1,Mattie Peters,,Unknown
1698,2021-02-15,2021-06-05,Area Sales Manager,Deborah Beltran,makai.nolan@bilearner.com,EW,Active,Full-Time,Zone A,Part-Time,Resignation,This cost difficult. Time meet should.,IT/IS,Billable Consultants,MA,Engineer,Male,5156,White,Married,Fully Meets,3,1,Makai Nolan,,Unknown
1699,2021-11-03,2022-08-19,Senior BI Developer,Justin Jordan,trevon.briggs@bilearner.com,PL,Active,Contract,Zone C,Part-Time,Voluntary,Picture recently military describe.,Admin Offices,Executive,MA,Manager,Male,64233,Hispanic,Married,Fully Meets,3,1,Trevon Briggs,,Unknown
1700,2018-09-20,,Senior BI Developer,Katherine Mccarthy,gretchen.weeks@bilearner.com,BPC,Active,Contract,Zone C,Temporary,Unk,Active Employee,IT/IS,Engineers,MA,Engineer,Male,61270,Asian,Widowed,Fully Meets,3,0,Gretchen Weeks,68.0,65+
1701,2019-07-23,2023-01-07,Senior BI Developer,Jacob Brown,corey.hurst@bilearner.com,CCDR,Active,Contract,Zone A,Full-Time,Involuntary,Former huge figure enjoy all detail.,IT/IS,Project Management - Con,MA,Flagger,Male,36731,Other,Single,Fully Meets,3,1,Corey Hurst,72.0,65+
1702,2022-05-12,,Sales Manager,Bradley Sandoval,alison.pugh@bilearner.com,SVG,Active,Contract,Zone A,Part-Time,Unk,Active Employee,IT/IS,Project Management - Con,MA,Contracts,Female,49479,Other,Single,Fully Meets,3,0,Alison Pugh,37.0,35-44
1703,2018-10-03,,Sales Manager,Mary Waters,kadence.sandoval@bilearner.com,EW,Active,Full-Time,Zone B,Part-Time,Unk,Active Employee,Sales,Aerial,MA,Lineman,Female,26140,Other,Single,Fully Meets,3,0,Kadence Sandoval,,Unknown
1704,2020-11-26,,CIO,Rachel Thomas,mckenzie.kim@bilearner.com,CCDR,Active,Part-Time,Zone C,Part-Time,Unk,Active Employee,IT/IS,Project Management - Con,MA,Project Manager,Female,59091,Hispanic,Widowed,Fully Meets,3,0,Mckenzie Kim,,Unknown
1705,2018-10-04,,BI Director,David Kirk,randall.miller@bilearner.com,EW,Active,Part-Time,Zone B,Full-Time,Unk,Active Employee,IT/IS,Project Management - Con,MA,Intern,Female,50425,Hispanic,Single,Fully Meets,3,0,Randall Miller,,Unknown
1706,2020-12-02,2023-02-25,BI Developer,Christopher Fisher,lailah.hughes@bilearner.com,NEL,Active,Contract,Zone A,Full-Time,Involuntary,Happen ability as term fish.,IT/IS,Aerial,MA,Supervisor,Female,81407,Hispanic,Married,Fully Meets,3,1,Lailah Hughes,36.0,35-44
1707,2021-09-24,2023-07-20,BI Developer,Charles Mcdonald,quentin.calderon@bilearner.com,PL,Active,Part-Time,Zone C,Full-Time,Voluntary,Fly see experience age Republican.,IT/IS,Wireline Construction,MA,Clerk,Male,93935,Asian,Married,Fully Meets,3,1,Quentin Calderon,,Unknown
1708,2020-09-10,2021-05-22,BI Developer,Bonnie Smith,molly.fischer@bilearner.com,PYZ,Active,Full-Time,Zone A,Temporary,Involuntary,With turn maybe herself trouble.,IT/IS,Splicing,MA,Associate,Male,65055,Asian,Widowed,Fully Meets,3,1,Molly Fischer,36.0,35-44
1709,2022-05-25,2022-11-17,Area Sales Manager,Whitney Roberts,anaya.stanton@bilearner.com,SVG,Active,Full-Time,Zone C,Temporary,Involuntary,Plant opportunity thank style.,IT/IS,General - Sga,OR,Manager,Male,55354,Black,Married,Fully Meets,3,1,Anaya Stanton,,Unknown
1710,2019-02-15,2019-12-09,Senior BI Developer,Paige Eaton DDS,jaden.houston@bilearner.com,PL,Active,Part-Time,Zone A,Part-Time,Resignation,Threat day deep final personal alone picture.,Admin Offices,Field Operations,MA,Technician,Male,46239,Black,Divorced,Fully Meets,3,1,Jaden Houston,,Unknown
1711,2018-09-28,2023-02-01,Senior BI Developer,Johnny Stevens,lance.bailey@bilearner.com,BPC,Active,Full-Time,Zone A,Temporary,Voluntary,Wrong how fund front foreign.,IT/IS,General - Con,MA,Laborer,Male,43594,Other,Widowed,Fully Meets,3,1,Lance Bailey,,Unknown
1712,2018-12-12,,Senior BI Developer,Joanna Lewis,quintin.hicks@bilearner.com,CCDR,Active,Full-Time,Zone A,Temporary,Unk,Active Employee,IT/IS,Engineers,MA,Engineer,Female,72035,Black,Single,Fully Meets,3,0,Quintin Hicks,,Unknown
1713,2021-12-01,,Sales Manager,Isabella Cox,mauricio.meyers@bilearner.com,SVG,Active,Contract,Zone B,Full-Time,Unk,Active Employee,IT/IS,General - Con,MA,Flagger,Female,1218,Asian,Married,Fully Meets,3,0,Mauricio Meyers,,Unknown
1714,2022-01-12,,Sales Manager,Nicholas Gomez,tess.reilly@bilearner.com,EW,Active,Full-Time,Zone B,Temporary,Unk,Active Employee,Sales,Field Operations,MA,Laborer,Female,5062,White,Married,Fully Meets,3,0,Tess Reilly,,Unknown
1715,2020-10-27,2022-09-28,CIO,Monique Barnes,reece.callahan@bilearner.com,WBL,Active,Full-Time,Zone B,Part-Time,Involuntary,Learn will marriage interesting note the success.,IT/IS,Aerial,MA,Foreman,Female,86362,White,Divorced,Fully Meets,3,1,Reece Callahan,60.0,55-64
1716,2020-11-02,2022-06-21,BI Director,Steven Oliver,tyrell.fuentes@bilearner.com,NEL,Active,Contract,Zone C,Part-Time,Involuntary,Can conference couple similar anything.,IT/IS,General - Con,MA,Flagger,Female,21457,Asian,Widowed,Fully Meets,3,1,Tyrell Fuentes,,Unknown
1717,2021-04-24,2023-02-28,BI Developer,Vicki Delgado,benjamin.kaufman@bilearner.com,BPC,Active,Part-Time,Zone B,Part-Time,Retirement,Customer front detail bed say suddenly here.,IT/IS,General - Con,MA,Model Assistant,Male,49370,Asian,Widowed,Fully Meets,3,1,Benjamin Kaufman,,Unknown
1718,2020-06-29,2023-08-03,BI Developer,Daryl Swanson,ayla.mcgrath@bilearner.com,CCDR,Active,Full-Time,Zone B,Temporary,Involuntary,Someone situation else. Big statement else gas.,IT/IS,Field Operations,MA,Driller,Male,17318,Other,Divorced,Fully Meets,3,1,Ayla Mcgrath,25.0,Under 25
1719,2021-07-15,,BI Developer,James Johnson,katelyn.stevens@bilearner.com,SVG,Active,Contract,Zone B,Temporary,Unk,Active Employee,IT/IS,Field Operations,MA,Laborer,Male,93155,Hispanic,Widowed,Fully Meets,3,0,Katelyn Stevens,33.0,25-34
1720,2023-06-20,,Senior BI Developer,Juan Jackson,jaiden.christian@bilearner.com,MSC,Active,Part-Time,Zone C,Part-Time,Unk,Active Employee,IT/IS,Field Operations,MA,Laborer,Male,32840,Other,Single,Fully Meets,3,0,Jaiden Christian,61.0,55-64
1721,2019-09-22,2022-11-10,Senior BI Developer,Wendy Daniels,elliott.odonnell@bilearner.com,NEL,Active,Full-Time,Zone B,Full-Time,Retirement,Story get campaign affect at rule start.,IT/IS,Finance & Accounting,MA,Assistant,Male,46552,White,Divorced,Fully Meets,3,1,Elliott Odonnell,,Unknown
1722,2022-02-22,,Senior BI Developer,John Smith,ronnie.dillon@bilearner.com,PL,Active,Full-Time,Zone B,Full-Time,Unk,Active Employee,IT/IS,Wireless,MA,Groundman,Female,26893,Hispanic,Divorced,Fully Meets,3,0,Ronnie Dillon,,Unknown
1723,2020-07-01,2022-06-26,Sales Manager,Nicole Taylor,gideon.saunders@bilearner.com,PYZ,Active,Full-Time,Zone B,Full-Time,Retirement,Say operation national race.,Sales,General - Eng,MA,Coordinator,Female,34649,Black,Widowed,Fully Meets,3,1,Gideon Saunders,57.0,55-64
1724,2021-05-13,2021-12-11,CIO,Amanda Shaw MD,valerie.davis@bilearner.com,TNS,Active,Part-Time,Zone C,Part-Time,Retirement,Their because nice party.,IT/IS,Yard (Material Handling),MA,Coordinator,Female,46050,Other,Divorced,Fully Meets,3,1,Valerie Davis,,Unknown
1725,2021-05-30,,BI Developer,Nancy Cruz,jamarcus.thomas@bilearner.com,PL,Active,Contract,Zone A,Part-Time,Unk,Active Employee,IT/IS,Field Operations,MA,Technician,Male,55738,Black,Divorced,Fully Meets,3,0,Jamarcus Thomas,,Unknown
1726,2019-07-04,,BI Developer,Elizabeth Walker,alden.powers@bilearner.com,NEL,Active,Contract,Zone B,Full-Time,Unk,Active Employee,IT/IS,Wireline Construction,MA,Clerk,Male,71994,Asian,Single,Fully Meets,3,0,Alden Powers,,Unknown
1727,2019-05-31,2022-05-31,BI Developer,Leslie Tran,haylie.arnold@bilearner.com,MSC,Active,Full-Time,Zone B,Full-Time,Involuntary,Candidate fact event level several onto store.,IT/IS,General - Con,MA,Foreman,Male,50024,Hispanic,Widowed,Fully Meets,3,1,Haylie Arnold,,Unknown
1728,2020-03-13,,Production Technician I,Yesenia Woodard,james.cockel@bilearner.com,WBL,Active,Full-Time,Zone C,Temporary,Unk,Active Employee,Production       ,General - Con,MA,Foreman,Male,2452,White,Divorced,Fully Meets,3,0,James Cockel,54.0,45-54
1729,2020-01-06,2020-12-24,Production Technician I,Michelle Henson,donna.brill@bilearner.com,EW,Voluntarily Terminated,Contract,Zone A,Part-Time,Voluntary,Question kitchen gun find four wall heavy.,Production       ,General - Con,MA,Foreman,Female,1701,Other,Divorced,Fully Meets,3,1,Donna Brill,,Unknown
1730,2023-04-30,,Production Technician I,Natasha Sullivan,kristen.squatrito@bilearner.com,EW,Active,Full-Time,Zone B,Part-Time,Unk,Active Employee,Production       ,General - Eng,MA,Technician,Female,2359,White,Divorced,Fully Meets,3,0,Kristen Squatrito,50.0,45-54
1731,2021-07-11,2022-02-08,Production Technician II,Mark Smith,erasumus.monkfish@bilearner.com,WBL,Active,Contract,Zone B,Temporary,Retirement,Artist organization great heart.,Production       ,Engineers,MA,Engineer,Male,1450,Black,Divorced,Fully Meets,3,1,Erasumus Monkfish,,Unknown
1732,2021-07-02,2021-12-13,Production Technician II,Samantha Hancock,may.roberson@bilearner.com,WBL,Voluntarily Terminated,Contract,Zone B,Temporary,Voluntary,North position film eight. Movement dark turn.,Production       ,Fielders,MA,Engineer,Female,1902,Hispanic,Widowed,Fully Meets,3,1,May Roberson,,Unknown
1733,2019-10-23,2020-12-03,Production Technician I,Joshua Ward,shana.maurice@bilearner.com,EW,Active,Full-Time,Zone A,Temporary,Resignation,Head where have ground scene.,Production       ,Field Operations,MA,Laborer,Female,2330,Black,Married,Fully Meets,3,1,Shana Maurice,,Unknown
1734,2019-01-19,,Production Technician I,Anthony Martinez,raul.garcia@bilearner.com,NEL,Active,Contract,Zone C,Full-Time,Unk,Active Employee,Production       ,Field Operations,MA,Driver,Male,1905,White,Widowed,Fully Meets,3,0,Raul Garcia,,Unknown
1735,2021-01-08,2023-01-14,Production Technician I,Cody Scott,rachael.baczenski@bilearner.com,NEL,Voluntarily Terminated,Full-Time,Zone A,Full-Time,Resignation,Along senior personal nature help crime.,Production       ,Shop (Fleet),MA,Mechanic,Female,1902,White,Divorced,Fully Meets,3,1,Rachael Baczenski,84.0,65+
1736,2019-01-29,2022-07-08,Production Technician I,Jeffrey Thompson,enrico.langton@bilearner.com,TNS,Active,Contract,Zone A,Part-Time,Involuntary,Law difference five away.,Production       ,Field Operations,MA,Technician,Male,2048,Other,Married,Fully Meets,3,1,Enrico Langton,,Unknown
1737,2018-10-27,,Production Technician I,Jacqueline Jones,colleen.zima@bilearner.com,TNS,Active,Contract,Zone C,Full-Time,Unk,Active Employee,Production       ,General - Eng,MA,Engineer,Female,1730,Hispanic,Widowed,Fully Meets,3,0,Colleen Zima,,Unknown
1738,2023-05-30,2023-07-05,Production Technician II,Tami Fuentes,phil.close@bilearner.com,CCDR,Voluntarily Terminated,Contract,Zone A,Part-Time,Involuntary,Rich together bad his agent blue.,Production       ,General - Eng,MA,Coordinator,Male,2169,White,Single,Fully Meets,3,1,Phil Close,,Unknown
1739,2019-07-15,2023-05-01,Production Technician II,Michael Farmer,hang t.wolk@bilearner.com,CCDR,Active,Contract,Zone B,Full-Time,Involuntary,Large relate work treatment Mrs.,Production       ,Aerial,MA,Laborer,Female,2302,Hispanic,Married,Fully Meets,3,1,Hang T Wolk,44.0,35-44
1740,2020-03-17,2021-08-02,Production Technician I,Madeline Baker,lei-ming.nguyen@bilearner.com,NEL,Active,Contract,Zone B,Part-Time,Voluntary,This win treat they kid simple.,Production       ,General - Con,MA,Laborer,Female,2132,Other,Married,Fully Meets,3,1,Lei-Ming Nguyen,63.0,55-64
1741,2022-09-16,,Production Technician I,Katherine Costa,denisa s.dobrin@bilearner.com,MSC,Active,Contract,Zone A,Temporary,Unk,Active Employee,Production       ,General - Eng,MA,Drafter,Female,2125,Asian,Single,Fully Meets,3,0,Denisa S Dobrin,45.0,35-44
1742,2021-01-04,,Production Technician I,Rebecca Bird,maryellen.jackson@bilearner.com,TNS,Active,Part-Time,Zone B,Part-Time,Unk,Active Employee,Production       ,Wireline Construction,MA,Laborer,Female,2081,Asian,Divorced,Fully Meets,3,0,Maryellen Jackson,55.0,45-54
1743,2018-11-30,,Production Technician I,Sarah Mcdonald,david.gordon@bilearner.com,SVG,Active,Full-Time,Zone C,Temporary,Unk,Active Employee,Production       ,Splicing,MA,Supervisor,Male,2169,Black,Single,Fully Meets,3,0,David Gordon,25.0,Under 25
1744,2022-07-24,,Production Technician I,Teresa Murray,mei.trang@bilearner.com,PL,Active,Full-Time,Zone C,Full-Time,Unk,Active Employee,Production       ,Field Operations,MA,Driller,Female,2021,Hispanic,Married,Fully Meets,3,0,Mei Trang,79.0,65+
1745,2022-02-05,,Production Technician II,Erin Castro,lindsey.langford@bilearner.com,EW,Active,Contract,Zone C,Part-Time,Unk,Active Employee,Production       ,Aerial,MA,Foreman,Female,2090,Other,Widowed,Fully Meets,3,0,Lindsey Langford,,Unknown
1746,2020-04-23,2022-01-07,Production Technician I,Joshua Gonzalez,brad.pitt@bilearner.com,WBL,Active,Full-Time,Zone A,Full-Time,Voluntary,Them security hit decide.,Production       ,General - Sga,MA,Vp,Male,2451,Hispanic,Widowed,Fully Meets,3,1,Brad Pitt,64.0,55-64
1747,2023-06-23,2023-07-10,Production Technician II,Mary Blackwell,susan.good@bilearner.com,PL,Leave of Absence,Full-Time,Zone A,Temporary,Resignation,Too former relationship risk.,Production       ,Field Operations,MA,Splicer,Female,1886,White,Divorced,Fully Meets,3,1,Susan Good,34.0,25-34
1748,2022-01-13,2022-07-05,Production Technician I,Benjamin Hamilton,ashley.rose@bilearner.com,PYZ,Active,Part-Time,Zone A,Temporary,Retirement,Listen cover book.,Production       ,Underground,MA,Laborer,Female,1886,White,Widowed,Fully Meets,3,1,Ashley Rose,53.0,45-54
1749,2020-11-26,,Production Technician I,Kimberly Wilcox,kaeden.gonzales@bilearner.com,PYZ,Active,Contract,Zone B,Temporary,Unk,Active Employee,Production       ,Field Operations,MA,Project Manager,Female,70227,Hispanic,Divorced,Fully Meets,3,0,Kaeden Gonzales,62.0,55-64
1750,2018-12-07,,Production Technician I,Chase Swanson,alissa.frey@bilearner.com,WBL,Active,Full-Time,Zone C,Full-Time,Unk,Active Employee,Production       ,Field Operations,MA,Tower Hand,Female,3204,Other,Widowed,Fully Meets,3,0,Alissa Frey,49.0,45-54
1751,2023-04-19,,Production Technician I,Evan Durham,presley.steele@bilearner.com,NEL,Active,Contract,Zone C,Temporary,Unk,Active Employee,Production       ,General - Con,MA,Lineman,Female,81228,Hispanic,Widowed,Fully Meets,3,0,Presley Steele,,Unknown
1752,2022-03-05,2022-04-08,Production Technician I,Mario Johnson MD,boston.avila@bilearner.com,PL,Active,Part-Time,Zone B,Temporary,Resignation,Person identify music conference.,Production       ,General - Con,MA,Mechanic,Male,56894,White,Single,Fully Meets,3,1,Boston Avila,44.0,35-44
1753,2019-06-20,2019-10-14,Production Technician I,Kimberly Williams,rodolfo.michael@bilearner.com,BPC,Active,Contract,Zone C,Full-Time,Resignation,Available no skill newspaper herself.,Production       ,Field Operations,MA,Assistant,Male,42759,Black,Divorced,Fully Meets,3,1,Rodolfo Michael,83.0,65+
1754,2022-09-13,,Production Technician I,Alejandro Davies,felix.fritz@bilearner.com,CCDR,Active,Part-Time,Zone C,Temporary,Unk,Active Employee,Production       ,Project Management - Con,MA,Manager,Male,61961,Asian,Single,Fully Meets,3,0,Felix Fritz,,Unknown
1755,2019-01-02,,Production Technician I,Duane Anderson,amira.mcmillan@bilearner.com,SVG,Active,Part-Time,Zone B,Full-Time,Unk,Active Employee,Production       ,General - Con,MA,Foreman,Male,45449,Other,Widowed,Fully Meets,3,0,Amira Mcmillan,32.0,25-34
1756,2022-06-06,,Production Technician I,David Cooper,annabelle.graham@bilearner.com,EW,Active,Part-Time,Zone A,Part-Time,Unk,Active Employee,Production       ,Splicing,MA,Operator,Male,32636,Black,Widowed,Fully Meets,3,0,Annabelle Graham,,Unknown
1757,2020-01-09,,Production Technician I,Rebecca Conway,leia.mccann@bilearner.com,MSC,Active,Full-Time,Zone A,Temporary,Unk,Active Employee,Production       ,Finance & Accounting,MA,Director,Female,74346,White,Widowed,Fully Meets,3,0,Leia Mccann,41.0,35-44
1758,2019-01-03,,Production Technician I,Melissa Chavez,henry.gray@bilearner.com,TNS,Active,Part-Time,Zone B,Part-Time,Unk,Active Employee,Production       ,Splicing,MA,Administrator,Male,61791,White,Single,Fully Meets,3,0,Henry Gray,,Unknown
1759,2021-01-23,2022-10-23,Production Technician I,Patricia Newman,jose.houston@bilearner.com,PYZ,Active,Contract,Zone B,Part-Time,Retirement,Benefit turn that with well may former if.,Production       ,General - Con,MA,Coordinator,Male,40003,White,Married,Fully Meets,3,1,Jose Houston,79.0,65+
1760,2020-02-08,2020-05-04,Production Technician I,Sally Meadows,janessa.mcconnell@bilearner.com,WBL,Active,Part-Time,Zone C,Part-Time,Voluntary,Simply game everyone despite line.,Production       ,General - Con,MA,Foreman,Male,93320,Hispanic,Single,Fully Meets,3,1,Janessa Mcconnell,,Unknown
1761,2021-10-29,2022-08-02,Production Technician I,Sara Golden,samson.ellis@bilearner.com,NEL,Voluntarily Terminated,Contract,Zone C,Temporary,Voluntary,Ahead onto current situation speech while.,Production       ,Field Operations,MA,Technician,Female,97689,Other,Married,Fully Meets,3,1,Samson Ellis,,Unknown
1762,2023-07-04,2023-07-12,Production Technician I,Roger Reed,lauren.kent@bilearner.com,PL,Voluntarily Terminated,Contract,Zone B,Part-Time,Voluntary,Myself produce sit outside after.,Production       ,Wireless,MA,Foreman,Female,37569,White,Divorced,Fully Meets,3,1,Lauren Kent,,Unknown
1763,2023-04-06,,Production Technician I,Debra Boyer,mckenzie.mack@bilearner.com,BPC,Active,Part-Time,Zone B,Full-Time,Unk,Active Employee,Production       ,Engineers,MA,Model Assistant,Female,11574,Asian,Widowed,Fully Meets,3,0,Mckenzie Mack,,Unknown
1764,2023-01-17,,Production Technician I,Robert Rios,donavan.chavez@bilearner.com,CCDR,Active,Full-Time,Zone A,Temporary,Unk,Active Employee,Production       ,Engineers,MA,Engineer,Female,18917,Black,Married,Fully Meets,3,0,Donavan Chavez,77.0,65+
1765,2019-10-17,,Production Technician II,Kyle Bell,haiden.coffey@bilearner.com,BPC,Active,Contract,Zone C,Part-Time,Unk,Active Employee,Production       ,Project Management - Con,MA,Field Project Manager,Female,5819,Asian,Divorced,Fully Meets,3,0,Haiden Coffey,35.0,25-34
1766,2019-06-22,2021-05-01,Production Technician I,Michelle Herrera,kasey.alexander@bilearner.com,PYZ,Active,Contract,Zone B,Temporary,Resignation,Reflect important account keep eye accept.,Production       ,Field Operations,MA,Laborer,Female,75004,Asian,Married,Fully Meets,3,1,Kasey Alexander,,Unknown
1767,2023-02-10,2023-05-01,Production Technician I,Renee Beasley,kenneth.peters@bilearner.com,WBL,Active,Contract,Zone A,Full-Time,Retirement,Maintain material discover discover.,Production       ,General - Con,MA,Supervisor,Female,39000,White,Divorced,Fully Meets,3,1,Kenneth Peters,,Unknown
1768,2022-10-13,2023-05-02,Production Technician I,Scott Graves,lucia.hudson@bilearner.com,NEL,Active,Contract,Zone C,Temporary,Voluntary,Ask station everything race feeling by although.,Production       ,Aerial,MA,Lineman,Female,73245,Black,Married,Fully Meets,3,1,Lucia Hudson,,Unknown
1769,2023-03-07,2023-04-27,Production Technician I,Bryan Harvey,rashad.randall@bilearner.com,PL,Active,Contract,Zone B,Temporary,Resignation,State voice performance crime.,Production       ,Engineers,MA,Technician,Male,83360,Hispanic,Widowed,Fully Meets,3,1,Rashad Randall,,Unknown
1770,2018-09-12,,Production Technician I,John Ramirez,hayley.york@bilearner.com,BPC,Active,Part-Time,Zone A,Full-Time,Unk,Active Employee,Production       ,General - Sga,MA,Director,Male,2072,Hispanic,Single,Fully Meets,3,0,Hayley York,55.0,45-54
1771,2020-06-27,,Production Technician I,David Reid,salma.shepard@bilearner.com,CCDR,Active,Part-Time,Zone C,Part-Time,Unk,Active Employee,Production       ,Shop (Fleet),MA,Mechanic,Male,16902,Hispanic,Widowed,Fully Meets,3,0,Salma Shepard,,Unknown
1772,2018-12-28,2022-01-28,Production Technician I,Jamie Holloway,hallie.thornton@bilearner.com,SVG,Active,Contract,Zone A,Part-Time,Resignation,Each bring star week kitchen without nature.,Production       ,General - Con,MA,Laborer,Male,70792,Asian,Widowed,Fully Meets,3,1,Hallie Thornton,,Unknown
1773,2021-01-20,2023-03-08,Production Technician I,Mitchell Woods,tiana.bishop@bilearner.com,EW,Active,Part-Time,Zone B,Temporary,Retirement,Though resource simple health bring.,Production       ,General - Eng,MA,Administrative,Male,25699,Black,Married,Fully Meets,3,1,Tiana Bishop,,Unknown
1774,2019-09-14,2023-02-06,Production Technician I,Aaron Cochran,regina.garcia@bilearner.com,MSC,Active,Full-Time,Zone B,Part-Time,Involuntary,Wear television particular.,Production       ,Field Operations,MA,Technician,Female,96290,Asian,Widowed,Fully Meets,3,1,Regina Garcia,,Unknown
1775,2018-10-06,2019-12-12,Production Technician I,Scott Smith,julie.cochran@bilearner.com,TNS,Active,Contract,Zone A,Full-Time,Involuntary,Sing participant involve themselves plan.,Production       ,Engineers,MA,Engineer,Male,23434,Black,Single,Fully Meets,3,1,Julie Cochran,29.0,25-34
1776,2021-08-03,2022-11-01,Production Technician I,Lucas Rodriguez,yamilet.pierce@bilearner.com,PYZ,Active,Full-Time,Zone C,Temporary,Retirement,Only alone imagine. Loss minute girl.,Production       ,Project Management - Con,MA,Engineer,Male,49243,Asian,Divorced,Fully Meets,3,1,Yamilet Pierce,71.0,65+
1777,2019-07-05,2021-05-26,Production Technician I,Brian Rogers,amare.hartman@bilearner.com,WBL,Active,Full-Time,Zone B,Temporary,Involuntary,Professor late television spend foreign.,Production       ,Splicing,MA,Splicer,Female,64893,Hispanic,Single,Fully Meets,3,1,Amare Hartman,,Unknown
1778,2019-04-25,,Production Technician I,Brandon Mcdonald,cannon.lee@bilearner.com,NEL,Active,Full-Time,Zone B,Full-Time,Unk,Active Employee,Production       ,General - Con,MA,Foreman,Female,91836,Other,Widowed,Fully Meets,3,0,Cannon Lee,,Unknown
1779,2023-07-15,,Production Technician I,Christina Cohen,yael.hodge@bilearner.com,PL,Active,Full-Time,Zone A,Temporary,Unk,Active Employee,Production       ,Project Management - Con,MA,Director,Female,85791,Other,Married,Fully Meets,3,0,Yael Hodge,65.0,55-64
1780,2022-12-10,2023-02-11,Production Technician I,Jason Taylor,colton.booker@bilearner.com,BPC,Active,Contract,Zone C,Temporary,Retirement,Half nice continue serious move lay itself.,Production       ,Field Operations,MA,Engineer,Female,17208,Hispanic,Widowed,Fully Meets,3,1,Colton Booker,33.0,25-34
1781,2019-05-02,,Production Technician I,Angela Maxwell,abril.cunningham@bilearner.com,CCDR,Active,Contract,Zone A,Part-Time,Unk,Active Employee,Production       ,General - Sga,MA,Supervisor,Female,88454,White,Divorced,Fully Meets,3,0,Abril Cunningham,43.0,35-44
1782,2019-01-13,2023-07-02,Production Technician II,Kenneth Dean,braxton.house@bilearner.com,NEL,Voluntarily Terminated,Contract,Zone A,Temporary,Retirement,Material as already course. See our realize.,Production       ,Field Operations,MA,Groundman,Female,69805,Other,Married,Fully Meets,3,1,Braxton House,76.0,65+
1783,2021-06-09,,Production Technician I,Julie Smith,destiney.pearson@bilearner.com,PYZ,Active,Part-Time,Zone C,Part-Time,Unk,Active Employee,Production       ,General - Con,MA,Laborer,Female,27170,White,Widowed,Fully Meets,3,0,Destiney Pearson,45.0,35-44
1784,2023-08-02,2023-08-02,Production Technician I,Mr. John Thomas,trystan.ramos@bilearner.com,WBL,Active,Part-Time,Zone A,Temporary,Retirement,Need challenge education bank upon reach fall.,Production       ,General - Con,MA,Technician,Female,14325,Other,Divorced,Fully Meets,3,1,Trystan Ramos,,Unknown
1785,2023-06-17,,Production Technician I,Michael Mcgee PhD,miley.gutierrez@bilearner.com,NEL,Active,Full-Time,Zone C,Full-Time,Unk,Active Employee,Production       ,Technology / It,MA,Director,Female,39152,White,Widowed,Fully Meets,3,0,Miley Gutierrez,,Unknown
1786,2022-03-31,2022-06-14,Production Technician I,Daniel Banks,tara.hoover@bilearner.com,PL,Active,Full-Time,Zone A,Temporary,Resignation,Treatment itself various campaign.,Production       ,Field Operations,MA,Laborer,Male,67173,Hispanic,Widowed,Fully Meets,3,1,Tara Hoover,47.0,45-54
1787,2019-04-06,2020-08-15,Production Technician I,Edward Peterson,layla.gutierrez@bilearner.com,BPC,Active,Contract,Zone B,Temporary,Voluntary,Perform question beyond article.,Production       ,Engineers,MA,Engineer,Male,76007,Hispanic,Divorced,Fully Meets,3,1,Layla Gutierrez,70.0,65+
1788,2020-07-11,,Production Technician I,Reginald Hernandez,jakayla.hall@bilearner.com,CCDR,Active,Contract,Zone C,Full-Time,Unk,Active Employee,Production       ,Field Operations,MA,Engineer,Male,50833,Other,Divorced,Fully Meets,3,0,Jakayla Hall,50.0,45-54
1789,2023-04-22,,Production Technician I,Danielle Smith,jayson.ferguson@bilearner.com,SVG,Active,Contract,Zone C,Part-Time,Unk,Active Employee,Production       ,Engineers,MA,Engineer,Male,54218,Other,Widowed,Fully Meets,3,0,Jayson Ferguson,,Unknown
1790,2022-12-02,2023-04-08,Production Technician I,Sara Smith,nick.daniels@bilearner.com,EW,Active,Part-Time,Zone B,Part-Time,Resignation,Marriage almost cold sort public major cut.,Production       ,Aerial,MA,Lineman,Female,54589,Asian,Divorced,Fully Meets,3,1,Nick Daniels,70.0,65+
1791,2021-03-06,2023-04-26,Production Technician I,Becky Cardenas,marvin.abbott@bilearner.com,MSC,Active,Contract,Zone A,Temporary,Resignation,Year prove but moment house defense.,Production       ,Wireline Construction,MA,Clerk,Female,9310,Hispanic,Divorced,Fully Meets,3,1,Marvin Abbott,45.0,35-44
1792,2019-05-21,,Production Technician I,Brittany Olson,sawyer.oliver@bilearner.com,TNS,Active,Full-Time,Zone C,Temporary,Unk,Active Employee,Production       ,Project Management - Eng,MA,Planner,Male,6449,Black,Divorced,Fully Meets,3,0,Sawyer Oliver,76.0,65+
1793,2018-10-23,2022-12-02,Production Technician I,Victor Blair,linda.barajas@bilearner.com,BPC,Active,Full-Time,Zone B,Temporary,Resignation,Fight cup mean money easy stock stock strategy.,Production       ,Executive,MA,Director,Female,77756,Hispanic,Single,Fully Meets,3,1,Linda Barajas,,Unknown
1794,2021-05-26,,Production Technician I,James Ashley,chance.blackwell@bilearner.com,CCDR,Active,Contract,Zone A,Temporary,Unk,Active Employee,Production       ,General - Sga,MA,Administrator,Female,95802,White,Widowed,Fully Meets,3,0,Chance Blackwell,,Unknown
1795,2019-12-01,2020-06-08,Production Technician I,Shawn Howard,antonio.mccoy@bilearner.com,EW,Voluntarily Terminated,Full-Time,Zone B,Part-Time,Involuntary,Soon voice play will Mr card physical.,Production       ,Yard (Material Handling),MA,Manager,Female,71561,Asian,Widowed,Fully Meets,3,1,Antonio Mccoy,66.0,65+
1796,2021-06-07,2022-12-13,Production Technician I,Pamela Cruz,emmett.mercado@bilearner.com,MSC,Voluntarily Terminated,Contract,Zone A,Full-Time,Involuntary,Eight age article law stop quickly.,Production       ,Wireless,MA,Driver,Female,9967,Hispanic,Divorced,Fully Meets,3,1,Emmett Mercado,,Unknown
1797,2020-10-13,2022-11-09,Production Technician I,Jennifer Harrington,clara.wheeler@bilearner.com,NEL,Active,Full-Time,Zone A,Full-Time,Voluntary,Us do by over. Source today then between.,Production       ,General - Con,MA,Laborer,Female,63255,Hispanic,Widowed,Fully Meets,3,1,Clara Wheeler,,Unknown
1798,2022-10-30,,Production Technician II,Kathryn Avila,kieran.morse@bilearner.com,PL,Active,Part-Time,Zone A,Full-Time,Unk,Active Employee,Production       ,Splicing,MA,Splicer,Female,34441,Black,Widowed,Fully Meets,3,0,Kieran Morse,41.0,35-44
1799,2022-09-04,2023-05-30,Production Technician II,Alexandra Clark,aliyah.schmitt@bilearner.com,BPC,Voluntarily Terminated,Part-Time,Zone C,Temporary,Involuntary,Better one ball computer.,Production       ,Field Operations,MA,Technician,Male,12152,Black,Married,Fully Meets,3,1,Aliyah Schmitt,,Unknown
1800,2019-10-18,2021-04-19,Production Technician I,Bethany Wilkerson,kyan.morrison@bilearner.com,TNS,Active,Part-Time,Zone C,Full-Time,Resignation,Own while top huge.,Production       ,Wireline Construction,MA,Lineman,Female,57065,Black,Divorced,Fully Meets,3,1,Kyan Morrison,50.0,45-54
1801,2021-07-25,2023-01-23,Production Technician I,Brian Archer,rayan.stephenson@bilearner.com,PYZ,Active,Full-Time,Zone C,Temporary,Involuntary,Figure third where boy.,Production       ,General - Con,MA,Technician,Female,17441,Hispanic,Married,Fully Meets,3,1,Rayan Stephenson,37.0,35-44
1802,2020-03-31,,Production Technician I,Kathleen Moon,gael.jacobs@bilearner.com,WBL,Active,Part-Time,Zone B,Temporary,Unk,Active Employee,Production       ,Field Operations,MA,Driller,Female,1741,Other,Divorced,Fully Meets,3,0,Gael Jacobs,,Unknown
1803,2019-11-11,2023-08-02,Production Technician I,William Cooper,stephany.neal@bilearner.com,NEL,Active,Full-Time,Zone C,Full-Time,Resignation,While win have company will identify certainly.,Production       ,General - Eng,MA,Billing,Female,69859,Other,Divorced,Fully Meets,3,1,Stephany Neal,44.0,35-44
1804,2021-12-05,2022-03-02,Production Technician I,Rebecca Pearson,trevon.deleon@bilearner.com,PL,Active,Part-Time,Zone A,Temporary,Voluntary,Whom book science field follow treatment kind.,Production       ,Field Operations,MA,Laborer,Male,94462,Hispanic,Widowed,Fully Meets,3,1,Trevon Deleon,,Unknown
1805,2018-12-17,2022-09-03,Production Technician I,Patricia Perry,phoenix.pitts@bilearner.com,BPC,Active,Contract,Zone A,Temporary,Voluntary,Air for charge until want drug seek.,Production       ,Aerial,MA,Laborer,Male,50864,Black,Divorced,Fully Meets,3,1,Phoenix Pitts,57.0,55-64
1806,2022-03-06,,Production Technician I,Angela Reese,nola.gillespie@bilearner.com,CCDR,Active,Part-Time,Zone A,Full-Time,Unk,Active Employee,Production       ,General - Con,MA,Laborer,Male,8972,Asian,Single,Fully Meets,3,0,Nola Gillespie,,Unknown
1807,2019-09-04,,Production Technician I,Christina Hayden,jeramiah.schwartz@bilearner.com,SVG,Active,Contract,Zone C,Full-Time,Unk,Active Employee,Production       ,Yard (Material Handling),MA,Lineman,Female,94163,White,Widowed,Fully Meets,3,0,Jeramiah Schwartz,,Unknown
1808,2023-07-26,,Production Technician I,Victoria Jacobs,aaden.mercer@bilearner.com,EW,Active,Part-Time,Zone A,Part-Time,Unk,Active Employee,Production       ,Splicing,MA,Coordinator,Female,37289,Black,Married,Fully Meets,3,0,Aaden Mercer,,Unknown
1809,2022-12-19,2023-05-19,Production Technician I,John Jordan,nathalia.good@bilearner.com,MSC,Active,Contract,Zone C,Part-Time,Involuntary,Simply national production language.,Production       ,Yard (Material Handling),MA,Supervisor,Female,21417,Other,Divorced,Fully Meets,3,1,Nathalia Good,,Unknown
1810,2021-08-17,,Production Technician I,Stephen Richardson,zaria.benton@bilearner.com,TNS,Active,Full-Time,Zone A,Part-Time,Unk,Active Employee,Production       ,General - Con,MA,Engineer,Male,22860,Black,Divorced,Fully Meets,3,0,Zaria Benton,,Unknown
1811,2022-06-11,,Production Technician I,Catherine Baker,miley.ortega@bilearner.com,PYZ,Active,Contract,Zone A,Full-Time,Unk,Active Employee,Production       ,Technology / It,MA,Project Manager,Female,50910,Black,Divorced,Fully Meets,3,0,Miley Ortega,49.0,45-54
1812,2021-10-01,2023-06-18,Production Technician I,William Hall III,julia.farmer@bilearner.com,WBL,Voluntarily Terminated,Contract,Zone A,Full-Time,Involuntary,Build very significant imagine cell doctor.,Production       ,General - Con,MA,Manager,Female,78363,Black,Widowed,Fully Meets,3,1,Julia Farmer,,Unknown
1813,2020-08-04,,Production Technician I,James Meyer,valentin.lam@bilearner.com,NEL,Active,Contract,Zone C,Temporary,Unk,Active Employee,Production       ,Aerial,MA,Lineman,Female,61521,Other,Divorced,Fully Meets,3,0,Valentin Lam,46.0,45-54
1814,2022-02-11,,Production Technician I,Daniel Thomas,darnell.ritter@bilearner.com,PL,Active,Full-Time,Zone A,Part-Time,Unk,Active Employee,Production       ,Wireline Construction,MA,Laborer,Female,43420,Black,Widowed,Fully Meets,3,0,Darnell Ritter,46.0,45-54
1815,2020-06-22,,Production Technician I,Christopher Davis,kierra.lozano@bilearner.com,BPC,Active,Contract,Zone A,Part-Time,Unk,Active Employee,Production       ,Project Management - Con,MA,Manager,Female,44224,Asian,Married,Fully Meets,3,0,Kierra Lozano,,Unknown
1816,2020-08-28,,Production Technician II,Ronald Castro,jamari.dunn@bilearner.com,NEL,Active,Contract,Zone A,Temporary,Unk,Active Employee,Production       ,General - Con,MA,Supervisor,Female,83618,Other,Single,Fully Meets,3,0,Jamari Dunn,75.0,65+
1817,2019-05-06,2022-04-09,Production Technician II,William Newman,zoey.page@bilearner.com,PL,Active,Contract,Zone A,Temporary,Resignation,Condition ability least usually.,Production       ,Aerial,MA,Lineman,Female,41874,Other,Divorced,Fully Meets,3,1,Zoey Page,39.0,35-44
1818,2021-07-08,,Production Technician II,Kenneth Miller,kendra.velez@bilearner.com,BPC,Active,Contract,Zone C,Part-Time,Unk,Active Employee,Production       ,Yard (Material Handling),MA,Laborer,Male,32718,Hispanic,Widowed,Fully Meets,3,0,Kendra Velez,70.0,65+
1819,2022-07-02,,Production Technician I,Deborah Blackwell,alison.fuller@bilearner.com,WBL,Active,Full-Time,Zone B,Temporary,Unk,Active Employee,Production       ,General - Con,MA,Technician,Female,24932,Black,Single,Fully Meets,3,0,Alison Fuller,,Unknown
1820,2023-05-04,,Production Technician I,Kenneth Elliott,toby.cooley@bilearner.com,PYZ,Active,Full-Time,Zone C,Part-Time,Unk,Active Employee,Production       ,Shop (Fleet),MA,Shop,Female,74525,Black,Divorced,Fully Meets,3,0,Toby Cooley,46.0,45-54
1821,2022-12-19,,Production Technician I,Tricia Davies,emilie.hood@bilearner.com,WBL,Active,Full-Time,Zone B,Full-Time,Unk,Active Employee,Production       ,General - Sga,MA,Accountant,Female,43930,Hispanic,Widowed,Fully Meets,3,0,Emilie Hood,,Unknown
1822,2022-03-26,,Production Technician I,Lisa Hernandez,cortez.pena@bilearner.com,NEL,Active,Contract,Zone C,Part-Time,Unk,Active Employee,Production       ,Wireline Construction,MA,Groundman,Female,5184,Black,Widowed,Fully Meets,3,0,Cortez Pena,,Unknown
1823,2021-05-09,2022-11-12,Production Technician I,Karen Pugh,abbigail.blanchard@bilearner.com,PL,Active,Contract,Zone A,Full-Time,Voluntary,Term few fear whom without.,Production       ,Finance & Accounting,MA,Assistant,Male,68971,Black,Widowed,Fully Meets,3,1,Abbigail Blanchard,,Unknown
1824,2020-01-09,2022-03-10,Production Technician I,Lori Mason,abby.curtis@bilearner.com,BPC,Active,Contract,Zone B,Temporary,Voluntary,Small prove sea foot property father.,Production       ,Yard (Material Handling),MA,Vp,Male,69340,Other,Married,Fully Meets,3,1,Abby Curtis,66.0,65+
1825,2021-05-16,2023-05-14,Production Technician I,Stephen Neal,giana.moore@bilearner.com,CCDR,Active,Contract,Zone A,Part-Time,Voluntary,Plan view month maybe always state.,Production       ,Splicing,MA,Laborer,Male,45326,White,Married,Fully Meets,3,1,Giana Moore,30.0,25-34
1826,2021-01-31,2022-06-03,Production Technician I,Robert Sanchez,giada.santos@bilearner.com,SVG,Active,Part-Time,Zone B,Temporary,Resignation,Western unit case late investment.,Production       ,Aerial,MA,Foreman,Female,57901,Other,Widowed,Exceeds,3,1,Giada Santos,,Unknown
1827,2021-09-19,2022-09-14,Production Technician I,Glenda Williams,jessie.church@bilearner.com,EW,Active,Contract,Zone C,Full-Time,Involuntary,Good technology same cut arrive anything remain.,Production       ,Field Operations,MA,Operator,Female,18674,Other,Widowed,Needs Improvement,3,1,Jessie Church,,Unknown
1828,2020-03-01,2022-03-26,Production Technician I,Patrick Hall,kaylah.ramos@bilearner.com,MSC,Active,Part-Time,Zone B,Temporary,Resignation,Break field attorney.,Production       ,Wireline Construction,MA,Foreman,Male,64947,Black,Divorced,Exceeds,3,1,Kaylah Ramos,43.0,35-44
1829,2020-02-29,,Production Technician I,Joel Flynn,camille.fritz@bilearner.com,TNS,Active,Part-Time,Zone B,Temporary,Unk,Active Employee,Production       ,Engineers,MA,Project Manager,Male,37531,White,Married,Exceeds,3,0,Camille Fritz,,Unknown
1830,2018-12-08,,Production Technician I,Patrick Carpenter,deangelo.murillo@bilearner.com,PYZ,Active,Full-Time,Zone A,Temporary,Unk,Active Employee,Production       ,Finance & Accounting,MA,Administrative,Female,78846,Black,Married,Needs Improvement,3,0,Deangelo Murillo,,Unknown
1831,2022-06-26,2023-06-15,Production Technician I,Daniel Mathis,emerson.gallagher@bilearner.com,WBL,Voluntarily Terminated,Part-Time,Zone B,Temporary,Retirement,End lay return last compare.,Production       ,Isp,MA,Technician,Female,40762,Asian,Widowed,Needs Improvement,3,1,Emerson Gallagher,,Unknown
1832,2019-11-03,,Production Technician I,Bradley Randall,april.bentley@bilearner.com,NEL,Active,Contract,Zone A,Part-Time,Unk,Active Employee,Production       ,Engineers,MA,Engineer,Female,70743,White,Married,Needs Improvement,3,0,April Bentley,70.0,65+
1833,2023-01-01,,Production Technician I,Anita Chapman,ainsley.booth@bilearner.com,PL,Active,Part-Time,Zone B,Full-Time,Unk,Active Employee,Production       ,Field Operations,MA,Technician,Female,3284,White,Married,Needs Improvement,3,0,Ainsley Booth,,Unknown
1834,2020-07-31,2021-04-05,Production Technician II,Joseph Diaz,dereon.huffman@bilearner.com,CCDR,Active,Contract,Zone C,Full-Time,Resignation,Child lose recently.,Production       ,Project Management - Con,MA,Coordinator,Female,80929,White,Divorced,Needs Improvement,3,1,Dereon Huffman,,Unknown
1835,2021-09-10,2022-07-19,Production Technician II,Danielle Reyes,colin.cherry@bilearner.com,EW,Active,Part-Time,Zone B,Temporary,Resignation,Strategy word southern.,Production       ,Field Operations,MA,Laborer,Female,5480,Asian,Single,Needs Improvement,3,1,Colin Cherry,,Unknown
1836,2019-06-19,,Production Technician II,Daniel Hardy,karla.hines@bilearner.com,MSC,Active,Part-Time,Zone B,Temporary,Unk,Active Employee,Production       ,Field Operations,MA,Laborer,Male,35394,Hispanic,Divorced,Needs Improvement,3,0,Karla Hines,,Unknown
1837,2021-08-16,,Production Technician II,Michael Graves,colton.decker@bilearner.com,NEL,Active,Part-Time,Zone B,Full-Time,Unk,Active Employee,Production       ,Project Management - Con,MA,Technician,Female,5981,Asian,Divorced,Needs Improvement,3,0,Colton Decker,,Unknown
1838,2019-07-08,,Production Technician I,Elizabeth Kaufman,jayleen.tran@bilearner.com,TNS,Active,Part-Time,Zone A,Temporary,Unk,Active Employee,Production       ,Aerial,MA,Laborer,Female,4188,White,Widowed,Exceeds,3,0,Jayleen Tran,,Unknown
1839,2021-08-17,2022-08-31,Production Technician I,Joshua Glenn,aydin.perry@bilearner.com,PYZ,Active,Full-Time,Zone A,Part-Time,Voluntary,First sing others lot film anyone.,Production       ,People Services,MA,Assistant,Female,74361,Other,Single,Exceeds,3,1,Aydin Perry,,Unknown
1840,2021-01-08,,Production Technician I,Misty Brown,jenna.casey@bilearner.com,WBL,Active,Full-Time,Zone B,Part-Time,Unk,Active Employee,Production       ,General - Eng,MA,Drafter,Female,56925,Hispanic,Single,Exceeds,3,0,Jenna Casey,57.0,55-64
1841,2018-08-14,,Production Technician I,Brian Paul,remington.bullock@bilearner.com,NEL,Active,Contract,Zone B,Part-Time,Unk,Active Employee,Production       ,Field Operations,MA,Operator,Female,62148,Hispanic,Widowed,Exceeds,3,0,Remington Bullock,,Unknown
1842,2021-07-30,,Production Technician I,Ricardo Harris,delaney.stewart@bilearner.com,PL,Active,Part-Time,Zone B,Temporary,Unk,Active Employee,Production       ,General - Con,MA,Coordinator,Male,20467,Asian,Divorced,Exceeds,3,0,Delaney Stewart,28.0,25-34
1843,2023-04-08,,Production Technician I,Samantha French,saige.jones@bilearner.com,BPC,Active,Full-Time,Zone C,Temporary,Unk,Active Employee,Production       ,Engineers,MA,Engineer,Male,43130,Hispanic,Married,Needs Improvement,3,0,Saige Jones,63.0,55-64
1844,2019-09-11,,Production Technician I,Nicole Vasquez,camryn.fritz@bilearner.com,CCDR,Active,Part-Time,Zone A,Part-Time,Unk,Active Employee,Production       ,General - Con,MA,Model Assistant,Female,52114,Other,Single,Exceeds,3,0,Camryn Fritz,,Unknown
1845,2020-03-05,2021-08-22,Production Technician I,Matthew Ramirez,amanda.lambert@bilearner.com,SVG,Active,Part-Time,Zone A,Temporary,Voluntary,Force leader remain machine place.,Production       ,Aerial,MA,Laborer,Female,78947,Black,Single,Needs Improvement,3,1,Amanda Lambert,,Unknown
1846,2019-12-02,,Production Technician I,Sarah Delacruz,winston.callahan@bilearner.com,EW,Active,Full-Time,Zone C,Temporary,Unk,Active Employee,Production       ,Aerial,MA,Foreman,Male,85558,Black,Single,Needs Improvement,3,0,Winston Callahan,,Unknown
1847,2022-12-03,2022-12-24,Production Technician I,Lee Lucas,maverick.lang@bilearner.com,MSC,Active,Full-Time,Zone C,Part-Time,Resignation,Beat scene dream because by who ok.,Production       ,Project Management - Con,MA,Project Manager,Male,16653,Other,Divorced,Needs Improvement,3,1,Maverick Lang,,Unknown
1848,2021-12-23,,Production Technician I,Lisa Reed,harold.reid@bilearner.com,TNS,Active,Contract,Zone C,Part-Time,Unk,Active Employee,Production       ,Engineers,MA,Engineer,Male,40621,Black,Divorced,PIP,3,0,Harold Reid,,Unknown
1849,2022-01-28,,Production Technician I,Mary Conley,cindy.york@bilearner.com,PYZ,Active,Part-Time,Zone B,Full-Time,Unk,Active Employee,Production       ,Project Management - Con,MA,Project Manager,Female,31815,Hispanic,Divorced,PIP,3,0,Cindy York,,Unknown
1850,2019-12-15,2021-06-25,Production Technician I,Ashley Orozco,breanna.cardenas@bilearner.com,WBL,Voluntarily Terminated,Contract,Zone A,Full-Time,Voluntary,Food few generation seek outside.,Production       ,Aerial,MA,Lineman,Female,78073,White,Married,PIP,3,1,Breanna Cardenas,,Unknown
1851,2021-11-11,2022-08-01,Production Technician I,Angelica Vazquez,tripp.blake@bilearner.com,NEL,Voluntarily Terminated,Full-Time,Zone B,Temporary,Retirement,Left how maintain structure these enter kitchen.,Production       ,General - Con,MA,Laborer,Female,57276,Hispanic,Single,PIP,3,1,Tripp Blake,,Unknown
1852,2019-02-15,2023-07-28,Production Technician I,Christopher Ponce,elaine.moon@bilearner.com,PL,Voluntarily Terminated,Full-Time,Zone A,Part-Time,Voluntary,Fall share energy myself.,Production       ,General - Con,MA,Technician,Female,47682,Black,Single,PIP,3,1,Elaine Moon,,Unknown
1853,2022-03-31,,Production Technician II,Tara Fields,jaime.morrow@bilearner.com,PYZ,Active,Contract,Zone B,Temporary,Unk,Active Employee,Production       ,Wireline Construction,MA,Lineman,Female,26452,Other,Divorced,PIP,3,0,Jaime Morrow,,Unknown
1854,2020-10-25,2022-04-18,Production Technician II,Joshua Evans,leslie.potts@bilearner.com,WBL,Active,Contract,Zone A,Full-Time,Involuntary,Fight ahead group.,Production       ,Shop (Fleet),MA,Mechanic,Female,68252,Asian,Married,PIP,3,1,Leslie Potts,,Unknown
1855,2022-07-25,2023-04-26,Production Technician II,Lisa Hernandez,keith.haas@bilearner.com,NEL,Voluntarily Terminated,Part-Time,Zone B,Part-Time,Retirement,Pretty line two she accept be.,Production       ,General - Con,MA,Locator,Male,42024,Other,Married,Exceeds,3,1,Keith Haas,,Unknown
1856,2021-08-02,,Production Technician II,Nancy Valdez,matteo.oneal@bilearner.com,PL,Active,Full-Time,Zone A,Full-Time,Unk,Active Employee,Production       ,Field Operations,MA,Technician,Female,45723,Black,Widowed,Exceeds,3,0,Matteo Oneal,,Unknown
1857,2021-11-13,2023-03-17,Production Technician II,David Garcia,erik.graham@bilearner.com,BPC,Voluntarily Terminated,Contract,Zone C,Temporary,Involuntary,Have appear along within western city drug tough.,Production       ,Billable Consultants,MA,Engineer,Male,93336,Other,Divorced,Exceeds,3,1,Erik Graham,70.0,65+
1858,2019-05-07,2019-11-27,Production Technician I,Ryan Baker,lailah.haney@bilearner.com,TNS,Active,Contract,Zone A,Full-Time,Resignation,Reality line toward follow well able.,Production       ,Wireline Construction,MA,Lineman,Female,16981,Asian,Widowed,Exceeds,3,1,Lailah Haney,,Unknown
1859,2020-12-31,2021-03-04,Production Technician I,Tammy Poole,mohamed.gay@bilearner.com,PYZ,Active,Contract,Zone A,Part-Time,Voluntary,Article hope tree happy affect check people.,Production       ,Field Operations,MA,Field Technician,Female,66623,Hispanic,Married,Exceeds,3,1,Mohamed Gay,,Unknown
1860,2019-12-10,2020-03-07,Production Technician I,Jenna Perry,frankie.banks@bilearner.com,WBL,Voluntarily Terminated,Part-Time,Zone B,Full-Time,Involuntary,Entire list exactly control enough.,Production       ,Project Management - Con,MA,Coordinator,Female,34484,Asian,Divorced,Exceeds,3,1,Frankie Banks,26.0,25-34
1861,2020-06-11,,Production Technician I,Ana Harding,lorelei.glass@bilearner.com,NEL,Active,Contract,Zone A,Full-Time,Unk,Active Employee,Production       ,Wireline Construction,MA,Apprentice,Male,97856,Black,Widowed,Exceeds,3,0,Lorelei Glass,75.0,65+
1862,2021-08-30,,Production Technician I,Thomas Davis,marie.moyer@bilearner.com,PL,Active,Full-Time,Zone C,Temporary,Unk,Active Employee,Production       ,Aerial,MA,Laborer,Male,25103,Other,Single,Exceeds,3,0,Marie Moyer,,Unknown
1863,2019-11-04,2021-12-29,Production Technician I,Jennifer Boone,amari.bowen@bilearner.com,BPC,Active,Part-Time,Zone C,Full-Time,Involuntary,Nor director yard within car into final.,Production       ,Engineers,MA,Engineer,Female,87036,Other,Single,Exceeds,3,1,Amari Bowen,,Unknown
1864,2023-06-03,2023-07-18,Production Technician I,Karen Smith,prince.dickerson@bilearner.com,CCDR,Active,Full-Time,Zone A,Temporary,Resignation,Take health either southern religious today.,Production       ,Field Operations,MA,Splicer,Female,51953,Hispanic,Married,Exceeds,3,1,Prince Dickerson,,Unknown
1865,2021-02-14,,Production Technician I,Jamie Anderson,lane.church@bilearner.com,SVG,Active,Part-Time,Zone C,Part-Time,Unk,Active Employee,Production       ,Field Operations,MA,Lineman,Female,67354,Asian,Single,Exceeds,3,0,Lane Church,,Unknown
1866,2023-02-28,,Production Technician I,Kathleen Boyle,cassie.nolan@bilearner.com,EW,Active,Contract,Zone A,Temporary,Unk,Active Employee,Production       ,Field Operations,MA,Operator,Male,81653,Asian,Divorced,Exceeds,3,0,Cassie Nolan,,Unknown
1867,2021-01-09,2021-08-17,Production Technician I,Natalie Roman,mauricio.buchanan@bilearner.com,MSC,Active,Full-Time,Zone B,Temporary,Involuntary,Apply must visit street.,Production       ,Engineers,MA,Technician,Male,25698,Asian,Divorced,Needs Improvement,3,1,Mauricio Buchanan,84.0,65+
1868,2022-03-22,2023-05-15,Production Technician I,Anthony Diaz,briana.wang@bilearner.com,TNS,Active,Part-Time,Zone A,Full-Time,Resignation,Always agree room animal drug.,Production       ,Field Operations,MA,Laborer,Male,6756,Black,Single,Needs Improvement,3,1,Briana Wang,,Unknown
1869,2019-11-11,,Production Technician I,Robert Adams,salma.blackwell@bilearner.com,PYZ,Active,Part-Time,Zone C,Temporary,Unk,Active Employee,Production       ,Catv,MA,Foreman,Female,70511,Asian,Married,Exceeds,3,0,Salma Blackwell,,Unknown
1870,2022-10-04,,Production Technician I,Steven Reid,shelby.frazier@bilearner.com,WBL,Active,Contract,Zone B,Full-Time,Unk,Active Employee,Production       ,Engineers,MA,Engineer,Female,73361,Hispanic,Married,Fully Meets,3,0,Shelby Frazier,,Unknown
1871,2021-08-23,,Production Technician I,Andrew Calderon,lindsay.becker@bilearner.com,NEL,Active,Contract,Zone C,Full-Time,Unk,Active Employee,Production       ,Wireline Construction,MA,Laborer,Female,51310,White,Widowed,Fully Meets,3,0,Lindsay Becker,30.0,25-34
1872,2022-12-05,2023-06-18,Production Technician I,Andrew Ball,reyna.good@bilearner.com,PL,Active,Full-Time,Zone B,Temporary,Retirement,General nature open.,Production       ,Field Operations,MA,Laborer,Female,64371,Hispanic,Married,Fully Meets,3,1,Reyna Good,,Unknown
1873,2019-07-20,2019-08-28,Production Technician II,Christine Larson,nathalie.rivera@bilearner.com,BPC,Active,Contract,Zone C,Temporary,Involuntary,Art professional rather move explain.,Production       ,Engineers,MA,Technician,Female,76588,Black,Married,Fully Meets,3,1,Nathalie Rivera,,Unknown
1874,2021-11-05,,Production Technician II,Brenda Thompson,saniyah.schroeder@bilearner.com,CCDR,Active,Full-Time,Zone B,Part-Time,Unk,Active Employee,Production       ,Technology / It,MA,Technician,Male,35018,Asian,Widowed,Fully Meets,3,0,Saniyah Schroeder,66.0,65+
1875,2021-01-04,2023-03-04,Production Technician II,Patricia Robbins,taylor.mann@bilearner.com,EW,Voluntarily Terminated,Full-Time,Zone C,Full-Time,Involuntary,Young finally can fact.,Production       ,General - Con,MA,Foreman,Male,24806,Other,Single,Fully Meets,3,1,Taylor Mann,73.0,65+
1876,2022-10-14,2023-03-02,Production Technician II,Terry Stevens,rylee.stevenson@bilearner.com,MSC,Leave of Absence,Full-Time,Zone A,Part-Time,Resignation,Sound modern feel special me fish produce.,Production       ,Field Operations,MA,Operator,Female,40691,Hispanic,Single,Fully Meets,3,1,Rylee Stevenson,,Unknown
1877,2021-10-30,,Production Technician II,Rachel Paul,waylon.pennington@bilearner.com,NEL,Active,Part-Time,Zone A,Full-Time,Unk,Active Employee,Production       ,General - Con,MA,Foreman,Male,5750,Asian,Married,Fully Meets,3,0,Waylon Pennington,,Unknown
1878,2022-10-02,2023-06-28,Production Technician I,Elizabeth Miller,kobe.crosby@bilearner.com,WBL,Active,Part-Time,Zone B,Part-Time,Voluntary,Toward situation politics.,Production       ,Splicing,MA,Manager,Female,78562,White,Single,Fully Meets,3,1,Kobe Crosby,,Unknown
1879,2018-11-25,2020-06-14,Production Technician I,David Vasquez,carmen.davidson@bilearner.com,BPC,Voluntarily Terminated,Part-Time,Zone B,Temporary,Involuntary,Key real fill never sing feeling.,Production       ,Engineers,MA,Engineer,Female,56517,Black,Single,Fully Meets,3,1,Carmen Davidson,,Unknown
1880,2021-07-09,2023-01-28,Production Technician I,Alexandra Rice,sidney.moran@bilearner.com,CCDR,Voluntarily Terminated,Full-Time,Zone A,Full-Time,Voluntary,Within direction court hope security stuff early.,Production       ,Project Management - Con,MA,Foreman,Female,10781,Black,Widowed,Fully Meets,3,1,Sidney Moran,60.0,55-64
1881,2019-05-01,,Production Technician I,Thomas Lee,alena.bonilla@bilearner.com,EW,Active,Full-Time,Zone B,Part-Time,Unk,Active Employee,Production       ,Field Operations,MA,Technician,Male,54917,Asian,Single,Fully Meets,3,0,Alena Bonilla,,Unknown
1882,2021-11-09,2023-01-13,Production Technician I,Christina Burgess,baron.luna@bilearner.com,MSC,Active,Full-Time,Zone A,Part-Time,Retirement,List try partner four tax.,Production       ,Fielders,MA,Engineer,Female,91039,Asian,Divorced,Fully Meets,3,1,Baron Luna,81.0,65+
1883,2018-08-27,2019-03-23,Production Technician I,Regina Goodwin,giselle.butler@bilearner.com,NEL,Active,Full-Time,Zone B,Temporary,Voluntary,Unit computer what age career.,Production       ,Project Management - Con,MA,Project Manager,Female,26876,Black,Single,Fully Meets,3,1,Giselle Butler,59.0,55-64
1884,2019-03-16,,Production Technician I,Alicia Gonzalez,sophie.horne@bilearner.com,PL,Active,Part-Time,Zone C,Part-Time,Unk,Active Employee,Production       ,General - Eng,MA,Engineer,Female,57831,Other,Married,Fully Meets,3,0,Sophie Horne,,Unknown
1885,2022-01-07,,Production Technician I,Peter Giles,jabari.guerrero@bilearner.com,PYZ,Active,Contract,Zone B,Full-Time,Unk,Active Employee,Production       ,General - Con,MA,Technician,Male,67723,Other,Married,Fully Meets,3,0,Jabari Guerrero,,Unknown
1886,2022-10-04,2023-03-05,Production Technician I,Daniel Guerra,ahmed.montgomery@bilearner.com,SVG,Active,Contract,Zone A,Temporary,Involuntary,Amount establish away part.,Production       ,Executive,MA,Administrator,Male,79888,White,Single,Fully Meets,3,1,Ahmed Montgomery,42.0,35-44
1887,2022-03-23,,Production Technician I,Ashley Clark,esther.spears@bilearner.com,TNS,Active,Full-Time,Zone C,Full-Time,Unk,Active Employee,Production       ,Field Operations,MA,Tower Hand,Male,78957,White,Divorced,Fully Meets,3,0,Esther Spears,,Unknown
1888,2020-05-05,2023-07-25,Production Technician I,Veronica Murphy,darian.wall@bilearner.com,WBL,Active,Full-Time,Zone B,Temporary,Voluntary,History follow budget forget instead mind.,Production       ,Engineers,MA,Engineer,Female,36015,White,Married,Fully Meets,3,1,Darian Wall,,Unknown
1889,2020-11-23,,Production Technician I,Kelsey Thompson,kaleb.cole@bilearner.com,PYZ,Active,Contract,Zone B,Temporary,Unk,Active Employee,Production       ,General - Con,MA,Laborer,Female,19032,Other,Divorced,Fully Meets,3,0,Kaleb Cole,,Unknown
1890,2022-03-28,,Production Technician I,Cole Johns,anthony.terrell@bilearner.com,WBL,Active,Contract,Zone B,Full-Time,Unk,Active Employee,Production       ,Splicing,MA,Laborer,Female,55466,White,Widowed,Fully Meets,3,0,Anthony Terrell,,Unknown
1891,2020-03-25,,Production Technician I,Wendy Elliott,william.douglas@bilearner.com,NEL,Active,Full-Time,Zone C,Full-Time,Unk,Active Employee,Production       ,Aerial,MA,Labor,Female,6790,Hispanic,Married,Fully Meets,3,0,William Douglas,,Unknown
1892,2018-08-07,,Production Technician II,Nicholas Anderson,saniya.buck@bilearner.com,TNS,Active,Contract,Zone A,Temporary,Unk,Active Employee,Production       ,Aerial,MA,Technician,Female,91219,Asian,Single,Fully Meets,3,0,Saniya Buck,,Unknown
1893,2020-02-11,,Production Technician II,Darryl Scott,kristopher.owen@bilearner.com,BPC,Active,Contract,Zone A,Full-Time,Unk,Active Employee,Production       ,General - Con,MA,Clerk,Male,84422,White,Divorced,Fully Meets,3,0,Kristopher Owen,,Unknown
1894,2023-01-01,,Production Technician II,Clayton Wilson,hadley.tapia@bilearner.com,CCDR,Active,Full-Time,Zone A,Full-Time,Unk,Active Employee,Production       ,Field Operations,MA,Laborer,Male,12371,Other,Single,Fully Meets,3,0,Hadley Tapia,,Unknown
1895,2022-12-07,,Production Technician II,Phillip Fernandez,lillie.bush@bilearner.com,EW,Active,Part-Time,Zone A,Part-Time,Unk,Active Employee,Production       ,Wireline Construction,MA,Lineman,Female,23076,White,Married,Fully Meets,3,0,Lillie Bush,,Unknown
1896,2023-03-13,,Production Technician II,Joshua Tapia,lamont.cook@bilearner.com,MSC,Active,Full-Time,Zone A,Part-Time,Unk,Active Employee,Production       ,Engineers,MA,Engineer,Female,80925,Hispanic,Married,Fully Meets,3,0,Lamont Cook,,Unknown
1897,2021-11-14,,Production Technician II,Lauren Wilson,danna.rollins@bilearner.com,NEL,Active,Full-Time,Zone C,Temporary,Unk,Active Employee,Production       ,Field Operations,MA,Laborer,Male,38371,Asian,Divorced,Fully Meets,3,0,Danna Rollins,,Unknown
1898,2019-06-05,2020-10-20,Production Technician I,Benjamin Lang,shaun.velazquez@bilearner.com,MSC,Active,Full-Time,Zone C,Temporary,Voluntary,Benefit avoid fill begin any individual thousand.,Production       ,Field Operations,MA,Laborer,Female,5154,White,Single,Fully Meets,3,1,Shaun Velazquez,,Unknown
1899,2020-12-12,2023-05-28,Production Technician I,Ashley Cannon,kolton.duarte@bilearner.com,TNS,Active,Contract,Zone C,Full-Time,Retirement,Occur tough thousand on recent.,Production       ,Field Operations,MA,Laborer,Female,57914,Asian,Married,Fully Meets,3,1,Kolton Duarte,44.0,35-44
1900,2020-04-06,,Production Technician I,Lauren Thompson,jonas.braun@bilearner.com,PYZ,Active,Full-Time,Zone B,Full-Time,Unk,Active Employee,Production       ,General - Con,MA,Clerk,Female,46828,Hispanic,Widowed,Fully Meets,3,0,Jonas Braun,,Unknown
1901,2023-01-30,,Production Technician I,Diana Cox,meadow.howe@bilearner.com,WBL,Active,Full-Time,Zone B,Full-Time,Unk,Active Employee,Production       ,Engineers,MA,Engineer,Female,51699,White,Divorced,Fully Meets,3,0,Meadow Howe,67.0,65+
1902,2020-09-08,2022-09-19,Production Technician I,Samantha Hester,sarahi.raymond@bilearner.com,NEL,Active,Full-Time,Zone A,Temporary,Retirement,Brother a billion wife watch south.,Production       ,Engineers,MA,Project Manager,Male,86441,Other,Divorced,Fully Meets,3,1,Sarahi Raymond,74.0,65+
1903,2020-12-14,2021-12-07,Production Technician I,Roger Lynch,taylor.wiggins@bilearner.com,PL,Active,Part-Time,Zone C,Part-Time,Resignation,Can ahead cell in most generation reduce.,Production       ,Field Operations,MA,Foreman,Female,39875,Black,Divorced,Fully Meets,3,1,Taylor Wiggins,66.0,65+
1904,2022-11-07,,Production Technician I,Brenda Rodriguez,ezra.zhang@bilearner.com,BPC,Active,Contract,Zone C,Part-Time,Unk,Active Employee,Production       ,General - Con,MA,Laborer,Female,73332,Asian,Widowed,Fully Meets,3,0,Ezra Zhang,44.0,35-44
1905,2022-04-06,,Production Technician I,Sean Moon,sonia.chung@bilearner.com,CCDR,Active,Part-Time,Zone B,Temporary,Unk,Active Employee,Production       ,Wireline Construction,MA,Vp,Female,85085,Asian,Married,Fully Meets,3,0,Sonia Chung,54.0,45-54
1906,2021-02-22,,Production Technician I,Holly Hudson,bryce.mills@bilearner.com,SVG,Active,Part-Time,Zone B,Full-Time,Unk,Active Employee,Production       ,Field Operations,MA,Laborer,Male,11009,Hispanic,Widowed,Fully Meets,3,0,Bryce Mills,79.0,65+
1907,2022-05-16,,Production Technician I,Charles Allen,wade.wiggins@bilearner.com,EW,Active,Full-Time,Zone C,Part-Time,Unk,Active Employee,Production       ,Field Operations,MA,Operator,Male,89719,Asian,Widowed,Fully Meets,3,0,Wade Wiggins,38.0,35-44
1908,2020-01-18,,Production Technician I,Bonnie Hardin,selina.gonzalez@bilearner.com,MSC,Active,Contract,Zone B,Part-Time,Unk,Active Employee,Production       ,Field Operations,MA,Technician,Female,71466,White,Widowed,Fully Meets,3,0,Selina Gonzalez,,Unknown
1909,2021-10-21,,Production Technician I,Heather Michael,tyree.parsons@bilearner.com,TNS,Active,Full-Time,Zone A,Part-Time,Unk,Active Employee,Production       ,General - Con,MA,Groundman,Female,68175,White,Widowed,Fully Meets,3,0,Tyree Parsons,,Unknown
1910,2019-01-05,,Production Technician I,Jose Gomez,adrian.murray@bilearner.com,PYZ,Active,Full-Time,Zone C,Full-Time,Unk,Active Employee,Production       ,General - Eng,MA,Drafter,Female,48973,Hispanic,Divorced,Fully Meets,3,0,Adrian Murray,84.0,65+
1911,2021-01-24,2022-01-27,Production Technician I,Angela Bailey,kael.fisher@bilearner.com,WBL,Voluntarily Terminated,Part-Time,Zone B,Temporary,Resignation,Human box wish natural student staff.,Production       ,Wireline Construction,MA,Laborer,Female,36064,White,Divorced,Fully Meets,3,1,Kael Fisher,35.0,25-34
1912,2020-03-06,2021-03-06,Production Technician II,Brett Sims,erica.french@bilearner.com,TNS,Active,Part-Time,Zone B,Temporary,Retirement,Here relationship possible purpose instead.,Production       ,Engineers,MA,Engineer,Female,7544,Asian,Married,Fully Meets,3,1,Erica French,,Unknown
1913,2022-11-19,2023-02-15,Production Technician II,Natalie Johnson,damaris.oneal@bilearner.com,PYZ,Voluntarily Terminated,Full-Time,Zone B,Full-Time,Involuntary,Fine many herself field method draw learn.,Production       ,General - Con,MA,Lineman,Male,70057,White,Married,Fully Meets,3,1,Damaris Oneal,,Unknown
1914,2019-03-15,2019-10-02,Production Technician II,Deanna Freeman,rebecca.craig@bilearner.com,WBL,Voluntarily Terminated,Part-Time,Zone B,Full-Time,Resignation,Scene receive customer way medical way itself.,Production       ,Engineers,MA,Project Manager,Female,34085,Other,Married,Fully Meets,3,1,Rebecca Craig,45.0,35-44
1915,2023-05-11,2023-07-05,Production Technician II,Mary Todd,carley.waters@bilearner.com,NEL,Leave of Absence,Part-Time,Zone B,Temporary,Voluntary,Rate pick despite too happy.,Production       ,General - Con,MA,Laborer,Female,25099,Asian,Divorced,Fully Meets,3,1,Carley Waters,,Unknown
1916,2022-02-05,2023-02-07,Production Technician II,Kevin Perkins,kadyn.harrison@bilearner.com,PL,Leave of Absence,Full-Time,Zone A,Full-Time,Involuntary,Shake hold standard team seat word.,Production       ,General - Con,MA,Technician,Male,86671,Other,Divorced,Fully Meets,3,1,Kadyn Harrison,,Unknown
1917,2019-05-29,,Production Technician I,Joseph Bryant,megan.huang@bilearner.com,EW,Active,Contract,Zone B,Full-Time,Unk,Active Employee,Production       ,General - Eng,MA,Engineer,Female,39874,Black,Single,Fully Meets,3,0,Megan Huang,66.0,65+
1918,2023-01-09,2023-03-14,Production Technician I,Kayla Shelton,callum.blair@bilearner.com,MSC,Active,Contract,Zone B,Temporary,Involuntary,Talk beyond year seven.,Production       ,Field Operations,MA,Supervisor,Female,36065,Black,Single,Fully Meets,3,1,Callum Blair,36.0,35-44
1919,2022-05-01,2022-11-21,Production Technician I,Dylan Foster,emilie.donaldson@bilearner.com,TNS,Voluntarily Terminated,Contract,Zone A,Full-Time,Involuntary,Man mean daughter best quite guess.,Production       ,Shop (Fleet),MA,Shop,Female,7972,Other,Widowed,Fully Meets,3,1,Emilie Donaldson,,Unknown
1920,2021-01-26,2021-08-06,Production Technician I,Mary Morgan,darius.duke@bilearner.com,PYZ,Voluntarily Terminated,Full-Time,Zone B,Full-Time,Retirement,Avoid song interview them class.,Production       ,Field Operations,MA,Tower Hand,Female,81226,Hispanic,Widowed,Fully Meets,3,1,Darius Duke,78.0,65+
1921,2021-09-06,2023-07-02,Production Technician I,Danny Howard,kenya.decker@bilearner.com,WBL,Active,Contract,Zone C,Full-Time,Voluntary,Member space player.,Production       ,Engineers,MA,Engineer,Male,10345,Other,Married,Fully Meets,3,1,Kenya Decker,,Unknown
1922,2020-07-29,,Production Technician I,Lisa Morrison,tyrese.sloan@bilearner.com,NEL,Active,Full-Time,Zone A,Part-Time,Unk,Active Employee,Production       ,General - Con,MA,Technician,Male,89245,Asian,Divorced,Fully Meets,3,0,Tyrese Sloan,68.0,65+
1923,2023-03-31,2023-04-30,Production Technician I,John Adams,giana.roach@bilearner.com,PL,Active,Full-Time,Zone B,Full-Time,Involuntary,Officer thus service.,Production       ,People Services,MA,Director,Female,46757,Other,Widowed,Fully Meets,3,1,Giana Roach,60.0,55-64
1924,2023-05-16,2023-05-29,Production Technician I,Derek Thompson,teagan.swanson@bilearner.com,BPC,Active,Part-Time,Zone B,Full-Time,Voluntary,More sure call best.,Production       ,Field Operations,MA,Foreman,Female,53602,Hispanic,Married,Fully Meets,3,1,Teagan Swanson,,Unknown
1925,2023-04-29,2023-07-07,Production Technician I,Jason Kelly,jerome.fischer@bilearner.com,CCDR,Active,Contract,Zone B,Full-Time,Voluntary,Gun better when. Ok suddenly certain seat.,Production       ,Splicing,MA,Laborer,Male,91520,Other,Divorced,Fully Meets,3,1,Jerome Fischer,,Unknown
1926,2019-11-27,,Production Technician I,Cheryl Anderson,grayson.preston@bilearner.com,SVG,Active,Contract,Zone A,Temporary,Unk,Active Employee,Production       ,Field Operations,MA,Director,Male,95240,Black,Single,Fully Meets,3,0,Grayson Preston,26.0,25-34
1927,2022-11-03,2023-04-02,Production Technician I,Jeffrey Peters,turner.bradley@bilearner.com,EW,Active,Full-Time,Zone C,Full-Time,Involuntary,Explain put must.,Production       ,Field Operations,MA,Technician,Male,4497,Hispanic,Married,Fully Meets,3,1,Turner Bradley,50.0,45-54
1928,2022-08-08,,Production Technician I,Cindy Phillips,elvis.daniels@bilearner.com,MSC,Active,Full-Time,Zone A,Part-Time,Unk,Active Employee,Production       ,General - Con,MA,Laborer,Female,89914,Hispanic,Widowed,Fully Meets,3,0,Elvis Daniels,,Unknown
1929,2023-07-27,,Production Technician I,James Lee,rose.travis@bilearner.com,TNS,Active,Contract,Zone A,Full-Time,Unk,Active Employee,Production       ,Field Operations,MA,Coordinator,Female,97011,Asian,Widowed,Fully Meets,3,0,Rose Travis,38.0,35-44
1930,2023-07-15,,Production Technician I,Kelly Vaughn,frank.williams@bilearner.com,PYZ,Active,Full-Time,Zone C,Temporary,Unk,Active Employee,Production       ,General - Con,MA,Technician,Female,70906,Asian,Single,Fully Meets,3,0,Frank Williams,,Unknown
1931,2022-11-09,,Production Technician I,Donna Jones,yurem.donovan@bilearner.com,WBL,Active,Full-Time,Zone B,Temporary,Unk,Active Employee,Production       ,Fielders,MA,Engineer,Female,17678,White,Single,Fully Meets,3,0,Yurem Donovan,,Unknown
1932,2019-12-24,2022-06-12,Sales Manager,Emily Gaines,john.smith@bilearner.com,BPC,Active,Full-Time,Zone A,Temporary,Voluntary,Ok glass media learn grow.,Sales,General - Sga,MA,Project Manager,Male,1886,Other,Widowed,Fully Meets,3,1,John Smith,,Unknown
1933,2019-03-08,,Sales Manager,Laura Smith,lynn.daneault@bilearner.com,NEL,Active,Contract,Zone C,Part-Time,Unk,Active Employee,Sales,Aerial,VT,Lineman,Female,5473,Black,Widowed,Fully Meets,3,0,Lynn Daneault,37.0,35-44
1934,2019-06-25,2020-10-04,Sales Manager,Steve Grant,donysha.kampew@bilearner.com,WBL,Voluntarily Terminated,Contract,Zone B,Full-Time,Voluntary,Baby still now positive traditional head while.,Sales,General - Eng,PA,Supervisor,Female,19444,Other,Widowed,Fully Meets,3,1,Donysha Kampew,,Unknown
1935,2019-01-03,,Production Technician II,Brent Hickman,jordin.lozano@bilearner.com,TNS,Active,Part-Time,Zone A,Temporary,Unk,Active Employee,Sales,Yard (Material Handling),MA,Coordinator,Male,60994,Hispanic,Divorced,Fully Meets,3,0,Jordin Lozano,52.0,45-54
1936,2023-02-02,,Production Technician II,Mary Weber,ronald.gross@bilearner.com,BPC,Active,Full-Time,Zone B,Part-Time,Unk,Active Employee,Sales,Field Operations,PA,Technician,Female,78866,Hispanic,Widowed,Fully Meets,3,0,Ronald Gross,,Unknown
1937,2022-03-30,2023-01-30,Production Technician II,Kayla Peterson,maryjane.choi@bilearner.com,CCDR,Voluntarily Terminated,Full-Time,Zone A,Temporary,Involuntary,Decide prevent town important front.,Sales,Engineers,PA,Technician,Female,34825,Asian,Single,Fully Meets,3,1,Maryjane Choi,,Unknown
1938,2020-03-23,,Production Technician II,Donna Gonzalez,madalynn.yates@bilearner.com,TNS,Active,Part-Time,Zone A,Full-Time,Unk,Active Employee,Sales,Splicing,MA,Technician,Female,52524,Other,Single,Fully Meets,3,0,Madalynn Yates,,Unknown
1939,2019-06-06,,Production Technician II,Michele Riddle,angelina.peck@bilearner.com,PYZ,Active,Contract,Zone C,Temporary,Unk,Active Employee,Sales,Field Operations,PA,Engineer,Female,19068,Asian,Married,Fully Meets,3,0,Angelina Peck,84.0,65+
1940,2023-05-28,,Production Technician II,Stephanie Kerr,dario.shaw@bilearner.com,TNS,Active,Contract,Zone A,Temporary,Unk,Active Employee,Sales,Engineers,MA,Project Manager,Female,18285,Asian,Widowed,Fully Meets,3,0,Dario Shaw,84.0,65+
1941,2021-02-03,,Production Technician II,Mackenzie Johnston,deven.frazier@bilearner.com,PYZ,Active,Contract,Zone A,Part-Time,Unk,Active Employee,Sales,Engineers,PA,Engineer,Female,13977,Hispanic,Widowed,Fully Meets,3,0,Deven Frazier,85.0,65+
1942,2019-07-30,2022-11-09,Production Technician II,William Thompson,jett.kent@bilearner.com,TNS,Voluntarily Terminated,Part-Time,Zone A,Part-Time,Retirement,Sense station management factor.,Sales,Wireline Construction,MA,Laborer,Female,37830,Other,Widowed,Fully Meets,3,1,Jett Kent,62.0,55-64
1943,2022-05-08,2022-11-17,Production Technician II,Timothy Wheeler,zander.aguilar@bilearner.com,PYZ,Voluntarily Terminated,Contract,Zone A,Part-Time,Retirement,Table try place week.,Sales,Shop (Fleet),PA,Mechanic,Female,34057,White,Widowed,Fully Meets,3,1,Zander Aguilar,,Unknown
1944,2020-05-12,,Production Technician II,Steve Macdonald,alessandro.chavez@bilearner.com,TNS,Active,Part-Time,Zone A,Full-Time,Unk,Active Employee,Sales,Field Operations,PA,Technician,Female,80132,Asian,Married,Fully Meets,3,0,Alessandro Chavez,,Unknown
1945,2019-03-28,2022-12-10,Sales Manager,Christopher Murray DDS,jaxson.brady@bilearner.com,TNS,Voluntarily Terminated,Full-Time,Zone A,Temporary,Resignation,Team brother social realize town.,Sales,Engineers,MA,Engineer,Female,36863,White,Married,Fully Meets,3,1,Jaxson Brady,,Unknown
1946,2019-07-22,,Production Technician II,James Mitchell,giovanni.whitaker@bilearner.com,WBL,Active,Full-Time,Zone A,Full-Time,Unk,Active Employee,Sales,Aerial,PA,Lineman,Female,76522,Other,Widowed,Fully Meets,3,0,Giovanni Whitaker,,Unknown
1947,2020-09-17,,Sales Manager,John Chavez,karen.goodman@bilearner.com,MSC,Active,Part-Time,Zone C,Temporary,Unk,Active Employee,Sales,General - Sga,PA,Manager,Female,42775,White,Single,Fully Meets,3,0,Karen Goodman,,Unknown
1948,2022-07-02,2022-08-09,Production Technician II,Teresa Williamson,skyla.lambert@bilearner.com,TNS,Voluntarily Terminated,Part-Time,Zone B,Temporary,Retirement,Step loss place continue inside.,Sales,Splicing,PA,Splicer,Female,46619,Black,Married,Fully Meets,3,1,Skyla Lambert,63.0,55-64
1949,2019-11-30,,Sales Manager,Kimberly Washington,ashlynn.duffy@bilearner.com,MSC,Active,Contract,Zone A,Part-Time,Unk,Active Employee,Sales,Field Operations,PA,Technician,Female,63764,Hispanic,Divorced,Fully Meets,3,0,Ashlynn Duffy,76.0,65+
1950,2023-07-21,2023-07-21,Production Technician II,Stephanie Anderson,lilliana.walker@bilearner.com,TNS,Voluntarily Terminated,Contract,Zone C,Temporary,Involuntary,Long before return human peace century team.,Production       ,Splicing,PA,Splicer,Female,30495,Asian,Married,Fully Meets,3,1,Lilliana Walker,,Unknown
1951,2020-08-26,2021-05-30,Sales Manager,Jeffery Snyder,lindsay.copeland@bilearner.com,SVG,Voluntarily Terminated,Full-Time,Zone A,Temporary,Voluntary,Final send three.,Sales,Aerial,MA,Foreman,Female,32929,Asian,Married,Fully Meets,3,1,Lindsay Copeland,66.0,65+
1952,2020-05-16,,Sales Manager,Abigail Marks,kristin.mccarty@bilearner.com,TNS,Active,Full-Time,Zone A,Full-Time,Unk,Active Employee,Sales,Underground,PA,Laborer,Female,57392,Other,Divorced,Fully Meets,3,0,Kristin Mccarty,,Unknown
1953,2023-04-06,2023-05-24,Production Technician I,Jeffrey Murphy,barbara.sutwell@bilearner.com,PL,Active,Full-Time,Zone B,Full-Time,Retirement,Any adult enter these less.,Production       ,Finance & Accounting,MA,Cfo,Female,2718,Asian,Divorced,Fully Meets,3,1,Barbara Sutwell,,Unknown
1954,2019-02-18,2022-10-31,Production Technician II,Heather Riley,lenora.tejeda@bilearner.com,SVG,Voluntarily Terminated,Part-Time,Zone C,Temporary,Voluntary,Learn yes material management Mr vote.,Production       ,Finance & Accounting,MA,Administration,Female,2129,Other,Divorced,Fully Meets,3,1,Lenora Tejeda,,Unknown
1955,2020-10-10,,Production Technician I,Jonathan Huber,ludwick.harrell@bilearner.com,MSC,Active,Full-Time,Zone A,Temporary,Unk,Active Employee,Production       ,Field Operations,MA,Engineer,Male,1776,White,Married,Fully Meets,3,0,Ludwick Harrell,28.0,25-34
1956,2021-05-15,,Production Technician I,Patrick Liu,courtney.beatrice@bilearner.com,PL,Active,Part-Time,Zone A,Full-Time,Unk,Active Employee,Production       ,Billable Consultants,MA,Engineer,Female,1915,Black,Married,Fully Meets,3,0,Courtney Beatrice,,Unknown
1957,2019-05-13,2022-05-30,Production Technician I,Jimmy Cox,melisa.gerke@bilearner.com,TNS,Voluntarily Terminated,Part-Time,Zone C,Full-Time,Retirement,Prove do voice ten likely do.,Production       ,Field Operations,MA,Manager,Female,2330,Asian,Widowed,Fully Meets,3,1,Melisa Gerke,,Unknown
1958,2019-07-04,,Production Technician I,Neil Aguilar,lin.chan@bilearner.com,PYZ,Active,Contract,Zone B,Full-Time,Unk,Active Employee,Production       ,Sales & Marketing,MA,Assistant,Female,2170,Other,Married,Fully Meets,3,0,Lin Chan,,Unknown
1959,2022-04-01,2022-04-28,Production Technician I,Kirsten Patel,kamrin.sander@bilearner.com,CCDR,Active,Part-Time,Zone B,Temporary,Voluntary,Nation fight role according team candidate.,Production       ,Project Management - Con,MA,Coordinator,Female,2154,Asian,Married,Fully Meets,3,1,Kamrin Sander,37.0,35-44
1960,2018-11-03,,Production Technician I,Sean Scott,thomas.rhoads@bilearner.com,PYZ,Active,Full-Time,Zone A,Part-Time,Unk,Active Employee,Production       ,Aerial,MA,Administrator,Male,2176,White,Divorced,Fully Meets,3,0,Thomas Rhoads,,Unknown
1961,2018-10-11,2022-05-04,Production Technician I,Matthew Hawkins,nina.panjwani@bilearner.com,TNS,Voluntarily Terminated,Part-Time,Zone A,Full-Time,Voluntary,Trip letter possible institution nothing.,Production       ,General - Eng,MA,Drafter,Female,2351,Black,Married,Fully Meets,3,1,Nina Panjwani,,Unknown
1962,2023-06-25,2023-07-25,Production Technician II,Susan Gilbert,megan.faller@bilearner.com,CCDR,Active,Contract,Zone C,Part-Time,Involuntary,It likely program stay product.,Production       ,General - Con,MA,Clerk,Female,1824,Other,Divorced,Fully Meets,3,1,Megan Faller,,Unknown
1963,2020-09-14,2021-08-31,Production Technician I,Tiffany Baker,judy.jung@bilearner.com,CCDR,Voluntarily Terminated,Contract,Zone B,Full-Time,Resignation,Expert wrong space Mrs popular kitchen small.,Production       ,General - Con,MA,Technician,Female,2446,Other,Married,Fully Meets,3,1,Judy Jung,54.0,45-54
1964,2022-12-20,2023-03-11,Production Technician I,Ashley Wagner,april.evensen@bilearner.com,EW,Terminated for Cause,Part-Time,Zone B,Part-Time,Voluntary,War good your trial second black sit.,Production       ,Executive,MA,Manager,Female,2458,Other,Married,Fully Meets,3,1,April Evensen,,Unknown
1965,2022-02-23,,Production Technician II,Pamela Smith,julissa.hunts@bilearner.com,CCDR,Active,Full-Time,Zone A,Temporary,Unk,Active Employee,Production       ,General - Con,MA,Specialist,Female,2021,White,Widowed,Fully Meets,3,0,Julissa Hunts,,Unknown
1966,2019-05-31,,Production Technician II,Jessica Klein,kristie.nowlan@bilearner.com,TNS,Active,Full-Time,Zone C,Part-Time,Unk,Active Employee,Production       ,General - Con,MA,Technician,Female,1040,Other,Widowed,Fully Meets,3,0,Kristie Nowlan,55.0,45-54
1967,2019-01-29,,Production Technician I,Molly Freeman,dawn.motlagh@bilearner.com,PL,Active,Part-Time,Zone A,Part-Time,Unk,Active Employee,Production       ,General - Con,MA,Flagger,Female,2453,Other,Single,Fully Meets,3,0,Dawn Motlagh,32.0,25-34
1968,2019-09-01,,Production Technician I,Cynthia Watkins,theresa.wallace@bilearner.com,NEL,Active,Full-Time,Zone B,Temporary,Unk,Active Employee,Production       ,General - Con,MA,Laborer,Female,1887,Asian,Widowed,Fully Meets,3,0,Theresa Wallace,,Unknown
1969,2021-01-17,2021-06-08,Production Technician I,Derek Vargas,allison.lydon@bilearner.com,MSC,Leave of Absence,Full-Time,Zone A,Part-Time,Retirement,Indicate mother account loss really past.,Production       ,General - Con,MA,Foreman,Female,2122,White,Single,Fully Meets,3,1,Allison Lydon,51.0,45-54
1970,2022-04-21,2022-04-21,Production Technician I,Mark Bradley,trina.alagbe@bilearner.com,PYZ,Active,Part-Time,Zone C,Temporary,Retirement,Push must right.,Production       ,Field Operations,MA,Foreman,Female,1886,Other,Single,Fully Meets,3,1,Trina Alagbe,,Unknown
1971,2018-09-15,2023-07-14,Production Technician II,Christopher Rodriguez,betsy.bondwell@bilearner.com,MSC,Voluntarily Terminated,Part-Time,Zone C,Full-Time,Voluntary,Glass minute shake food determine deep.,Production       ,General - Con,MA,Lineman,Female,2210,Other,Divorced,Fully Meets,3,1,Betsy Bondwell,32.0,25-34
1972,2021-12-04,2022-01-07,Production Technician II,Caroline Little,joe.smith@bilearner.com,EW,Active,Contract,Zone A,Temporary,Involuntary,Its card benefit dream bring.,Production       ,Field Operations,MA,Laborer,Male,2045,Asian,Single,Fully Meets,3,1,Joe Smith,,Unknown
1973,2019-11-14,,Production Technician II,Angela Watson,lisa.lunquist@bilearner.com,BPC,Active,Full-Time,Zone B,Full-Time,Unk,Active Employee,Production       ,General - Con,MA,Laborer,Female,2324,Black,Married,Fully Meets,3,0,Lisa Lunquist,35.0,25-34
1974,2021-04-14,,Production Technician I,Robert Joseph,jene'ya.darson@bilearner.com,NEL,Active,Part-Time,Zone A,Temporary,Unk,Active Employee,Production       ,Aerial,MA,Supervisor,Female,2110,White,Widowed,Fully Meets,3,0,Jene'ya Darson,,Unknown
1975,2019-04-14,,Production Technician I,Logan Ball,hunter.cannon@bilearner.com,SVG,Active,Contract,Zone A,Temporary,Unk,Active Employee,Production       ,Project Management - Con,MA,Manager,Female,10062,Other,Divorced,Fully Meets,3,0,Hunter Cannon,,Unknown
1976,2021-01-09,,Production Technician I,Steven Ramos,jon.lynn@bilearner.com,EW,Active,Full-Time,Zone C,Full-Time,Unk,Active Employee,Production       ,Finance & Accounting,MA,Administration,Female,82592,White,Single,Fully Meets,3,0,Jon Lynn,,Unknown
1977,2022-12-26,2023-07-04,Production Technician I,Ashley Williams,paxton.clarke@bilearner.com,MSC,Voluntarily Terminated,Contract,Zone B,Full-Time,Voluntary,Before room than city she.,Production       ,Field Operations,MA,Technician,Female,4549,White,Single,Fully Meets,3,1,Paxton Clarke,,Unknown
1978,2021-10-05,2023-07-02,Production Technician I,James Foster,lillian.hines@bilearner.com,TNS,Voluntarily Terminated,Full-Time,Zone B,Part-Time,Voluntary,Economy choice authority responsibility.,Production       ,Finance & Accounting,MA,Administration,Female,61287,Other,Divorced,Fully Meets,3,1,Lillian Hines,,Unknown
1979,2022-09-25,2023-03-27,Production Technician I,Christopher Sanford,liam.snow@bilearner.com,PYZ,Active,Part-Time,Zone B,Temporary,Voluntary,Let create wind fast gun heavy cold.,Production       ,Engineers,MA,Engineer,Female,61958,Asian,Single,Fully Meets,3,1,Liam Snow,,Unknown
1980,2021-11-10,,Production Technician I,Heather Ramirez,arianna.horton@bilearner.com,WBL,Active,Part-Time,Zone C,Full-Time,Unk,Active Employee,Production       ,General - Con,MA,Manager,Female,37701,Hispanic,Married,Fully Meets,3,0,Arianna Horton,,Unknown
1981,2021-04-08,2023-07-16,Production Technician I,Amanda Mills,ayanna.short@bilearner.com,NEL,Active,Contract,Zone A,Temporary,Involuntary,Prevent involve hundred price.,Production       ,General - Con,MA,Foreman,Male,19755,Black,Divorced,Fully Meets,3,1,Ayanna Short,,Unknown
1982,2018-11-14,,Production Technician I,Jordan Cox,steve.charles@bilearner.com,PL,Active,Full-Time,Zone C,Temporary,Unk,Active Employee,Production       ,General - Sga,MA,Manager,Female,48632,Hispanic,Married,Fully Meets,3,0,Steve Charles,,Unknown
1983,2020-03-14,2022-10-22,Production Technician I,Daniel Huff,ricardo.bruce@bilearner.com,BPC,Active,Part-Time,Zone C,Full-Time,Resignation,Hold left direction. Ahead investment she.,Production       ,General - Con,MA,Laborer,Female,31391,Asian,Widowed,Fully Meets,3,1,Ricardo Bruce,,Unknown
1984,2020-06-24,,Production Technician I,Samantha Bryant,laura.gutierrez@bilearner.com,CCDR,Active,Full-Time,Zone B,Temporary,Unk,Active Employee,Production       ,Catv,MA,Splicer,Female,8522,Black,Single,Fully Meets,3,0,Laura Gutierrez,78.0,65+
1985,2023-03-19,2023-04-04,Production Technician I,Hunter Cervantes,braxton.rojas@bilearner.com,SVG,Active,Contract,Zone B,Temporary,Resignation,Race least white while real huge.,Production       ,General - Con,MA,Lineman,Female,88359,White,Widowed,Fully Meets,3,1,Braxton Rojas,63.0,55-64
1986,2022-08-15,,Production Technician I,Samantha Wyatt,sage.mercer@bilearner.com,EW,Active,Contract,Zone C,Full-Time,Unk,Active Employee,Production       ,Executive,MA,Director,Female,21326,Black,Divorced,Fully Meets,3,0,Sage Mercer,,Unknown
1987,2018-11-09,,Production Technician I,Richard Davis II,chase.horn@bilearner.com,MSC,Active,Full-Time,Zone C,Part-Time,Unk,Active Employee,Production       ,General - Sga,MA,Administrator,Female,75570,White,Single,Fully Meets,3,0,Chase Horn,,Unknown
1988,2018-11-23,2019-08-19,Production Technician I,Lisa Jones,juliana.dyer@bilearner.com,TNS,Active,Contract,Zone A,Temporary,Retirement,Seven president one. Wind education reveal old.,Production       ,Field Operations,MA,Laborer,Female,97548,Black,Single,Fully Meets,3,1,Juliana Dyer,,Unknown
1989,2020-02-25,,Production Technician II,Jessica Garcia,alec.stephens@bilearner.com,PL,Active,Full-Time,Zone A,Temporary,Unk,Active Employee,Production       ,Field Operations,MA,Groundman,Female,51952,Other,Married,Fully Meets,3,0,Alec Stephens,,Unknown
1990,2020-05-16,2022-05-18,Production Technician II,Jacqueline Jackson,adriana.weber@bilearner.com,BPC,Active,Full-Time,Zone C,Temporary,Resignation,To prevent method stand decision.,Production       ,Field Operations,MA,Laborer,Female,46806,Black,Divorced,Fully Meets,3,1,Adriana Weber,,Unknown
1991,2019-06-18,2023-07-05,Production Technician II,Kimberly Fox,lola.hensley@bilearner.com,CCDR,Active,Contract,Zone B,Temporary,Involuntary,Best candidate this seem soldier summer.,Production       ,General - Con,MA,Technician,Female,67662,Other,Married,Fully Meets,3,1,Lola Hensley,77.0,65+
1992,2019-05-20,2021-03-30,Production Technician II,Melissa Welch,shamar.delgado@bilearner.com,SVG,Active,Contract,Zone A,Part-Time,Involuntary,Create who sound worry ground.,Production       ,General - Con,MA,Laborer,Female,74114,White,Divorced,Fully Meets,3,1,Shamar Delgado,,Unknown
1993,2020-10-16,2021-02-12,Production Technician II,James Ferguson,emmanuel.huang@bilearner.com,EW,Active,Full-Time,Zone A,Full-Time,Voluntary,Stuff oil customer fact billion there.,Production       ,Field Operations,MA,Technician,Female,54589,Hispanic,Divorced,Fully Meets,3,1,Emmanuel Huang,,Unknown
1994,2022-07-01,2022-11-03,Production Technician II,Michael Pope,brenna.decker@bilearner.com,MSC,Active,Full-Time,Zone A,Full-Time,Voluntary,Party course morning also blue.,Production       ,General - Con,MA,Lineman,Female,43526,Other,Single,Fully Meets,3,1,Brenna Decker,,Unknown
1995,2022-12-17,,Production Technician II,Brandon Jones,averie.wolfe@bilearner.com,TNS,Active,Contract,Zone A,Full-Time,Unk,Active Employee,Production       ,Field Operations,MA,Driller,Female,22396,Other,Married,Fully Meets,3,0,Averie Wolfe,48.0,45-54
1996,2021-10-24,2021-11-21,Production Technician II,Carrie Davidson,gaige.marsh@bilearner.com,PYZ,Active,Part-Time,Zone A,Temporary,Resignation,Win join best machine feel.,Production       ,Aerial,MA,Lineman,Female,92216,White,Single,Fully Meets,3,1,Gaige Marsh,34.0,25-34
1997,2019-02-28,2019-10-11,Production Technician II,Ricky Stephens,karli.ross@bilearner.com,WBL,Active,Part-Time,Zone B,Full-Time,Retirement,Tv she everybody picture budget.,Production       ,Wireline Construction,MA,Project Manager,Female,64180,Asian,Divorced,Fully Meets,3,1,Karli Ross,36.0,35-44
1998,2022-03-24,,Production Technician II,Kathleen Gonzalez,amiyah.beasley@bilearner.com,NEL,Active,Full-Time,Zone C,Part-Time,Unk,Active Employee,Production       ,General - Con,MA,Laborer,Female,34377,Black,Widowed,Fully Meets,3,0,Amiyah Beasley,,Unknown
1999,2021-10-17,2022-11-12,Production Technician II,Leslie Hernandez,kayla.gibbs@bilearner.com,PL,Active,Contract,Zone A,Temporary,Involuntary,Agreement cell total play relate.,Production       ,Field Operations,MA,Locator,Female,65306,Other,Widowed,Fully Meets,3,1,Kayla Gibbs,,Unknown
2000,2022-05-13,2022-09-12,Production Technician I,Judith Ryan,jocelyn.jackson@bilearner.com,PYZ,Active,Full-Time,Zone A,Part-Time,Involuntary,Staff summer fire my game kitchen.,Production       ,General - Con,MA,Flagger,Female,29557,Black,Widowed,Fully Meets,3,1,Jocelyn Jackson,63.0,55-64
2001,2019-10-09,2023-01-06,Production Technician I,Kimberly Meyer,gilbert.newman@bilearner.com,SVG,Voluntarily Terminated,Contract,Zone B,Full-Time,Resignation,Use eight hot bar board realize without.,Production       ,Yard (Material Handling),MA,Coordinator,Female,18299,White,Widowed,Fully Meets,3,1,Gilbert Newman,,Unknown
2002,2018-10-12,2023-07-21,Production Technician I,Amanda Garcia,roberto.rosales@bilearner.com,TNS,Voluntarily Terminated,Contract,Zone B,Temporary,Involuntary,Onto work name back goal claim reduce.,Production       ,General - Con,MA,Laborer,Female,81634,White,Married,Fully Meets,3,1,Roberto Rosales,,Unknown
2003,2020-04-13,2022-11-28,Production Technician I,Kathleen Hayes,justice.rhodes@bilearner.com,WBL,Voluntarily Terminated,Contract,Zone B,Part-Time,Voluntary,Number environmental next shoulder kid move away.,Production       ,Shop (Fleet),MA,Welder,Female,48650,Other,Married,Fully Meets,3,1,Justice Rhodes,41.0,35-44
2004,2021-04-25,,Production Technician I,Michael Austin,adyson.esparza@bilearner.com,PYZ,Active,Contract,Zone B,Full-Time,Unk,Active Employee,Production       ,Engineers,MA,Engineer,Female,72181,Other,Divorced,Fully Meets,3,0,Adyson Esparza,25.0,Under 25
2005,2018-12-21,2022-11-16,Production Technician I,Glenn Rollins,laci.baird@bilearner.com,WBL,Active,Part-Time,Zone B,Part-Time,Retirement,Point himself deep audience upon door too.,Production       ,Splicing,MA,Laborer,Female,53844,Asian,Widowed,Fully Meets,3,1,Laci Baird,79.0,65+
2006,2021-09-19,,Production Technician I,Renee Valentine,samson.meza@bilearner.com,NEL,Active,Contract,Zone C,Temporary,Unk,Active Employee,Production       ,Executive,MA,Chief Operating Officer,Male,72825,Other,Married,Fully Meets,3,0,Samson Meza,,Unknown
2007,2020-12-15,,Production Technician I,Elizabeth Stewart,deacon.bass@bilearner.com,PL,Active,Full-Time,Zone C,Temporary,Unk,Active Employee,Production       ,Splicing,MA,Splicer,Female,10308,Black,Widowed,Fully Meets,3,0,Deacon Bass,47.0,45-54
2008,2019-07-15,2020-01-13,Production Technician I,Michelle Taylor,kaila.johnston@bilearner.com,BPC,Active,Part-Time,Zone A,Temporary,Voluntary,Follow yourself child to foot.,Production       ,Field Operations,MA,Lineman,Female,67443,Asian,Widowed,Fully Meets,3,1,Kaila Johnston,85.0,65+
2009,2021-11-17,,Production Technician I,Alexander Parker,cayden.maynard@bilearner.com,CCDR,Active,Contract,Zone C,Temporary,Unk,Active Employee,Production       ,Project Management - Con,MA,Engineer,Female,9141,White,Widowed,Fully Meets,3,0,Cayden Maynard,29.0,25-34
2010,2023-02-04,2023-06-24,Production Technician I,Eric Vincent,araceli.mcguire@bilearner.com,SVG,Active,Part-Time,Zone B,Part-Time,Resignation,Food shake indicate cost happen up president.,Production       ,Catv,MA,Laborer,Female,71663,Hispanic,Married,Fully Meets,3,1,Araceli Mcguire,77.0,65+
2011,2022-07-03,2022-07-12,Production Technician I,Nichole Jordan,naomi.hardin@bilearner.com,EW,Active,Contract,Zone B,Temporary,Retirement,Institution window ability miss recently around.,Production       ,Finance & Accounting,MA,Clerk,Female,91439,Asian,Married,Fully Meets,3,1,Naomi Hardin,32.0,25-34
2012,2020-01-24,2022-09-14,Production Technician I,Jason Kennedy,darnell.eaton@bilearner.com,MSC,Active,Contract,Zone B,Full-Time,Voluntary,Billion turn account cut spring.,Production       ,General - Sga,MA,Vp,Female,44651,White,Single,Fully Meets,3,1,Darnell Eaton,42.0,35-44
2013,2019-07-07,2021-03-27,Production Technician I,Crystal Johnson,zariah.ritter@bilearner.com,TNS,Active,Contract,Zone A,Temporary,Voluntary,Maintain score scene attack face try wish.,Production       ,General - Con,MA,Foreman,Female,61363,Black,Widowed,Fully Meets,3,1,Zariah Ritter,74.0,65+
2014,2022-03-13,,Production Technician II,Corey Roberts,malaki.richards@bilearner.com,EW,Active,Part-Time,Zone B,Temporary,Unk,Active Employee,Production       ,Splicing,MA,Technician,Female,6175,Asian,Divorced,Fully Meets,3,0,Malaki Richards,42.0,35-44
2015,2023-06-02,,Production Technician II,Nicholas Torres,markus.robles@bilearner.com,MSC,Active,Part-Time,Zone B,Part-Time,Unk,Active Employee,Production       ,Engineers,MA,Engineer,Female,23634,White,Widowed,Fully Meets,3,0,Markus Robles,34.0,25-34
2016,2021-04-08,,Production Technician II,Amy Durham,angela.kaufman@bilearner.com,NEL,Active,Contract,Zone C,Full-Time,Unk,Active Employee,Production       ,Field Operations,MA,Lineman,Female,66919,White,Widowed,Fully Meets,3,0,Angela Kaufman,68.0,65+
2017,2019-12-02,,Production Technician II,Miguel Brown,shaniya.wolfe@bilearner.com,PL,Active,Full-Time,Zone B,Part-Time,Unk,Active Employee,Production       ,Aerial,MA,Laborer,Female,10719,Black,Single,Fully Meets,3,0,Shaniya Wolfe,,Unknown
2018,2022-03-09,2023-05-18,Production Technician II,Kimberly Roth,anya.morton@bilearner.com,PYZ,Active,Contract,Zone C,Temporary,Retirement,Various various decide per clear miss.,Production       ,Yard (Material Handling),MA,Runner,Female,86107,Asian,Divorced,Fully Meets,3,1,Anya Morton,,Unknown
2019,2022-03-26,,Production Technician II,Danielle Little,emery.peck@bilearner.com,SVG,Active,Full-Time,Zone C,Temporary,Unk,Active Employee,Production       ,Field Operations,MA,Laborer,Female,65810,White,Widowed,Fully Meets,3,0,Emery Peck,49.0,45-54
2020,2021-05-08,2022-08-05,Production Technician II,Allison Fox,angelique.mathis@bilearner.com,TNS,Active,Part-Time,Zone A,Full-Time,Involuntary,Law safe yard market likely wife case action.,Production       ,Wireline Construction,MA,Billing,Female,47869,Black,Widowed,Fully Meets,3,1,Angelique Mathis,,Unknown
2021,2022-11-29,,Production Technician II,Christine Salas,marlee.woods@bilearner.com,WBL,Active,Part-Time,Zone A,Temporary,Unk,Active Employee,Production       ,Field Operations,MA,Foreman,Female,54120,Asian,Widowed,Fully Meets,3,0,Marlee Woods,71.0,65+
2022,2019-05-24,,Production Technician II,Stephanie Bridges,jocelyn.valentine@bilearner.com,BPC,Active,Contract,Zone B,Part-Time,Unk,Active Employee,Production       ,Wireless,MA,Operator,Female,21322,White,Divorced,Fully Meets,3,0,Jocelyn Valentine,,Unknown
2023,2022-01-29,2022-04-23,Production Technician II,Sara Chapman,sophie.moran@bilearner.com,CCDR,Active,Part-Time,Zone C,Part-Time,Retirement,Leave probably series even avoid.,Production       ,General - Con,MA,Foreman,Female,31287,Hispanic,Divorced,Fully Meets,3,1,Sophie Moran,64.0,55-64
2024,2021-07-06,2022-03-14,Production Technician II,Troy Price,yair.snyder@bilearner.com,EW,Active,Full-Time,Zone C,Full-Time,Retirement,Range create to drive.,Production       ,Field Operations,MA,Coordinator,Female,5063,Asian,Single,Fully Meets,3,1,Yair Snyder,,Unknown
2025,2021-01-29,2023-02-12,Production Technician II,Jason Johnson,shamar.herman@bilearner.com,MSC,Active,Part-Time,Zone C,Temporary,Resignation,Form prepare beat focus direction marriage.,Production       ,Field Operations,MA,Laborer,Female,90678,Asian,Single,Fully Meets,3,1,Shamar Herman,51.0,45-54
2026,2023-05-13,2023-06-10,Production Technician I,James White,ishaan.schaefer@bilearner.com,SVG,Active,Contract,Zone A,Full-Time,Resignation,Deep new manage big picture.,Production       ,Field Operations,MA,Locator,Female,5306,Hispanic,Married,Fully Meets,3,1,Ishaan Schaefer,,Unknown
2027,2019-05-22,,Production Technician I,Michael Ortiz,liam.figueroa@bilearner.com,EW,Active,Part-Time,Zone A,Full-Time,Unk,Active Employee,Production       ,Fielders,MA,Engineer,Female,42458,Black,Single,Fully Meets,3,0,Liam Figueroa,52.0,45-54
2028,2021-09-30,2021-11-14,Production Technician I,Paul Wilcox,linda.combs@bilearner.com,MSC,Voluntarily Terminated,Full-Time,Zone C,Temporary,Retirement,Half audience option safe.,Production       ,Field Operations,MA,Tower Hand,Female,77958,Hispanic,Widowed,Fully Meets,3,1,Linda Combs,45.0,35-44
2029,2019-09-09,,Production Technician I,Alyssa Garrett,marilyn.moss@bilearner.com,TNS,Active,Contract,Zone C,Full-Time,Unk,Active Employee,Production       ,General - Eng,MA,Billing,Female,84191,Black,Single,Fully Meets,3,0,Marilyn Moss,,Unknown
2030,2019-04-26,2019-05-13,Production Technician I,Nicole Rodriguez,yuliana.nelson@bilearner.com,PYZ,Active,Full-Time,Zone B,Full-Time,Resignation,Station opportunity already agency blood answer.,Production       ,Wireline Construction,MA,Operator,Female,34988,Asian,Married,Fully Meets,3,1,Yuliana Nelson,,Unknown
2031,2022-02-19,2023-04-05,Production Technician I,Mary Clark,august.wiley@bilearner.com,WBL,Active,Full-Time,Zone C,Full-Time,Involuntary,Smile friend too now move end institution.,Production       ,Project Management - Con,MA,Manager,Male,8786,Asian,Married,Fully Meets,3,1,August Wiley,,Unknown
2032,2022-04-16,2022-12-25,Production Technician I,Daniel Stafford,lindsay.pennington@bilearner.com,NEL,Active,Contract,Zone C,Part-Time,Retirement,Participant under home.,Production       ,Field Operations,MA,Technician,Male,19087,Asian,Divorced,Fully Meets,3,1,Lindsay Pennington,30.0,25-34
2033,2022-05-12,,Production Technician I,Christopher White,nico.villarreal@bilearner.com,PL,Active,Full-Time,Zone A,Full-Time,Unk,Active Employee,Production       ,General - Con,MA,Laborer,Female,47570,White,Divorced,Fully Meets,3,0,Nico Villarreal,,Unknown
2034,2021-08-26,2023-08-03,Production Technician I,Randall Hill,jaliyah.conway@bilearner.com,BPC,Active,Full-Time,Zone C,Part-Time,Voluntary,Manage expert such rate stand.,Production       ,Field Operations,MA,Driver,Female,95951,Asian,Married,Fully Meets,3,1,Jaliyah Conway,,Unknown
2035,2020-06-06,2021-11-23,Production Technician I,Alicia Horton,raymond.gillespie@bilearner.com,CCDR,Active,Full-Time,Zone C,Full-Time,Retirement,Race a way theory analysis.,Production       ,Aerial,MA,Lineman,Female,44292,Asian,Married,Fully Meets,3,1,Raymond Gillespie,,Unknown
2036,2022-06-26,,Production Technician I,Melinda Brown,joey.montes@bilearner.com,SVG,Active,Contract,Zone A,Part-Time,Unk,Active Employee,Production       ,Aerial,MA,Laborer,Female,1372,Asian,Single,Fully Meets,3,0,Joey Montes,,Unknown
2037,2021-01-09,2022-05-14,Production Technician I,Keith Morrison,ian.hester@bilearner.com,EW,Active,Contract,Zone C,Full-Time,Involuntary,Present trip year.,Production       ,General - Con,MA,Clerk,Female,14973,White,Married,Fully Meets,3,1,Ian Hester,,Unknown
2038,2018-09-02,,Production Technician I,Pamela Calderon,weston.rios@bilearner.com,MSC,Active,Part-Time,Zone A,Temporary,Unk,Active Employee,Production       ,Splicing,MA,Foreman,Female,81445,Black,Married,Fully Meets,3,0,Weston Rios,25.0,Under 25
2039,2022-04-22,,Production Technician I,Andrea Riley,carson.pennington@bilearner.com,TNS,Active,Full-Time,Zone B,Full-Time,Unk,Active Employee,Production       ,Field Operations,MA,Operator,Female,29345,White,Single,Fully Meets,3,0,Carson Pennington,69.0,65+
2040,2021-12-05,2023-06-26,Production Technician II,Eric Walton,brynlee.crawford@bilearner.com,NEL,Future Start,Contract,Zone B,Temporary,Involuntary,Impact central buy top section.,Production       ,General - Con,MA,Lineman,Female,33621,Other,Divorced,Fully Meets,3,1,Brynlee Crawford,77.0,65+
2041,2022-09-13,,Production Technician II,Tina Jenkins,sanai.rose@bilearner.com,PL,Active,Part-Time,Zone C,Part-Time,Unk,Active Employee,Production       ,General - Con,MA,Laborer,Female,91981,Black,Single,Fully Meets,3,0,Sanai Rose,,Unknown
2042,2019-11-24,,Production Technician II,Logan Middleton,luna.arroyo@bilearner.com,BPC,Active,Part-Time,Zone C,Part-Time,Unk,Active Employee,Production       ,General - Con,MA,Technician,Female,79529,White,Married,Fully Meets,3,0,Luna Arroyo,,Unknown
2043,2020-03-19,,Production Technician II,Michelle Coleman,lorelai.hale@bilearner.com,CCDR,Active,Contract,Zone C,Part-Time,Unk,Active Employee,Production       ,Isp,MA,Technician,Female,7492,White,Married,Fully Meets,3,0,Lorelai Hale,,Unknown
2044,2022-09-14,,Production Technician II,Christina Baldwin,darrell.horne@bilearner.com,SVG,Active,Contract,Zone C,Full-Time,Unk,Active Employee,Production       ,Wireline Construction,MA,Operator,Female,16589,Black,Married,Fully Meets,3,0,Darrell Horne,,Unknown
2045,2021-09-21,,Production Technician II,Ricky Reyes,itzel.nunez@bilearner.com,EW,Active,Part-Time,Zone A,Part-Time,Unk,Active Employee,Production       ,Fielders,MA,Engineer,Female,39813,Other,Divorced,Fully Meets,3,0,Itzel Nunez,,Unknown
2046,2020-05-22,,Production Technician II,Rachel Nicholson,serena.lutz@bilearner.com,MSC,Active,Part-Time,Zone C,Part-Time,Unk,Active Employee,Production       ,Project Management - Con,MA,Manager,Female,31663,Asian,Widowed,Fully Meets,3,0,Serena Lutz,,Unknown
2047,2022-12-13,,Production Technician II,Jacob Smith,gwendolyn.gray@bilearner.com,TNS,Active,Contract,Zone A,Part-Time,Unk,Active Employee,Production       ,Aerial,MA,Laborer,Female,26502,White,Single,Fully Meets,3,0,Gwendolyn Gray,,Unknown
2048,2022-02-07,,Production Technician II,Adam Bates,khalil.lee@bilearner.com,PYZ,Active,Contract,Zone B,Part-Time,Unk,Active Employee,Production       ,Aerial,MA,Laborer,Female,4321,Asian,Married,Fully Meets,3,0,Khalil Lee,31.0,25-34
2049,2020-10-06,,Production Technician II,Thomas Richard,corinne.navarro@bilearner.com,WBL,Active,Contract,Zone A,Full-Time,Unk,Active Employee,Production       ,Field Operations,MA,Laborer,Female,93573,Asian,Widowed,Fully Meets,3,0,Corinne Navarro,84.0,65+
2050,2022-01-11,2022-12-16,Production Technician II,Lisa Smith,meadow.atkins@bilearner.com,NEL,Active,Full-Time,Zone C,Full-Time,Retirement,Top whether good.,Production       ,Wireless,MA,Safety,Female,17084,White,Widowed,Fully Meets,3,1,Meadow Atkins,73.0,65+
2051,2022-02-26,,Production Technician I,Desiree Jennings,jaden.charles@bilearner.com,CCDR,Active,Part-Time,Zone C,Temporary,Unk,Active Employee,Production       ,Field Operations,MA,Laborer,Female,18433,Black,Single,Fully Meets,3,0,Jaden Charles,,Unknown
2052,2020-06-10,2022-11-13,Production Technician I,Dr. Donald Henry,blaine.contreras@bilearner.com,SVG,Active,Part-Time,Zone B,Part-Time,Involuntary,Mean car law read friend growth.,Production       ,Field Operations,MA,Laborer,Female,61020,Hispanic,Married,Fully Meets,3,1,Blaine Contreras,70.0,65+
2053,2021-09-27,,Production Technician I,Curtis Gonzales,kolten.kim@bilearner.com,EW,Active,Part-Time,Zone B,Temporary,Unk,Active Employee,Production       ,Engineers,MA,Engineer,Female,34501,White,Divorced,Fully Meets,3,0,Kolten Kim,37.0,35-44
2054,2018-10-25,2021-10-15,Production Technician I,Shawn Acosta,erika.mata@bilearner.com,MSC,Active,Contract,Zone C,Temporary,Voluntary,Anyone include world claim up.,Production       ,Project Management - Con,MA,Coordinator,Female,41617,Black,Married,Fully Meets,3,1,Erika Mata,,Unknown
2055,2020-11-25,,Production Technician I,Jamie Hernandez,beau.olsen@bilearner.com,TNS,Active,Contract,Zone A,Full-Time,Unk,Active Employee,Production       ,Engineers,MA,Executive,Female,70318,White,Divorced,Fully Meets,3,0,Beau Olsen,,Unknown
2056,2020-04-17,2022-02-26,Production Technician I,Abigail Cooper,kelly.ellis@bilearner.com,PYZ,Active,Contract,Zone A,Full-Time,Voluntary,Stock about front themselves list value.,Production       ,Field Operations,MA,Laborer,Female,69455,White,Divorced,Fully Meets,3,1,Kelly Ellis,,Unknown
2057,2021-04-15,,Production Technician I,Amanda Jones,nikhil.rivas@bilearner.com,WBL,Active,Contract,Zone C,Part-Time,Unk,Active Employee,Production       ,Field Operations,MA,Laborer,Male,28907,Hispanic,Married,Fully Meets,3,0,Nikhil Rivas,,Unknown
2058,2022-04-17,2022-06-03,Production Technician I,Stephanie Morales,brady.boyd@bilearner.com,NEL,Active,Full-Time,Zone A,Temporary,Resignation,Provide pick upon green event himself.,Production       ,Field Operations,MA,Laborer,Male,9125,White,Divorced,Fully Meets,3,1,Brady Boyd,,Unknown
2059,2023-07-29,2023-08-06,Production Technician I,Sally Owens,alfred.manning@bilearner.com,PL,Voluntarily Terminated,Full-Time,Zone C,Temporary,Retirement,Issue administration collection.,Production       ,General - Con,MA,Laborer,Female,7499,White,Married,Fully Meets,3,1,Alfred Manning,,Unknown
2060,2023-01-26,,Production Technician I,David Perkins,angelina.russell@bilearner.com,BPC,Active,Part-Time,Zone C,Part-Time,Unk,Active Employee,Production       ,Field Operations,MA,Tower Hand,Female,96077,Asian,Divorced,Fully Meets,3,0,Angelina Russell,,Unknown
2061,2018-12-12,,Production Technician I,Natasha Dennis,king.garrison@bilearner.com,CCDR,Active,Full-Time,Zone A,Full-Time,Unk,Active Employee,Production       ,Engineers,MA,Field Project Manager,Female,55355,Other,Married,Fully Meets,3,0,King Garrison,80.0,65+
2062,2018-10-25,,Production Technician I,Regina Roberts,kale.middleton@bilearner.com,SVG,Active,Contract,Zone C,Temporary,Unk,Active Employee,Production       ,Project Management - Con,MA,Laborer,Female,35346,Hispanic,Single,Fully Meets,3,0,Kale Middleton,,Unknown
2063,2021-05-20,,Production Technician I,Raymond Johnson,kailyn.montgomery@bilearner.com,EW,Active,Contract,Zone B,Full-Time,Unk,Active Employee,Production       ,Aerial,MA,Groundman,Female,72585,Hispanic,Married,Fully Meets,3,0,Kailyn Montgomery,,Unknown
2064,2020-08-28,2020-12-26,Production Technician I,Nicholas Freeman,philip.cobb@bilearner.com,MSC,Active,Part-Time,Zone C,Full-Time,Resignation,Maintain catch look. Wide local natural.,Production       ,Finance & Accounting,MA,Executive,Female,32823,White,Single,Fully Meets,3,1,Philip Cobb,62.0,55-64
2065,2020-05-10,,Production Technician II,Yesenia Sandoval,bria.spence@bilearner.com,EW,Active,Contract,Zone C,Full-Time,Unk,Active Employee,Production       ,Field Operations,MA,Laborer,Female,18169,Other,Single,Fully Meets,3,0,Bria Spence,,Unknown
2066,2023-08-04,2023-08-04,Production Technician II,Lisa Bryant,ellie.holder@bilearner.com,MSC,Active,Contract,Zone A,Full-Time,Voluntary,Yeah deal great thousand church least fact.,Production       ,Project Management - Con,MA,Manager,Female,71853,Asian,Single,Fully Meets,3,1,Ellie Holder,,Unknown
2067,2022-04-22,,Production Technician II,Ariana Campbell MD,denzel.clark@bilearner.com,NEL,Active,Full-Time,Zone C,Part-Time,Unk,Active Employee,Production       ,Engineers,MA,Project Manager,Female,97487,White,Divorced,Fully Meets,3,0,Denzel Clark,,Unknown
2068,2021-06-05,,Production Technician II,William Mccall DDS,sidney.lewis@bilearner.com,PL,Active,Contract,Zone C,Part-Time,Unk,Active Employee,Production       ,Field Operations,MA,Laborer,Female,53645,White,Divorced,Fully Meets,3,0,Sidney Lewis,64.0,55-64
2069,2022-06-29,,Production Technician II,William Wagner,simon.rivers@bilearner.com,PYZ,Active,Full-Time,Zone C,Temporary,Unk,Active Employee,Production       ,Wireline Construction,MA,Manager,Female,43569,Other,Widowed,Fully Meets,3,0,Simon Rivers,,Unknown
2070,2022-07-02,,Production Technician II,David Collins,branson.schneider@bilearner.com,SVG,Active,Contract,Zone A,Full-Time,Unk,Active Employee,Production       ,Field Operations,MA,Operator,Female,38800,White,Divorced,Fully Meets,3,0,Branson Schneider,,Unknown
2071,2023-01-04,,Production Technician II,Jessica Matthews,maren.whitehead@bilearner.com,TNS,Active,Contract,Zone A,Full-Time,Unk,Active Employee,Production       ,Wireline Construction,MA,Laborer,Female,72287,White,Widowed,Fully Meets,3,0,Maren Whitehead,,Unknown
2072,2023-07-08,,Production Technician II,William Walters,gilbert.hensley@bilearner.com,WBL,Active,Contract,Zone A,Temporary,Unk,Active Employee,Production       ,Project Management - Con,MA,Engineer,Female,37599,White,Single,Fully Meets,3,0,Gilbert Hensley,46.0,45-54
2073,2023-03-03,2023-08-06,Production Technician II,Daniel Lee,armani.barker@bilearner.com,PYZ,Active,Part-Time,Zone B,Full-Time,Involuntary,Drug remain total marriage ago raise.,Production       ,Field Operations,MA,Manager,Female,52861,Hispanic,Single,Fully Meets,3,1,Armani Barker,,Unknown
2074,2019-08-19,,Production Technician II,Michelle Williams,tamia.byrd@bilearner.com,WBL,Active,Part-Time,Zone B,Full-Time,Unk,Active Employee,Production       ,Field Operations,MA,Supervisor,Female,11079,Hispanic,Widowed,Fully Meets,3,0,Tamia Byrd,,Unknown
2075,2018-10-30,,Production Technician I,Vicki Ortega,oliver.richardson@bilearner.com,NEL,Active,Contract,Zone A,Full-Time,Unk,Active Employee,Production       ,Project Management - Con,MA,Manager,Female,88221,Other,Married,Fully Meets,3,0,Oliver Richardson,,Unknown
2076,2021-12-07,2023-01-02,Production Technician I,David Simpson,nathalia.larson@bilearner.com,PL,Active,Full-Time,Zone A,Full-Time,Voluntary,Yeah quickly speech hold. Hard image wall large.,Production       ,Field Operations,MA,Project Manager,Female,83667,Black,Divorced,Fully Meets,3,1,Nathalia Larson,,Unknown
2077,2020-11-18,2021-02-13,Production Technician I,Christina Serrano,laurel.chan@bilearner.com,PYZ,Active,Full-Time,Zone A,Temporary,Resignation,Decide material save personal media.,Production       ,General - Con,MA,Foreman,Female,50403,Asian,Married,Fully Meets,3,1,Laurel Chan,,Unknown
2078,2018-09-26,2019-10-15,Production Technician I,Yolanda Sanders,alejandra.barnes@bilearner.com,SVG,Voluntarily Terminated,Full-Time,Zone B,Temporary,Voluntary,Until factor claim chance.,Production       ,Field Operations,MA,Laborer,Female,50499,White,Single,Fully Meets,3,1,Alejandra Barnes,,Unknown
2079,2022-06-19,,Production Technician I,Michael Potts,emilio.daniel@bilearner.com,TNS,Active,Part-Time,Zone B,Part-Time,Unk,Active Employee,Production       ,General - Con,MA,Flagger,Female,60487,White,Married,Fully Meets,3,0,Emilio Daniel,70.0,65+
2080,2022-09-15,2023-02-14,Production Technician I,Alexander Martin,ellie.robbins@bilearner.com,WBL,Active,Contract,Zone B,Temporary,Involuntary,Serve bill write instead pressure life anyone.,Production       ,Catv,MA,Supervisor,Female,34104,Other,Married,Fully Meets,3,1,Ellie Robbins,66.0,65+
2081,2020-05-09,,Production Technician I,Kaylee Gross,vicente.hansen@bilearner.com,BPC,Active,Part-Time,Zone A,Temporary,Unk,Active Employee,Production       ,Engineers,MA,Supervisor,Female,84354,Asian,Married,Fully Meets,3,0,Vicente Hansen,38.0,35-44
2082,2021-02-17,,Production Technician I,Antonio Hayes,jordan.kemp@bilearner.com,CCDR,Active,Contract,Zone C,Temporary,Unk,Active Employee,Production       ,Field Operations,MA,Laborer,Male,53786,Black,Single,Fully Meets,3,0,Jordan Kemp,65.0,55-64
2083,2020-04-12,,Production Technician I,Barbara Mendez,edith.richard@bilearner.com,EW,Active,Contract,Zone C,Temporary,Unk,Active Employee,Production       ,Engineers,MA,Technician,Female,92893,Hispanic,Divorced,Fully Meets,3,0,Edith Richard,,Unknown
2084,2021-03-30,,Production Technician I,Steven Phelps,dustin.snow@bilearner.com,MSC,Active,Contract,Zone B,Full-Time,Unk,Active Employee,Production       ,Sales & Marketing,MA,Assistant,Female,77142,Hispanic,Divorced,Fully Meets,3,0,Dustin Snow,55.0,45-54
2085,2019-05-05,2022-01-11,Production Technician I,Dana Parker,layton.goodwin@bilearner.com,NEL,Active,Contract,Zone C,Full-Time,Voluntary,Customer make camera truth.,Production       ,Engineers,MA,Engineer,Female,8666,Asian,Married,Fully Meets,3,1,Layton Goodwin,27.0,25-34
2086,2021-05-31,2021-11-12,Production Technician I,Steven Short,eliza.munoz@bilearner.com,PL,Active,Contract,Zone A,Part-Time,Retirement,Capital course trade.,Production       ,General - Con,MA,Laborer,Female,26272,Asian,Divorced,Fully Meets,3,1,Eliza Munoz,,Unknown
2087,2019-11-21,2020-06-24,Production Technician I,Drew Hawkins,arianna.durham@bilearner.com,PYZ,Active,Part-Time,Zone A,Full-Time,Involuntary,Per record feeling bed tax education.,Production       ,Field Operations,MA,Laborer,Female,11105,Black,Widowed,Fully Meets,3,1,Arianna Durham,,Unknown
2088,2019-07-19,,Production Technician I,Wendy Adams,lia.orr@bilearner.com,SVG,Active,Contract,Zone B,Full-Time,Unk,Active Employee,Production       ,Yard (Material Handling),MA,Coordinator,Female,37040,White,Divorced,Fully Meets,3,0,Lia Orr,,Unknown
2089,2018-12-29,2020-07-04,Production Technician I,Zachary Hanson,ethan.rhodes@bilearner.com,TNS,Active,Contract,Zone C,Part-Time,Voluntary,Upon situation late.,Production       ,Technology / It,MA,Director,Female,93414,White,Married,Fully Meets,3,1,Ethan Rhodes,60.0,55-64
2090,2023-01-12,,Production Technician II,Michelle Dickerson,alexis.nielsen@bilearner.com,EW,Active,Part-Time,Zone B,Full-Time,Unk,Active Employee,Production       ,General - Sga,MA,Assistant,Female,33206,Asian,Divorced,Fully Meets,3,0,Alexis Nielsen,,Unknown
2091,2022-11-25,,Production Technician II,Christopher Wallace,adalyn.bass@bilearner.com,MSC,Active,Contract,Zone C,Part-Time,Unk,Active Employee,Production       ,Field Operations,MA,Locator,Female,72118,Black,Single,Fully Meets,3,0,Adalyn Bass,,Unknown
2092,2019-11-13,,Production Technician II,Sean Jones,hadley.benson@bilearner.com,NEL,Active,Part-Time,Zone C,Full-Time,Unk,Active Employee,Production       ,Field Operations,MA,Laborer,Female,36134,Asian,Widowed,Fully Meets,3,0,Hadley Benson,39.0,35-44
2093,2020-09-08,2022-08-24,Production Technician II,Harold Mccullough,carlee.lang@bilearner.com,PL,Active,Contract,Zone A,Temporary,Resignation,Opportunity place deal.,Production       ,General - Con,MA,Technician,Female,18116,Hispanic,Married,Fully Meets,3,1,Carlee Lang,78.0,65+
2094,2019-06-16,2021-09-07,Production Technician II,Andrew Norton,eli.flores@bilearner.com,PYZ,Active,Part-Time,Zone C,Part-Time,Involuntary,Same manage return husband try general.,Production       ,Field Operations,MA,Groundman,Female,67210,Black,Married,Fully Meets,3,1,Eli Flores,62.0,55-64
2095,2023-07-14,2023-07-16,Production Technician II,Allen Mckinney,lyric.solomon@bilearner.com,SVG,Active,Full-Time,Zone A,Full-Time,Retirement,Night official cut director seven.,Production       ,Project Management - Con,MA,Manager,Female,60616,Other,Divorced,Fully Meets,3,1,Lyric Solomon,,Unknown
2096,2023-07-18,,Production Technician II,Stephen Knight,jerome.howard@bilearner.com,TNS,Active,Contract,Zone C,Full-Time,Unk,Active Employee,Production       ,Field Operations,MA,Construction Manager,Female,17358,Black,Single,Fully Meets,3,0,Jerome Howard,,Unknown
2097,2018-12-06,2019-04-09,Production Technician II,Kenneth Mathews,parker.fritz@bilearner.com,WBL,Active,Part-Time,Zone C,Full-Time,Retirement,Laugh effort pressure fund.,Production       ,Aerial,MA,Lineman,Female,29605,Black,Widowed,PIP,2,1,Parker Fritz,,Unknown
2098,2020-07-15,,Production Technician II,Robert Mercado,phillip.fuentes@bilearner.com,BPC,Active,Part-Time,Zone B,Temporary,Unk,Active Employee,Production       ,Catv,MA,Laborer,Female,51886,Other,Divorced,PIP,5,0,Phillip Fuentes,,Unknown
2099,2018-10-30,,Production Technician I,Victor Graves DVM,drake.wiggins@bilearner.com,BPC,Active,Full-Time,Zone B,Part-Time,Unk,Active Employee,Production       ,General - Sga,MA,Vp,Female,66261,Hispanic,Widowed,PIP,4,0,Drake Wiggins,,Unknown
2100,2022-09-13,,Production Technician I,Tracey Jackson,lucy.santos@bilearner.com,CCDR,Active,Contract,Zone A,Temporary,Unk,Active Employee,Production       ,Aerial,MA,Coordinator,Female,26880,Other,Divorced,Exceeds,4,0,Lucy Santos,,Unknown
2101,2022-12-28,2023-05-13,Production Technician I,Sarah Carter,justice.curry@bilearner.com,SVG,Voluntarily Terminated,Full-Time,Zone B,Temporary,Involuntary,Even third look high.,Production       ,Fielders,MA,Engineer,Female,35098,Hispanic,Married,PIP,5,1,Justice Curry,,Unknown
2102,2023-03-24,,Production Technician I,Jose Harris,valeria.zavala@bilearner.com,EW,Active,Part-Time,Zone B,Part-Time,Unk,Active Employee,Production       ,Field Operations,MA,Driller,Female,90728,Asian,Single,Exceeds,2,0,Valeria Zavala,,Unknown
2103,2020-10-02,,Production Technician I,Stephen Lester,nola.sellers@bilearner.com,MSC,Active,Contract,Zone A,Full-Time,Unk,Active Employee,Production       ,Field Operations,MA,Construction Manager,Female,49149,Asian,Widowed,Exceeds,5,0,Nola Sellers,,Unknown
2104,2020-09-14,,Production Technician I,Ana Trujillo,andre.fields@bilearner.com,TNS,Active,Contract,Zone A,Temporary,Unk,Active Employee,Production       ,Field Operations,MA,Laborer,Female,73771,Hispanic,Widowed,Exceeds,2,0,Andre Fields,,Unknown
2105,2020-01-19,,Production Technician I,Jennifer Campbell,joel.hanson@bilearner.com,PYZ,Active,Part-Time,Zone C,Part-Time,Unk,Active Employee,Production       ,General - Sga,MA,Supervisor,Female,92541,Hispanic,Single,Needs Improvement,4,0,Joel Hanson,,Unknown
2106,2019-04-14,2023-01-20,Production Technician I,Timothy Walters,tony.mendoza@bilearner.com,WBL,Active,Contract,Zone C,Temporary,Resignation,No even actually meet though three.,Production       ,Wireline Construction,MA,Foreman,Male,47601,White,Widowed,Exceeds,2,1,Tony Mendoza,,Unknown
2107,2023-06-02,2023-07-24,Production Technician I,Jesse Gilmore,jacqueline.black@bilearner.com,NEL,Active,Contract,Zone B,Temporary,Retirement,Cell push simply. Career situation record entire.,Production       ,Field Operations,MA,Project Manager,Female,68361,Hispanic,Widowed,Exceeds,1,1,Jacqueline Black,,Unknown
2108,2022-05-09,2023-01-03,Production Technician I,Austin Brown,denise.mccullough@bilearner.com,PL,Voluntarily Terminated,Part-Time,Zone A,Temporary,Retirement,Herself Mr office bed.,Production       ,Field Operations,MA,Driller,Female,71922,White,Widowed,Needs Improvement,2,1,Denise Mccullough,,Unknown
2109,2021-02-23,,Production Technician I,Jeremiah Harper,zain.tanner@bilearner.com,BPC,Active,Part-Time,Zone C,Part-Time,Unk,Active Employee,Production       ,Field Operations,MA,Tower Hand,Female,51689,Other,Divorced,Exceeds,5,0,Zain Tanner,,Unknown
2110,2021-06-04,,Production Technician I,Jessica Shaffer,richard.deleon@bilearner.com,CCDR,Active,Contract,Zone C,Temporary,Unk,Active Employee,Production       ,General - Sga,MA,Vp,Female,97553,Black,Single,Exceeds,4,0,Richard Deleon,,Unknown
2111,2022-03-29,2022-07-30,Production Technician I,Sharon Salas,carmelo.hayden@bilearner.com,SVG,Active,Full-Time,Zone A,Temporary,Involuntary,Arrive allow reveal move.,Production       ,General - Con,MA,Lineman,Female,92067,Asian,Single,Needs Improvement,5,1,Carmelo Hayden,,Unknown
2112,2019-07-30,2020-01-21,Production Technician I,Cristina Davis,emilio.pierce@bilearner.com,EW,Active,Part-Time,Zone B,Temporary,Voluntary,Guy present clear.,Production       ,Engineers,MA,Technician,Female,65114,Other,Widowed,Exceeds,4,1,Emilio Pierce,,Unknown
2113,2020-07-09,2022-12-10,Production Technician I,Lisa Manning,emerson.wood@bilearner.com,MSC,Active,Part-Time,Zone B,Full-Time,Involuntary,Out phone market. Time parent economy each.,Production       ,General - Con,MA,Clerk,Female,9677,White,Widowed,Exceeds,2,1,Emerson Wood,,Unknown
2114,2019-08-24,,Production Technician II,Caitlin Stokes,abagail.moran@bilearner.com,NEL,Active,Contract,Zone C,Part-Time,Unk,Active Employee,Production       ,Engineers,MA,Project Manager,Female,38475,White,Single,Exceeds,4,0,Abagail Moran,,Unknown
2115,2019-04-15,2023-05-10,Production Technician II,Kristin White,nikhil.cummings@bilearner.com,PL,Active,Contract,Zone A,Part-Time,Voluntary,Although center movement stock. While you local.,Production       ,Billable Consultants,MA,Engineer,Female,25166,Asian,Married,Exceeds,2,1,Nikhil Cummings,,Unknown
2116,2021-08-21,,Production Technician II,David Cook,stanley.bowen@bilearner.com,BPC,Active,Part-Time,Zone C,Full-Time,Unk,Active Employee,Production       ,Engineers,MA,Engineer,Female,81288,Black,Divorced,Needs Improvement,4,0,Stanley Bowen,80.0,65+
2117,2020-06-22,,Production Technician II,Blake Proctor,terrell.hanna@bilearner.com,CCDR,Active,Full-Time,Zone B,Full-Time,Unk,Active Employee,Production       ,Field Operations,MA,Laborer,Female,45637,Hispanic,Divorced,Exceeds,2,0,Terrell Hanna,,Unknown
2118,2020-01-28,,Production Technician II,Sherry Le,dale.mendoza@bilearner.com,SVG,Active,Part-Time,Zone C,Temporary,Unk,Active Employee,Production       ,Project Management - Eng,MA,Coordinator,Female,41529,White,Widowed,Exceeds,5,0,Dale Mendoza,26.0,25-34
2119,2019-03-29,,Production Technician II,Susan Smith,marcos.carey@bilearner.com,EW,Active,Part-Time,Zone A,Temporary,Unk,Active Employee,Production       ,General - Con,MA,Foreman,Female,72491,White,Married,Exceeds,5,0,Marcos Carey,85.0,65+
2120,2018-10-05,,Production Technician II,William Waters,simeon.pittman@bilearner.com,MSC,Active,Contract,Zone C,Full-Time,Unk,Active Employee,Production       ,Wireline Construction,MA,Lineman,Female,66867,Asian,Divorced,Needs Improvement,2,0,Simeon Pittman,,Unknown
2121,2020-08-20,,Production Technician II,Angel Rhodes,jenna.cochran@bilearner.com,TNS,Active,Part-Time,Zone A,Full-Time,Unk,Active Employee,Production       ,Splicing,MA,Splicer,Female,12265,Asian,Married,Exceeds,5,0,Jenna Cochran,28.0,25-34
2122,2021-06-11,2022-11-14,Production Technician I,William Thomas,tia.kent@bilearner.com,BPC,Active,Full-Time,Zone C,Temporary,Resignation,Company event positive along avoid.,Production       ,General - Con,MA,Locator,Female,65636,Asian,Married,Needs Improvement,5,1,Tia Kent,,Unknown
2123,2021-09-10,,Production Technician I,Jackie Tran,chace.farley@bilearner.com,CCDR,Active,Contract,Zone B,Temporary,Unk,Active Employee,Production       ,Catv,MA,Project Manager,Female,96364,White,Widowed,Exceeds,2,0,Chace Farley,47.0,45-54
2124,2023-02-21,2023-07-09,Production Technician I,Kristin Lee,spencer.hicks@bilearner.com,SVG,Voluntarily Terminated,Contract,Zone B,Temporary,Voluntary,New serve test what conference management.,Production       ,Wireline Construction,MA,Laborer,Female,42707,White,Single,Exceeds,2,1,Spencer Hicks,76.0,65+
2125,2019-08-09,,Production Technician I,Sean Ayers,leslie.zamora@bilearner.com,EW,Active,Full-Time,Zone B,Part-Time,Unk,Active Employee,Production       ,Engineers,MA,Project Manager,Female,1514,White,Divorced,Exceeds,4,0,Leslie Zamora,,Unknown
2126,2021-03-08,2022-10-07,Production Technician I,Steven Logan,chasity.kennedy@bilearner.com,MSC,Active,Part-Time,Zone C,Temporary,Involuntary,Will cut garden exist ability its human.,Production       ,Technology / It,MA,Helpdesk,Female,35121,Black,Married,PIP,1,1,Chasity Kennedy,,Unknown
2127,2019-07-20,,Production Technician I,Pamela Davis,makena.benitez@bilearner.com,TNS,Active,Contract,Zone A,Part-Time,Unk,Active Employee,Production       ,Field Operations,MA,Foreman,Female,36490,Black,Single,Needs Improvement,4,0,Makena Benitez,,Unknown
2128,2023-03-27,,Production Technician I,Catherine Lane,remington.walton@bilearner.com,PYZ,Active,Full-Time,Zone A,Temporary,Unk,Active Employee,Production       ,Field Operations,MA,Foreman,Female,85293,Black,Widowed,Needs Improvement,2,0,Remington Walton,71.0,65+
2129,2019-10-07,,Production Technician I,Samantha Alexander,raina.best@bilearner.com,WBL,Active,Part-Time,Zone B,Temporary,Unk,Active Employee,Production       ,Field Operations,MA,Technician,Male,40632,Other,Divorced,Needs Improvement,2,0,Raina Best,38.0,35-44
2130,2022-12-13,,Production Technician I,Jade Quinn,paulina.henderson@bilearner.com,NEL,Active,Contract,Zone C,Part-Time,Unk,Active Employee,Production       ,Field Operations,MA,Tower Hand,Female,54337,Other,Married,Needs Improvement,1,0,Paulina Henderson,,Unknown
2131,2020-06-06,2022-03-12,Production Technician I,John Harvey,kaiya.marsh@bilearner.com,PL,Voluntarily Terminated,Part-Time,Zone C,Part-Time,Resignation,Dream enough treatment knowledge area.,Production       ,Field Operations,MA,Laborer,Female,88590,Black,Widowed,Needs Improvement,4,1,Kaiya Marsh,75.0,65+
2132,2022-04-25,,Production Technician I,Christine Campbell,scarlett.brooks@bilearner.com,BPC,Active,Full-Time,Zone A,Full-Time,Unk,Active Employee,Production       ,Fielders,MA,Technician,Female,70052,Other,Widowed,Needs Improvement,2,0,Scarlett Brooks,,Unknown
2133,2020-07-28,,Production Technician I,Adriana Wood,makhi.kramer@bilearner.com,CCDR,Active,Contract,Zone A,Full-Time,Unk,Active Employee,Production       ,Field Operations,MA,Tower Hand,Female,88134,Black,Single,PIP,1,0,Makhi Kramer,,Unknown
2134,2022-02-28,2023-05-31,Production Technician I,Vanessa Garcia,beatrice.faulkner@bilearner.com,SVG,Active,Part-Time,Zone B,Temporary,Resignation,Out always about must with ago here.,Production       ,Aerial,MA,Foreman,Female,36904,Hispanic,Widowed,Exceeds,2,1,Beatrice Faulkner,25.0,Under 25
2135,2021-10-25,2023-02-18,Production Technician I,Shaun Barr,valeria.mayo@bilearner.com,EW,Active,Contract,Zone A,Part-Time,Voluntary,Board from heart ago allow list.,Production       ,Engineers,MA,Technician,Female,65653,Asian,Married,Exceeds,2,1,Valeria Mayo,,Unknown
2136,2018-09-12,2020-07-11,Production Technician I,Elizabeth Ray,darrell.vaughan@bilearner.com,MSC,Active,Part-Time,Zone A,Part-Time,Involuntary,Despite expect democratic then affect toward.,Production       ,Underground,MA,Labor,Female,19006,Other,Divorced,Exceeds,1,1,Darrell Vaughan,35.0,25-34
2137,2022-12-31,2023-01-15,Production Technician II,Joseph Guerra,carlos.murphy@bilearner.com,CCDR,Future Start,Contract,Zone B,Full-Time,Involuntary,Fight perhaps along western.,Production       ,General - Con,MA,Laborer,Female,53948,Black,Married,Exceeds,5,1,Carlos Murphy,,Unknown
2138,2021-11-04,2023-06-10,Production Technician II,Charles Castillo,wilson.sloan@bilearner.com,EW,Active,Contract,Zone C,Temporary,Involuntary,Direction garden particularly trial.,Production       ,Project Management - Con,MA,Evp,Female,69346,Hispanic,Divorced,Exceeds,2,1,Wilson Sloan,60.0,55-64
2139,2020-05-05,,Production Technician II,Laura Fernandez,kaleb.elliott@bilearner.com,MSC,Active,Part-Time,Zone B,Full-Time,Unk,Active Employee,Production       ,Aerial,MA,Laborer,Female,3763,White,Widowed,Exceeds,2,0,Kaleb Elliott,,Unknown
2140,2020-12-08,,Production Technician II,Christine Bryant,harley.jones@bilearner.com,NEL,Active,Contract,Zone A,Part-Time,Unk,Active Employee,Production       ,Engineers,MA,Supervisor,Female,74489,Black,Widowed,Exceeds,2,0,Harley Jones,,Unknown
2141,2018-09-29,2023-05-20,Production Technician II,Andrea Simmons,casey.dixon@bilearner.com,PL,Active,Contract,Zone C,Full-Time,Resignation,Many with summer.,Production       ,Aerial,MA,Foreman,Female,73814,Hispanic,Married,Exceeds,2,1,Casey Dixon,,Unknown
2142,2020-01-09,2020-11-02,Production Technician II,Jill Hubbard,josue.gentry@bilearner.com,PYZ,Active,Contract,Zone A,Temporary,Involuntary,Often his world its threat last.,Production       ,Engineers,MA,Engineer,Female,40697,Other,Widowed,Exceeds,2,1,Josue Gentry,,Unknown
2143,2020-07-01,2022-10-31,Production Technician II,Jessica Morales,adelaide.meyer@bilearner.com,SVG,Future Start,Contract,Zone A,Temporary,Involuntary,Gas group whose within step clear choose.,Production       ,Yard (Material Handling),MA,Coordinator,Female,46121,Asian,Divorced,Exceeds,1,1,Adelaide Meyer,,Unknown
2144,2022-08-25,,Production Technician II,Matthew Valdez,pierre.craig@bilearner.com,TNS,Active,Full-Time,Zone B,Temporary,Unk,Active Employee,Production       ,Field Operations,MA,Laborer,Female,80572,Hispanic,Divorced,Exceeds,2,0,Pierre Craig,,Unknown
2145,2019-02-27,,Production Technician II,Alex Price,leo.hickman@bilearner.com,WBL,Active,Full-Time,Zone A,Full-Time,Unk,Active Employee,Production       ,General - Sga,MA,Coordinator,Female,58886,Other,Divorced,Exceeds,1,0,Leo Hickman,37.0,35-44
2146,2019-12-25,2023-06-04,Production Technician I,Jerry Peters,frankie.franklin@bilearner.com,MSC,Voluntarily Terminated,Full-Time,Zone A,Temporary,Resignation,Line close that rich.,Production       ,Splicing,MA,Model Assistant,Female,73772,Other,Divorced,Exceeds,2,1,Frankie Franklin,83.0,65+
2147,2020-08-14,2021-10-27,Production Technician I,Jessica Myers,vance.cain@bilearner.com,NEL,Active,Contract,Zone B,Temporary,Involuntary,Gas also suffer air support size make.,Production       ,Aerial,MA,Lineman,Female,80599,Hispanic,Divorced,Exceeds,4,1,Vance Cain,45.0,35-44
2148,2021-07-30,,Production Technician I,Andrea Morales,joel.koch@bilearner.com,PL,Active,Full-Time,Zone A,Full-Time,Unk,Active Employee,Production       ,Splicing,MA,Splicer,Female,75427,Black,Widowed,Exceeds,5,0,Joel Koch,,Unknown
2149,2021-05-02,2023-06-27,Production Technician I,Charles Williams,cheyanne.hess@bilearner.com,PYZ,Voluntarily Terminated,Full-Time,Zone A,Temporary,Involuntary,Development produce health drop should.,Production       ,Project Management - Con,MA,Coordinator,Female,90636,White,Single,Exceeds,5,1,Cheyanne Hess,,Unknown
2150,2023-01-21,2023-03-29,Production Technician I,Eric Rivera,ishaan.sheppard@bilearner.com,SVG,Active,Full-Time,Zone B,Full-Time,Voluntary,Onto brother heavy this job.,Production       ,Splicing,MA,Splicer,Female,73850,Asian,Widowed,Exceeds,5,1,Ishaan Sheppard,55.0,45-54
2151,2021-01-20,2023-06-27,Production Technician I,Jimmy Watkins,areli.mitchell@bilearner.com,TNS,Active,Contract,Zone B,Temporary,Involuntary,Cut mind yard third.,Production       ,Fielders,MA,Engineer,Female,47622,Hispanic,Married,Exceeds,1,1,Areli Mitchell,76.0,65+
2152,2020-10-07,,Production Technician I,Keith Odonnell,alexis.kirby@bilearner.com,WBL,Active,Part-Time,Zone C,Temporary,Unk,Active Employee,Production       ,Engineers,MA,Project Manager,Female,70069,White,Widowed,Exceeds,2,0,Alexis Kirby,70.0,65+
2153,2019-06-15,,Production Technician I,Isaiah Giles,alfred.caldwell@bilearner.com,BPC,Active,Contract,Zone C,Part-Time,Unk,Active Employee,Production       ,Project Management - Con,MA,Model Assistant,Female,58613,Other,Married,Exceeds,4,0,Alfred Caldwell,82.0,65+
2154,2022-04-28,,Production Technician I,Steven Mccarthy,julianna.vang@bilearner.com,CCDR,Active,Part-Time,Zone A,Temporary,Unk,Active Employee,Production       ,Field Operations,MA,Driller,Male,3793,Other,Married,Exceeds,4,0,Julianna Vang,51.0,45-54
2155,2019-06-29,2023-02-19,Production Technician I,Jesse Montoya,arthur.wilson@bilearner.com,EW,Voluntarily Terminated,Part-Time,Zone B,Full-Time,Resignation,See take music any idea same military.,Production       ,Finance & Accounting,MA,Coordinator,Female,72455,Other,Single,Exceeds,4,1,Arthur Wilson,,Unknown
2156,2018-09-11,2020-03-14,Production Technician I,Melissa Glass,ariel.osborn@bilearner.com,MSC,Active,Part-Time,Zone B,Temporary,Voluntary,Over still care thought to.,Production       ,Executive,MA,Manager,Female,94916,Black,Widowed,Exceeds,3,1,Ariel Osborn,,Unknown
2157,2020-05-15,2021-12-22,Production Technician I,Heather Swanson,ansley.arias@bilearner.com,NEL,Active,Contract,Zone A,Full-Time,Retirement,West run alone address week wear.,Production       ,General - Sga,MA,Assistant,Female,1687,Asian,Married,Exceeds,4,1,Ansley Arias,76.0,65+
2158,2023-02-23,,Production Technician I,Scott Baker,melany.stafford@bilearner.com,PL,Active,Full-Time,Zone B,Full-Time,Unk,Active Employee,Production       ,Field Operations,MA,Foreman,Female,54978,White,Married,Exceeds,3,0,Melany Stafford,64.0,55-64
2159,2021-03-23,2022-03-22,Production Technician I,James Medina,matias.burns@bilearner.com,PYZ,Active,Full-Time,Zone C,Temporary,Resignation,Major actually hot cell.,Production       ,Aerial,MA,Lineman,Female,73141,White,Widowed,Exceeds,5,1,Matias Burns,,Unknown
2160,2022-11-07,2023-04-06,Production Technician I,Tyler Sexton,aden.george@bilearner.com,SVG,Active,Full-Time,Zone A,Part-Time,Involuntary,Glass agree upon picture that production.,Production       ,General - Con,MA,Laborer,Female,5804,Other,Married,Exceeds,3,1,Aden George,,Unknown
2161,2021-05-19,,Production Technician I,Karen Frank,rodolfo.franklin@bilearner.com,TNS,Active,Contract,Zone C,Full-Time,Unk,Active Employee,Production       ,Project Management - Con,MA,Engineer,Female,61393,Asian,Single,Exceeds,3,0,Rodolfo Franklin,,Unknown
2162,2021-01-02,,Production Technician II,Emily Mills,juliet.wall@bilearner.com,WBL,Active,Full-Time,Zone B,Temporary,Unk,Active Employee,Production       ,Project Management - Con,MA,Project Manager,Female,53999,Asian,Married,Exceeds,3,0,Juliet Wall,56.0,55-64
2163,2019-03-26,,Production Technician II,Anna Garcia,london.contreras@bilearner.com,NEL,Active,Contract,Zone B,Full-Time,Unk,Active Employee,Production       ,General - Sga,MA,Lineman,Female,32240,White,Married,Exceeds,1,0,London Contreras,,Unknown
2164,2020-09-28,,Production Technician II,Jennifer Moore,kyler.burton@bilearner.com,PL,Active,Part-Time,Zone C,Full-Time,Unk,Active Employee,Production       ,General - Eng,MA,Technician,Female,95333,Black,Divorced,Exceeds,3,0,Kyler Burton,,Unknown
2165,2019-03-16,2020-04-26,Production Technician II,Tracey Cox,yasmine.hughes@bilearner.com,BPC,Active,Contract,Zone C,Full-Time,Involuntary,Line know television.,Production       ,Field Operations,MA,Laborer,Female,26451,Asian,Divorced,Exceeds,3,1,Yasmine Hughes,78.0,65+
2166,2019-03-20,,Production Technician II,Michelle Kennedy,dillon.sullivan@bilearner.com,CCDR,Active,Contract,Zone B,Part-Time,Unk,Active Employee,Production       ,Field Operations,MA,Operator,Female,7438,Asian,Widowed,Exceeds,3,0,Dillon Sullivan,29.0,25-34
2167,2018-12-30,2020-08-10,Production Technician II,Theresa Olson,kendrick.ashley@bilearner.com,SVG,Future Start,Part-Time,Zone B,Temporary,Voluntary,Maintain race expert cost continue store.,Production       ,Technology / It,MA,Administrator,Female,5348,Hispanic,Divorced,Exceeds,3,1,Kendrick Ashley,,Unknown
2168,2018-08-08,,Production Technician II,Denise Roach,rashad.mayo@bilearner.com,EW,Active,Part-Time,Zone B,Full-Time,Unk,Active Employee,Production       ,Field Operations,MA,Technician,Female,26000,Black,Divorced,Exceeds,3,0,Rashad Mayo,,Unknown
2169,2020-07-04,2022-05-11,Production Technician II,Sarah Harrison,larissa.warner@bilearner.com,MSC,Active,Full-Time,Zone A,Full-Time,Retirement,Method suggest leave process deep tough seek.,Production       ,General - Con,MA,Flagger,Female,81396,Black,Widowed,Exceeds,3,1,Larissa Warner,,Unknown
2170,2023-01-29,,Production Technician I,Shawn Prince,delilah.cooke@bilearner.com,PL,Active,Full-Time,Zone C,Part-Time,Unk,Active Employee,Production       ,Wireline Construction,MA,Billing,Female,65842,Black,Widowed,Exceeds,3,0,Delilah Cooke,,Unknown
2171,2021-08-09,2022-05-27,Production Technician I,Nicholas Ho,simone.sharp@bilearner.com,BPC,Active,Full-Time,Zone A,Part-Time,Resignation,Change lose be mention blue rise society.,Production       ,Executive,MA,Executive Assistant,Female,34460,Hispanic,Married,Exceeds,3,1,Simone Sharp,34.0,25-34
2172,2021-05-16,2023-06-30,Production Technician I,Jennifer Collins,cristofer.mcbride@bilearner.com,CCDR,Voluntarily Terminated,Part-Time,Zone C,Temporary,Retirement,Cost he international center head.,Production       ,Field Operations,MA,Laborer,Female,84884,Other,Single,Exceeds,3,1,Cristofer Mcbride,32.0,25-34
2173,2021-08-14,2021-10-08,Production Technician I,Ryan Armstrong,charlize.wong@bilearner.com,SVG,Voluntarily Terminated,Contract,Zone A,Part-Time,Retirement,Others pull establish maintain dark at.,Production       ,Engineers,MA,Engineer,Female,6115,Asian,Divorced,Exceeds,3,1,Charlize Wong,39.0,35-44
2174,2022-02-08,,Production Technician I,Mark Moore,adelaide.herman@bilearner.com,EW,Active,Full-Time,Zone B,Temporary,Unk,Active Employee,Production       ,General - Eng,MA,Coordinator,Female,6918,Black,Married,Exceeds,3,0,Adelaide Herman,,Unknown
2175,2019-12-16,2020-06-21,Production Technician I,Julia Mitchell,kason.ellison@bilearner.com,MSC,Active,Contract,Zone C,Temporary,Voluntary,Somebody include mention staff determine.,Production       ,Field Operations,MA,Technician,Female,71740,Hispanic,Widowed,Exceeds,2,1,Kason Ellison,39.0,35-44
2176,2021-10-07,,Production Technician I,Theresa Welch,tyree.weaver@bilearner.com,TNS,Active,Full-Time,Zone B,Full-Time,Unk,Active Employee,Production       ,Field Operations,MA,Foreman,Female,4056,Asian,Married,Exceeds,2,0,Tyree Weaver,,Unknown
2177,2020-12-23,,Production Technician I,Nicholas Robertson,landen.figueroa@bilearner.com,PYZ,Active,Full-Time,Zone A,Full-Time,Unk,Active Employee,Production       ,Catv,MA,Supervisor,Male,35807,Asian,Single,PIP,4,0,Landen Figueroa,75.0,65+
2178,2022-11-01,,Production Technician I,Amy Hinton,francis.robbins@bilearner.com,WBL,Active,Contract,Zone B,Part-Time,Unk,Active Employee,Production       ,Fielders,MA,Engineer,Female,86281,Hispanic,Married,PIP,4,0,Francis Robbins,,Unknown
2179,2022-10-28,2023-05-27,Production Technician I,Christopher Gardner,raphael.solomon@bilearner.com,NEL,Voluntarily Terminated,Contract,Zone B,Full-Time,Retirement,Tree read security individual.,Production       ,Project Management - Con,MA,Supervisor,Female,28181,Black,Widowed,PIP,4,1,Raphael Solomon,30.0,25-34
2180,2018-11-03,2023-05-03,Production Technician I,Elizabeth Koch,zariah.castaneda@bilearner.com,PL,Active,Full-Time,Zone A,Full-Time,Resignation,Cultural later per thank.,Production       ,Field Operations,MA,Technician,Female,74027,Hispanic,Widowed,PIP,5,1,Zariah Castaneda,46.0,45-54
2181,2019-03-05,2020-03-16,Production Technician I,Nathaniel Harvey,trevin.lambert@bilearner.com,BPC,Active,Contract,Zone A,Temporary,Resignation,Every maybe feel court.,Production       ,Field Operations,MA,Foreman,Female,94011,Black,Single,PIP,5,1,Trevin Lambert,,Unknown
2182,2021-03-14,,Production Technician I,Sharon Thompson,nathalie.hays@bilearner.com,CCDR,Active,Full-Time,Zone A,Part-Time,Unk,Active Employee,Production       ,General - Eng,MA,Engineer,Female,96129,Black,Widowed,Exceeds,4,0,Nathalie Hays,,Unknown
2183,2018-12-13,,Production Technician I,Vickie Garrett,bria.bush@bilearner.com,SVG,Active,Contract,Zone C,Full-Time,Unk,Active Employee,Production       ,Finance & Accounting,MA,Manager,Female,81415,White,Divorced,Exceeds,5,0,Bria Bush,77.0,65+
2184,2021-09-05,2023-03-31,Production Technician I,Jeremy Ritter,mason.brewer@bilearner.com,EW,Active,Full-Time,Zone C,Part-Time,Retirement,Line operation form notice.,Production       ,Aerial,MA,Laborer,Female,22258,Other,Divorced,Exceeds,2,1,Mason Brewer,,Unknown
2185,2020-05-17,2022-02-18,Production Technician II,Todd Henson,salvatore.snyder@bilearner.com,WBL,Voluntarily Terminated,Contract,Zone A,Full-Time,Involuntary,Lawyer her author poor. Person determine before.,Production       ,Aerial,MA,Groundman,Female,13138,Asian,Single,Exceeds,5,1,Salvatore Snyder,,Unknown
2186,2023-03-03,2023-03-23,Production Technician II,Nathan Bush,vivian.hickman@bilearner.com,NEL,Active,Part-Time,Zone A,Temporary,Voluntary,Speech street suggest call edge.,Production       ,Field Operations,MA,Technician,Male,74447,Hispanic,Married,Exceeds,1,1,Vivian Hickman,,Unknown
2187,2020-02-28,,Production Technician II,Erica Wilson,amaris.kirk@bilearner.com,PL,Active,Part-Time,Zone B,Full-Time,Unk,Active Employee,Production       ,Engineers,MA,Program Manager,Female,31571,Hispanic,Married,Exceeds,5,0,Amaris Kirk,,Unknown
2188,2021-02-11,2023-06-28,Production Technician II,Patrick Garner,grant.york@bilearner.com,BPC,Active,Part-Time,Zone A,Part-Time,Involuntary,Minute accept the must.,Production       ,Field Operations,MA,Laborer,Female,1509,Black,Married,Exceeds,2,1,Grant York,,Unknown
2189,2019-01-25,,Production Technician II,Daniel Mullins,tyree.mahoney@bilearner.com,CCDR,Active,Part-Time,Zone B,Temporary,Unk,Active Employee,Production       ,Shop (Fleet),MA,Shop,Female,15861,White,Divorced,Needs Improvement,5,0,Tyree Mahoney,82.0,65+
2190,2023-04-25,2023-06-15,Production Technician II,Steven Kennedy,kimberly.horn@bilearner.com,SVG,Active,Part-Time,Zone C,Full-Time,Voluntary,Ago determine fact itself. Act employee but.,Production       ,General - Con,MA,Laborer,Female,46637,Asian,Single,Needs Improvement,5,1,Kimberly Horn,,Unknown
2191,2021-02-14,2023-04-19,Production Technician II,Joshua Nguyen,paul.moreno@bilearner.com,EW,Active,Contract,Zone C,Part-Time,Retirement,Kid oil news part.,Production       ,Engineers,MA,Engineer,Female,47342,Asian,Married,Needs Improvement,5,1,Paul Moreno,,Unknown
2192,2020-10-07,2023-01-18,Production Technician II,Robert Wallace,macey.christian@bilearner.com,MSC,Active,Part-Time,Zone C,Part-Time,Voluntary,Economy instead sense.,Production       ,General - Con,MA,Administration,Female,41219,Black,Divorced,Needs Improvement,1,1,Macey Christian,,Unknown
2193,2019-02-28,2023-06-01,Production Technician I,Carol Ingram,joel.bowen@bilearner.com,NEL,Voluntarily Terminated,Part-Time,Zone A,Part-Time,Involuntary,Design and respond dog true knowledge.,Production       ,Field Operations,MA,Laborer,Male,67704,White,Married,Needs Improvement,4,1,Joel Bowen,63.0,55-64
2194,2019-07-27,,Production Technician I,Deanna Diaz,isis.vega@bilearner.com,PL,Active,Full-Time,Zone B,Temporary,Unk,Active Employee,Production       ,Field Operations,MA,Laborer,Female,57434,Other,Widowed,Needs Improvement,2,0,Isis Vega,,Unknown
2195,2023-06-02,2023-07-07,Production Technician I,Traci Dillon,josie.mercer@bilearner.com,BPC,Active,Contract,Zone C,Part-Time,Voluntary,Popular but sort training region everybody.,Production       ,Underground,MA,Laborer,Female,46366,Black,Single,Needs Improvement,2,1,Josie Mercer,,Unknown
2196,2022-11-14,2023-01-04,Production Technician I,Steven Valdez,ellie.ortega@bilearner.com,CCDR,Voluntarily Terminated,Full-Time,Zone A,Full-Time,Resignation,Part not culture news. Here enter must.,Production       ,Underground,MA,Operator,Male,15989,White,Single,Needs Improvement,5,1,Ellie Ortega,,Unknown
2197,2018-08-22,2021-11-10,Production Technician I,Tamara Humphrey,adrien.maddox@bilearner.com,SVG,Voluntarily Terminated,Contract,Zone C,Full-Time,Involuntary,Two job continue often public often.,Production       ,Wireline Construction,MA,Operator,Female,77437,Asian,Divorced,Needs Improvement,4,1,Adrien Maddox,43.0,35-44
2198,2022-12-15,2022-12-29,Production Technician I,Joseph Bell,landyn.velez@bilearner.com,EW,Active,Contract,Zone B,Temporary,Retirement,Friend country free.,Production       ,Field Operations,MA,Driver,Female,63184,White,Single,Exceeds,1,1,Landyn Velez,63.0,55-64
2199,2020-05-31,,Production Technician I,Catherine Spencer,lilly.haynes@bilearner.com,MSC,Active,Full-Time,Zone C,Full-Time,Unk,Active Employee,Production       ,General - Con,MA,Manager,Female,15120,White,Divorced,Exceeds,4,0,Lilly Haynes,49.0,45-54
2200,2022-07-19,,Production Technician I,Raven Jackson,bianca.cardenas@bilearner.com,TNS,Active,Contract,Zone A,Full-Time,Unk,Active Employee,Production       ,Field Operations,MA,Laborer,Female,4751,Asian,Single,Exceeds,4,0,Bianca Cardenas,,Unknown
2201,2020-07-01,,Production Technician I,Linda Mills,cayden.bartlett@bilearner.com,PYZ,Active,Contract,Zone C,Part-Time,Unk,Active Employee,Production       ,Project Management - Con,MA,Technician,Male,37225,Other,Married,Exceeds,2,0,Cayden Bartlett,,Unknown
2202,2020-11-18,,Production Technician I,Sandra Hawkins,desiree.walker@bilearner.com,WBL,Active,Contract,Zone A,Part-Time,Unk,Active Employee,Production       ,Project Management - Con,MA,Project Manager,Female,92017,Asian,Married,Exceeds,4,0,Desiree Walker,57.0,55-64
2203,2020-02-29,2021-05-20,Production Technician I,Richard Jones,colton.le@bilearner.com,NEL,Voluntarily Terminated,Contract,Zone A,Part-Time,Involuntary,Together three executive compare.,Production       ,General - Con,MA,Technician,Female,42742,Asian,Married,Exceeds,1,1,Colton Le,40.0,35-44
2204,2021-09-24,2022-01-28,Production Technician I,Lee Crawford,leonidas.bridges@bilearner.com,PL,Active,Part-Time,Zone B,Part-Time,Retirement,Natural event religious during article total.,Production       ,Shop (Fleet),MA,Supervisor,Female,58905,Other,Divorced,Needs Improvement,2,1,Leonidas Bridges,,Unknown
2205,2022-04-13,2023-07-30,Production Technician I,Jason Boyd,gia.franco@bilearner.com,BPC,Active,Full-Time,Zone B,Full-Time,Involuntary,Article machine reflect land lose simply medical.,Production       ,General - Sga,MA,Administrator,Female,32235,Black,Divorced,Needs Improvement,4,1,Gia Franco,,Unknown
2206,2022-10-25,,Production Technician I,Tracey Scott,audrina.williams@bilearner.com,CCDR,Active,Contract,Zone A,Temporary,Unk,Active Employee,Production       ,Field Operations,MA,Tower Hand,Female,40461,Other,Widowed,Needs Improvement,5,0,Audrina Williams,84.0,65+
2207,2021-01-27,,Production Technician I,Juan Owens,sam.knight@bilearner.com,SVG,Active,Full-Time,Zone C,Full-Time,Unk,Active Employee,Production       ,Field Operations,MA,Welder,Female,97669,Black,Divorced,Needs Improvement,5,0,Sam Knight,73.0,65+
2208,2018-09-21,,IT Support,Keith Fisher,lisa.galia@bilearner.com,WBL,Active,Full-Time,Zone B,Full-Time,Unk,Active Employee,IT/IS,Fielders,CT,Technician,Female,6040,Other,Married,Needs Improvement,5,0,Lisa Galia,,Unknown
2209,2020-04-14,,IT Support,Aaron Ramos,rick.clayton@bilearner.com,PYZ,Active,Part-Time,Zone C,Part-Time,Unk,Active Employee,IT/IS,Wireline Construction,MA,Groundman,Male,2170,Black,Widowed,Needs Improvement,5,0,Rick Clayton,,Unknown
2210,2021-05-31,2022-10-31,IT Support,Kimberly Frazier,julia.soto@bilearner.com,PL,Active,Part-Time,Zone C,Temporary,Resignation,Quite able race more friend voice choice.,IT/IS,Wireline Construction,MA,Vp,Female,2360,Black,Single,Exceeds,4,1,Julia Soto,61.0,55-64
2211,2020-04-10,,IT Support,Matthew Wood,leonara.lindsay@bilearner.com,WBL,Active,Contract,Zone C,Temporary,Unk,Active Employee,IT/IS,Field Operations,CT,Administrator,Female,6070,White,Married,Exceeds,5,0,Leonara Lindsay,,Unknown
2212,2022-07-03,2023-03-22,IT Support,Amber Hoffman,savanna.mayo@bilearner.com,MSC,Active,Full-Time,Zone C,Part-Time,Involuntary,Possible shake fall type discover expert.,IT/IS,Field Operations,MA,Cfo,Female,74179,White,Widowed,Exceeds,1,1,Savanna Mayo,35.0,25-34
2213,2023-03-15,2023-05-10,IT Support,David Kennedy,branden.khan@bilearner.com,EW,Active,Part-Time,Zone A,Full-Time,Retirement,You suggest area.,IT/IS,Shop (Fleet),MA,Shop,Female,8415,Asian,Married,Exceeds,5,1,Branden Khan,61.0,55-64
2214,2021-07-29,2022-08-12,IT Support,Amber Johnson,aiden.wade@bilearner.com,CCDR,Active,Contract,Zone C,Full-Time,Resignation,Religious far child break thought watch.,IT/IS,Field Operations,MA,Tower Hand,Female,8196,Black,Married,Exceeds,4,1,Aiden Wade,,Unknown
2215,2022-02-05,2023-01-13,IT Support,Susan Kelly,conrad.ochoa@bilearner.com,BPC,Active,Contract,Zone B,Temporary,Resignation,Ten when myself hit off.,IT/IS,Engineers,MA,Engineer,Female,95814,Asian,Divorced,Exceeds,1,1,Conrad Ochoa,,Unknown
2216,2022-11-09,,IT Manager - Support,Lynn Fry,jaylyn.bruce@bilearner.com,WBL,Active,Part-Time,Zone B,Temporary,Unk,Active Employee,IT/IS,General - Con,MA,Technician,Female,21899,Hispanic,Single,Exceeds,1,0,Jaylyn Bruce,54.0,45-54
2217,2020-11-23,2020-12-14,IT Manager - Infra,Donna Brown,kaylie.ayers@bilearner.com,TNS,Active,Part-Time,Zone A,Temporary,Voluntary,Knowledge thank speak clearly.,IT/IS,People Services,CT,Director,Female,52244,Hispanic,Divorced,Exceeds,4,1,Kaylie Ayers,,Unknown
2218,2019-02-21,2022-10-21,IT Manager - DB,Jacob Christian,abdullah.arellano@bilearner.com,SVG,Active,Part-Time,Zone B,Part-Time,Resignation,Quality heavy security nature amount take room.,IT/IS,Field Operations,MA,Foreman,Female,29237,Asian,Widowed,Exceeds,4,1,Abdullah Arellano,59.0,55-64
2219,2022-09-25,2023-05-06,IT Support,Lance Torres,hazel.lane@bilearner.com,SVG,Active,Part-Time,Zone C,Part-Time,Retirement,Past really million address again forget.,IT/IS,Wireline Construction,MA,Laborer,Female,8635,Hispanic,Widowed,Exceeds,5,1,Hazel Lane,,Unknown
2220,2022-09-17,,IT Support,Charles Johnson,lilah.harrison@bilearner.com,EW,Active,Contract,Zone B,Temporary,Unk,Active Employee,IT/IS,General - Eng,MA,Engineer,Female,30879,Asian,Married,Exceeds,4,0,Lilah Harrison,65.0,55-64
2221,2019-05-31,,IT Support,Megan Walker,cedric.sawyer@bilearner.com,MSC,Active,Contract,Zone C,Part-Time,Unk,Active Employee,IT/IS,Field Operations,MA,Laborer,Female,49637,Hispanic,Single,Exceeds,4,0,Cedric Sawyer,,Unknown
2222,2020-07-21,2021-08-18,IT Support,Scott Thomas,caiden.lam@bilearner.com,TNS,Active,Part-Time,Zone A,Temporary,Resignation,End trouble tonight amount page reach debate.,IT/IS,Wireline Construction,MA,Laborer,Female,77955,Hispanic,Widowed,Exceeds,4,1,Caiden Lam,,Unknown
2223,2020-07-04,,IT Manager - Support,Jason Smith,isla.hawkins@bilearner.com,BPC,Active,Full-Time,Zone C,Temporary,Unk,Active Employee,IT/IS,Executive,MA,Vp,Female,43748,Asian,Widowed,Exceeds,2,0,Isla Hawkins,,Unknown
2224,2020-10-13,,IT Manager - Infra,Eric Clay,hadley.nash@bilearner.com,CCDR,Active,Full-Time,Zone A,Temporary,Unk,Active Employee,IT/IS,Wireline Construction,CT,Groundman,Female,8958,Asian,Divorced,Exceeds,4,0,Hadley Nash,,Unknown
2225,2023-05-01,,IT Manager - DB,Kimberly Rosales,milo.jensen@bilearner.com,EW,Active,Part-Time,Zone A,Full-Time,Unk,Active Employee,IT/IS,Engineers,MA,Project Manager,Male,84923,Black,Divorced,Exceeds,2,0,Milo Jensen,55.0,45-54
2226,2019-03-22,2021-06-17,IT Support,Daniel Blake,zechariah.strong@bilearner.com,SVG,Active,Contract,Zone A,Full-Time,Resignation,Clearly rule suddenly.,IT/IS,General - Eng,MA,Administrative,Female,73392,White,Married,Exceeds,1,1,Zechariah Strong,66.0,65+
2227,2021-12-27,,IT Support,Timothy Young,raymond.maldonado@bilearner.com,EW,Active,Contract,Zone B,Full-Time,Unk,Active Employee,IT/IS,Aerial,MA,Lineman,Female,13915,Black,Widowed,Needs Improvement,5,0,Raymond Maldonado,31.0,25-34
2228,2018-08-12,2022-06-13,IT Support,Michael Webb,kayley.romero@bilearner.com,MSC,Active,Part-Time,Zone B,Part-Time,Resignation,Partner performance newspaper sense all where.,IT/IS,Wireless,MA,Laborer,Female,58630,White,Divorced,PIP,4,1,Kayley Romero,,Unknown
2229,2022-12-28,,IT Support,Mitchell Wilson,antonio.gray@bilearner.com,TNS,Active,Part-Time,Zone A,Temporary,Unk,Active Employee,IT/IS,Underground,MA,Laborer,Female,11746,Asian,Divorced,PIP,4,0,Antonio Gray,49.0,45-54
2230,2018-11-25,,IT Manager - Support,Jose Rivera,kane.mcfarland@bilearner.com,PYZ,Active,Part-Time,Zone A,Full-Time,Unk,Active Employee,IT/IS,General - Con,CT,Supervisor,Female,51949,Hispanic,Married,Fully Meets,2,0,Kane Mcfarland,,Unknown
2231,2020-12-26,,IT Manager - Infra,Joshua Maxwell,kylie.ellis@bilearner.com,WBL,Active,Full-Time,Zone A,Part-Time,Unk,Active Employee,IT/IS,General - Con,CT,Laborer,Female,54795,Other,Single,Fully Meets,2,0,Kylie Ellis,,Unknown
2232,2022-12-16,,IT Manager - DB,Whitney Small,jovan.giles@bilearner.com,NEL,Active,Part-Time,Zone A,Full-Time,Unk,Active Employee,IT/IS,Field Operations,MA,Engineer,Male,79191,Hispanic,Single,Fully Meets,5,0,Jovan Giles,84.0,65+
2233,2019-09-27,,IT Support,Wendy Khan,sheldon.castillo@bilearner.com,MSC,Active,Contract,Zone B,Full-Time,Unk,Active Employee,IT/IS,Splicing,MA,Lineman,Female,93777,Asian,Single,Fully Meets,1,0,Sheldon Castillo,,Unknown
2234,2021-02-20,2022-01-09,IT Support,William Phillips,ariel.barnes@bilearner.com,EW,Active,Part-Time,Zone C,Full-Time,Resignation,Particularly put occur. Approach often be.,IT/IS,Wireline Construction,MA,Laborer,Female,87474,Black,Married,Fully Meets,2,1,Ariel Barnes,,Unknown
2235,2022-02-26,,IT Support,Elizabeth Peterson,kyson.grimes@bilearner.com,CCDR,Active,Full-Time,Zone B,Full-Time,Unk,Active Employee,IT/IS,Shop (Fleet),MA,Model Assistant,Female,37994,Other,Single,Fully Meets,1,0,Kyson Grimes,,Unknown
2236,2018-12-23,2021-10-11,IT Support,Amber Rocha,princess.long@bilearner.com,BPC,Active,Full-Time,Zone A,Temporary,Involuntary,Choice learn town themselves cup experience.,IT/IS,Engineers,CT,Project Manager,Female,44145,Hispanic,Widowed,Fully Meets,1,1,Princess Long,,Unknown
2237,2022-01-10,2023-01-04,IT Manager - Support,John Thomas,lyla.wong@bilearner.com,WBL,Active,Full-Time,Zone B,Temporary,Resignation,Run vote behind factor father.,IT/IS,Underground,CT,Laborer,Female,25760,Other,Single,Fully Meets,2,1,Lyla Wong,,Unknown
2238,2021-03-04,2021-12-06,IT Manager - Infra,April Burns,shyanne.livingston@bilearner.com,TNS,Active,Part-Time,Zone B,Temporary,Resignation,Office little different tax down top.,IT/IS,Project Management - Con,CT,Purchasing,Male,55252,Hispanic,Widowed,Fully Meets,2,1,Shyanne Livingston,,Unknown
2239,2023-03-10,2023-04-04,IT Manager - DB,Sean Hill,dario.whitney@bilearner.com,SVG,Active,Full-Time,Zone C,Part-Time,Retirement,Future where and.,IT/IS,Catv,MA,Manager,Male,62468,Asian,Divorced,Fully Meets,5,1,Dario Whitney,64.0,55-64
2240,2018-12-05,,IT Support,Erika Green,pedro.nelson@bilearner.com,SVG,Active,Part-Time,Zone B,Part-Time,Unk,Active Employee,IT/IS,Finance & Accounting,MA,Accounting,Female,91567,Hispanic,Married,Fully Meets,2,0,Pedro Nelson,,Unknown
2241,2021-06-24,,IT Support,David Velasquez,carlo.carr@bilearner.com,EW,Active,Part-Time,Zone C,Part-Time,Unk,Active Employee,IT/IS,Technology / It,MA,Engineer,Female,5139,Hispanic,Married,Fully Meets,2,0,Carlo Carr,45.0,35-44
2242,2022-05-10,2022-07-16,IT Support,Alicia Farrell,aileen.pacheco@bilearner.com,MSC,Active,Full-Time,Zone C,Temporary,Resignation,Performance paper teacher tree student.,IT/IS,Field Operations,MA,Runner,Female,48114,Hispanic,Married,Fully Meets,4,1,Aileen Pacheco,,Unknown
2243,2023-04-13,2023-05-03,IT Support,Desiree Martinez,dorian.wu@bilearner.com,TNS,Active,Full-Time,Zone A,Part-Time,Involuntary,This bank out.,IT/IS,Finance & Accounting,CT,Accounting,Female,90316,Other,Married,Fully Meets,4,1,Dorian Wu,,Unknown
2244,2022-08-04,,IT Manager - Support,Jesse Archer,monica.pham@bilearner.com,PYZ,Active,Contract,Zone C,Temporary,Unk,Active Employee,IT/IS,Field Operations,CT,Driller,Female,47299,Other,Married,Fully Meets,4,0,Monica Pham,77.0,65+
2245,2021-02-28,2022-07-13,IT Manager - Infra,Mrs. Lori Petty MD,londyn.underwood@bilearner.com,WBL,Active,Part-Time,Zone C,Part-Time,Resignation,Later star one than within live.,IT/IS,Engineers,MA,Supervisor,Male,54056,Black,Divorced,Fully Meets,5,1,Londyn Underwood,,Unknown
2246,2020-10-14,2022-04-10,IT Manager - DB,Paul Robertson,britney.logan@bilearner.com,NEL,Active,Contract,Zone B,Part-Time,Resignation,Expect kitchen even anyone. Without agent she.,IT/IS,Field Operations,MA,Technician,Male,7728,White,Divorced,Fully Meets,4,1,Britney Logan,,Unknown
2247,2018-09-10,2023-06-08,IT Support,William Murray,alessandra.novak@bilearner.com,SVG,Active,Part-Time,Zone B,Temporary,Resignation,Three sell often star.,IT/IS,Fielders,MA,Engineer,Female,70092,Hispanic,Widowed,Fully Meets,2,1,Alessandra Novak,43.0,35-44
2248,2022-12-16,2023-05-28,IT Support,Corey Fletcher,ariel.powers@bilearner.com,EW,Active,Part-Time,Zone B,Temporary,Retirement,Adult wind join time memory customer.,IT/IS,Field Operations,MA,Laborer,Female,71142,Hispanic,Widowed,Fully Meets,2,1,Ariel Powers,,Unknown
2249,2018-09-28,2019-01-26,IT Support,James Rhodes,jewel.bryant@bilearner.com,MSC,Active,Contract,Zone C,Part-Time,Voluntary,Only movie ability wait according.,IT/IS,Field Operations,MA,Laborer,Female,2760,Black,Divorced,Fully Meets,4,1,Jewel Bryant,32.0,25-34
2250,2022-03-08,2022-04-26,IT Support,Peter Williams,irene.kim@bilearner.com,TNS,Active,Contract,Zone C,Temporary,Involuntary,Money read truth determine remain Mrs.,IT/IS,Aerial,CT,Groundman,Female,13557,Asian,Married,Fully Meets,5,1,Irene Kim,64.0,55-64
2251,2022-01-12,,IT Manager - Support,Bradley Gray,carla.willis@bilearner.com,PYZ,Active,Part-Time,Zone B,Temporary,Unk,Active Employee,IT/IS,Project Management - Con,MA,Program Manager,Female,81938,Hispanic,Divorced,Fully Meets,2,0,Carla Willis,48.0,45-54
2252,2020-12-08,,IT Manager - Infra,Sarah Robinson,ricardo.fitzgerald@bilearner.com,WBL,Active,Contract,Zone B,Part-Time,Unk,Active Employee,IT/IS,Field Operations,MA,Coordinator,Male,73648,White,Widowed,Fully Meets,4,0,Ricardo Fitzgerald,53.0,45-54
2253,2020-11-17,,IT Support,Mark Parker,steven.jarvis@bilearner.com,PYZ,Active,Full-Time,Zone A,Full-Time,Unk,Active Employee,IT/IS,Field Operations,MA,Technician,Female,73024,Other,Single,Fully Meets,1,0,Steven Jarvis,44.0,35-44
2254,2021-01-18,,IT Support,Mrs. Jessica Whitehead,benjamin.marquez@bilearner.com,SVG,Active,Full-Time,Zone A,Part-Time,Unk,Active Employee,IT/IS,General - Sga,MA,Administrator,Female,44031,Hispanic,Single,Fully Meets,2,0,Benjamin Marquez,,Unknown
2255,2020-09-15,2021-10-01,IT Support,Jose Jordan,gabrielle.mercer@bilearner.com,TNS,Active,Full-Time,Zone C,Part-Time,Involuntary,This focus strategy behind among this.,IT/IS,Wireline Construction,MA,Lineman,Female,67812,Hispanic,Single,Fully Meets,2,1,Gabrielle Mercer,,Unknown
2256,2019-12-11,,IT Support,Dawn Smith DDS,kaylyn.pham@bilearner.com,WBL,Active,Part-Time,Zone C,Full-Time,Unk,Active Employee,IT/IS,Field Operations,CT,Driller,Female,67840,Asian,Widowed,Fully Meets,5,0,Kaylyn Pham,,Unknown
2257,2021-04-29,2022-06-10,IT Manager - Support,Meredith Martin,ingrid.lucero@bilearner.com,WBL,Active,Contract,Zone B,Full-Time,Voluntary,Teach yard style bed relate seat.,IT/IS,General - Eng,MA,Administrative,Male,77019,White,Married,Fully Meets,2,1,Ingrid Lucero,,Unknown
2258,2021-04-03,,IT Manager - Infra,Jodi Wheeler,keshawn.gilmore@bilearner.com,TNS,Active,Full-Time,Zone C,Part-Time,Unk,Active Employee,IT/IS,Engineers,MA,Engineer,Male,88137,White,Widowed,Fully Meets,2,0,Keshawn Gilmore,,Unknown
2259,2022-02-01,,IT Support,Robert Morrow,connor.wang@bilearner.com,SVG,Active,Part-Time,Zone A,Temporary,Unk,Active Employee,IT/IS,General - Eng,MA,Drafter,Female,76781,Hispanic,Divorced,Fully Meets,1,0,Connor Wang,,Unknown
2260,2020-01-17,2021-09-30,IT Support,Victor Armstrong,rocco.vaughan@bilearner.com,EW,Active,Part-Time,Zone B,Temporary,Voluntary,Stay moment go try. Trouble morning skin join.,IT/IS,Engineers,MA,Billing,Female,17501,Hispanic,Widowed,Fully Meets,1,1,Rocco Vaughan,,Unknown
2261,2022-06-01,,IT Support,Gregory Brown,samuel.jennings@bilearner.com,MSC,Active,Full-Time,Zone B,Part-Time,Unk,Active Employee,IT/IS,Wireline Construction,CT,Foreman,Female,24054,Black,Divorced,Fully Meets,2,0,Samuel Jennings,68.0,65+
2262,2019-03-17,,IT Support,Andrea Clark,shane.harper@bilearner.com,TNS,Active,Contract,Zone A,Temporary,Unk,Active Employee,IT/IS,Engineers,CT,Engineer,Female,84506,Other,Divorced,Fully Meets,2,0,Shane Harper,76.0,65+
2263,2020-01-07,,IT Manager - Support,Casey Galvan,kali.yates@bilearner.com,PYZ,Active,Contract,Zone B,Temporary,Unk,Active Employee,IT/IS,General - Sga,MA,Assistant,Male,10273,Hispanic,Single,Fully Meets,2,0,Kali Yates,61.0,55-64
2264,2021-02-24,2021-12-29,IT Manager - Infra,Joseph Underwood,piper.guzman@bilearner.com,WBL,Active,Part-Time,Zone A,Part-Time,Involuntary,Cultural responsibility whose wear.,IT/IS,Executive,MA,Manager,Male,4377,White,Single,Fully Meets,5,1,Piper Guzman,47.0,45-54
2265,2019-12-30,,IT Support,Chelsea Smith,halle.pena@bilearner.com,SVG,Active,Contract,Zone C,Part-Time,Unk,Active Employee,IT/IS,Field Operations,MA,Construction Manager,Female,87370,Hispanic,Single,Fully Meets,1,0,Halle Pena,,Unknown
2266,2020-05-12,2021-03-17,IT Support,Timothy Owens,jameson.eaton@bilearner.com,EW,Active,Full-Time,Zone B,Temporary,Resignation,Chair out man man.,IT/IS,Field Operations,MA,Construction Manager,Female,84988,Other,Single,Fully Meets,5,1,Jameson Eaton,51.0,45-54
2267,2023-04-04,,IT Support,Jennifer Watts,antony.brandt@bilearner.com,MSC,Active,Full-Time,Zone A,Part-Time,Unk,Active Employee,IT/IS,General - Con,CT,Technician,Female,43148,Hispanic,Divorced,Fully Meets,4,0,Antony Brandt,,Unknown
2268,2021-01-04,2022-04-28,IT Support,Kelly Waters,armani.rogers@bilearner.com,TNS,Active,Contract,Zone C,Full-Time,Resignation,Real build something family save.,IT/IS,General - Con,CT,Technician,Male,58818,White,Single,Fully Meets,2,1,Armani Rogers,63.0,55-64
2269,2020-04-28,2022-12-01,IT Manager - Support,Beverly Ramirez,jacoby.lyons@bilearner.com,PYZ,Active,Full-Time,Zone C,Full-Time,Resignation,Type three hear court street sport key.,IT/IS,Executive,MA,Ceo,Male,42997,Hispanic,Divorced,Fully Meets,1,1,Jacoby Lyons,,Unknown
2270,2019-04-16,2021-07-31,IT Support,David Rose PhD,dylan.livingston@bilearner.com,PYZ,Active,Contract,Zone C,Part-Time,Resignation,Significant issue rich air race.,IT/IS,Project Management - Con,MA,Manager,Female,93829,Asian,Single,Fully Meets,4,1,Dylan Livingston,,Unknown
2271,2022-07-09,,IT Support,Jared Conley,raelynn.compton@bilearner.com,SVG,Active,Full-Time,Zone A,Temporary,Unk,Active Employee,IT/IS,Field Operations,MA,Tower Hand,Female,48655,Hispanic,Single,Fully Meets,2,0,Raelynn Compton,,Unknown
2272,2022-08-29,2023-01-15,IT Support,Daniel Simpson,darryl.richmond@bilearner.com,TNS,Active,Part-Time,Zone C,Full-Time,Retirement,Turn left degree audience fly present.,IT/IS,Field Operations,CT,Laborer,Female,62715,Black,Divorced,Fully Meets,2,1,Darryl Richmond,39.0,35-44
2273,2020-01-26,2020-12-11,IT Support,Kenneth Chavez,ana.stafford@bilearner.com,WBL,Active,Full-Time,Zone A,Part-Time,Resignation,Field have cup because military.,IT/IS,Project Management - Eng,CT,Planner,Male,75785,Other,Divorced,Fully Meets,4,1,Ana Stafford,,Unknown
2274,2020-02-18,,IT Manager - Support,Carlos Clarke,carlos.mccoy@bilearner.com,BPC,Active,Full-Time,Zone A,Temporary,Unk,Active Employee,IT/IS,Aerial,MA,Lineman,Male,52491,Other,Widowed,Fully Meets,4,0,Carlos Mccoy,,Unknown
2275,2022-01-25,,Production Manager,Daniel Garcia,michael.albert@bilearner.com,EW,Active,Part-Time,Zone B,Full-Time,Unk,Active Employee,Production       ,Yard (Material Handling),MA,Runner,Male,2169,Asian,Married,Fully Meets,2,0,Michael Albert,76.0,65+
2276,2023-07-10,,Production Manager,Danielle Graham,courtney e.wallace@bilearner.com,TNS,Active,Full-Time,Zone B,Temporary,Unk,Active Employee,Production       ,Project Management - Con,MA,Project Manager,Female,2478,White,Divorced,Fully Meets,1,0,Courtney E Wallace,,Unknown
2277,2022-04-14,,Production Manager,Thomas Boyle,amy.dunn@bilearner.com,CCDR,Active,Contract,Zone B,Temporary,Unk,Active Employee,Production       ,Field Operations,MA,Technician,Female,1731,Hispanic,Widowed,Fully Meets,5,0,Amy Dunn,,Unknown
2278,2022-07-10,,Production Manager,Mark Moody DVM,kissy.sullivan@bilearner.com,CCDR,Active,Part-Time,Zone B,Temporary,Unk,Active Employee,Production       ,Wireless,MA,Operator,Female,1776,White,Widowed,Fully Meets,4,0,Kissy Sullivan,,Unknown
2279,2022-06-27,,Production Manager,Lance Green,walter.immediato@bilearner.com,EW,Active,Contract,Zone C,Full-Time,Unk,Active Employee,Production       ,Safety,MA,Safety,Male,2128,Other,Divorced,Fully Meets,1,0,Walter Immediato,49.0,45-54
2280,2018-12-04,2023-07-07,Production Manager,Brittany Thompson,ebonee.peterson@bilearner.com,PYZ,Voluntarily Terminated,Contract,Zone A,Temporary,Retirement,Maybe establish real still.,Production       ,Catv,MA,Foreman,Female,2030,White,Married,Fully Meets,4,1,Ebonee Peterson,41.0,35-44
2281,2019-09-10,,Production Manager,Shannon Klein,elijiah.gray@bilearner.com,PL,Active,Full-Time,Zone C,Full-Time,Unk,Active Employee,Production       ,Field Operations,MA,Laborer,Male,1752,Hispanic,Single,Fully Meets,4,0,Elijiah Gray,28.0,25-34
2282,2019-04-25,,Production Manager,Richard Jackson,charles.bozzi@bilearner.com,PL,Active,Part-Time,Zone A,Full-Time,Unk,Active Employee,Production       ,Fielders,MA,Engineer,Male,1901,Asian,Single,Fully Meets,4,0,Charles Bozzi,,Unknown
2283,2018-10-03,2019-06-27,Shared Services Manager,Michael Stevenson,sean.quinn@bilearner.com,WBL,Voluntarily Terminated,Part-Time,Zone B,Temporary,Retirement,Available area dog Republican big town left.,Admin Offices,Field Operations,MA,Technician,Male,2045,White,Single,Fully Meets,4,1,Sean Quinn,,Unknown
2284,2022-06-14,,CIO,Jim Lee,jennifer.zamora@bilearner.com,EW,Active,Part-Time,Zone C,Part-Time,Unk,Active Employee,IT/IS,Wireline Construction,MA,Foreman,Female,2067,Other,Widowed,Fully Meets,2,0,Jennifer Zamora,,Unknown
2285,2022-02-15,,Production Manager,Thomas Green,webster l.butler@bilearner.com,BPC,Active,Full-Time,Zone C,Temporary,Unk,Active Employee,Production       ,Project Management - Con,MA,Coordinator,Male,2169,Other,Single,Fully Meets,5,0,Webster L Butler,,Unknown
2286,2018-09-24,2021-01-18,Production Manager,Jonathan Nguyen,brannon.miller@bilearner.com,NEL,Active,Contract,Zone B,Temporary,Voluntary,Place doctor be water message activity.,Production       ,General - Eng,MA,Specialist,Male,2045,Black,Divorced,Fully Meets,2,1,Brannon Miller,45.0,35-44
2287,2022-03-09,2023-04-08,Production Manager,James Hunt,ketsia.liebig@bilearner.com,PYZ,Active,Contract,Zone B,Part-Time,Involuntary,Rise she since boy.,Production       ,General - Con,MA,Technician,Female,2110,White,Single,Fully Meets,2,1,Ketsia Liebig,,Unknown
2288,2018-11-07,2020-05-25,Production Manager,Laura Mccarty,kelley.spirea@bilearner.com,NEL,Active,Full-Time,Zone A,Temporary,Involuntary,Foreign thank people.,Production       ,Fielders,MA,Engineer,Female,2451,Black,Divorced,Fully Meets,5,1,Kelley Spirea,42.0,35-44
2289,2019-08-31,,Shared Services Manager,James Reynolds,brandon r.leblanc@bilearner.com,BPC,Active,Full-Time,Zone A,Part-Time,Unk,Active Employee,Admin Offices,Field Operations,MA,Laborer,Male,1460,White,Single,Fully Meets,4,0,Brandon R LeBlanc,64.0,55-64
2290,2020-11-27,2023-07-05,Director of Sales,Joseph Chavez,debra.houlihan@bilearner.com,EW,Active,Full-Time,Zone B,Temporary,Retirement,Such physical more himself movie.,Sales,Wireline Construction,RI,Groundman,Female,2908,Hispanic,Widowed,Fully Meets,2,1,Debra Houlihan,,Unknown
2291,2020-07-07,,Director of Operations,Mr. Nicholas Greene,elisa.bramante@bilearner.com,NEL,Active,Contract,Zone B,Part-Time,Unk,Active Employee,Production       ,General - Con,MA,Technician,Female,2030,Black,Married,Fully Meets,4,0,Elisa Bramante,,Unknown
2292,2020-01-11,,Production Manager,Ann Watson,jonathan.hogland@bilearner.com,TNS,Active,Contract,Zone C,Temporary,Unk,Active Employee,Production       ,Aerial,MA,Foreman,Male,1890,White,Widowed,Fully Meets,2,0,Jonathan Hogland,63.0,55-64
2293,2020-06-15,2021-09-05,Production Manager,Richard Collins,david.stanley@bilearner.com,CCDR,Active,Contract,Zone B,Full-Time,Involuntary,Health more majority think sister.,Production       ,Field Operations,MA,Laborer,Male,1803,Other,Single,Fully Meets,2,1,David Stanley,28.0,25-34
2294,2020-10-10,,Production Manager,Amanda Harris,ariana.strickland@bilearner.com,PYZ,Active,Contract,Zone A,Part-Time,Unk,Active Employee,Production       ,Field Operations,MA,Engineer,Male,6930,Black,Single,Fully Meets,4,0,Ariana Strickland,51.0,45-54
2295,2022-05-19,2023-04-10,Production Manager,Michael Davis,everett.jordan@bilearner.com,SVG,Active,Full-Time,Zone B,Temporary,Involuntary,Two describe leg executive that ok.,Production       ,Field Operations,MA,Driller,Female,53295,Asian,Divorced,Fully Meets,5,1,Everett Jordan,,Unknown
2296,2021-08-25,,Production Manager,Caroline Reynolds,ronnie.middleton@bilearner.com,TNS,Active,Full-Time,Zone B,Temporary,Unk,Active Employee,Production       ,Field Operations,MA,Driller,Female,85028,Hispanic,Divorced,Fully Meets,1,0,Ronnie Middleton,,Unknown
2297,2018-12-18,2019-09-25,Production Manager,Christine Adams,deandre.richard@bilearner.com,WBL,Voluntarily Terminated,Part-Time,Zone C,Full-Time,Resignation,Gas place rich dog process movement along.,Production       ,Aerial,MA,Laborer,Female,92649,Black,Single,Fully Meets,2,1,Deandre Richard,,Unknown
2298,2023-08-05,,Production Manager,Kelsey Morales,terry.gay@bilearner.com,WBL,Active,Full-Time,Zone B,Full-Time,Unk,Active Employee,Production       ,Field Operations,MA,Laborer,Female,9493,Other,Married,Fully Meets,4,0,Terry Gay,,Unknown
2299,2022-04-13,2023-04-17,Production Manager,Ashley Cummings,emiliano.rich@bilearner.com,TNS,Active,Part-Time,Zone A,Temporary,Resignation,Learn staff above address.,Production       ,Field Operations,MA,Laborer,Female,12684,Asian,Married,Fully Meets,2,1,Emiliano Rich,,Unknown
2300,2020-09-26,,Production Manager,Donna Pope,wesley.nguyen@bilearner.com,SVG,Active,Full-Time,Zone A,Full-Time,Unk,Active Employee,Production       ,Underground,MA,Laborer,Female,37470,Black,Single,Fully Meets,5,0,Wesley Nguyen,79.0,65+
2301,2021-02-12,2022-08-03,Production Manager,Peter Williams,lauren.keith@bilearner.com,PYZ,Active,Part-Time,Zone C,Temporary,Voluntary,Join executive spend speak many sometimes.,Production       ,Underground,MA,Operator,Female,1425,Asian,Single,Fully Meets,1,1,Lauren Keith,80.0,65+
2302,2019-01-02,2020-10-09,Production Manager,Katie Carroll,marlene.rhodes@bilearner.com,PL,Terminated for Cause,Contract,Zone C,Temporary,Resignation,Per spend challenge key ever say.,Production       ,Wireline Construction,MA,Operator,Female,23761,Hispanic,Married,Fully Meets,4,1,Marlene Rhodes,,Unknown
2303,2019-10-26,2023-07-22,Production Manager,Christopher Owen,penelope.jordan@bilearner.com,NEL,Terminated for Cause,Contract,Zone C,Temporary,Resignation,Plant white design action.,Production       ,Field Operations,MA,Driver,Female,73691,Black,Divorced,Fully Meets,5,1,Penelope Jordan,,Unknown
2304,2021-04-11,,President & CEO,Michael Richardson,marlon.stanton@bilearner.com,MSC,Active,Full-Time,Zone B,Part-Time,Unk,Active Employee,Production       ,General - Con,MA,Manager,Female,66973,White,Divorced,Fully Meets,2,0,Marlon Stanton,,Unknown
2305,2019-12-11,2021-05-12,Network Engineer,Tracy Logan,rosemary.thornton@bilearner.com,EW,Active,Part-Time,Zone A,Full-Time,Resignation,Want agency relationship house nice mother.,Production       ,Field Operations,MA,Laborer,Female,18379,White,Divorced,Fully Meets,2,1,Rosemary Thornton,56.0,55-64
2306,2020-10-21,2023-05-14,Network Engineer,Thomas Whitaker,ayanna.lutz@bilearner.com,CCDR,Active,Part-Time,Zone B,Full-Time,Resignation,Think network make manager.,Production       ,Project Management - Con,MA,Technician,Male,91517,Hispanic,Married,Fully Meets,1,1,Ayanna Lutz,27.0,25-34
2307,2020-05-08,,Network Engineer,James Hernandez,case.hahn@bilearner.com,BPC,Active,Part-Time,Zone C,Part-Time,Unk,Active Employee,Executive Office,Project Management - Con,MA,Project Manager,Male,1057,Asian,Single,Fully Meets,2,0,Case Hahn,38.0,35-44
2308,2022-05-24,2022-10-13,Data Analyst,Matthew Tucker,asia.rivers@bilearner.com,EW,Active,Full-Time,Zone A,Full-Time,Retirement,Where vote relate expect executive game seem.,Production       ,Field Operations,MA,Coordinator,Male,20854,Other,Divorced,Fully Meets,5,1,Asia Rivers,27.0,25-34
2309,2019-06-05,,Data Analyst,Kelly Mathis,alexa.mercer@bilearner.com,CCDR,Active,Part-Time,Zone A,Part-Time,Unk,Active Employee,Production       ,General - Con,MA,Technician,Male,39014,Hispanic,Widowed,Fully Meets,2,0,Alexa Mercer,35.0,25-34
2310,2022-04-21,,Data Analyst ,Kimberly Garcia,jade.sloan@bilearner.com,BPC,Active,Part-Time,Zone B,Part-Time,Unk,Active Employee,Production       ,Fielders,MA,Engineer,Male,10223,Hispanic,Single,Fully Meets,5,0,Jade Sloan,,Unknown
2311,2019-12-10,2023-02-21,Data Analyst,Craig White,araceli.castillo@bilearner.com,PYZ,Active,Part-Time,Zone A,Full-Time,Voluntary,Ago usually quickly Mrs television guess.,Production       ,Field Operations,MA,Laborer,Female,85441,Black,Divorced,Fully Meets,2,1,Araceli Castillo,,Unknown
2312,2019-11-26,,Data Analyst,Samantha Barnett,maximilian.carney@bilearner.com,WBL,Active,Full-Time,Zone C,Part-Time,Unk,Active Employee,IT/IS,Field Operations,MA,Laborer,Male,96303,Asian,Widowed,Fully Meets,4,0,Maximilian Carney,75.0,65+
2313,2021-09-13,,Data Analyst,Sara Clayton,ayanna.bowman@bilearner.com,NEL,Active,Part-Time,Zone C,Full-Time,Unk,Active Employee,IT/IS,Shop (Fleet),MA,Shop,Male,40706,Asian,Divorced,Fully Meets,2,0,Ayanna Bowman,,Unknown
2314,2019-08-19,,Data Analyst,Vanessa Bell,lia.blair@bilearner.com,PL,Active,Part-Time,Zone C,Part-Time,Unk,Active Employee,IT/IS,Field Operations,MA,Technician,Female,48955,Asian,Married,Fully Meets,1,0,Lia Blair,,Unknown
2315,2022-06-12,2023-07-09,Production Manager,Kyle Strong,marcelo.flowers@bilearner.com,CCDR,Active,Full-Time,Zone A,Full-Time,Voluntary,Probably must design.,Production       ,Project Management - Con,MA,Project Manager,Female,83033,Other,Married,Fully Meets,4,1,Marcelo Flowers,,Unknown
2316,2021-07-21,,Production Manager,Michelle Walker,antwan.gay@bilearner.com,SVG,Active,Full-Time,Zone B,Full-Time,Unk,Active Employee,Production       ,Field Operations,MA,Technician,Male,14556,Asian,Divorced,Fully Meets,2,0,Antwan Gay,,Unknown
2317,2020-11-13,,Production Manager,Debbie Smith,jaydan.hoffman@bilearner.com,EW,Active,Full-Time,Zone A,Temporary,Unk,Active Employee,Production       ,Yard (Material Handling),MA,Manager,Female,76366,Black,Single,Fully Meets,1,0,Jaydan Hoffman,,Unknown
2318,2022-02-20,,Production Manager,Samuel Brown,faith.golden@bilearner.com,MSC,Active,Part-Time,Zone A,Temporary,Unk,Active Employee,Production       ,Field Operations,MA,Laborer,Female,57512,White,Widowed,Fully Meets,2,0,Faith Golden,,Unknown
2319,2019-03-28,2022-04-14,Production Manager,Steven Miller,kaylee.harvey@bilearner.com,TNS,Voluntarily Terminated,Contract,Zone A,Part-Time,Voluntary,Continue move everything.,Production       ,General - Sga,MA,Administrator,Female,31008,White,Widowed,Fully Meets,5,1,Kaylee Harvey,,Unknown
2320,2022-10-26,2023-06-17,Production Manager,David Powers,kristen.peters@bilearner.com,PYZ,Voluntarily Terminated,Part-Time,Zone A,Full-Time,Voluntary,Else enjoy include expect.,Production       ,Fielders,MA,Engineer,Female,64961,White,Single,Fully Meets,4,1,Kristen Peters,62.0,55-64
2321,2023-05-10,2023-05-14,Production Manager,Kimberly Owen,hadassah.gallegos@bilearner.com,WBL,Active,Full-Time,Zone C,Full-Time,Voluntary,Camera four star growth design then.,Production       ,Field Operations,MA,Technician,Female,1269,Black,Divorced,Fully Meets,2,1,Hadassah Gallegos,,Unknown
2322,2022-09-01,,Production Manager,Angela Sims,ariel.cervantes@bilearner.com,NEL,Active,Contract,Zone C,Part-Time,Unk,Active Employee,Production       ,Field Operations,MA,Driller,Female,73596,Asian,Divorced,Fully Meets,5,0,Ariel Cervantes,,Unknown
2323,2021-04-21,2021-08-17,Production Manager,Sheila Roberts MD,aubree.villanueva@bilearner.com,PL,Active,Part-Time,Zone C,Temporary,Retirement,Fill outside then discuss table.,Production       ,Project Management - Con,MA,Manager,Female,35263,Asian,Divorced,Fully Meets,5,1,Aubree Villanueva,67.0,65+
2324,2021-07-23,2023-02-15,Production Manager,Justin Perez,aspen.dixon@bilearner.com,BPC,Terminated for Cause,Part-Time,Zone A,Temporary,Involuntary,International time want art own sit.,Production       ,General - Con,MA,Splicer,Female,94592,Black,Widowed,Fully Meets,4,1,Aspen Dixon,,Unknown
2325,2020-12-29,,Production Manager,Megan Rich,keenan.jensen@bilearner.com,CCDR,Active,Part-Time,Zone A,Temporary,Unk,Active Employee,Production       ,Field Operations,MA,Laborer,Female,60295,Asian,Divorced,Fully Meets,1,0,Keenan Jensen,,Unknown
2326,2022-08-08,,President & CEO,James Dorsey,malakai.whitehead@bilearner.com,SVG,Active,Contract,Zone A,Temporary,Unk,Active Employee,Production       ,Project Management - Con,MA,Safety,Female,25257,Black,Single,Fully Meets,2,0,Malakai Whitehead,,Unknown
2327,2020-07-30,,Network Engineer,Erik Gray MD,parker.cunningham@bilearner.com,EW,Active,Full-Time,Zone A,Part-Time,Unk,Active Employee,Production       ,Field Operations,MA,Laborer,Male,43033,Black,Married,Fully Meets,4,0,Parker Cunningham,,Unknown
2328,2019-03-18,,Network Engineer,Steven Ayala,kadyn.herring@bilearner.com,MSC,Active,Full-Time,Zone B,Part-Time,Unk,Active Employee,Production       ,General - Con,MA,Splicer,Male,48068,Asian,Divorced,Fully Meets,4,0,Kadyn Herring,,Unknown
2329,2019-07-25,2022-09-03,Network Engineer,Larry Gonzales,aubree.anderson@bilearner.com,TNS,Active,Full-Time,Zone A,Full-Time,Retirement,War way happy safe consumer probably.,Executive Office,Aerial,MA,Lineman,Male,82740,Asian,Single,Fully Meets,2,1,Aubree Anderson,,Unknown
2330,2021-10-16,,Data Analyst,Crystal Mahoney,john.forbes@bilearner.com,SVG,Active,Full-Time,Zone C,Part-Time,Unk,Active Employee,Production       ,Executive,MA,Vp,Male,57688,Other,Married,Fully Meets,2,0,John Forbes,,Unknown
2331,2019-12-06,2021-10-29,Data Analyst,Sara Edwards,violet.willis@bilearner.com,TNS,Active,Contract,Zone C,Part-Time,Retirement,Energy general place investment notice.,Production       ,Wireline Construction,MA,Supervisor,Male,34849,Black,Divorced,Fully Meets,1,1,Violet Willis,,Unknown
2332,2019-06-29,2020-07-21,Data Analyst ,Lisa Barrera,jaime.austin@bilearner.com,WBL,Active,Contract,Zone C,Full-Time,Involuntary,Choice while growth future.,Production       ,Fielders,MA,Engineer,Male,31351,White,Widowed,Fully Meets,4,1,Jaime Austin,,Unknown
2333,2019-04-03,,Data Analyst,Melissa Hodges,natalee.lane@bilearner.com,BPC,Active,Full-Time,Zone C,Temporary,Unk,Active Employee,IT/IS,Yard (Material Handling),MA,Associate,Female,17611,Asian,Divorced,Fully Meets,1,0,Natalee Lane,,Unknown
2334,2021-07-21,2022-09-03,Data Analyst,Alexandria Hahn,iris.preston@bilearner.com,CCDR,Active,Contract,Zone A,Temporary,Retirement,According term along ago leave.,IT/IS,Engineers,MA,Engineer,Male,93589,Asian,Single,Fully Meets,4,1,Iris Preston,,Unknown
2335,2022-07-27,,Data Analyst,Charles Willis,magdalena.fischer@bilearner.com,EW,Active,Full-Time,Zone C,Temporary,Unk,Active Employee,IT/IS,General - Con,MA,Foreman,Male,58353,White,Divorced,Fully Meets,4,0,Magdalena Fischer,,Unknown
2336,2019-10-06,,Production Manager,Tim Wilcox,walter.dominguez@bilearner.com,CCDR,Active,Contract,Zone A,Full-Time,Unk,Active Employee,Production       ,General - Con,MA,Foreman,Female,61633,Other,Single,Fully Meets,4,0,Walter Dominguez,42.0,35-44
2337,2021-04-16,,Production Manager,Amber White,hallie.macias@bilearner.com,SVG,Active,Full-Time,Zone C,Part-Time,Unk,Active Employee,Production       ,Engineers,MA,Engineer,Male,29639,Other,Single,Fully Meets,4,0,Hallie Macias,,Unknown
2338,2018-10-10,2022-05-02,Production Manager,Robert Sullivan,ivan.hull@bilearner.com,EW,Active,Part-Time,Zone C,Temporary,Involuntary,Body move possible play. Relate husband Mrs.,Production       ,Project Management - Con,MA,Supervisor,Female,6536,Other,Married,Fully Meets,4,1,Ivan Hull,55.0,45-54
2339,2022-07-25,2022-11-08,Production Manager,Brett Aguilar,india.kemp@bilearner.com,MSC,Voluntarily Terminated,Full-Time,Zone B,Part-Time,Retirement,Pretty he matter south treat benefit.,Production       ,General - Sga,MA,Administrator,Female,19049,Black,Married,Fully Meets,1,1,India Kemp,54.0,45-54
2340,2021-03-17,2023-05-13,Production Manager,Derrick Cannon,alice.dudley@bilearner.com,TNS,Voluntarily Terminated,Contract,Zone A,Temporary,Resignation,Professor phone billion none very evidence.,Production       ,General - Con,MA,Laborer,Female,29529,White,Single,Fully Meets,5,1,Alice Dudley,,Unknown
2341,2018-10-13,,Production Manager,Brandon Walsh,jesus.hendricks@bilearner.com,PYZ,Active,Full-Time,Zone A,Full-Time,Unk,Active Employee,Production       ,General - Sga,MA,Mechanic,Female,36574,Hispanic,Divorced,Fully Meets,2,0,Jesus Hendricks,42.0,35-44
2342,2020-01-09,,Production Manager,Richard Higgins,eli.owens@bilearner.com,WBL,Active,Part-Time,Zone C,Temporary,Unk,Active Employee,Production       ,Field Operations,MA,Laborer,Female,5298,Other,Single,Fully Meets,5,0,Eli Owens,,Unknown
2343,2019-09-18,,Production Manager,Robert Warren,emelia.mcintyre@bilearner.com,NEL,Active,Full-Time,Zone B,Temporary,Unk,Active Employee,Production       ,Wireless,MA,Technician,Female,38735,Hispanic,Single,Fully Meets,4,0,Emelia Mcintyre,,Unknown
2344,2019-10-26,2020-03-10,Production Manager,Regina Smith,jaden.bates@bilearner.com,PL,Active,Contract,Zone C,Temporary,Retirement,Money start prove.,Production       ,Yard (Material Handling),MA,Engineer,Female,42542,Other,Divorced,Fully Meets,1,1,Jaden Bates,,Unknown
2345,2020-09-14,2023-05-30,Production Manager,Cindy Schneider,nyla.schwartz@bilearner.com,BPC,Terminated for Cause,Full-Time,Zone B,Temporary,Involuntary,Upon around example dream style technology term.,Production       ,Field Operations,MA,Specialist,Female,7521,Hispanic,Married,Fully Meets,2,1,Nyla Schwartz,55.0,45-54
2346,2023-04-09,,Production Manager,Elizabeth Dillon,taryn.black@bilearner.com,CCDR,Active,Part-Time,Zone A,Full-Time,Unk,Active Employee,Production       ,Field Operations,MA,Technician,Female,9394,Hispanic,Widowed,Fully Meets,4,0,Taryn Black,,Unknown
2347,2019-10-25,,President & CEO,Jesus Smith,karley.novak@bilearner.com,SVG,Active,Full-Time,Zone A,Part-Time,Unk,Active Employee,Production       ,Field Operations,MA,Laborer,Female,14720,White,Single,Fully Meets,1,0,Karley Novak,49.0,45-54
2348,2022-06-25,,Network Engineer,Timothy Waters,payten.harvey@bilearner.com,EW,Active,Part-Time,Zone C,Full-Time,Unk,Active Employee,Production       ,Field Operations,MA,Technician,Male,85605,Asian,Single,Fully Meets,1,0,Payten Harvey,,Unknown
2349,2023-01-26,2023-02-27,Network Engineer,Joshua Johnson,reagan.atkinson@bilearner.com,MSC,Active,Part-Time,Zone C,Full-Time,Voluntary,Address machine break person force interview.,Production       ,General - Con,MA,Laborer,Male,38286,Black,Widowed,Fully Meets,4,1,Reagan Atkinson,70.0,65+
2350,2020-02-19,,Network Engineer,Joanna Foster,rey.werner@bilearner.com,TNS,Active,Part-Time,Zone A,Temporary,Unk,Active Employee,Executive Office,Wireline Construction,MA,Laborer,Male,59836,Black,Divorced,Fully Meets,2,0,Rey Werner,,Unknown
2351,2019-12-24,2020-06-21,Data Analyst,Rita Abbott,kendall.mcintyre@bilearner.com,EW,Active,Contract,Zone B,Temporary,Retirement,Market as per stop kid score detail.,Production       ,Engineers,MA,Technician,Male,25767,Hispanic,Widowed,Fully Meets,4,1,Kendall Mcintyre,,Unknown
2352,2020-10-16,2020-11-15,Data Analyst,Renee Ritter,anahi.frye@bilearner.com,MSC,Active,Full-Time,Zone B,Temporary,Retirement,Practice miss lead message measure.,Production       ,General - Con,MA,Lineman,Male,19689,White,Widowed,Fully Meets,2,1,Anahi Frye,,Unknown
2353,2018-09-07,,Data Analyst ,Michelle Nguyen,dalia.booth@bilearner.com,TNS,Active,Part-Time,Zone B,Full-Time,Unk,Active Employee,IT/IS,Field Operations,MA,Foreman,Female,19035,Hispanic,Married,Fully Meets,2,0,Dalia Booth,,Unknown
2354,2022-01-07,2022-06-29,Data Analyst,Elizabeth Houston,charlee.navarro@bilearner.com,PYZ,Active,Part-Time,Zone C,Full-Time,Retirement,Especially usually citizen do.,IT/IS,Wireline Construction,MA,Clerk,Female,61793,White,Divorced,Fully Meets,2,1,Charlee Navarro,55.0,45-54
2355,2019-03-25,2019-04-23,Data Analyst,Elizabeth Gray,karter.perry@bilearner.com,WBL,Active,Contract,Zone C,Temporary,Retirement,Teacher often knowledge free best.,IT/IS,Field Operations,MA,Civil Hand,Male,91193,Asian,Single,Fully Meets,1,1,Karter Perry,,Unknown
2356,2021-11-18,2022-12-17,Data Analyst,Courtney Webb,sariah.little@bilearner.com,NEL,Active,Part-Time,Zone C,Temporary,Retirement,Audience deal cost figure student might let.,IT/IS,Catv,MA,Laborer,Male,11058,Black,Single,Fully Meets,4,1,Sariah Little,,Unknown
2357,2022-12-31,2023-07-21,Production Manager,Erin Richard,antoine.murray@bilearner.com,PL,Active,Contract,Zone B,Temporary,Involuntary,Where author federal Democrat in institution.,Production       ,General - Con,MA,Foreman,Female,48133,Black,Married,Fully Meets,1,1,Antoine Murray,,Unknown
2358,2020-05-14,2022-11-29,Production Manager,Christy Wagner,summer.huang@bilearner.com,PYZ,Active,Part-Time,Zone B,Temporary,Involuntary,A especially friend.,Production       ,Executive,MA,Executive Assistant,Male,14776,Black,Married,Fully Meets,4,1,Summer Huang,,Unknown
2359,2020-12-13,2023-02-12,Production Manager,Andrew Wright,jaylyn.contreras@bilearner.com,SVG,Active,Full-Time,Zone B,Part-Time,Retirement,Suddenly part eye bag.,Production       ,Engineers,MA,Project Manager,Female,87985,Other,Married,Fully Meets,2,1,Jaylyn Contreras,30.0,25-34
2360,2021-11-16,2022-11-23,Production Manager,Deborah Wood,brenna.york@bilearner.com,TNS,Voluntarily Terminated,Part-Time,Zone B,Part-Time,Voluntary,Decide rich traditional house task road.,Production       ,Fielders,MA,Engineer,Female,26846,Asian,Widowed,Fully Meets,1,1,Brenna York,36.0,35-44
2361,2022-12-01,2023-07-06,Production Manager,Christine Randall,braden.wiggins@bilearner.com,WBL,Voluntarily Terminated,Full-Time,Zone C,Full-Time,Involuntary,Report provide home follow price.,Production       ,Project Management - Con,MA,Supervisor,Female,66281,Asian,Divorced,Fully Meets,2,1,Braden Wiggins,30.0,25-34
2362,2020-10-30,2022-07-28,Production Manager,Debra Green,nola.bullock@bilearner.com,BPC,Active,Full-Time,Zone C,Part-Time,Involuntary,Building source bill true education form include.,Production       ,Field Operations,MA,Construction Manager,Female,97050,Asian,Married,Fully Meets,2,1,Nola Bullock,52.0,45-54
2363,2021-02-08,2022-09-25,Production Manager,Frances Olsen,kaleigh.keller@bilearner.com,CCDR,Active,Full-Time,Zone C,Temporary,Retirement,Least if civil partner court number song.,Production       ,Wireline Construction,MA,Foreman,Female,14808,Hispanic,Widowed,Fully Meets,2,1,Kaleigh Keller,,Unknown
2364,2019-08-05,,Production Manager,Benjamin Johnson,milagros.jimenez@bilearner.com,EW,Active,Full-Time,Zone A,Temporary,Unk,Active Employee,Production       ,Field Operations,MA,Technician,Male,53839,Black,Widowed,Fully Meets,5,0,Milagros Jimenez,,Unknown
2365,2018-11-29,2023-03-09,Production Manager,Tyler Galvan,timothy.goodwin@bilearner.com,MSC,Terminated for Cause,Contract,Zone A,Temporary,Involuntary,Station today affect many know.,Production       ,Engineers,MA,Technician,Female,43609,Black,Married,Fully Meets,1,1,Timothy Goodwin,,Unknown
2366,2018-11-16,2021-05-25,Production Manager,Terri Morris,reese.kennedy@bilearner.com,NEL,Terminated for Cause,Full-Time,Zone B,Part-Time,Retirement,Factor strategy defense citizen.,Production       ,Fielders,MA,Engineer,Female,83442,Asian,Divorced,Fully Meets,2,1,Reese Kennedy,,Unknown
2367,2020-08-23,2022-06-11,Production Manager,John Hurst,mariam.doyle@bilearner.com,PL,Active,Contract,Zone C,Part-Time,Resignation,Soon walk early star.,Production       ,Wireline Construction,MA,Foreman,Female,6820,Hispanic,Widowed,Fully Meets,5,1,Mariam Doyle,,Unknown
2368,2020-08-22,2023-03-09,President & CEO,Kristi Lee,clinton.brennan@bilearner.com,PYZ,Active,Full-Time,Zone B,Temporary,Resignation,Like save Mr instead doctor traditional one.,Production       ,Wireline Construction,MA,Splicer,Female,50782,White,Single,Fully Meets,1,1,Clinton Brennan,,Unknown
2369,2021-10-19,2022-09-10,Network Engineer,Nicole Sosa,maximilian.moyer@bilearner.com,SVG,Active,Part-Time,Zone B,Full-Time,Retirement,Window paper dark power knowledge must current.,Production       ,Field Operations,MA,Engineer,Male,59893,Other,Divorced,Fully Meets,5,1,Maximilian Moyer,,Unknown
2370,2020-02-21,2021-11-29,Network Engineer,Cynthia Nguyen,salvador.robinson@bilearner.com,TNS,Active,Contract,Zone B,Full-Time,Retirement,Most sport property respond.,Production       ,Field Operations,MA,Locator,Male,84707,Other,Widowed,Fully Meets,5,1,Salvador Robinson,,Unknown
2371,2022-11-21,,Data Analyst,Brian Ortiz MD,ahmed.mcmahon@bilearner.com,EW,Active,Contract,Zone B,Temporary,Unk,Active Employee,Production       ,Field Operations,MA,Supervisor,Male,59104,White,Married,Fully Meets,1,0,Ahmed Mcmahon,,Unknown
2372,2019-08-05,2021-12-06,Data Analyst,Lisa Davis,junior.york@bilearner.com,CCDR,Active,Full-Time,Zone A,Part-Time,Involuntary,Skin none party discover fact low buy ok.,Production       ,Field Operations,MA,Driller,Female,61932,Hispanic,Single,Fully Meets,2,1,Junior York,34.0,25-34
2373,2020-11-05,2022-06-04,Data Analyst ,Erica Allen,marilyn.wiley@bilearner.com,BPC,Active,Full-Time,Zone A,Full-Time,Resignation,Thought official else loss admit threat treat.,IT/IS,Catv,MA,Foreman,Female,62911,Other,Divorced,Fully Meets,2,1,Marilyn Wiley,,Unknown
2374,2021-06-12,2022-02-25,Data Analyst,Michael Lucas,selena.hebert@bilearner.com,WBL,Active,Part-Time,Zone A,Part-Time,Retirement,Industry majority population final. Bit go deal.,IT/IS,Field Operations,MA,Laborer,Female,51977,Asian,Divorced,Fully Meets,2,1,Selena Hebert,64.0,55-64
2375,2018-09-13,,Data Analyst,Eric Campbell,selena.adkins@bilearner.com,TNS,Active,Contract,Zone B,Full-Time,Unk,Active Employee,IT/IS,General - Con,MA,Foreman,Male,90110,Black,Single,Fully Meets,1,0,Selena Adkins,68.0,65+
2376,2023-04-09,2023-06-03,Production Manager,Jamie Simon,erica.sloan@bilearner.com,CCDR,Active,Full-Time,Zone A,Temporary,Involuntary,Move story heavy list image arrive today.,Production       ,Field Operations,MA,Technician,Female,2573,Asian,Divorced,Fully Meets,4,1,Erica Sloan,43.0,35-44
2377,2021-01-09,,Production Manager,Jeremy Lee,payton.nolan@bilearner.com,SVG,Active,Contract,Zone B,Part-Time,Unk,Active Employee,Production       ,Executive,MA,Vp,Male,2433,White,Single,Fully Meets,4,0,Payton Nolan,,Unknown
2378,2020-03-23,,Production Manager,Zachary Parker,leticia.parks@bilearner.com,EW,Active,Part-Time,Zone A,Full-Time,Unk,Active Employee,Production       ,Project Management - Eng,MA,Administrative,Female,16691,Other,Married,Fully Meets,2,0,Leticia Parks,,Unknown
2379,2019-10-19,2020-12-23,Production Manager,Jennifer Krause,carolyn.sosa@bilearner.com,MSC,Voluntarily Terminated,Full-Time,Zone C,Part-Time,Resignation,Only subject throw conference official.,Production       ,Fielders,MA,Technician,Female,28545,Asian,Divorced,Fully Meets,2,1,Carolyn Sosa,,Unknown
2380,2023-07-02,2023-07-11,Production Manager,Heidi Martin,german.higgins@bilearner.com,TNS,Active,Full-Time,Zone A,Temporary,Retirement,Attack result fly Republican.,Production       ,General - Con,MA,Laborer,Female,87440,Other,Married,Fully Meets,2,1,German Higgins,,Unknown
2381,2019-08-29,,Production Manager,Eric Strickland,heath.romero@bilearner.com,PYZ,Active,Part-Time,Zone B,Part-Time,Unk,Active Employee,Production       ,Catv,MA,Foreman,Female,10486,Other,Divorced,Fully Meets,2,0,Heath Romero,38.0,35-44
2382,2023-07-17,2023-07-28,Production Manager,Mark Wood,davion.friedman@bilearner.com,WBL,Active,Part-Time,Zone C,Temporary,Involuntary,Light free he rest thought.,Production       ,Catv,MA,Laborer,Male,59652,Asian,Single,Fully Meets,1,1,Davion Friedman,83.0,65+
2383,2020-02-02,,Production Manager,Robert Wolfe,danny.thomas@bilearner.com,NEL,Active,Full-Time,Zone A,Full-Time,Unk,Active Employee,Production       ,Field Operations,MA,Laborer,Male,87927,Asian,Widowed,Fully Meets,4,0,Danny Thomas,53.0,45-54
2384,2021-10-14,2022-10-21,Production Manager,Kimberly Moore,matthias.dunlap@bilearner.com,PL,Terminated for Cause,Full-Time,Zone A,Temporary,Resignation,East crime wind subject because.,Production       ,Field Operations,MA,Foreman,Female,47596,Hispanic,Married,Fully Meets,5,1,Matthias Dunlap,47.0,45-54
2385,2020-04-10,,Production Manager,Eric Richardson,sawyer.little@bilearner.com,BPC,Active,Contract,Zone A,Part-Time,Unk,Active Employee,Production       ,Yard (Material Handling),MA,Associate,Female,46287,Asian,Single,Fully Meets,2,0,Sawyer Little,,Unknown
2386,2018-12-14,,Production Manager,Tyler Christian,uriel.brennan@bilearner.com,CCDR,Active,Part-Time,Zone B,Part-Time,Unk,Active Employee,Production       ,Finance & Accounting,MA,Administrative,Female,87401,Black,Widowed,Fully Meets,1,0,Uriel Brennan,,Unknown
2387,2022-06-27,2023-01-05,President & CEO,Brandi Lambert,gretchen.richards@bilearner.com,SVG,Active,Contract,Zone C,Temporary,Resignation,Somebody air turn. Dark civil any serious.,Production       ,Safety,MA,Safety,Male,40201,Hispanic,Widowed,Fully Meets,1,1,Gretchen Richards,,Unknown
2388,2020-09-07,,Network Engineer,Taylor Shaw,madden.roman@bilearner.com,EW,Active,Contract,Zone C,Temporary,Unk,Active Employee,Production       ,Fielders,MA,Engineer,Male,94290,Other,Single,Fully Meets,2,0,Madden Roman,,Unknown
2389,2019-11-03,2021-06-22,Data Analyst,Michelle Scott,keshawn.singh@bilearner.com,EW,Active,Contract,Zone C,Part-Time,Resignation,Be there wide. Treatment blue learn choice.,Production       ,General - Eng,MA,Administrative,Male,35338,White,Widowed,Fully Meets,2,1,Keshawn Singh,,Unknown
2390,2020-05-15,2021-12-27,Data Analyst,Lawrence Walsh,barrett.obrien@bilearner.com,MSC,Active,Part-Time,Zone C,Part-Time,Involuntary,Hair force rate state own lose administration.,Production       ,Engineers,MA,Coordinator,Female,94090,Asian,Divorced,Fully Meets,1,1,Barrett Obrien,,Unknown
2391,2023-04-28,2023-05-13,Data Analyst ,Cassandra Snyder,gisselle.villanueva@bilearner.com,TNS,Active,Part-Time,Zone B,Full-Time,Resignation,Tough respond possible example.,IT/IS,Splicing,MA,Splicer,Female,44623,Asian,Widowed,Fully Meets,1,1,Gisselle Villanueva,62.0,55-64
2392,2019-08-05,,Data Analyst,Timothy Mason,demetrius.mendez@bilearner.com,BPC,Active,Full-Time,Zone A,Full-Time,Unk,Active Employee,IT/IS,People Services,MA,Services,Male,91306,Black,Single,Fully Meets,1,0,Demetrius Mendez,,Unknown
2393,2018-12-05,2021-09-15,Production Manager,Michael Morse,rhett.holmes@bilearner.com,NEL,Active,Full-Time,Zone C,Part-Time,Involuntary,Line believe write might anything yet.,Production       ,Engineers,MA,Engineer,Female,79531,Other,Widowed,Fully Meets,5,1,Rhett Holmes,33.0,25-34
2394,2022-04-25,2023-06-23,Production Manager,Patty Boyd,harold.david@bilearner.com,PL,Active,Full-Time,Zone C,Full-Time,Involuntary,Else condition director woman unit.,Production       ,Field Operations,MA,Laborer,Male,57850,White,Single,Fully Meets,2,1,Harold David,,Unknown
2395,2019-12-10,,Production Manager,Linda Simmons,terrell.guerra@bilearner.com,PYZ,Active,Part-Time,Zone C,Part-Time,Unk,Active Employee,Production       ,General - Eng,MA,Engineer,Male,8880,Black,Divorced,Fully Meets,1,0,Terrell Guerra,,Unknown
2396,2022-06-30,2022-07-13,Production Manager,Gerald Carpenter,reginald.klein@bilearner.com,SVG,Voluntarily Terminated,Contract,Zone C,Part-Time,Resignation,Above difference event coach.,Production       ,General - Eng,MA,Engineer,Female,11959,Other,Single,Fully Meets,1,1,Reginald Klein,,Unknown
2397,2018-09-19,2019-04-29,Production Manager,Barry Powell,marcos.sloan@bilearner.com,TNS,Active,Part-Time,Zone B,Full-Time,Retirement,Husband should TV sport message friend history.,Production       ,Field Operations,MA,Laborer,Female,90692,Other,Widowed,Fully Meets,2,1,Marcos Sloan,,Unknown
2398,2019-07-08,2022-08-16,Production Manager,Angela Bailey,davion.hahn@bilearner.com,WBL,Active,Contract,Zone C,Temporary,Resignation,Laugh step east degree. Visit get late along.,Production       ,General - Con,MA,Foreman,Female,75907,White,Widowed,Fully Meets,5,1,Davion Hahn,67.0,65+
2399,2023-05-25,2023-07-31,Production Manager,Brian Peters,brice.phillips@bilearner.com,PYZ,Active,Full-Time,Zone B,Part-Time,Retirement,Else big job administration.,Production       ,Wireline Construction,MA,Driver,Male,2777,White,Married,Fully Meets,4,1,Brice Phillips,,Unknown
2400,2018-11-03,,Production Manager,Michael Anderson,alvaro.le@bilearner.com,WBL,Active,Contract,Zone A,Part-Time,Unk,Active Employee,Production       ,General - Sga,MA,Supervisor,Male,28115,Black,Married,Fully Meets,2,0,Alvaro Le,65.0,55-64
2401,2022-11-09,2023-01-10,Production Manager,Christopher Reid,darien.young@bilearner.com,NEL,Terminated for Cause,Full-Time,Zone C,Part-Time,Resignation,Sit energy consider voice director.,Production       ,Field Operations,MA,Technician,Female,96954,Asian,Divorced,Fully Meets,5,1,Darien Young,,Unknown
2402,2022-04-14,2022-09-22,Production Manager,Dawn Smith,hayley.chung@bilearner.com,PL,Terminated for Cause,Full-Time,Zone C,Full-Time,Resignation,Rather event ground scientist change.,Production       ,Shop (Fleet),MA,Supervisor,Female,36118,Black,Widowed,Fully Meets,2,1,Hayley Chung,,Unknown
2403,2020-08-06,2022-07-29,Production Manager,Michael Hayes,ellis.maldonado@bilearner.com,BPC,Active,Full-Time,Zone C,Temporary,Retirement,Each himself anything you.,Production       ,Finance & Accounting,MA,Administrative,Female,48453,Hispanic,Married,Fully Meets,4,1,Ellis Maldonado,,Unknown
2404,2019-06-26,2020-01-27,Production Manager,Brandy Coleman,alena.ibarra@bilearner.com,CCDR,Active,Contract,Zone C,Temporary,Voluntary,Into go between. Before number education fast.,Production       ,General - Con,MA,Manager,Female,25247,White,Divorced,Fully Meets,2,1,Alena Ibarra,,Unknown
2405,2020-09-13,2022-03-15,President & CEO,Jackie Walsh,emily.davidson@bilearner.com,SVG,Voluntarily Terminated,Full-Time,Zone B,Part-Time,Involuntary,Your never oil finally public major shake they.,Production       ,Field Operations,MA,Lineman,Male,3445,White,Divorced,Fully Meets,4,1,Emily Davidson,76.0,65+
2406,2018-11-13,,Network Engineer,Taylor Cohen,nickolas.stephens@bilearner.com,EW,Active,Part-Time,Zone B,Part-Time,Unk,Active Employee,Production       ,Engineers,MA,Technician,Male,73530,Black,Widowed,Fully Meets,1,0,Nickolas Stephens,,Unknown
2407,2019-10-06,2023-04-14,Data Analyst,Gary Gray,lamont.prince@bilearner.com,EW,Active,Full-Time,Zone C,Temporary,Involuntary,Throughout thank respond direction.,Production       ,Finance & Accounting,MA,Clerk,Male,47723,Other,Widowed,Fully Meets,4,1,Lamont Prince,,Unknown
2408,2021-09-15,,Data Analyst,Jeffrey Barnes,gunner.boone@bilearner.com,MSC,Active,Full-Time,Zone B,Part-Time,Unk,Active Employee,IT/IS,Field Operations,MA,Foreman,Female,46328,Black,Divorced,Fully Meets,5,0,Gunner Boone,64.0,55-64
2409,2020-02-06,,Data Analyst ,Robert Wilson,kaitlin.cooke@bilearner.com,TNS,Active,Full-Time,Zone B,Full-Time,Unk,Active Employee,IT/IS,Engineers,MA,Program Manager,Female,91289,White,Single,Fully Meets,4,0,Kaitlin Cooke,,Unknown
2410,2022-10-21,,Data Analyst,Thomas Ryan,sam.gross@bilearner.com,PYZ,Active,Full-Time,Zone B,Part-Time,Unk,Active Employee,IT/IS,Engineers,MA,Project Manager,Male,39919,White,Divorced,Fully Meets,2,0,Sam Gross,,Unknown
2411,2022-10-11,,Production Manager,Paul Johnson,nathaly.stuart@bilearner.com,NEL,Active,Part-Time,Zone B,Temporary,Unk,Active Employee,Production       ,General - Con,MA,Lineman,Female,43601,Black,Widowed,Fully Meets,2,0,Nathaly Stuart,,Unknown
2412,2022-01-30,2023-03-22,Production Manager,James Spears,frankie.yang@bilearner.com,PL,Active,Full-Time,Zone B,Part-Time,Voluntary,Current voice question house.,Production       ,Engineers,MA,Engineer,Male,63971,White,Widowed,Fully Meets,2,1,Frankie Yang,,Unknown
2413,2022-07-27,2022-10-09,Production Manager,Clayton Phillips,alexus.greer@bilearner.com,PYZ,Active,Full-Time,Zone B,Temporary,Resignation,Tree choose manager ask prove three.,Production       ,General - Con,MA,Driver,Female,18899,White,Single,Fully Meets,4,1,Alexus Greer,84.0,65+
2414,2022-05-26,,Production Manager,Carmen Fuentes,julianne.shaw@bilearner.com,SVG,Active,Part-Time,Zone B,Part-Time,Unk,Active Employee,Production       ,General - Con,MA,Laborer,Female,82519,Asian,Single,Fully Meets,2,0,Julianne Shaw,,Unknown
2415,2021-02-08,2022-08-23,Production Manager,Steven Drake,raelynn.lara@bilearner.com,TNS,Active,Full-Time,Zone B,Full-Time,Involuntary,Strategy kind particular unit need.,Production       ,Field Operations,MA,Technician,Female,25010,White,Married,Fully Meets,4,1,Raelynn Lara,74.0,65+
2416,2022-06-06,,Production Manager,Tiffany Taylor,leland.chang@bilearner.com,WBL,Active,Contract,Zone C,Full-Time,Unk,Active Employee,Production       ,General - Con,MA,Laborer,Male,91822,Asian,Single,Fully Meets,2,0,Leland Chang,32.0,25-34
2417,2021-02-27,2023-07-30,Production Manager,Anna Love,hayley.webb@bilearner.com,BPC,Active,Contract,Zone C,Full-Time,Retirement,Me local somebody method away choose hit truth.,Production       ,Engineers,MA,Program Manager,Male,37752,White,Single,Fully Meets,4,1,Hayley Webb,40.0,35-44
2418,2022-01-26,2023-05-04,Production Manager,Sean Garcia,teagan.rodriguez@bilearner.com,CCDR,Terminated for Cause,Contract,Zone B,Temporary,Involuntary,Speak high idea reach both. Many policy rock six.,Production       ,Project Management - Con,MA,Manager,Male,16793,Black,Married,Fully Meets,1,1,Teagan Rodriguez,,Unknown
2419,2020-04-01,,Production Manager,Joshua Benton,kaylyn.joyce@bilearner.com,EW,Active,Part-Time,Zone A,Temporary,Unk,Active Employee,Production       ,Wireline Construction,MA,Driver,Female,94808,White,Married,Fully Meets,2,0,Kaylyn Joyce,,Unknown
2420,2020-06-03,,Production Manager,Emily Fritz,carleigh.garrison@bilearner.com,MSC,Active,Contract,Zone B,Full-Time,Unk,Active Employee,Production       ,Project Management - Con,MA,Coordinator,Female,22631,White,Single,Fully Meets,5,0,Carleigh Garrison,77.0,65+
2421,2021-11-20,,Production Manager,Kayla Allen,brycen.york@bilearner.com,NEL,Active,Full-Time,Zone C,Part-Time,Unk,Active Employee,Production       ,Engineers,MA,Engineer,Female,70680,Asian,Married,Fully Meets,2,0,Brycen York,40.0,35-44
2422,2021-12-21,2022-04-07,Production Manager,Joseph Parker,rigoberto.gibson@bilearner.com,PL,Voluntarily Terminated,Part-Time,Zone A,Temporary,Involuntary,Last conference eat store citizen.,Production       ,General - Con,MA,Laborer,Male,86374,Hispanic,Widowed,Fully Meets,2,1,Rigoberto Gibson,,Unknown
2423,2018-10-10,,President & CEO,Tina Lopez,yael.garcia@bilearner.com,PYZ,Active,Contract,Zone A,Full-Time,Unk,Active Employee,Production       ,General - Con,MA,Laborer,Male,93897,Asian,Divorced,Fully Meets,1,0,Yael Garcia,49.0,45-54
2424,2019-02-26,2021-03-24,Network Engineer,Joseph Krause,jonathon.montes@bilearner.com,SVG,Active,Full-Time,Zone C,Full-Time,Resignation,Author sure care fish.,Executive Office,Engineers,MA,Technician,Male,47083,Hispanic,Divorced,Fully Meets,2,1,Jonathon Montes,,Unknown
2425,2022-06-19,2023-05-20,Director of Operations,David Patel,alexzander.guzman@bilearner.com,MSC,Active,Contract,Zone C,Full-Time,Resignation,And even room after establish. Me single stage.,Production       ,Wireline Construction,MA,Driver,Male,61895,Asian,Divorced,Fully Meets,2,1,Alexzander Guzman,,Unknown
2426,2020-07-20,2023-07-10,Data Analyst,Johnny Hall,gunnar.gray@bilearner.com,EW,Active,Full-Time,Zone C,Part-Time,Retirement,Scientist open would defense receive old.,Production       ,General - Con,MA,Foreman,Female,43373,White,Widowed,Fully Meets,2,1,Gunnar Gray,67.0,65+
2427,2020-01-17,2020-04-20,Data Analyst,Mary Contreras,emilee.thompson@bilearner.com,CCDR,Active,Part-Time,Zone C,Full-Time,Voluntary,Next explain account stay.,IT/IS,Field Operations,MA,Top Hand,Female,87868,Asian,Divorced,Fully Meets,5,1,Emilee Thompson,,Unknown
2428,2021-06-04,2022-02-11,Data Analyst ,Pamela Shelton,emmett.chandler@bilearner.com,BPC,Active,Part-Time,Zone B,Temporary,Voluntary,Price apply father morning population.,IT/IS,Yard (Material Handling),MA,Shop,Female,7404,White,Divorced,Fully Meets,4,1,Emmett Chandler,,Unknown
2429,2019-04-19,2020-07-02,Production Manager,Kristy Taylor,vincent.ramsey@bilearner.com,BPC,Active,Part-Time,Zone C,Temporary,Involuntary,Condition control raise.,Production       ,Field Operations,MA,Laborer,Male,68494,Black,Widowed,Fully Meets,4,1,Vincent Ramsey,27.0,25-34
2430,2018-11-17,2020-12-20,Production Manager,Gregory Myers,dallas.ross@bilearner.com,CCDR,Active,Full-Time,Zone B,Part-Time,Voluntary,Production major type value live movie.,Production       ,General - Con,MA,Technician,Male,69480,White,Single,Fully Meets,2,1,Dallas Ross,,Unknown
2431,2022-08-18,2023-06-20,Production Manager,Gregg Thomas,elvis.kaufman@bilearner.com,SVG,Active,Contract,Zone A,Full-Time,Resignation,At ago debate special can economy.,Production       ,General - Con,MA,Laborer,Female,16520,Asian,Widowed,Fully Meets,4,1,Elvis Kaufman,84.0,65+
2432,2023-02-10,2023-04-24,Production Manager,William Castillo,rayna.gates@bilearner.com,EW,Voluntarily Terminated,Contract,Zone C,Full-Time,Retirement,Leader specific wife appear art they.,Production       ,Yard (Material Handling),MA,Shop,Female,44133,Asian,Married,Fully Meets,2,1,Rayna Gates,,Unknown
2433,2020-04-22,2022-08-03,Production Manager,Edwin Freeman,darryl.wiley@bilearner.com,MSC,Active,Contract,Zone C,Temporary,Retirement,Game play arm argue blood try here.,Production       ,Engineers,MA,Project Manager,Male,28492,White,Widowed,Fully Meets,1,1,Darryl Wiley,,Unknown
2434,2023-01-14,2023-05-07,Production Manager,Melissa Rice,liam.blevins@bilearner.com,TNS,Active,Part-Time,Zone A,Full-Time,Involuntary,Dog dark piece where ask low away.,Production       ,General - Con,MA,Foreman,Male,34702,Asian,Single,Fully Meets,5,1,Liam Blevins,,Unknown
2435,2023-03-13,2023-03-21,Production Manager,Gina Dillon,easton.zavala@bilearner.com,PYZ,Terminated for Cause,Full-Time,Zone C,Part-Time,Involuntary,Unit begin commercial wish financial care.,Production       ,Engineers,MA,Planner,Male,97893,Other,Widowed,Fully Meets,2,1,Easton Zavala,44.0,35-44
2436,2022-12-30,2023-04-16,Production Manager,Anna Garcia,susan.wiggins@bilearner.com,WBL,Terminated for Cause,Full-Time,Zone B,Part-Time,Voluntary,Result so show improve. Leg message cup else.,Production       ,Field Operations,MA,Driller,Male,94765,Asian,Widowed,Fully Meets,4,1,Susan Wiggins,,Unknown
2437,2020-06-04,2022-10-30,Production Manager,Christopher Mccann,alison.evans@bilearner.com,NEL,Terminated for Cause,Full-Time,Zone A,Full-Time,Voluntary,Nation you bad daughter only huge them.,Production       ,Shop (Fleet),MA,Mechanic,Female,83290,Other,Single,Fully Meets,2,1,Alison Evans,,Unknown
2438,2022-03-13,,Production Manager,Melanie Mullins,humberto.rocha@bilearner.com,PL,Active,Contract,Zone A,Full-Time,Unk,Active Employee,Production       ,Wireless,MA,Operator,Female,47253,Black,Divorced,Fully Meets,5,0,Humberto Rocha,,Unknown
2439,2021-08-21,,Production Manager,Paula Henderson,cordell.vazquez@bilearner.com,BPC,Active,Contract,Zone B,Part-Time,Unk,Active Employee,Production       ,Engineers,MA,Engineer,Female,52238,White,Single,Fully Meets,5,0,Cordell Vazquez,82.0,65+
2440,2021-05-15,,Production Manager,Beverly Dennis,teagan.fletcher@bilearner.com,CCDR,Active,Contract,Zone B,Temporary,Unk,Active Employee,Production       ,General - Con,MA,Laborer,Male,72975,Other,Divorced,Fully Meets,1,0,Teagan Fletcher,,Unknown
2441,2021-07-14,,President & CEO,Barry Mcfarland,camden.mcclure@bilearner.com,SVG,Active,Contract,Zone B,Part-Time,Unk,Active Employee,Production       ,General - Sga,MA,Recruiter,Male,94258,Hispanic,Married,Fully Meets,2,0,Camden Mcclure,,Unknown
2442,2023-01-31,2023-06-22,Director of Operations,Sandra Manning,larissa.garza@bilearner.com,SVG,Active,Contract,Zone C,Full-Time,Resignation,Would assume boy show newspaper.,Production       ,Executive,MA,Vp,Female,53145,Black,Divorced,Fully Meets,1,1,Larissa Garza,,Unknown
2443,2020-07-27,,Data Analyst,Jennifer Lamb,camron.jenkins@bilearner.com,EW,Active,Part-Time,Zone B,Full-Time,Unk,Active Employee,Production       ,Wireline Construction,MA,Foreman,Female,8971,White,Widowed,Fully Meets,1,0,Camron Jenkins,,Unknown
2444,2023-04-16,,Data Analyst,Jacob Berry,america.buchanan@bilearner.com,MSC,Active,Part-Time,Zone C,Part-Time,Unk,Active Employee,IT/IS,Wireline Construction,MA,Traffic,Female,53240,Black,Single,Fully Meets,4,0,America Buchanan,69.0,65+
2445,2019-12-30,,Production Manager,Kelly Mercer,avery.koch@bilearner.com,MSC,Active,Contract,Zone B,Temporary,Unk,Active Employee,Production       ,General - Con,MA,Technician,Female,55950,Asian,Widowed,Fully Meets,2,0,Avery Koch,,Unknown
2446,2021-12-06,2023-01-11,Production Manager,Wendy James,devan.hall@bilearner.com,NEL,Active,Contract,Zone C,Full-Time,Involuntary,Every year particular mouth.,Production       ,Executive,MA,Manager,Male,59946,Black,Divorced,Fully Meets,5,1,Devan Hall,,Unknown
2447,2020-02-02,2022-03-06,Production Manager,Eric Miller,jensen.mccullough@bilearner.com,PL,Active,Full-Time,Zone A,Full-Time,Voluntary,Interest again main describe end charge.,Production       ,Engineers,MA,Administrative,Female,7019,White,Widowed,Fully Meets,4,1,Jensen Mccullough,,Unknown
2448,2020-10-23,2021-03-14,Production Manager,Doris Boyd,kristin.hickman@bilearner.com,PYZ,Voluntarily Terminated,Full-Time,Zone C,Part-Time,Voluntary,Hard thousand fund follow take want full.,Production       ,General - Eng,MA,Specialist,Female,43686,Asian,Single,Fully Meets,4,1,Kristin Hickman,,Unknown
2449,2020-04-29,2021-07-10,Production Manager,Desiree Blair,chana.fox@bilearner.com,SVG,Voluntarily Terminated,Part-Time,Zone B,Temporary,Retirement,Authority be bank.,Production       ,Aerial,MA,Lineman,Female,63427,Hispanic,Single,Fully Meets,4,1,Chana Fox,40.0,35-44
2450,2022-08-18,2022-09-24,Production Manager,Angela Chapman,vivian.bright@bilearner.com,TNS,Active,Full-Time,Zone A,Part-Time,Resignation,Prove group type several wife those question.,Production       ,Aerial,MA,Lineman,Male,73413,Asian,Single,Fully Meets,1,1,Vivian Bright,,Unknown
2451,2020-09-08,,Production Manager,Carol Allen,rosa.rosales@bilearner.com,WBL,Active,Contract,Zone A,Temporary,Unk,Active Employee,Production       ,Splicing,MA,Supervisor,Male,78058,Black,Married,Fully Meets,5,0,Rosa Rosales,,Unknown
2452,2022-10-14,,Production Manager,Michael Cortez,fabian.mullins@bilearner.com,BPC,Active,Full-Time,Zone C,Part-Time,Unk,Active Employee,Production       ,Project Management - Con,MA,Vp,Male,15079,Asian,Married,Fully Meets,2,0,Fabian Mullins,,Unknown
2453,2023-05-13,,Production Manager,Erin Abbott,mila.poole@bilearner.com,CCDR,Active,Full-Time,Zone C,Full-Time,Unk,Active Employee,Production       ,Underground,MA,Laborer,Male,70878,Other,Widowed,Fully Meets,1,0,Mila Poole,,Unknown
2454,2021-02-28,,Production Manager,David Russell,callum.mccormick@bilearner.com,EW,Active,Full-Time,Zone A,Part-Time,Unk,Active Employee,Production       ,Fielders,MA,Engineer,Female,5526,Asian,Married,Fully Meets,5,0,Callum Mccormick,37.0,35-44
2455,2020-03-03,,Production Manager,Raymond Robinson,jakob.luna@bilearner.com,MSC,Active,Full-Time,Zone B,Full-Time,Unk,Active Employee,Production       ,General - Con,MA,Specialist,Female,50307,Hispanic,Single,Fully Meets,2,0,Jakob Luna,35.0,25-34
2456,2021-11-29,,Production Manager,Anthony Luna,odin.sampson@bilearner.com,NEL,Active,Full-Time,Zone A,Full-Time,Unk,Active Employee,Production       ,Wireline Construction,MA,Laborer,Male,70237,Asian,Single,Fully Meets,5,0,Odin Sampson,,Unknown
2457,2018-08-24,,Production Manager,David Fox,george.meyers@bilearner.com,PL,Active,Part-Time,Zone A,Part-Time,Unk,Active Employee,Production       ,Field Operations,MA,Groundman,Male,82947,Hispanic,Single,Fully Meets,2,0,George Meyers,,Unknown
2458,2020-10-21,2022-03-24,President & CEO,Robert Conway,angelica.gamble@bilearner.com,PYZ,Active,Part-Time,Zone B,Temporary,Voluntary,Fund season forward just.,Production       ,Shop (Fleet),MA,Technician,Male,59127,Other,Widowed,Fully Meets,2,1,Angelica Gamble,47.0,45-54
2459,2020-12-15,2021-06-24,Director of Operations,Sarah Kennedy,bradyn.pham@bilearner.com,SVG,Active,Full-Time,Zone A,Temporary,Retirement,Type by way so firm high building.,Production       ,Field Operations,RI,Laborer,Female,89047,Asian,Married,Fully Meets,4,1,Bradyn Pham,31.0,25-34
2460,2018-09-05,2023-01-27,Data Analyst,Kathryn Chen,konner.pierce@bilearner.com,EW,Active,Contract,Zone C,Full-Time,Retirement,Recently five outside class term.,IT/IS,Finance & Accounting,MA,Controller,Female,15258,White,Widowed,Fully Meets,2,1,Konner Pierce,,Unknown
2461,2021-09-27,,Shared Services Manager,Billy Waters,tucker.haas@bilearner.com,EW,Active,Part-Time,Zone A,Full-Time,Unk,Active Employee,Admin Offices,Splicing,MA,Splicer,Male,23555,Black,Divorced,Fully Meets,5,0,Tucker Haas,47.0,45-54
2462,2020-01-09,2021-01-27,Production Manager,Miranda Webb,lainey.york@bilearner.com,NEL,Active,Part-Time,Zone C,Full-Time,Voluntary,Claim serve PM camera else.,Production       ,General - Con,MA,Foreman,Female,83298,White,Married,Fully Meets,2,1,Lainey York,78.0,65+
2463,2018-12-06,,Production Manager,Elizabeth Cook,ava.chan@bilearner.com,PL,Active,Part-Time,Zone A,Part-Time,Unk,Active Employee,Production       ,Fielders,MA,Engineer,Female,27705,Hispanic,Widowed,Fully Meets,4,0,Ava Chan,40.0,35-44
2464,2022-08-11,,Production Manager,Lindsay Nguyen,marquise.pacheco@bilearner.com,BPC,Active,Full-Time,Zone B,Temporary,Unk,Active Employee,Production       ,Field Operations,MA,Technician,Male,78500,White,Widowed,Fully Meets,2,0,Marquise Pacheco,,Unknown
2465,2020-04-13,2021-06-26,Production Manager,Heidi Mann,callum.miles@bilearner.com,CCDR,Active,Contract,Zone A,Full-Time,Retirement,Site least knowledge right every.,Production       ,Field Operations,MA,Laborer,Female,42463,White,Single,Fully Meets,2,1,Callum Miles,65.0,55-64
2466,2021-11-14,2023-01-22,Production Manager,Matthew Hull,natasha.valdez@bilearner.com,SVG,Voluntarily Terminated,Contract,Zone A,Full-Time,Voluntary,Sense activity son. One radio Mr method shoulder.,Production       ,Fielders,MA,Engineer,Female,17484,White,Widowed,Fully Meets,2,1,Natasha Valdez,,Unknown
2467,2022-03-17,2023-06-23,Production Manager,Ryan Wise,talia.barrett@bilearner.com,EW,Voluntarily Terminated,Full-Time,Zone B,Full-Time,Involuntary,Change hundred despite get sit agent discuss.,Production       ,Engineers,MA,Engineer,Female,86392,Other,Married,Fully Meets,5,1,Talia Barrett,47.0,45-54
2468,2019-05-06,,Production Manager,Justin Cook,kailyn.torres@bilearner.com,MSC,Active,Part-Time,Zone A,Part-Time,Unk,Active Employee,Production       ,General - Con,MA,Laborer,Male,53359,Hispanic,Married,Fully Meets,5,0,Kailyn Torres,,Unknown
2469,2021-11-27,2023-06-22,Production Manager,Heather Liu,uriah.pennington@bilearner.com,TNS,Active,Part-Time,Zone C,Part-Time,Involuntary,Clearly really poor story health air particular.,Production       ,Field Operations,MA,Supervisor,Male,74482,Hispanic,Divorced,Fully Meets,4,1,Uriah Pennington,25.0,Under 25
2470,2021-02-09,,Production Manager,Dustin Carroll,cesar.hunter@bilearner.com,BPC,Active,Full-Time,Zone C,Temporary,Unk,Active Employee,Production       ,General - Con,MA,Laborer,Male,71766,Asian,Single,Fully Meets,5,0,Cesar Hunter,,Unknown
2471,2022-01-06,,Production Manager,Cindy Riley,brianna.hurley@bilearner.com,CCDR,Active,Part-Time,Zone C,Part-Time,Unk,Active Employee,Production       ,Fielders,MA,Engineer,Male,84366,Other,Divorced,Fully Meets,2,0,Brianna Hurley,,Unknown
2472,2023-07-28,,Production Manager,Gary Davis,ariel.may@bilearner.com,EW,Active,Full-Time,Zone B,Temporary,Unk,Active Employee,Production       ,Aerial,MA,Foreman,Female,71843,Asian,Married,Fully Meets,2,0,Ariel May,,Unknown
2473,2021-03-27,2022-06-23,Production Manager,Alexa Powell,anastasia.hardy@bilearner.com,MSC,Active,Contract,Zone B,Full-Time,Involuntary,Ability project political animal.,Production       ,Corp Operations,MA,Administrative,Male,55005,Hispanic,Single,Fully Meets,4,1,Anastasia Hardy,,Unknown
2474,2023-03-12,2023-06-02,Production Manager,Amber Ross,aliana.blake@bilearner.com,NEL,Active,Contract,Zone A,Temporary,Involuntary,Technology eight stage hold chance after police.,Production       ,Field Operations,MA,Technician,Male,38407,Black,Married,Fully Meets,4,1,Aliana Blake,,Unknown
2475,2022-10-05,2022-12-17,Production Manager,Gabriel Fitzgerald,houston.burnett@bilearner.com,PL,Voluntarily Terminated,Part-Time,Zone C,Temporary,Retirement,Finish sense money public debate field professor.,Production       ,General - Con,MA,Splicer,Male,14857,White,Single,Fully Meets,4,1,Houston Burnett,,Unknown
2476,2021-10-01,2023-06-21,President & CEO,Ryan Thompson,case.conley@bilearner.com,PYZ,Active,Part-Time,Zone B,Full-Time,Voluntary,Yard charge week wait address.,Executive Office,Yard (Material Handling),MA,Runner,Male,6637,Other,Single,Fully Meets,2,1,Case Conley,59.0,55-64
2477,2022-01-31,,Director of Sales,Timothy Spencer,trevin.shannon@bilearner.com,PL,Active,Contract,Zone A,Full-Time,Unk,Active Employee,Sales,Field Operations,RI,Laborer,Female,92396,Asian,Divorced,Fully Meets,2,0,Trevin Shannon,,Unknown
2478,2020-06-01,,Director of Operations,Andrew Fleming,braden.nicholson@bilearner.com,PYZ,Active,Full-Time,Zone A,Temporary,Unk,Active Employee,Production       ,General - Con,RI,Flagger,Female,6085,White,Single,Fully Meets,5,0,Braden Nicholson,,Unknown
2479,2023-04-18,2023-05-17,Data Analyst,Edward Ross,mireya.sutton@bilearner.com,SVG,Active,Contract,Zone C,Part-Time,Involuntary,Material role once lawyer phone turn company.,IT/IS,General - Con,MA,Laborer,Female,67089,Hispanic,Divorced,Fully Meets,4,1,Mireya Sutton,,Unknown
2480,2020-07-25,,IT Director,Renee Johnson,jason.foss@bilearner.com,CCDR,Active,Part-Time,Zone C,Part-Time,Unk,Active Employee,IT/IS,Splicing,MA,Technician,Male,1460,White,Widowed,Fully Meets,2,0,Jason Foss,,Unknown
2481,2018-12-12,,IT Manager - DB,Thomas Kim,simon.roup@bilearner.com,PL,Active,Full-Time,Zone A,Part-Time,Unk,Active Employee,IT/IS,Aerial,MA,Lineman,Male,2481,Black,Divorced,Fully Meets,1,0,Simon Roup,29.0,25-34
2482,2018-09-01,2022-06-20,IT Manager - Support,Erin Jones,eric.dougall@bilearner.com,PYZ,Active,Contract,Zone C,Full-Time,Voluntary,Particularly box maybe.,IT/IS,Isp,MA,Manager,Male,1886,Black,Married,Fully Meets,4,1,Eric Dougall,,Unknown
2483,2019-11-24,,IT Manager - Infra,Amy Palmer,peter.monroe@bilearner.com,WBL,Active,Part-Time,Zone A,Temporary,Unk,Active Employee,IT/IS,Fielders,MA,Engineer,Male,2134,Black,Divorced,Fully Meets,2,0,Peter Monroe,,Unknown
2484,2021-12-26,,BI Director,Natalie Liu,brian.champaigne@bilearner.com,SVG,Active,Part-Time,Zone A,Part-Time,Unk,Active Employee,IT/IS,Field Operations,MA,Laborer,Male,2045,Black,Single,Fully Meets,4,0,Brian Champaigne,,Unknown
2485,2020-03-04,2021-09-08,Software Engineering Manager,Regina Becker,alex.sweetwater@bilearner.com,NEL,Active,Part-Time,Zone B,Part-Time,Retirement,Price card crime. Beautiful travel world treat.,Software Engineering,Wireless,MA,Supervisor,Male,2184,White,Widowed,Fully Meets,4,1,Alex Sweetwater,,Unknown
2486,2020-05-03,,IT Manager - DB,Timothy Jackson,ricardo.ruiz@bilearner.com,TNS,Active,Part-Time,Zone A,Temporary,Unk,Active Employee,IT/IS,General - Con,MA,Coordinator,Male,1915,Black,Married,Fully Meets,5,0,Ricardo Ruiz,,Unknown
2487,2019-07-20,,IT Manager - DB,Laura Avila,leo.cooper@bilearner.com,PYZ,Active,Part-Time,Zone A,Temporary,Unk,Active Employee,IT/IS,Splicing,MA,Laborer,Male,86917,White,Single,Fully Meets,4,0,Leo Cooper,48.0,45-54
2488,2022-05-26,2022-10-05,IT Director,Angela Mcdonald,braedon.welch@bilearner.com,PL,Active,Contract,Zone A,Full-Time,Resignation,Follow fact investment.,IT/IS,Field Operations,MA,Tower Hand,Male,10930,Other,Married,Fully Meets,1,1,Braedon Welch,,Unknown
2489,2021-07-24,,Director of Sales,Michael Johnson,graham.villa@bilearner.com,NEL,Active,Contract,Zone A,Part-Time,Unk,Active Employee,IT/IS,Field Operations,MA,Technician,Male,38550,Hispanic,Single,Fully Meets,5,0,Graham Villa,,Unknown
2490,2021-09-27,,Director of Operations,Carmen Patterson,kyle.ali@bilearner.com,MSC,Active,Contract,Zone A,Part-Time,Unk,Active Employee,IT/IS,General - Con,MA,Laborer,Male,5891,Other,Widowed,Fully Meets,4,0,Kyle Ali,,Unknown
2491,2019-04-07,,Software Engineer,Thomas Smith,giovanna.romero@bilearner.com,BPC,Active,Contract,Zone A,Full-Time,Unk,Active Employee,Software Engineering,General - Con,MA,Flagger,Male,16917,Black,Single,Fully Meets,1,0,Giovanna Romero,,Unknown
2492,2019-07-20,,Software Engineer,Catherine Peterson,natalya.norman@bilearner.com,CCDR,Active,Full-Time,Zone C,Temporary,Unk,Active Employee,Software Engineering,General - Con,MA,Laborer,Male,34504,White,Married,Fully Meets,2,0,Natalya Norman,69.0,65+
2493,2022-12-03,2023-06-29,Software Engineer,Thomas Green,connor.carrillo@bilearner.com,SVG,Active,Contract,Zone C,Full-Time,Retirement,Small phone project life realize.,Software Engineering,Field Operations,MA,Driller,Male,13337,Black,Divorced,Fully Meets,4,1,Connor Carrillo,,Unknown
2494,2020-04-04,2022-11-10,IT Manager - DB,Dawn Foley,owen.burch@bilearner.com,MSC,Active,Contract,Zone A,Temporary,Retirement,Away manage guess gun old.,IT/IS,Field Operations,MA,Laborer,Male,67346,Asian,Married,Fully Meets,4,1,Owen Burch,48.0,45-54
2495,2020-03-08,2023-02-26,IT Director,John Jones,abel.bush@bilearner.com,NEL,Active,Contract,Zone B,Part-Time,Resignation,Method hundred lawyer feel interesting.,IT/IS,Fielders,MA,Engineer,Male,71472,Black,Married,Fully Meets,1,1,Abel Bush,,Unknown
2496,2020-09-28,2023-03-27,Director of Sales,Brian Thompson,selina.mullins@bilearner.com,PL,Active,Part-Time,Zone B,Temporary,Retirement,Reduce evidence policy clear nothing at.,IT/IS,Underground,MA,Operator,Male,55912,Other,Single,Fully Meets,2,1,Selina Mullins,,Unknown
2497,2021-07-14,2022-08-09,Director of Operations,Angel Howard,marilyn.chaney@bilearner.com,PYZ,Active,Full-Time,Zone C,Temporary,Voluntary,Kind produce join effect.,IT/IS,Field Operations,MA,Technician,Male,24639,White,Single,Fully Meets,4,1,Marilyn Chaney,71.0,65+
2498,2019-10-17,2020-03-21,BI Developer,Joseph Bowen,camron.keller@bilearner.com,PYZ,Terminated for Cause,Full-Time,Zone A,Temporary,Involuntary,Brother election movie born enough.,IT/IS,Field Operations,MA,Foreman,Female,44117,Asian,Divorced,Fully Meets,4,1,Camron Keller,27.0,25-34
2499,2023-04-08,2023-06-09,Software Engineer,Micheal Moreno,ali.benjamin@bilearner.com,PL,Active,Contract,Zone B,Full-Time,Resignation,Girl foreign would simple believe.,Software Engineering,Project Management - Con,MA,Manager,Male,32650,Asian,Married,Fully Meets,4,1,Ali Benjamin,37.0,35-44
2500,2019-07-25,,Software Engineer,John Vaughn,annabelle.frederick@bilearner.com,BPC,Active,Full-Time,Zone C,Part-Time,Unk,Active Employee,Software Engineering,Field Operations,MA,Laborer,Male,27273,Hispanic,Married,Fully Meets,2,0,Annabelle Frederick,,Unknown
2501,2022-12-25,,Software Engineer,Jennifer Graves,joy.sellers@bilearner.com,CCDR,Active,Full-Time,Zone A,Temporary,Unk,Active Employee,Software Engineering,Finance & Accounting,MA,Manager,Male,89368,Black,Divorced,Fully Meets,2,0,Joy Sellers,74.0,65+
2502,2019-01-27,,Software Engineer,Sandra Rodriguez,charlie.brady@bilearner.com,SVG,Active,Part-Time,Zone C,Temporary,Unk,Active Employee,Software Engineering,Wireline Construction,MA,Supervisor,Male,25819,White,Divorced,Fully Meets,2,0,Charlie Brady,27.0,25-34
2503,2021-12-26,2022-01-29,IT Manager - DB,Sean Wong,ally.goodman@bilearner.com,PL,Active,Contract,Zone C,Temporary,Voluntary,Determine yes action college.,IT/IS,General - Con,MA,Clerk,Male,6113,White,Married,Fully Meets,5,1,Ally Goodman,,Unknown
2504,2023-01-12,,IT Director,Nathan Espinoza,vanessa.zuniga@bilearner.com,BPC,Active,Full-Time,Zone A,Part-Time,Unk,Active Employee,IT/IS,Engineers,MA,Engineer,Male,60048,Black,Single,Fully Meets,4,0,Vanessa Zuniga,,Unknown
2505,2019-07-02,,Director of Sales,Kyle Day,carleigh.hendricks@bilearner.com,CCDR,Active,Contract,Zone B,Temporary,Unk,Active Employee,IT/IS,Splicing,MA,Tester,Male,23929,Asian,Single,Fully Meets,1,0,Carleigh Hendricks,38.0,35-44
2506,2022-06-30,,Director of Operations,Jacob Robinson,trey.johnston@bilearner.com,SVG,Active,Full-Time,Zone C,Full-Time,Unk,Active Employee,IT/IS,Field Operations,MA,Groundman,Male,76072,White,Single,Fully Meets,5,0,Trey Johnston,79.0,65+
2507,2023-01-05,2023-01-14,BI Developer,Kimberly Moore,adalyn.hess@bilearner.com,CCDR,Terminated for Cause,Part-Time,Zone B,Temporary,Resignation,Space west energy week our federal operation.,IT/IS,Aerial,MA,Foreman,Female,93702,White,Single,Fully Meets,5,1,Adalyn Hess,41.0,35-44
2508,2018-11-18,,BI Developer,Kelsey Cochran,selina.tapia@bilearner.com,SVG,Active,Full-Time,Zone A,Part-Time,Unk,Active Employee,IT/IS,Field Operations,MA,Technician,Male,96865,Other,Single,Fully Meets,5,0,Selina Tapia,,Unknown
2509,2020-09-21,2021-10-16,Software Engineer,Abigail Reynolds,madeleine.paul@bilearner.com,EW,Active,Part-Time,Zone C,Full-Time,Involuntary,Resource concern production level good happy.,Software Engineering,Billable Consultants,MA,Engineer,Female,68690,Hispanic,Married,Fully Meets,2,1,Madeleine Paul,,Unknown
2510,2019-11-25,2023-02-24,Software Engineer,Mitchell Oliver,ronald.lamb@bilearner.com,MSC,Active,Contract,Zone C,Temporary,Retirement,Radio fight consumer senior traditional himself.,Software Engineering,Aerial,MA,Lineman,Male,87866,Asian,Single,Fully Meets,1,1,Ronald Lamb,,Unknown
2511,2021-02-05,2023-02-12,Software Engineer,Edwin Sparks,ernesto.beltran@bilearner.com,NEL,Active,Full-Time,Zone C,Part-Time,Involuntary,Show step student add. Name deal take last.,Software Engineering,Engineers,MA,Technician,Male,9299,Asian,Single,Fully Meets,4,1,Ernesto Beltran,,Unknown
2512,2023-04-16,2023-05-25,Software Engineer,Pamela Robbins,lawrence.obrien@bilearner.com,PL,Active,Part-Time,Zone B,Temporary,Retirement,May dream may apply involve natural.,Software Engineering,Field Operations,MA,Laborer,Male,25059,Hispanic,Widowed,Fully Meets,4,1,Lawrence Obrien,59.0,55-64
2513,2021-08-19,2022-02-16,IT Manager - DB,Laura Goodman,trinity.estes@bilearner.com,PYZ,Active,Full-Time,Zone A,Full-Time,Involuntary,Fine father forget two pay sort before dinner.,IT/IS,General - Eng,MA,Engineer,Male,6272,Asian,Divorced,Fully Meets,2,1,Trinity Estes,,Unknown
2514,2022-01-14,,IT Director,Jeffrey Frazier,amina.bush@bilearner.com,PL,Active,Part-Time,Zone A,Full-Time,Unk,Active Employee,IT/IS,Engineers,MA,Engineer,Male,28525,White,Single,Fully Meets,1,0,Amina Bush,69.0,65+
2515,2018-09-11,,Director of Sales,Michael Perez,mayra.lynn@bilearner.com,NEL,Active,Contract,Zone A,Full-Time,Unk,Active Employee,IT/IS,General - Sga,MA,Administrator,Male,88143,Hispanic,Single,Fully Meets,4,0,Mayra Lynn,30.0,25-34
2516,2022-02-18,,Director of Operations,Robert Cannon,ally.brennan@bilearner.com,MSC,Active,Full-Time,Zone C,Temporary,Unk,Active Employee,IT/IS,Field Operations,MA,Laborer,Male,41482,Hispanic,Widowed,Fully Meets,5,0,Ally Brennan,,Unknown
2517,2019-12-01,2023-01-25,BI Developer,Mario Ellis,alina.benson@bilearner.com,CCDR,Active,Full-Time,Zone A,Full-Time,Retirement,Carry threat by whose ok grow information.,IT/IS,Aerial,MA,Laborer,Male,20916,Asian,Single,Fully Meets,2,1,Alina Benson,63.0,55-64
2518,2021-02-28,2022-07-31,BI Developer,Christina Barnes,rebekah.delacruz@bilearner.com,SVG,Active,Full-Time,Zone A,Full-Time,Voluntary,Behind person those information road.,IT/IS,Wireline Construction,MA,Laborer,Male,53499,White,Widowed,Fully Meets,4,1,Rebekah Delacruz,,Unknown
2519,2021-11-13,,Software Engineer,Julia Johnson,melody.wright@bilearner.com,NEL,Active,Part-Time,Zone A,Part-Time,Unk,Active Employee,Software Engineering,Splicing,MA,Splicer,Female,32395,White,Married,Fully Meets,4,0,Melody Wright,,Unknown
2520,2020-09-27,,Software Engineer,Kristin Andrews,richard.oconnell@bilearner.com,PL,Active,Part-Time,Zone C,Part-Time,Unk,Active Employee,Software Engineering,Project Management - Con,MA,Coordinator,Male,47987,Asian,Divorced,Fully Meets,1,0,Richard Oconnell,,Unknown
2521,2022-09-03,,Software Engineer,Kim Murphy,olivia.goodman@bilearner.com,BPC,Active,Contract,Zone C,Temporary,Unk,Active Employee,Software Engineering,Engineers,MA,Engineer,Male,74262,White,Divorced,Fully Meets,1,0,Olivia Goodman,,Unknown
2522,2020-10-09,2021-11-09,IT Manager - DB,Jeffrey Santana,zaniyah.parks@bilearner.com,PL,Active,Full-Time,Zone C,Temporary,Voluntary,Difference wide news north we.,IT/IS,Field Operations,MA,Driller,Male,54386,Other,Married,Fully Meets,4,1,Zaniyah Parks,,Unknown
2523,2021-11-06,,IT Director,Elizabeth Pope,maximilian.williamson@bilearner.com,BPC,Active,Full-Time,Zone A,Temporary,Unk,Active Employee,IT/IS,General - Con,MA,Lineman,Male,25953,Hispanic,Single,Fully Meets,5,0,Maximilian Williamson,56.0,55-64
2524,2023-06-24,,Director of Sales,Sheila Estrada,serena.barajas@bilearner.com,CCDR,Active,Contract,Zone A,Part-Time,Unk,Active Employee,IT/IS,Finance & Accounting,MA,Manager,Male,88225,Black,Married,Fully Meets,1,0,Serena Barajas,,Unknown
2525,2021-09-15,2023-07-02,Director of Operations,Zachary Higgins,larry.novak@bilearner.com,SVG,Active,Full-Time,Zone B,Full-Time,Retirement,Executive might picture speech light.,Sales,General - Con,MA,Lineman,Male,11241,Other,Married,Fully Meets,2,1,Larry Novak,74.0,65+
2526,2022-10-14,,BI Developer,Anthony Harris,kadyn.marsh@bilearner.com,NEL,Active,Contract,Zone C,Part-Time,Unk,Active Employee,IT/IS,Engineers,MA,Engineer,Female,88079,Other,Single,Fully Meets,1,0,Kadyn Marsh,,Unknown
2527,2019-07-22,,BI Developer,Brenda Salas,nylah.hood@bilearner.com,PL,Active,Full-Time,Zone A,Temporary,Unk,Active Employee,IT/IS,Engineers,MA,Project Manager,Male,61715,Asian,Married,Fully Meets,2,0,Nylah Hood,,Unknown
2528,2023-03-20,2023-05-06,BI Developer,Melvin Mitchell,rigoberto.allen@bilearner.com,PYZ,Active,Part-Time,Zone C,Part-Time,Retirement,Southern alone father state.,IT/IS,Project Management - Con,MA,Coordinator,Male,78254,White,Married,Fully Meets,1,1,Rigoberto Allen,41.0,35-44
2529,2022-05-02,,Software Engineer,Angela Boyle,gabriella.clements@bilearner.com,NEL,Active,Full-Time,Zone B,Part-Time,Unk,Active Employee,Software Engineering,Underground,MA,Operator,Female,53709,Other,Single,Fully Meets,2,0,Gabriella Clements,,Unknown
2530,2022-10-20,2023-07-07,Software Engineer,Mr. John Long,hana.lucero@bilearner.com,PL,Active,Part-Time,Zone C,Temporary,Retirement,Scientist strong team civil quality.,Software Engineering,Yard (Material Handling),MA,Attendant,Male,75065,White,Divorced,Fully Meets,2,1,Hana Lucero,46.0,45-54
2531,2023-07-24,2023-07-29,Software Engineer,Mary Thomas,luciana.gill@bilearner.com,BPC,Active,Part-Time,Zone B,Full-Time,Voluntary,Open several spring mouth.,Software Engineering,Executive,MA,Manager,Male,10274,Black,Widowed,Fully Meets,2,1,Luciana Gill,,Unknown
2532,2020-07-18,,IT Manager - DB,Lisa Holloway DDS,demetrius.cooley@bilearner.com,NEL,Active,Contract,Zone A,Part-Time,Unk,Active Employee,IT/IS,General - Con,MA,Technician,Male,85461,Other,Widowed,Fully Meets,4,0,Demetrius Cooley,54.0,45-54
2533,2021-05-05,,IT Manager - DB,Lauren Baker,chandler.reynolds@bilearner.com,PL,Active,Full-Time,Zone A,Temporary,Unk,Active Employee,IT/IS,Field Operations,MA,Technician,Male,53235,White,Divorced,Fully Meets,1,0,Chandler Reynolds,,Unknown
2534,2019-04-15,2021-05-23,IT Director,Scott Moore,iyana.benjamin@bilearner.com,BPC,Active,Part-Time,Zone B,Temporary,Retirement,Manager since future contain play.,IT/IS,Project Management - Con,MA,Coordinator,Male,96561,Other,Divorced,Fully Meets,1,1,Iyana Benjamin,66.0,65+
2535,2020-08-24,2023-05-02,Director of Sales,David Roberts,antoine.haney@bilearner.com,CCDR,Active,Contract,Zone B,Part-Time,Resignation,Well energy step may.,Sales,Field Operations,MA,Engineer,Male,6563,Other,Single,Fully Meets,2,1,Antoine Haney,,Unknown
2536,2022-12-31,,Director of Operations,Randy Thomas,alfred.rivas@bilearner.com,SVG,Active,Contract,Zone C,Temporary,Unk,Active Employee,Sales,Field Operations,MA,Driller,Male,67353,Hispanic,Married,Fully Meets,2,0,Alfred Rivas,75.0,65+
2537,2022-09-18,2023-06-07,BI Developer,James Bradley,darien.sawyer@bilearner.com,PL,Active,Full-Time,Zone A,Full-Time,Involuntary,Positive might religious mouth else.,IT/IS,Field Operations,MA,Tower Hand,Female,73238,White,Single,Fully Meets,2,1,Darien Sawyer,,Unknown
2538,2019-09-14,,BI Developer,Ebony Shepard,isaias.pineda@bilearner.com,BPC,Active,Full-Time,Zone C,Part-Time,Unk,Active Employee,IT/IS,Wireline Construction,MA,Groundman,Female,95322,Hispanic,Single,Fully Meets,5,0,Isaias Pineda,,Unknown
2539,2019-03-19,,BI Developer,Michael Johnson,casey.bradford@bilearner.com,CCDR,Active,Part-Time,Zone B,Temporary,Unk,Active Employee,IT/IS,Wireline Construction,MA,Foreman,Male,17448,Black,Married,Fully Meets,2,0,Casey Bradford,73.0,65+
2540,2022-10-18,2023-01-10,Software Engineering Manager,Caroline Brooks,london.bautista@bilearner.com,CCDR,Active,Contract,Zone B,Part-Time,Resignation,Actually not sell one.,Software Engineering,Finance & Accounting,MA,Svp,Female,61856,Black,Divorced,Fully Meets,4,1,London Bautista,,Unknown
2541,2022-07-31,,Software Engineer,Pamela Stone,kayleigh.davenport@bilearner.com,EW,Active,Full-Time,Zone B,Temporary,Unk,Active Employee,Software Engineering,Engineers,MA,Engineer,Female,60675,Other,Married,Fully Meets,1,0,Kayleigh Davenport,53.0,45-54
2542,2023-03-06,,Software Engineer,Amanda Nguyen,koen.flores@bilearner.com,MSC,Active,Part-Time,Zone A,Part-Time,Unk,Active Employee,Software Engineering,Engineers,MA,Engineer,Male,55449,Black,Single,Fully Meets,4,0,Koen Flores,67.0,65+
2543,2019-01-30,2021-03-22,Software Engineer,Kenneth Berry,ernest.finley@bilearner.com,NEL,Voluntarily Terminated,Full-Time,Zone A,Full-Time,Resignation,First peace oil more last us. Front product many.,Software Engineering,General - Con,MA,Operator,Male,59271,White,Divorced,Fully Meets,2,1,Ernest Finley,,Unknown
2544,2023-05-22,2023-07-12,IT Manager - DB,Julie Howard,wade.hernandez@bilearner.com,SVG,Active,Full-Time,Zone C,Temporary,Voluntary,Black civil room chance. This mind find adult.,IT/IS,Splicing,MA,Laborer,Male,59420,White,Married,Fully Meets,1,1,Wade Hernandez,,Unknown
2545,2018-12-22,,IT Manager - DB,Michael Whitehead,odin.key@bilearner.com,PYZ,Active,Contract,Zone B,Full-Time,Unk,Active Employee,IT/IS,Project Management - Con,MA,Coordinator,Male,57785,Hispanic,Widowed,Fully Meets,4,0,Odin Key,75.0,65+
2546,2022-11-08,,IT Director,Martin Obrien,deven.huff@bilearner.com,PL,Active,Part-Time,Zone A,Part-Time,Unk,Active Employee,IT/IS,Finance & Accounting,MA,Clerk,Male,26419,Other,Married,Fully Meets,4,0,Deven Huff,,Unknown
2547,2021-07-03,,Director of Sales,Katherine Morgan,kenna.simon@bilearner.com,NEL,Active,Full-Time,Zone A,Temporary,Unk,Active Employee,Sales,General - Con,MA,Laborer,Male,31784,Hispanic,Widowed,Fully Meets,4,0,Kenna Simon,,Unknown
2548,2018-11-14,2021-07-08,BI Developer,Brittany Johnson,luz.garza@bilearner.com,PYZ,Active,Contract,Zone A,Temporary,Resignation,Win onto effect security instead.,IT/IS,General - Sga,MA,Manager,Female,70770,Other,Divorced,Fully Meets,1,1,Luz Garza,,Unknown
2549,2021-09-18,,BI Developer,Robert Wilkerson,tristan.reed@bilearner.com,PL,Active,Contract,Zone A,Part-Time,Unk,Active Employee,IT/IS,Field Operations,MA,Project Manager,Female,51516,White,Divorced,Fully Meets,5,0,Tristan Reed,63.0,55-64
2550,2020-11-19,2021-11-03,Software Engineering Manager,Mark Cole,beckett.beck@bilearner.com,WBL,Active,Contract,Zone A,Part-Time,Involuntary,Market remember too less bring simple sort.,Software Engineering,General - Con,MA,Flagger,Female,69865,White,Widowed,Fully Meets,5,1,Beckett Beck,,Unknown
2551,2023-05-04,2023-07-02,Software Engineer,Edwin Chen,coby.giles@bilearner.com,NEL,Active,Full-Time,Zone B,Temporary,Voluntary,Will low work decade site.,Software Engineering,General - Con,MA,Manager,Female,49964,Other,Widowed,Fully Meets,1,1,Coby Giles,38.0,35-44
2552,2023-01-21,,Software Engineer,Nathan Vazquez,jalen.jennings@bilearner.com,PL,Active,Full-Time,Zone B,Temporary,Unk,Active Employee,Software Engineering,Project Management - Con,MA,Foreman,Male,72168,White,Single,Fully Meets,5,0,Jalen Jennings,72.0,65+
2553,2022-08-19,2023-01-18,IT Manager - DB,William Brown,ralph.barrera@bilearner.com,NEL,Active,Contract,Zone B,Part-Time,Resignation,Wife send office ball yourself it lot.,IT/IS,Aerial,MA,Laborer,Male,87974,Other,Divorced,Fully Meets,2,1,Ralph Barrera,53.0,45-54
2554,2022-07-18,2023-05-09,IT Manager - DB,Dylan Brown,shania.caldwell@bilearner.com,PL,Active,Part-Time,Zone A,Full-Time,Voluntary,Do month risk college detail.,IT/IS,General - Eng,MA,Engineer,Male,2505,Hispanic,Widowed,Fully Meets,1,1,Shania Caldwell,35.0,25-34
2555,2019-08-14,2021-05-13,IT Director,Victoria Munoz,colby.horne@bilearner.com,BPC,Active,Full-Time,Zone A,Temporary,Resignation,Mr opportunity dinner chance common.,IT/IS,Wireless,MA,Foreman,Male,6633,Other,Widowed,Fully Meets,2,1,Colby Horne,,Unknown
2556,2020-12-10,2022-05-30,Director of Sales,John Smith,kaiden.cunningham@bilearner.com,CCDR,Active,Part-Time,Zone A,Full-Time,Voluntary,Develop together popular be.,Sales,Project Management - Eng,MA,Manager,Male,73638,White,Married,Fully Meets,2,1,Kaiden Cunningham,,Unknown
2557,2019-09-20,,BI Developer,Jo Ruiz,davion.vasquez@bilearner.com,MSC,Active,Full-Time,Zone B,Temporary,Unk,Active Employee,IT/IS,Engineers,MA,Engineer,Female,96051,Black,Married,Fully Meets,2,0,Davion Vasquez,,Unknown
2558,2021-11-19,2021-12-27,Software Engineering Manager,Ernest Jones,maeve.gordon@bilearner.com,WBL,Active,Full-Time,Zone B,Full-Time,Involuntary,Kid actually Congress computer season behind.,Software Engineering,Field Operations,MA,Operator,Female,87152,Asian,Widowed,Fully Meets,4,1,Maeve Gordon,,Unknown
2559,2022-04-29,,Software Engineer,James Gibson,monserrat.ferguson@bilearner.com,NEL,Active,Part-Time,Zone B,Full-Time,Unk,Active Employee,Software Engineering,Field Operations,MA,Technician,Male,79836,White,Widowed,Fully Meets,1,0,Monserrat Ferguson,,Unknown
2560,2021-06-30,2021-07-28,IT Manager - Infra,Sarah Campbell,nathan.schmitt@bilearner.com,WBL,Active,Part-Time,Zone A,Part-Time,Voluntary,According maintain president start upon evening.,IT/IS,Field Operations,MA,Vp,Male,43352,Black,Widowed,Fully Meets,4,1,Nathan Schmitt,49.0,45-54
2561,2021-07-15,,IT Manager - DB,Melody Walker,ashly.mullen@bilearner.com,NEL,Active,Contract,Zone B,Temporary,Unk,Active Employee,IT/IS,General - Con,MA,Laborer,Male,33873,Hispanic,Married,Fully Meets,2,0,Ashly Mullen,70.0,65+
2562,2021-04-12,2023-03-06,IT Manager - DB,Benjamin Mcdonald,angelique.cochran@bilearner.com,PL,Active,Contract,Zone B,Full-Time,Retirement,Suffer arm security about control with.,IT/IS,Field Operations,MA,Technician,Male,83544,Other,Married,Fully Meets,4,1,Angelique Cochran,,Unknown
2563,2020-12-08,,IT Director,Sean Gonzalez,kenny.rojas@bilearner.com,BPC,Active,Contract,Zone B,Temporary,Unk,Active Employee,IT/IS,Fielders,MA,Engineer,Male,73171,Other,Widowed,Fully Meets,2,0,Kenny Rojas,,Unknown
2564,2019-10-31,2020-03-01,Director of Sales,Brian Mueller,deandre.oneal@bilearner.com,CCDR,Active,Contract,Zone B,Full-Time,Voluntary,Finish law price under.,Sales,General - Con,MA,Flagger,Male,36351,Hispanic,Married,Fully Meets,1,1,Deandre Oneal,31.0,25-34
2565,2020-01-22,,BI Developer,Jeffrey Duran,adison.huerta@bilearner.com,PL,Active,Contract,Zone C,Temporary,Unk,Active Employee,IT/IS,Field Operations,MA,Technician,Female,93447,White,Married,Fully Meets,2,0,Adison Huerta,,Unknown
2566,2022-09-20,,Software Engineering Manager,Erica Lawrence,elisabeth.bradley@bilearner.com,CCDR,Active,Full-Time,Zone B,Full-Time,Unk,Active Employee,Software Engineering,General - Con,MA,Coordinator,Male,69590,Other,Married,Fully Meets,2,0,Elisabeth Bradley,,Unknown
2567,2022-12-22,2023-07-26,IT Manager - Infra,Christy Cunningham,sylvia.price@bilearner.com,CCDR,Active,Full-Time,Zone B,Part-Time,Voluntary,Dream quickly relationship involve enough name.,IT/IS,Field Operations,MA,Foreman,Male,51819,Black,Widowed,Fully Meets,5,1,Sylvia Price,,Unknown
2568,2019-03-12,,IT Manager - DB,Mr. David Booth,eden.choi@bilearner.com,EW,Active,Full-Time,Zone C,Full-Time,Unk,Active Employee,IT/IS,Aerial,MA,Lineman,Male,40294,Asian,Widowed,Fully Meets,4,0,Eden Choi,,Unknown
2569,2021-10-07,2021-12-31,IT Manager - DB,Mrs. Debra Flynn,emerson.grimes@bilearner.com,MSC,Active,Full-Time,Zone C,Temporary,Retirement,Anything human medical offer dinner hard by.,IT/IS,General - Con,MA,Laborer,Male,53854,Black,Single,Fully Meets,2,1,Emerson Grimes,,Unknown
2570,2019-06-16,2023-05-21,IT Director,Tamara Adkins,ayden.wu@bilearner.com,NEL,Active,Contract,Zone A,Full-Time,Voluntary,War model build important determine.,IT/IS,Field Operations,MA,Laborer,Male,60717,Black,Single,Fully Meets,4,1,Ayden Wu,,Unknown
2571,2021-03-17,2022-09-08,BI Director,Megan Hart,hayley.keller@bilearner.com,SVG,Active,Part-Time,Zone A,Full-Time,Retirement,Maintain which memory born.,IT/IS,Field Operations,MA,Technician,Female,30960,Asian,Divorced,Fully Meets,2,1,Hayley Keller,37.0,35-44
2572,2022-08-07,2023-04-26,BI Developer,Stacy Lopez,alannah.rivas@bilearner.com,PYZ,Active,Contract,Zone A,Temporary,Resignation,Lawyer suggest cultural blue yes camera daughter.,IT/IS,Engineers,MA,Technician,Male,81338,Asian,Widowed,Fully Meets,4,1,Alannah Rivas,,Unknown
2573,2020-01-17,2023-02-28,Area Sales Manager,Keith Adams,jessica.bunbury@bilearner.com,NEL,Voluntarily Terminated,Contract,Zone A,Temporary,Voluntary,Decide cut camera conference last size will.,Sales,Field Operations,VA,Laborer,Female,21851,Black,Divorced,Fully Meets,4,1,Jessica Bunbury,39.0,35-44
2574,2022-06-11,2023-02-20,Area Sales Manager,Travis Davenport,giovanni.leruth@bilearner.com,EW,Active,Full-Time,Zone C,Full-Time,Involuntary,House seven human available.,Sales,Billable Consultants,UT,Engineer,Male,84111,Hispanic,Widowed,Fully Meets,2,1,Giovanni Leruth,,Unknown
2575,2021-03-03,2023-01-30,Area Sales Manager,Patricia Norris,ricardo.gonzales@bilearner.com,PYZ,Active,Contract,Zone C,Temporary,Retirement,Establish fear recently owner.,Sales,Splicing,ID,Splicer,Male,83706,Other,Widowed,Fully Meets,4,1,Ricardo Gonzales,,Unknown
2576,2020-04-16,2021-03-15,Area Sales Manager,Patrick Patterson,caitrin.strong@bilearner.com,CCDR,Active,Contract,Zone B,Part-Time,Resignation,Doctor statement she rule order wind.,Sales,General - Sga,MT,Supervisor,Female,59102,Asian,Widowed,Fully Meets,1,1,Caitrin Strong,,Unknown
2577,2022-09-22,2023-01-28,Area Sales Manager,Mrs. Stephanie Forbes,jenna.dietrich@bilearner.com,PYZ,Active,Full-Time,Zone A,Temporary,Voluntary,Less air right in southern it material.,Sales,Wireline Construction,WA,Lineman,Female,98052,Other,Married,Fully Meets,2,1,Jenna Dietrich,,Unknown
2578,2023-05-30,,Area Sales Manager,Jon Estes,michelle.carter@bilearner.com,MSC,Active,Part-Time,Zone A,Full-Time,Unk,Active Employee,Sales,Shop (Fleet),VT,Assistant,Female,5664,Black,Single,Fully Meets,5,0,Michelle Carter,,Unknown
2579,2021-01-14,,Area Sales Manager,Julia Moss,jackie.valentin@bilearner.com,MSC,Active,Full-Time,Zone C,Full-Time,Unk,Active Employee,Sales,General - Eng,AZ,Administrative,Female,85006,White,Married,Fully Meets,2,0,Jackie Valentin,,Unknown
2580,2020-04-29,2021-10-20,Area Sales Manager,Nathan Kelly,alfred.digitale@bilearner.com,BPC,Active,Full-Time,Zone A,Part-Time,Resignation,Key whose anyone religious mother movie.,Sales,Finance & Accounting,NH,Administration,Male,3062,White,Single,Fully Meets,2,1,Alfred Digitale,72.0,65+
2581,2021-07-07,,Area Sales Manager,Nina Scott,howard.mullaney@bilearner.com,MSC,Active,Full-Time,Zone A,Full-Time,Unk,Active Employee,Sales,Field Operations,AL,Laborer,Male,36006,Other,Divorced,Fully Meets,1,0,Howard Mullaney,56.0,55-64
2582,2020-07-28,,Area Sales Manager,John Hunter,whitney.gill@bilearner.com,MSC,Active,Part-Time,Zone C,Temporary,Unk,Active Employee,Sales,Wireline Construction,OH,Laborer,Female,43050,Hispanic,Single,Fully Meets,1,0,Whitney Gill,,Unknown
2583,2020-09-16,,Area Sales Manager,Raymond Fields,gerry.friedman@bilearner.com,PYZ,Active,Contract,Zone B,Temporary,Unk,Active Employee,Sales,Engineers,NY,Project Manager,Male,10171,Black,Married,Fully Meets,5,0,Gerry Friedman,,Unknown
2584,2023-04-23,,Area Sales Manager,Samuel Reyes,noah.villanueva@bilearner.com,TNS,Active,Part-Time,Zone C,Part-Time,Unk,Active Employee,Sales,Engineers,ME,Engineer,Male,4063,White,Single,Fully Meets,4,0,Noah Villanueva,,Unknown
2585,2021-06-04,,Area Sales Manager,Martha Stone,mike.guilianno@bilearner.com,PYZ,Active,Contract,Zone A,Temporary,Unk,Active Employee,Sales,General - Con,TN,Laborer,Male,37129,Asian,Divorced,Fully Meets,2,0,Mike Guilianno,,Unknown
2586,2020-04-15,,Area Sales Manager,Joshua Campbell,travis.ozark@bilearner.com,CCDR,Active,Full-Time,Zone B,Temporary,Unk,Active Employee,Sales,Field Operations,NC,Laborer,Male,27229,Asian,Divorced,Fully Meets,4,0,Travis Ozark,,Unknown
2587,2019-09-04,2020-04-13,Area Sales Manager,Ashley Phillips,rylee.frye@bilearner.com,NEL,Active,Full-Time,Zone A,Part-Time,Involuntary,Rest society tell into ahead.,Sales,Field Operations,MA,Technician,Male,69470,Other,Widowed,Fully Meets,5,1,Rylee Frye,,Unknown
2588,2020-08-18,,Area Sales Manager,Joshua Mccoy,callum.ford@bilearner.com,PL,Active,Full-Time,Zone C,Full-Time,Unk,Active Employee,Sales,Field Operations,MA,Laborer,Male,90985,Other,Single,Fully Meets,5,0,Callum Ford,,Unknown
2589,2020-12-05,,Area Sales Manager,Timothy Brown,jabari.frank@bilearner.com,BPC,Active,Contract,Zone A,Temporary,Unk,Active Employee,Sales,Fielders,AZ,Engineer,Male,62646,Asian,Single,Fully Meets,5,0,Jabari Frank,,Unknown
2590,2023-01-13,2023-02-12,Area Sales Manager,Nancy Mccarthy,stephanie.wilkinson@bilearner.com,CCDR,Active,Part-Time,Zone A,Full-Time,Retirement,Media move management if my.,Sales,Engineers,AZ,Engineer,Male,47626,Asian,Married,Fully Meets,5,1,Stephanie Wilkinson,28.0,25-34
2591,2019-09-17,,Area Sales Manager,Patricia Martinez,cruz.arellano@bilearner.com,SVG,Active,Full-Time,Zone B,Full-Time,Unk,Active Employee,Sales,General - Con,AZ,Laborer,Male,19215,Asian,Single,Fully Meets,4,0,Cruz Arellano,33.0,25-34
2592,2020-10-15,,Area Sales Manager,Martin Shelton,rubi.shields@bilearner.com,EW,Active,Contract,Zone B,Part-Time,Unk,Active Employee,Sales,Field Operations,TN,Splicer,Male,80307,Asian,Single,Fully Meets,2,0,Rubi Shields,77.0,65+
2593,2018-12-01,2021-06-23,Area Sales Manager,Kimberly Lee,sage.booker@bilearner.com,MSC,Active,Contract,Zone A,Temporary,Voluntary,Weight join evidence oil father.,Sales,General - Con,TN,Laborer,Male,64576,Other,Widowed,Fully Meets,1,1,Sage Booker,54.0,45-54
2594,2023-07-24,,Area Sales Manager,Nathan Silva,aileen.wright@bilearner.com,TNS,Active,Part-Time,Zone C,Temporary,Unk,Active Employee,Sales,Fielders,TN,Engineer,Male,1126,Other,Divorced,Fully Meets,1,0,Aileen Wright,,Unknown
2595,2019-10-08,,Area Sales Manager,Julie Young,karly.ho@bilearner.com,PYZ,Active,Part-Time,Zone A,Full-Time,Unk,Active Employee,Sales,Aerial,TN,Administrator,Male,68371,Asian,Divorced,Fully Meets,4,0,Karly Ho,,Unknown
2596,2021-10-16,2022-05-04,Area Sales Manager,Katelyn Kramer,thaddeus.lutz@bilearner.com,WBL,Active,Contract,Zone A,Full-Time,Voluntary,Also protect scientist. Fear result major the.,Sales,Corp Operations,ID,Administrative,Male,68985,Black,Divorced,Fully Meets,2,1,Thaddeus Lutz,,Unknown
2597,2020-04-03,,Area Sales Manager,Mrs. Deanna Cooper,layla.kane@bilearner.com,NEL,Active,Contract,Zone A,Full-Time,Unk,Active Employee,Sales,Field Operations,ID,Technician,Male,92704,Asian,Divorced,Fully Meets,2,0,Layla Kane,,Unknown
2598,2020-01-08,,Area Sales Manager,Brian Scott,yesenia.payne@bilearner.com,PL,Active,Part-Time,Zone A,Temporary,Unk,Active Employee,Sales,General - Con,ID,Splicer,Male,8573,Asian,Divorced,Fully Meets,4,0,Yesenia Payne,62.0,55-64
2599,2022-03-27,2023-06-14,Administrative Assistant,Michaela Jones,jase.waters@bilearner.com,BPC,Active,Contract,Zone A,Temporary,Voluntary,Very research level send picture pressure our.,Sales,Yard (Material Handling),ID,Runner,Female,40513,Black,Widowed,Fully Meets,2,1,Jase Waters,84.0,65+
2600,2018-09-18,,Administrative Assistant,Kelsey Dunn,thomas.sloan@bilearner.com,CCDR,Active,Full-Time,Zone C,Temporary,Unk,Active Employee,Sales,Aerial,WA,Lineman,Female,46029,Asian,Widowed,Fully Meets,2,0,Thomas Sloan,,Unknown
2601,2019-11-29,2020-04-21,Administrative Assistant,Lonnie Sanders,anya.baldwin@bilearner.com,SVG,Active,Full-Time,Zone C,Part-Time,Involuntary,Glass effort however relate partner lay what.,Sales,General - Con,WA,Laborer,Female,44158,Hispanic,Widowed,Fully Meets,1,1,Anya Baldwin,25.0,Under 25
2602,2019-04-16,2022-08-05,Accountant I,Ariana Brady,jacquelyn.austin@bilearner.com,EW,Active,Full-Time,Zone C,Full-Time,Involuntary,Rather middle organization officer.,Admin Offices,Wireline Construction,MA,Clerk,Female,27947,Other,Widowed,Fully Meets,2,1,Jacquelyn Austin,44.0,35-44
2603,2019-03-05,2019-10-12,Area Sales Manager,Jessica Rose,kaitlynn.aguirre@bilearner.com,NEL,Active,Part-Time,Zone A,Full-Time,Involuntary,Front tend couple a budget strategy.,Sales,Splicing,MA,Splicer,Male,18574,Other,Divorced,Fully Meets,2,1,Kaitlynn Aguirre,27.0,25-34
2604,2018-12-20,2020-05-29,Area Sales Manager,Barbara Neal,saniyah.cantu@bilearner.com,PL,Active,Contract,Zone C,Full-Time,Voluntary,Compare factor only together.,Sales,Aerial,MA,Engineer,Male,68833,Other,Divorced,Fully Meets,5,1,Saniyah Cantu,39.0,35-44
2605,2021-03-08,2023-05-29,Area Sales Manager,Julie Mcclain,jakayla.dickson@bilearner.com,BPC,Active,Full-Time,Zone C,Part-Time,Retirement,Situation affect medical friend audience fight.,Sales,Wireline Construction,AZ,Supervisor,Male,29838,Black,Married,Fully Meets,4,1,Jakayla Dickson,58.0,55-64
2606,2020-10-23,,Area Sales Manager,Mary Mitchell,aspen.freeman@bilearner.com,CCDR,Active,Full-Time,Zone C,Part-Time,Unk,Active Employee,Sales,Project Management - Con,AZ,Project Manager,Male,24803,White,Single,Fully Meets,2,0,Aspen Freeman,75.0,65+
2607,2019-03-29,,Area Sales Manager,Jason Reeves,lamont.summers@bilearner.com,SVG,Active,Contract,Zone B,Part-Time,Unk,Active Employee,Sales,Fielders,AL,Engineer,Male,89972,White,Married,Fully Meets,2,0,Lamont Summers,,Unknown
2608,2020-10-25,,Area Sales Manager,Cynthia Hurley,lewis.hobbs@bilearner.com,EW,Active,Contract,Zone A,Full-Time,Unk,Active Employee,Sales,Field Operations,TN,Lineman,Male,47864,Asian,Married,Fully Meets,4,0,Lewis Hobbs,49.0,45-54
2609,2019-12-06,2021-07-18,Area Sales Manager,Robert Thompson,harrison.camacho@bilearner.com,MSC,Active,Part-Time,Zone B,Temporary,Retirement,Upon budget class college now this trade.,Sales,General - Sga,TN,Administrative,Male,55114,Asian,Widowed,Fully Meets,2,1,Harrison Camacho,,Unknown
2610,2022-09-23,2023-01-25,Area Sales Manager,Kelly James,ronald.marquez@bilearner.com,TNS,Active,Full-Time,Zone B,Full-Time,Retirement,Join difference order size occur entire sell.,Sales,General - Con,TN,Foreman,Male,90224,White,Widowed,Fully Meets,2,1,Ronald Marquez,,Unknown
2611,2019-12-26,2022-06-04,Area Sales Manager,Juan Henson,arabella.hunter@bilearner.com,PYZ,Active,Part-Time,Zone A,Temporary,Voluntary,Ground bad official number stuff stop leader.,Sales,Wireline Construction,TN,Manager,Male,22260,Black,Widowed,Fully Meets,2,1,Arabella Hunter,,Unknown
2612,2018-08-27,2019-12-19,Area Sales Manager,Jacob Nelson,amiya.richardson@bilearner.com,WBL,Active,Part-Time,Zone B,Part-Time,Retirement,Site cut debate own born six.,Sales,Field Operations,ID,Driller,Male,95112,White,Married,Fully Meets,4,1,Amiya Richardson,63.0,55-64
2613,2022-12-12,2023-03-07,Area Sales Manager,Lisa Green,raquel.sosa@bilearner.com,NEL,Active,Part-Time,Zone B,Full-Time,Resignation,Something service already fish create firm job.,Sales,Project Management - Eng,ID,Project Manager,Male,13814,Black,Single,Fully Meets,5,1,Raquel Sosa,,Unknown
2614,2021-05-13,,Area Sales Manager,Jose Copeland,andy.stewart@bilearner.com,PL,Active,Part-Time,Zone A,Full-Time,Unk,Active Employee,Sales,Field Operations,ID,Foreman,Male,29887,Black,Divorced,Fully Meets,5,0,Andy Stewart,,Unknown
2615,2021-03-31,,Administrative Assistant,Richard Price,patrick.padilla@bilearner.com,BPC,Active,Contract,Zone B,Part-Time,Unk,Active Employee,Sales,Finance & Accounting,WA,Controller,Female,69576,Black,Single,Fully Meets,4,0,Patrick Padilla,,Unknown
2616,2019-08-14,2022-09-04,Administrative Assistant,Gary Ortiz,destiney.navarro@bilearner.com,CCDR,Active,Full-Time,Zone A,Part-Time,Involuntary,Still box ten network apply.,Sales,Engineers,WA,Engineer,Female,62733,Black,Married,Fully Meets,1,1,Destiney Navarro,,Unknown
2617,2020-08-02,2022-12-30,Administrative Assistant,Tanya Wilson,yadira.barron@bilearner.com,SVG,Active,Full-Time,Zone C,Full-Time,Retirement,Piece manage well onto.,Sales,Catv,WA,Foreman,Female,78047,Hispanic,Single,Fully Meets,4,1,Yadira Barron,,Unknown
2618,2019-06-04,,Accountant I,Linda Lewis,anika.bender@bilearner.com,EW,Active,Part-Time,Zone A,Full-Time,Unk,Active Employee,Admin Offices,Wireline Construction,MA,Laborer,Female,22491,White,Married,Fully Meets,4,0,Anika Bender,,Unknown
2619,2020-06-17,2022-02-08,Area Sales Manager,Alexandria Brown,carlo.giles@bilearner.com,WBL,Active,Contract,Zone A,Temporary,Involuntary,Use stay among place dinner.,Sales,Field Operations,MA,Laborer,Male,36412,Hispanic,Divorced,Fully Meets,5,1,Carlo Giles,80.0,65+
2620,2021-03-04,,Area Sales Manager,Sarah Bates,kaylin.dillon@bilearner.com,NEL,Active,Full-Time,Zone B,Full-Time,Unk,Active Employee,Sales,General - Con,MA,Laborer,Male,14776,Asian,Married,Fully Meets,1,0,Kaylin Dillon,53.0,45-54
2621,2018-09-14,,Area Sales Manager,Mr. Benjamin Lucas,laura.bullock@bilearner.com,PL,Active,Part-Time,Zone B,Temporary,Unk,Active Employee,Sales,Technology / It,AZ,Manager,Male,57305,White,Single,Fully Meets,2,0,Laura Bullock,84.0,65+
2622,2020-07-20,,Area Sales Manager,Sheila Taylor,mary.moore@bilearner.com,BPC,Active,Contract,Zone B,Full-Time,Unk,Active Employee,Sales,Executive,AZ,Vp,Male,95143,Asian,Widowed,Fully Meets,4,0,Mary Moore,,Unknown
2623,2020-05-21,2021-06-13,Area Sales Manager,Benjamin Cooper,harper.clark@bilearner.com,CCDR,Active,Contract,Zone C,Full-Time,Involuntary,Game success stock hold sometimes will approach.,Sales,Field Operations,AZ,Tower Hand,Male,55592,Asian,Divorced,Fully Meets,2,1,Harper Clark,,Unknown
2624,2023-06-11,2023-07-28,Area Sales Manager,Janet Andrews,charles.howard@bilearner.com,SVG,Active,Part-Time,Zone C,Temporary,Retirement,Simple them do consider grow.,Sales,Wireline Construction,AL,Supervisor,Male,12964,Other,Single,Fully Meets,2,1,Charles Howard,,Unknown
2625,2022-11-27,2023-05-19,Area Sales Manager,William Ellis,jaron.rojas@bilearner.com,EW,Active,Full-Time,Zone B,Full-Time,Retirement,Situation anything economy time relationship.,Sales,Splicing,TN,Driller,Male,88783,Asian,Divorced,Fully Meets,2,1,Jaron Rojas,83.0,65+
2626,2020-03-02,2022-05-27,Area Sales Manager,Kenneth Perry,jordyn.mcguire@bilearner.com,MSC,Active,Full-Time,Zone C,Temporary,Resignation,Never whatever loss economic off without cause.,Sales,Project Management - Con,TN,Manager,Male,11087,Asian,Widowed,Fully Meets,4,1,Jordyn Mcguire,50.0,45-54
2627,2023-01-29,2023-05-24,Area Sales Manager,Michael Taylor,valentino.myers@bilearner.com,TNS,Active,Full-Time,Zone C,Part-Time,Retirement,Key as eye past. Three would affect about.,Sales,Wireline Construction,TN,Foreman,Male,43552,Other,Divorced,Fully Meets,4,1,Valentino Myers,,Unknown
2628,2021-12-07,,Area Sales Manager,Thomas Roberts,charles.coleman@bilearner.com,BPC,Active,Part-Time,Zone A,Temporary,Unk,Active Employee,Sales,Sales & Marketing,TN,Vp,Male,33113,Hispanic,Divorced,Fully Meets,2,0,Charles Coleman,,Unknown
2629,2023-03-19,2023-07-11,Area Sales Manager,Stephen Green,kamden.cummings@bilearner.com,CCDR,Active,Contract,Zone B,Temporary,Retirement,Hot key speak song thus her member.,Sales,Underground,ID,Laborer,Male,12650,White,Single,Fully Meets,1,1,Kamden Cummings,51.0,45-54
2630,2022-06-10,2023-02-14,Area Sales Manager,Andrea Dean,kiley.wagner@bilearner.com,EW,Active,Part-Time,Zone B,Full-Time,Involuntary,Force way bank trade.,Sales,Field Operations,ID,Laborer,Male,34069,Asian,Widowed,Fully Meets,5,1,Kiley Wagner,32.0,25-34
2631,2021-03-03,,Area Sales Manager,Maria Hale,darien.young@bilearner.com,MSC,Active,Full-Time,Zone C,Full-Time,Unk,Active Employee,Sales,Catv,ID,Foreman,Female,50389,Black,Widowed,Fully Meets,2,0,Darien Young,28.0,25-34
2632,2022-03-06,,Administrative Assistant,Joshua Carpenter,madeline.suarez@bilearner.com,NEL,Active,Contract,Zone C,Part-Time,Unk,Active Employee,Sales,Field Operations,WA,Foreman,Female,92311,Hispanic,Divorced,Fully Meets,4,0,Madeline Suarez,,Unknown
2633,2022-08-08,,Administrative Assistant,Steven Hall,zain.nolan@bilearner.com,PL,Active,Part-Time,Zone C,Full-Time,Unk,Active Employee,Sales,Project Management - Con,WA,Manager,Female,10525,White,Single,Fully Meets,5,0,Zain Nolan,41.0,35-44
2634,2023-03-12,,Administrative Assistant,David Clark,hezekiah.mcgee@bilearner.com,PYZ,Active,Part-Time,Zone B,Temporary,Unk,Active Employee,Sales,Field Operations,WA,Technician,Female,12008,Asian,Single,Fully Meets,4,0,Hezekiah Mcgee,,Unknown
2635,2019-05-01,2023-02-16,Accountant I,Lauren Shepard,maxim.phillips@bilearner.com,SVG,Active,Full-Time,Zone B,Temporary,Voluntary,Audience board south. Per state model beat.,Admin Offices,General - Con,MA,Locator,Female,86499,Asian,Divorced,Fully Meets,1,1,Maxim Phillips,,Unknown
2636,2018-09-13,2020-11-04,Area Sales Manager,Jason Hayes,gwendolyn.hogan@bilearner.com,PYZ,Active,Full-Time,Zone B,Temporary,Resignation,Almost across fly recent go.,Sales,General - Eng,MA,Technician,Male,12113,Asian,Married,Fully Meets,5,1,Gwendolyn Hogan,,Unknown
2637,2022-11-16,,Area Sales Manager,Troy Bennett,kaia.hernandez@bilearner.com,WBL,Active,Contract,Zone A,Temporary,Unk,Active Employee,Sales,Project Management - Con,MA,Supervisor,Male,39143,Asian,Divorced,Fully Meets,5,0,Kaia Hernandez,59.0,55-64
2638,2021-11-20,2023-03-17,Area Sales Manager,Michelle Guzman,mathias.tran@bilearner.com,NEL,Active,Contract,Zone B,Full-Time,Voluntary,Matter fight attention this strategy.,Sales,Catv,AZ,Supervisor,Male,16470,Asian,Divorced,Fully Meets,2,1,Mathias Tran,69.0,65+
2639,2020-09-29,,Area Sales Manager,Sandra Young,simeon.roy@bilearner.com,PL,Active,Part-Time,Zone C,Temporary,Unk,Active Employee,Sales,Project Management - Con,AZ,Manager,Male,56991,Asian,Married,Fully Meets,2,0,Simeon Roy,,Unknown
2640,2021-08-28,2022-09-06,Area Sales Manager,Jacob Perez,magdalena.whitehead@bilearner.com,BPC,Active,Contract,Zone B,Full-Time,Voluntary,Company set policy drop become single.,Sales,Wireline Construction,AZ,Foreman,Male,9642,Black,Single,Fully Meets,4,1,Magdalena Whitehead,64.0,55-64
2641,2021-04-28,2022-03-22,Area Sales Manager,Lisa Dyer,gwendolyn.mccall@bilearner.com,CCDR,Active,Full-Time,Zone A,Full-Time,Voluntary,Politics suggest company trade treat region.,Sales,Aerial,AZ,Groundman,Male,23897,Asian,Married,Fully Meets,2,1,Gwendolyn Mccall,,Unknown
2642,2022-06-15,2023-05-05,Area Sales Manager,Rebecca Taylor DVM,demarion.harrington@bilearner.com,SVG,Active,Full-Time,Zone C,Full-Time,Voluntary,Significant color always require evening.,Sales,Field Operations,AL,Laborer,Male,65470,Asian,Divorced,Fully Meets,4,1,Demarion Harrington,,Unknown
2643,2022-04-15,2022-10-10,Area Sales Manager,Deborah Stephens,katelyn.brown@bilearner.com,EW,Active,Full-Time,Zone A,Temporary,Voluntary,Likely debate ever college strategy way can.,Sales,Wireline Construction,TN,Clerical,Male,60277,Black,Divorced,Fully Meets,5,1,Katelyn Brown,,Unknown
2644,2020-07-19,2021-04-10,Area Sales Manager,Patrick Lopez,miranda.keith@bilearner.com,MSC,Active,Full-Time,Zone C,Part-Time,Involuntary,Within rise suggest war check happy whom.,Sales,Aerial,TN,Lineman,Male,25859,Other,Single,Fully Meets,5,1,Miranda Keith,,Unknown
2645,2020-07-02,,Area Sales Manager,Nicholas Martinez,breanna.kerr@bilearner.com,TNS,Active,Contract,Zone C,Temporary,Unk,Active Employee,Sales,Wireline Construction,TN,Manager,Male,22815,Asian,Married,Fully Meets,4,0,Breanna Kerr,,Unknown
2646,2019-08-04,,Area Sales Manager,Cathy Whitehead,saniya.ho@bilearner.com,PYZ,Active,Contract,Zone A,Part-Time,Unk,Active Employee,Sales,Project Management - Con,ID,Manager,Male,87653,Black,Widowed,Fully Meets,1,0,Saniya Ho,,Unknown
2647,2019-01-09,,Area Sales Manager,Lisa Johnson,rylan.key@bilearner.com,WBL,Active,Contract,Zone A,Temporary,Unk,Active Employee,Sales,Project Management - Con,ID,Coordinator,Male,33659,Hispanic,Single,Fully Meets,5,0,Rylan Key,76.0,65+
2648,2022-10-01,,Area Sales Manager,William Fernandez,nathaly.stevens@bilearner.com,NEL,Active,Part-Time,Zone A,Part-Time,Unk,Active Employee,Sales,Fielders,ID,Engineer,Male,92454,Other,Married,Fully Meets,2,0,Nathaly Stevens,32.0,25-34
2649,2020-09-28,2023-06-02,Area Sales Manager,Leslie Scott,maximus.delgado@bilearner.com,PL,Active,Part-Time,Zone A,Full-Time,Retirement,Appear reality artist there understand.,Sales,Project Management - Con,NY,Coordinator,Female,59871,White,Widowed,Fully Meets,4,1,Maximus Delgado,,Unknown
2650,2018-11-15,,Administrative Assistant,Vanessa Donaldson DVM,karley.long@bilearner.com,BPC,Active,Part-Time,Zone B,Full-Time,Unk,Active Employee,Sales,Project Management - Con,WA,Project Manager,Female,28100,Black,Single,Fully Meets,1,0,Karley Long,,Unknown
2651,2020-11-24,,Administrative Assistant,Steven Saunders,demarcus.frazier@bilearner.com,CCDR,Active,Contract,Zone C,Full-Time,Unk,Active Employee,Sales,Project Management - Con,WA,Coordinator,Female,30181,Hispanic,Divorced,Fully Meets,2,0,Demarcus Frazier,34.0,25-34
2652,2023-07-09,2023-07-14,Administrative Assistant,Virginia Smith,fernando.richard@bilearner.com,SVG,Active,Contract,Zone C,Temporary,Voluntary,Continue personal federal another.,Sales,General - Sga,MA,Manager,Female,15228,Other,Widowed,Fully Meets,4,1,Fernando Richard,72.0,65+
2653,2023-04-20,2023-05-08,Area Sales Manager,Brett Vargas,keon.gonzalez@bilearner.com,PYZ,Active,Full-Time,Zone C,Part-Time,Retirement,Garden player quickly body science.,Sales,Wireline Construction,MA,Operator,Male,25594,White,Widowed,Fully Meets,1,1,Keon Gonzalez,,Unknown
2654,2019-08-22,2020-01-07,Area Sales Manager,Mark Hernandez,lauryn.anthony@bilearner.com,WBL,Active,Full-Time,Zone C,Temporary,Resignation,Stay herself cultural pass large.,Sales,General - Con,MA,Operator,Male,97492,Black,Divorced,Fully Meets,4,1,Lauryn Anthony,71.0,65+
2655,2022-08-02,2023-04-07,Area Sales Manager,John Wright,amanda.allison@bilearner.com,NEL,Active,Contract,Zone A,Part-Time,Voluntary,Mother fine late simply close material yeah.,Sales,General - Con,AZ,Manager,Male,48881,Black,Divorced,Fully Meets,2,1,Amanda Allison,62.0,55-64
2656,2018-10-31,2020-01-23,Area Sales Manager,Tony Moore,urijah.houston@bilearner.com,PL,Active,Part-Time,Zone B,Part-Time,Voluntary,Detail see down common great on especially.,Sales,Aerial,AZ,Splicer,Male,71509,Hispanic,Single,Fully Meets,4,1,Urijah Houston,69.0,65+
2657,2021-11-23,2022-07-20,Area Sales Manager,Jeffrey Hodge,trace.brandt@bilearner.com,BPC,Active,Contract,Zone B,Temporary,Voluntary,Decision decade approach.,Sales,Isp,AZ,Manager,Male,27097,White,Widowed,Fully Meets,2,1,Trace Brandt,31.0,25-34
2658,2023-07-01,2023-07-21,Area Sales Manager,Emily Simmons,yuliana.levine@bilearner.com,CCDR,Active,Full-Time,Zone A,Temporary,Involuntary,Heart certainly computer beat where pull.,Sales,Engineers,AZ,Technician,Male,74016,Black,Married,Fully Meets,2,1,Yuliana Levine,,Unknown
2659,2022-07-18,,Area Sales Manager,Jessica Gomez,bailey.hays@bilearner.com,SVG,Active,Part-Time,Zone B,Temporary,Unk,Active Employee,Sales,General - Con,AL,Administrative,Male,71519,Black,Single,Fully Meets,2,0,Bailey Hays,,Unknown
2660,2019-08-09,,Area Sales Manager,Cheryl Moody,sanaa.valenzuela@bilearner.com,EW,Active,Part-Time,Zone C,Part-Time,Unk,Active Employee,Sales,Shop (Fleet),TN,Mechanic,Male,33045,Asian,Divorced,Fully Meets,4,0,Sanaa Valenzuela,,Unknown
2661,2021-07-06,,Area Sales Manager,Patrick Coleman,avah.hayes@bilearner.com,MSC,Active,Part-Time,Zone A,Temporary,Unk,Active Employee,Sales,Engineers,TN,Administrative,Male,65089,Black,Married,Fully Meets,2,0,Avah Hayes,56.0,55-64
2662,2021-02-02,,Area Sales Manager,Brittney Young,cody.bates@bilearner.com,TNS,Active,Contract,Zone A,Part-Time,Unk,Active Employee,Sales,General - Con,ID,Foreman,Male,94177,Asian,Single,Fully Meets,2,0,Cody Bates,81.0,65+
2663,2023-01-06,2023-04-25,Area Sales Manager,Ryan Ward,eli.grant@bilearner.com,PYZ,Active,Part-Time,Zone B,Part-Time,Resignation,Party employee page half young budget.,Sales,Splicing,ID,Technician,Male,51278,Hispanic,Divorced,Fully Meets,5,1,Eli Grant,,Unknown
2664,2021-11-13,,Area Sales Manager,Rose Cunningham,felipe.rollins@bilearner.com,WBL,Active,Full-Time,Zone C,Full-Time,Unk,Active Employee,Sales,Project Management - Con,ID,Manager,Male,14665,Hispanic,Divorced,Fully Meets,1,0,Felipe Rollins,,Unknown
2665,2020-03-15,,Area Sales Manager,Jessica Harrison,abdiel.good@bilearner.com,NEL,Active,Contract,Zone A,Part-Time,Unk,Active Employee,Sales,Splicing,NY,Splicer,Male,33859,Hispanic,Married,Fully Meets,4,0,Abdiel Good,,Unknown
2666,2018-11-07,2022-01-08,Area Sales Manager,Taylor Lopez,kaylyn.frye@bilearner.com,PL,Active,Part-Time,Zone C,Full-Time,Retirement,Audience run degree that your beyond cell.,Sales,Yard (Material Handling),WA,Runner,Female,91544,Other,Single,Fully Meets,4,1,Kaylyn Frye,,Unknown
2667,2019-10-03,2021-08-25,Administrative Assistant,Joshua Brown,marisol.alvarez@bilearner.com,BPC,Active,Full-Time,Zone B,Part-Time,Retirement,Environment state tax sound stop group doctor.,Sales,Billable Consultants,WA,Engineer,Female,9760,Other,Widowed,Fully Meets,2,1,Marisol Alvarez,61.0,55-64
2668,2022-08-12,2023-04-16,Administrative Assistant,Roger Campbell,lane.willis@bilearner.com,CCDR,Active,Contract,Zone C,Part-Time,Resignation,Lot as card response consumer.,Sales,General - Con,MA,Technician,Female,94176,Asian,Married,Fully Meets,2,1,Lane Willis,48.0,45-54
2669,2018-12-22,,Administrative Assistant,Jordan Alexander,jade.becker@bilearner.com,SVG,Active,Part-Time,Zone C,Full-Time,Unk,Active Employee,Sales,Field Operations,MA,Foreman,Female,46445,Black,Single,Fully Meets,1,0,Jade Becker,,Unknown
2670,2021-03-27,,Area Sales Manager,Alexander Holmes,vincent.logan@bilearner.com,PYZ,Active,Part-Time,Zone A,Full-Time,Unk,Active Employee,Sales,Engineers,MA,Engineer,Male,54346,Other,Widowed,Fully Meets,1,0,Vincent Logan,32.0,25-34
2671,2022-07-18,,Area Sales Manager,Andrea Whitaker,nasir.glass@bilearner.com,WBL,Active,Part-Time,Zone C,Temporary,Unk,Active Employee,Sales,Field Operations,MA,Coordinator,Male,10712,Asian,Widowed,Fully Meets,5,0,Nasir Glass,,Unknown
2672,2020-04-09,2023-05-06,Area Sales Manager,Carrie Wells,quincy.shannon@bilearner.com,NEL,Active,Contract,Zone A,Full-Time,Involuntary,Medical message face development moment because.,Sales,Fielders,AZ,Engineer,Male,3413,Asian,Married,Fully Meets,1,1,Quincy Shannon,,Unknown
2673,2022-01-07,,Area Sales Manager,David Figueroa,alena.walter@bilearner.com,PL,Active,Full-Time,Zone B,Full-Time,Unk,Active Employee,Sales,Splicing,AZ,Splicer,Male,80938,Other,Single,Fully Meets,4,0,Alena Walter,,Unknown
2674,2022-07-15,,Area Sales Manager,Kevin Parrish,clay.compton@bilearner.com,BPC,Active,Part-Time,Zone A,Part-Time,Unk,Active Employee,Sales,Fielders,AZ,Engineer,Male,31528,White,Widowed,Fully Meets,1,0,Clay Compton,,Unknown
2675,2020-11-29,2022-07-16,Area Sales Manager,Monica Miller,kayden.fernandez@bilearner.com,CCDR,Active,Part-Time,Zone C,Part-Time,Resignation,Board up meet away firm yet human find.,Sales,Engineers,AL,Engineer,Male,11366,Hispanic,Divorced,Fully Meets,5,1,Kayden Fernandez,80.0,65+
2676,2019-03-20,2020-09-23,Area Sales Manager,Brandi Collins,bryson.giles@bilearner.com,SVG,Active,Part-Time,Zone C,Part-Time,Resignation,Memory theory thank past could.,Sales,Engineers,AL,Engineer,Male,19248,Asian,Single,Fully Meets,2,1,Bryson Giles,54.0,45-54
2677,2019-03-16,2022-01-08,Area Sales Manager,Jimmy Jones,demarcus.small@bilearner.com,EW,Active,Contract,Zone B,Full-Time,Resignation,Who few sport business various.,Sales,Splicing,TN,Director,Male,8371,Hispanic,Divorced,Fully Meets,1,1,Demarcus Small,,Unknown
2678,2021-05-30,,Area Sales Manager,Bruce Roy,presley.dodson@bilearner.com,MSC,Active,Full-Time,Zone C,Part-Time,Unk,Active Employee,Sales,Field Operations,ID,Laborer,Male,90990,White,Single,Fully Meets,5,0,Presley Dodson,60.0,55-64
2679,2022-11-17,,Area Sales Manager,Heather Wright,christine.giles@bilearner.com,TNS,Active,Contract,Zone A,Part-Time,Unk,Active Employee,Sales,General - Con,ID,Foreman,Male,80607,Hispanic,Divorced,Fully Meets,5,0,Christine Giles,,Unknown
2680,2020-12-25,2021-10-04,Area Sales Manager,Joseph Rivas,jasmine.rogers@bilearner.com,PYZ,Active,Contract,Zone A,Full-Time,Involuntary,Smile most around.,Sales,Billable Consultants,ID,Engineer,Male,30228,Black,Single,Fully Meets,2,1,Jasmine Rogers,,Unknown
2681,2020-06-16,2021-08-13,Area Sales Manager,Hannah Rose,jaime.greer@bilearner.com,WBL,Active,Part-Time,Zone C,Full-Time,Involuntary,Region hit sense national about.,Sales,Field Operations,ID,Technician,Male,47652,Black,Married,Fully Meets,1,1,Jaime Greer,42.0,35-44
2682,2020-07-28,,Area Sales Manager,Zachary Ortiz,keagan.hutchinson@bilearner.com,NEL,Active,Contract,Zone A,Temporary,Unk,Active Employee,Sales,Field Operations,NY,Supervisor,Male,73798,Asian,Widowed,Fully Meets,2,0,Keagan Hutchinson,50.0,45-54
2683,2021-12-31,,Area Sales Manager,Kimberly Soto,charlize.ballard@bilearner.com,PL,Active,Contract,Zone A,Temporary,Unk,Active Employee,Sales,General - Con,WA,Laborer,Female,86439,Other,Divorced,Fully Meets,4,0,Charlize Ballard,,Unknown
2684,2022-02-07,2023-03-02,Administrative Assistant,Nicholas Huang,kendrick.pollard@bilearner.com,BPC,Active,Full-Time,Zone C,Part-Time,Retirement,Activity pay wall start cause.,Sales,General - Sga,MA,Manager,Female,60915,White,Widowed,Fully Meets,5,1,Kendrick Pollard,43.0,35-44
2685,2021-11-23,2022-03-29,Administrative Assistant,Joshua Rosales,meadow.reed@bilearner.com,CCDR,Active,Full-Time,Zone B,Temporary,Resignation,Statement would join music great dark.,Sales,General - Sga,MA,Supervisor,Female,9417,Black,Divorced,Fully Meets,2,1,Meadow Reed,62.0,55-64
2686,2021-08-15,,Area Sales Manager,Nicholas Graham,ryker.hopkins@bilearner.com,PYZ,Active,Contract,Zone C,Part-Time,Unk,Active Employee,Sales,Project Management - Con,MA,Technician,Male,56247,Other,Single,Fully Meets,4,0,Ryker Hopkins,71.0,65+
2687,2021-06-21,,Area Sales Manager,Christopher Black,bruno.ashley@bilearner.com,WBL,Active,Part-Time,Zone A,Full-Time,Unk,Active Employee,Sales,Engineers,AZ,Engineer,Male,88522,White,Single,Fully Meets,2,0,Bruno Ashley,,Unknown
2688,2021-02-13,,Area Sales Manager,Edward Lane,luciana.steele@bilearner.com,NEL,Active,Contract,Zone B,Full-Time,Unk,Active Employee,Sales,Engineers,AZ,Engineer,Male,97840,Black,Married,Fully Meets,1,0,Luciana Steele,59.0,55-64
2689,2020-12-28,,Area Sales Manager,David Craig,johnathon.serrano@bilearner.com,PL,Active,Part-Time,Zone C,Part-Time,Unk,Active Employee,Sales,Wireline Construction,AZ,Foreman,Male,72339,Other,Single,Fully Meets,1,0,Johnathon Serrano,72.0,65+
2690,2022-04-12,2022-09-02,Area Sales Manager,Elizabeth Garrison,joaquin.cuevas@bilearner.com,BPC,Active,Part-Time,Zone B,Part-Time,Involuntary,Author hotel car care special organization.,Sales,Project Management - Con,AZ,Field Project Manager,Male,28406,Black,Married,Fully Meets,4,1,Joaquin Cuevas,,Unknown
2691,2019-01-02,,Area Sales Manager,Taylor Huerta,soren.downs@bilearner.com,CCDR,Active,Part-Time,Zone C,Full-Time,Unk,Active Employee,Sales,General - Sga,AL,Supervisor,Male,85311,Black,Widowed,Fully Meets,1,0,Soren Downs,,Unknown
2692,2020-08-01,2022-10-01,Area Sales Manager,Denise Adams,ralph.stone@bilearner.com,SVG,Active,Full-Time,Zone A,Full-Time,Voluntary,Hard way effort wear physical. Want between grow.,Sales,Underground,TN,Foreman,Male,97985,White,Widowed,Fully Meets,4,1,Ralph Stone,,Unknown
2693,2020-10-14,,Area Sales Manager,Ryan Flores,malcolm.rivas@bilearner.com,EW,Active,Part-Time,Zone C,Temporary,Unk,Active Employee,Sales,General - Sga,TN,Assistant,Male,52988,White,Married,Fully Meets,4,0,Malcolm Rivas,,Unknown
2694,2023-05-26,2023-07-14,Area Sales Manager,Mackenzie Cole,adam.beltran@bilearner.com,MSC,Active,Full-Time,Zone C,Full-Time,Involuntary,Movie before ability. Seem watch deal center.,Sales,Engineers,ID,Director,Male,16500,Black,Widowed,Fully Meets,4,1,Adam Beltran,,Unknown
2695,2021-08-26,2022-11-25,Area Sales Manager,Emily Jones,isis.ortega@bilearner.com,TNS,Active,Full-Time,Zone A,Temporary,Retirement,Offer performance arrive travel.,Sales,Underground,ID,Laborer,Male,70237,Other,Married,Fully Meets,2,1,Isis Ortega,,Unknown
2696,2022-11-20,2023-02-08,Area Sales Manager,Chelsea Garcia,meadow.delgado@bilearner.com,PYZ,Active,Contract,Zone A,Temporary,Retirement,Top seem police tree against.,Sales,Project Management - Con,ID,Manager,Male,18726,Other,Married,Fully Meets,4,1,Meadow Delgado,73.0,65+
2697,2020-02-22,,Area Sales Manager,Jacob Simmons,benjamin.goodman@bilearner.com,WBL,Active,Full-Time,Zone A,Full-Time,Unk,Active Employee,Sales,Splicing,NY,Laborer,Male,21341,White,Married,Fully Meets,1,0,Benjamin Goodman,62.0,55-64
2698,2021-04-04,,Area Sales Manager,Samuel Phillips,jaycee.alexander@bilearner.com,NEL,Active,Contract,Zone B,Full-Time,Unk,Active Employee,Sales,Field Operations,NY,Operator,Male,46549,Hispanic,Single,Fully Meets,4,0,Jaycee Alexander,57.0,55-64
2699,2023-08-05,,Area Sales Manager,Stephen Burns,cannon.gray@bilearner.com,PL,Active,Contract,Zone C,Temporary,Unk,Active Employee,Sales,Engineers,WA,Engineer,Female,8797,Other,Married,Fully Meets,5,0,Cannon Gray,,Unknown
2700,2023-01-10,2023-08-06,Administrative Assistant,Nicholas White,brynn.kennedy@bilearner.com,BPC,Active,Full-Time,Zone B,Temporary,Resignation,Visit you let sort amount visit.,Sales,Project Management - Con,MA,Manager,Female,20560,Other,Single,Fully Meets,4,1,Brynn Kennedy,34.0,25-34
2701,2019-04-19,,Administrative Assistant,Gregory Hill,branden.ali@bilearner.com,CCDR,Active,Contract,Zone A,Full-Time,Unk,Active Employee,Sales,Field Operations,MA,Controller,Female,11623,Black,Married,Fully Meets,5,0,Branden Ali,67.0,65+
2702,2019-10-02,,Area Sales Manager,Anna Henry,sophie.carrillo@bilearner.com,BPC,Active,Contract,Zone B,Full-Time,Unk,Active Employee,Sales,Aerial,MA,Foreman,Male,80318,Asian,Married,Fully Meets,2,0,Sophie Carrillo,,Unknown
2703,2018-11-14,,Area Sales Manager,Jennifer Alvarez,saul.shaw@bilearner.com,CCDR,Active,Full-Time,Zone A,Part-Time,Unk,Active Employee,Sales,General - Con,AZ,Laborer,Male,37397,Other,Single,Fully Meets,5,0,Saul Shaw,40.0,35-44
2704,2020-01-27,2022-06-19,Area Sales Manager,Ashley Larson,isla.mcdaniel@bilearner.com,EW,Active,Part-Time,Zone A,Full-Time,Voluntary,Mention adult treatment old play.,Sales,Field Operations,AZ,Technician,Male,39020,Black,Widowed,Fully Meets,4,1,Isla Mcdaniel,,Unknown
2705,2018-11-04,,Area Sales Manager,Donna Hurst,lea.cantu@bilearner.com,MSC,Active,Full-Time,Zone B,Temporary,Unk,Active Employee,Sales,General - Con,AZ,Supervisor,Female,57908,Hispanic,Divorced,Fully Meets,2,0,Lea Cantu,,Unknown
2706,2018-12-13,2019-01-13,Area Sales Manager,Eric Byrd,yadiel.riggs@bilearner.com,NEL,Active,Part-Time,Zone A,Part-Time,Involuntary,Can last meet shake imagine he.,Sales,Field Operations,NC,Electrician,Male,39922,Asian,Widowed,Fully Meets,2,1,Yadiel Riggs,,Unknown
2707,2022-11-28,,Area Sales Manager,Brianna Johnson,annalise.olsen@bilearner.com,PL,Active,Full-Time,Zone B,Part-Time,Unk,Active Employee,Sales,General - Con,AL,Foreman,Male,95876,White,Married,Fully Meets,4,0,Annalise Olsen,,Unknown
2708,2022-06-08,2022-08-07,Area Sales Manager,Savannah Oconnell,theodore.castro@bilearner.com,PYZ,Active,Full-Time,Zone C,Part-Time,Involuntary,After draw carry north federal region recently.,Sales,General - Con,TN,Foreman,Male,47846,Asian,Married,Fully Meets,2,1,Theodore Castro,,Unknown
2709,2022-04-03,,Area Sales Manager,Madison Kemp,emily.freeman@bilearner.com,SVG,Active,Full-Time,Zone A,Full-Time,Unk,Active Employee,Sales,Field Operations,ID,Locator,Male,62350,Asian,Married,Fully Meets,2,0,Emily Freeman,,Unknown
2710,2022-02-28,,Area Sales Manager,Julian Bowen,madyson.yates@bilearner.com,TNS,Active,Part-Time,Zone C,Full-Time,Unk,Active Employee,Sales,Field Operations,ID,Manager,Male,45874,Black,Single,Fully Meets,5,0,Madyson Yates,,Unknown
2711,2021-08-19,,Area Sales Manager,Brittany Dickerson,rachel.bowers@bilearner.com,WBL,Active,Contract,Zone C,Temporary,Unk,Active Employee,Sales,Field Operations,ID,Technician,Male,54605,Black,Divorced,Fully Meets,2,0,Rachel Bowers,53.0,45-54
2712,2018-08-19,,Area Sales Manager,Richard Henry,helen.humphrey@bilearner.com,PYZ,Active,Full-Time,Zone A,Full-Time,Unk,Active Employee,Sales,General - Con,NY,Foreman,Male,42080,Other,Married,Fully Meets,1,0,Helen Humphrey,34.0,25-34
2713,2019-10-15,,Area Sales Manager,Whitney Ross,abagail.villanueva@bilearner.com,WBL,Active,Full-Time,Zone A,Full-Time,Unk,Active Employee,Sales,Aerial,NY,Foreman,Male,92148,Black,Married,Fully Meets,5,0,Abagail Villanueva,29.0,25-34
2714,2023-02-23,2023-04-20,Area Sales Manager,Keith Martinez,julie.lloyd@bilearner.com,NEL,Active,Part-Time,Zone C,Temporary,Resignation,Break price parent seat natural whatever.,Sales,Field Operations,WA,Tower Hand,Male,3780,Asian,Widowed,Fully Meets,1,1,Julie Lloyd,54.0,45-54
2715,2023-02-01,,Area Sales Manager,Robert Avery,alejandro.wilkinson@bilearner.com,PL,Active,Full-Time,Zone B,Temporary,Unk,Active Employee,Sales,Field Operations,WA,Manager,Female,44669,Asian,Divorced,Fully Meets,4,0,Alejandro Wilkinson,,Unknown
2716,2023-05-07,,Administrative Assistant,Jesse Torres,yadiel.mata@bilearner.com,BPC,Active,Contract,Zone A,Temporary,Unk,Active Employee,Sales,Executive,MA,Ceo,Female,22894,Asian,Widowed,Fully Meets,2,0,Yadiel Mata,,Unknown
2717,2020-05-26,,Area Sales Manager,William Garner,colt.sutton@bilearner.com,PYZ,Active,Full-Time,Zone A,Temporary,Unk,Active Employee,Sales,Field Operations,MA,Supervisor,Male,77267,Black,Divorced,Fully Meets,1,0,Colt Sutton,31.0,25-34
2718,2022-02-09,,Area Sales Manager,Matthew Willis,madalyn.prince@bilearner.com,WBL,Active,Part-Time,Zone A,Part-Time,Unk,Active Employee,Sales,Aerial,AZ,Laborer,Male,91638,Other,Married,Fully Meets,5,0,Madalyn Prince,,Unknown
2719,2022-06-20,2023-03-23,Area Sales Manager,Monica Sims,clara.stewart@bilearner.com,NEL,Active,Contract,Zone C,Temporary,Voluntary,Dinner teach cover later.,Sales,Finance & Accounting,AZ,Intern,Male,35738,Hispanic,Divorced,Fully Meets,4,1,Clara Stewart,30.0,25-34
2720,2022-01-08,2022-09-03,Area Sales Manager,Kathleen Hickman,cheyenne.herman@bilearner.com,PL,Active,Contract,Zone A,Temporary,Retirement,Debate want series success above.,Sales,Field Operations,NC,Top Hand,Female,26500,Asian,Widowed,Fully Meets,4,1,Cheyenne Herman,,Unknown
2721,2020-03-01,,Area Sales Manager,Brendan Melendez,emerson.zavala@bilearner.com,BPC,Active,Full-Time,Zone A,Full-Time,Unk,Active Employee,Sales,Shop (Fleet),NC,Manager,Male,6085,Hispanic,Married,Fully Meets,4,0,Emerson Zavala,,Unknown
2722,2020-10-05,,Area Sales Manager,Wendy Sullivan,sawyer.oneal@bilearner.com,CCDR,Active,Contract,Zone C,Temporary,Unk,Active Employee,Sales,General - Con,AL,Technician,Male,15704,White,Single,Fully Meets,2,0,Sawyer Oneal,47.0,45-54
2723,2021-05-12,2022-07-01,Area Sales Manager,Ariel Davis,kyleigh.mathis@bilearner.com,SVG,Active,Part-Time,Zone C,Temporary,Voluntary,Another instead but house six make citizen.,Sales,Field Operations,TN,Technician,Male,37293,White,Widowed,Fully Meets,2,1,Kyleigh Mathis,,Unknown
2724,2023-01-01,2023-07-05,Area Sales Manager,Nicholas Robinson,maximus.mcdowell@bilearner.com,EW,Active,Part-Time,Zone B,Temporary,Involuntary,Game reach not save individual.,Sales,Catv,ID,Foreman,Male,96396,Other,Divorced,Fully Meets,1,1,Maximus Mcdowell,,Unknown
2725,2019-11-18,,Area Sales Manager,Elaine Johnson,dean.little@bilearner.com,MSC,Active,Contract,Zone B,Full-Time,Unk,Active Employee,Sales,Field Operations,ID,Laborer,Male,25528,White,Single,Fully Meets,4,0,Dean Little,,Unknown
2726,2021-05-12,2021-11-07,Area Sales Manager,Rachel White,martin.herrera@bilearner.com,TNS,Active,Contract,Zone B,Full-Time,Retirement,Vote yard sign address lead knowledge front.,Sales,Wireline Construction,NY,Groundman,Male,20036,Asian,Single,Fully Meets,2,1,Martin Herrera,,Unknown
2727,2020-02-14,2021-12-21,Area Sales Manager,Sheri Valenzuela,uriah.briggs@bilearner.com,PYZ,Active,Contract,Zone C,Full-Time,Resignation,Risk hundred social.,Sales,General - Con,NY,Lineman,Male,83448,White,Divorced,Fully Meets,5,1,Uriah Briggs,42.0,35-44
2728,2020-05-08,2023-03-28,Area Sales Manager,Brandon Perez,kianna.little@bilearner.com,WBL,Active,Full-Time,Zone B,Full-Time,Involuntary,World area thus attention start.,Sales,Splicing,WA,Foreman,Male,16416,Hispanic,Single,Fully Meets,2,1,Kianna Little,70.0,65+
2729,2018-12-10,,Area Sales Manager,Kathryn Kidd DVM,david.kirk@bilearner.com,NEL,Active,Part-Time,Zone B,Full-Time,Unk,Active Employee,Sales,Engineers,WA,Engineer,Female,83077,Hispanic,Divorced,Fully Meets,2,0,David Kirk,78.0,65+
2730,2021-12-08,,Area Sales Manager,Mario Moran,alexandra.bryant@bilearner.com,PL,Active,Contract,Zone B,Part-Time,Unk,Active Employee,Sales,Underground,VT,Operator,Female,23617,Hispanic,Single,Fully Meets,2,0,Alexandra Bryant,,Unknown
2731,2019-01-31,,Administrative Assistant,Brian Allen,denzel.jensen@bilearner.com,BPC,Active,Part-Time,Zone C,Full-Time,Unk,Active Employee,Sales,General - Con,MA,Technician,Female,24569,Other,Married,Fully Meets,1,0,Denzel Jensen,,Unknown
2732,2022-08-31,2023-04-27,Area Sales Manager,Stephanie Jackson,fletcher.maxwell@bilearner.com,PYZ,Active,Contract,Zone A,Full-Time,Retirement,Exactly fear as speech.,Sales,Shop (Fleet),ME,Shop,Male,37938,Black,Single,Fully Meets,2,1,Fletcher Maxwell,37.0,35-44
2733,2022-02-01,,Area Sales Manager,Rodney Robinson,davian.davis@bilearner.com,WBL,Active,Contract,Zone A,Temporary,Unk,Active Employee,Sales,General - Sga,AZ,Administrator,Male,53746,Black,Single,Fully Meets,5,0,Davian Davis,30.0,25-34
2734,2020-12-02,,Area Sales Manager,Alicia Mitchell,maxim.mooney@bilearner.com,NEL,Active,Contract,Zone C,Part-Time,Unk,Active Employee,Sales,General - Con,AZ,Laborer,Female,51967,Black,Married,Fully Meets,4,0,Maxim Mooney,78.0,65+
2735,2020-10-16,,Area Sales Manager,Melissa Ray,santiago.rosales@bilearner.com,PL,Active,Contract,Zone B,Part-Time,Unk,Active Employee,Sales,Field Operations,NC,Groundman,Female,26584,Asian,Single,Fully Meets,2,0,Santiago Rosales,25.0,Under 25
2736,2020-05-27,,Area Sales Manager,Michael Garza,zara.werner@bilearner.com,BPC,Active,Contract,Zone A,Full-Time,Unk,Active Employee,Sales,General - Con,AL,Laborer,Male,2091,Other,Married,Fully Meets,5,0,Zara Werner,,Unknown
2737,2021-08-20,2021-10-09,Area Sales Manager,Victoria Padilla,darian.hansen@bilearner.com,CCDR,Active,Full-Time,Zone C,Temporary,Retirement,Music society money product next.,Sales,General - Con,UT,Technician,Male,84906,Black,Married,Fully Meets,4,1,Darian Hansen,,Unknown
2738,2019-02-07,2019-03-25,Area Sales Manager,Spencer Larson,kaeden.branch@bilearner.com,SVG,Active,Full-Time,Zone C,Full-Time,Involuntary,Member success us future a song every.,Sales,Field Operations,TN,Laborer,Male,86185,Hispanic,Married,Fully Meets,5,1,Kaeden Branch,,Unknown
2739,2021-02-18,2021-11-26,Area Sales Manager,Cynthia Martin,gabriel.swanson@bilearner.com,EW,Active,Contract,Zone A,Part-Time,Resignation,Idea why card study body commercial.,Sales,General - Con,ID,Technician,Male,82332,Black,Single,Fully Meets,4,1,Gabriel Swanson,,Unknown
2740,2022-12-02,,Area Sales Manager,Cody Hughes,madyson.chapman@bilearner.com,MSC,Active,Full-Time,Zone B,Part-Time,Unk,Active Employee,Sales,General - Sga,ID,Construction Manager,Male,34011,Black,Single,Fully Meets,1,0,Madyson Chapman,,Unknown
2741,2021-07-29,2022-05-05,Area Sales Manager,Ronald Mata,kellen.hill@bilearner.com,TNS,Active,Full-Time,Zone A,Part-Time,Resignation,Amount address then peace deep community own six.,Sales,Wireline Construction,NY,Technician,Male,88627,Asian,Divorced,Fully Meets,4,1,Kellen Hill,,Unknown
2742,2022-04-23,2022-12-16,Area Sales Manager,Chad Boone,samir.gray@bilearner.com,PYZ,Active,Full-Time,Zone B,Full-Time,Retirement,Thing stock near question mouth.,Sales,Field Operations,NH,Foreman,Male,47497,Asian,Married,Fully Meets,2,1,Samir Gray,35.0,25-34
2743,2021-07-31,2022-04-07,Area Sales Manager,Carmen Wilson,stephanie.hampton@bilearner.com,WBL,Active,Full-Time,Zone B,Temporary,Voluntary,Decade structure outside I world agent treat.,Sales,Field Operations,WA,Top Hand,Male,16234,Black,Married,Fully Meets,4,1,Stephanie Hampton,,Unknown
2744,2020-06-12,,Area Sales Manager,Paul Hernandez,walter.mayo@bilearner.com,NEL,Active,Contract,Zone C,Full-Time,Unk,Active Employee,Sales,Field Operations,VT,Laborer,Female,25145,Asian,Married,Fully Meets,4,0,Walter Mayo,,Unknown
2745,2019-01-25,,Area Sales Manager,John Ferguson,harley.greer@bilearner.com,PL,Active,Contract,Zone B,Part-Time,Unk,Active Employee,Sales,Executive,VA,Director,Female,71081,Hispanic,Divorced,Fully Meets,5,0,Harley Greer,,Unknown
2746,2020-10-24,2023-04-08,Administrative Assistant,Bailey Case,misael.pratt@bilearner.com,BPC,Voluntarily Terminated,Full-Time,Zone A,Full-Time,Involuntary,Art decade agreement bank.,Sales,Project Management - Con,MA,Supervisor,Female,39119,Hispanic,Widowed,Fully Meets,5,1,Misael Pratt,,Unknown
2747,2018-08-18,2019-02-28,Production Technician I,Todd Gonzales,sneha.jhaveri@bilearner.com,SVG,Active,Part-Time,Zone B,Part-Time,Voluntary,Few attorney all campaign town reflect behavior.,Production       ,General - Con,MA,Lineman,Female,2109,Hispanic,Married,Fully Meets,4,1,Sneha Jhaveri,,Unknown
2748,2022-07-11,,Production Technician I,Deanna Kerr,melinda.saar-beckles@bilearner.com,PYZ,Active,Full-Time,Zone C,Full-Time,Unk,Active Employee,Production       ,General - Sga,MA,Laborer,Female,1801,Hispanic,Widowed,Fully Meets,1,0,Melinda Saar-Beckles,,Unknown
2749,2018-11-15,2018-11-19,Production Technician I,Matthew Wilcox,elizabeth.meads@bilearner.com,BPC,Voluntarily Terminated,Full-Time,Zone B,Part-Time,Retirement,He PM simply interesting.,Production       ,Technology / It,MA,Administrator,Female,1760,Black,Widowed,Fully Meets,5,1,Elizabeth Meads,77.0,65+
2750,2022-06-04,,Production Technician II,Timothy Roman,patrick.moran@bilearner.com,TNS,Active,Full-Time,Zone B,Full-Time,Unk,Active Employee,Production       ,Field Operations,MA,Laborer,Male,2127,Asian,Divorced,Fully Meets,4,0,Patrick Moran,77.0,65+
2751,2018-10-27,2019-07-10,Production Technician II,Steven White,mathew.linden@bilearner.com,NEL,Leave of Absence,Full-Time,Zone B,Part-Time,Retirement,Seek reason commercial method among back war.,Production       ,Field Operations,MA,Laborer,Male,1770,Black,Single,Fully Meets,5,1,Mathew Linden,,Unknown
2752,2022-10-21,2023-05-09,Production Technician I,Laura Rodriguez,adeel.osturnka@bilearner.com,TNS,Active,Part-Time,Zone A,Temporary,Involuntary,Finish something start activity full professor.,Production       ,General - Con,MA,Flagger,Male,2478,Hispanic,Divorced,Fully Meets,4,1,Adeel Osturnka,,Unknown
2753,2023-01-13,2023-05-24,Production Technician I,Joshua Smith,lisa.cornett@bilearner.com,CCDR,Active,Contract,Zone B,Part-Time,Voluntary,Traditional stay important save box.,Production       ,Field Operations,MA,Driver,Female,2189,Black,Widowed,Fully Meets,4,1,Lisa Cornett,42.0,35-44
2754,2020-04-05,,Production Technician I,Gabriella Copeland,louis.punjabhi@bilearner.com,SVG,Active,Full-Time,Zone C,Full-Time,Unk,Active Employee,Production       ,Engineers,MA,Engineer,Male,2109,Other,Married,Fully Meets,2,0,Louis Punjabhi,49.0,45-54
2755,2022-05-26,,Production Technician I,Connor Macdonald,michael.carey@bilearner.com,EW,Active,Contract,Zone B,Temporary,Unk,Active Employee,Production       ,General - Con,MA,Technician,Male,1701,Other,Single,Fully Meets,2,0,Michael Carey,,Unknown
2756,2021-05-05,,Production Technician II,David Miller,earnest.hankard@bilearner.com,TNS,Active,Part-Time,Zone A,Part-Time,Unk,Active Employee,Production       ,Field Operations,MA,Driller,Male,2155,White,Divorced,Fully Meets,2,0,Earnest Hankard,,Unknown
2757,2023-07-01,2023-08-04,Production Technician II,Joanna Poole,kimberly.beak@bilearner.com,BPC,Future Start,Part-Time,Zone C,Part-Time,Retirement,Class table south receive democratic.,Production       ,Project Management - Con,MA,Coordinator,Female,2145,Hispanic,Divorced,Fully Meets,2,1,Kimberly Beak,,Unknown
2758,2018-12-20,2023-06-13,Production Technician I,James Austin,jonathan r.lebel@bilearner.com,TNS,Terminated for Cause,Part-Time,Zone A,Full-Time,Involuntary,Difference require discuss.,Production       ,Wireline Construction,MA,Lineman,Male,2050,Other,Divorced,Fully Meets,2,1,Jonathan R LeBel,80.0,65+
2759,2018-08-26,,Production Technician I,Mrs. Megan Booker,rick.stoica@bilearner.com,PYZ,Active,Full-Time,Zone B,Full-Time,Unk,Active Employee,Production       ,Aerial,MA,Lineman,Male,2301,White,Divorced,Fully Meets,2,0,Rick Stoica,37.0,35-44
2760,2020-12-06,2022-08-26,Production Technician II,Alexis Shaw,adil.sahoo@bilearner.com,BPC,Active,Part-Time,Zone B,Temporary,Voluntary,Keep position nature most anything eat blue.,Production       ,Fielders,MA,Engineer,Male,2062,Other,Single,Fully Meets,2,1,Adil Sahoo,,Unknown
2761,2021-12-13,2022-06-11,Production Technician I,Austin Klein,barbara.gaul@bilearner.com,EW,Active,Contract,Zone C,Temporary,Resignation,Sport information for admit language mention.,Production       ,Wireline Construction,MA,Laborer,Female,2121,Asian,Married,Fully Meets,4,1,Barbara Gaul,29.0,25-34
2762,2021-06-27,2022-01-02,Production Technician II,Cheryl Cole,carla.demita@bilearner.com,CCDR,Voluntarily Terminated,Part-Time,Zone A,Temporary,Resignation,Stock avoid company tend tell success.,Production       ,Field Operations,MA,Laborer,Female,2343,Asian,Single,Fully Meets,4,1,Carla Demita,82.0,65+
2763,2019-10-19,,Production Technician I,Katelyn Coleman,paula.gross@bilearner.com,NEL,Active,Part-Time,Zone C,Full-Time,Unk,Active Employee,Production       ,Field Operations,MA,Construction Manager,Female,2176,Hispanic,Single,Fully Meets,2,0,Paula Gross,,Unknown
2764,2022-11-26,2023-01-13,Production Technician I,Ronald Sims,francesco a.barone@bilearner.com,WBL,Active,Part-Time,Zone C,Full-Time,Involuntary,President clearly teach recently care.,Production       ,Engineers,MA,Engineer,Male,1810,Black,Single,Fully Meets,2,1,Francesco A Barone,,Unknown
2765,2019-08-19,,Production Technician I,Richard Long,rex.england@bilearner.com,PL,Active,Full-Time,Zone C,Full-Time,Unk,Active Employee,Production       ,Wireline Construction,MA,Administrative,Male,2045,Black,Widowed,Fully Meets,4,0,Rex England,59.0,55-64
2766,2018-08-22,2022-04-14,Production Technician II,Kaitlyn Hale,trina.hendrickson@bilearner.com,EW,Voluntarily Terminated,Part-Time,Zone A,Full-Time,Involuntary,Look area spend. Deal animal main interesting.,Production       ,Engineers,MA,Engineer,Female,2021,Hispanic,Married,Fully Meets,2,1,Trina Hendrickson,,Unknown
2767,2022-05-04,,Production Technician I,Joseph Carr,colleen.volk@bilearner.com,BPC,Active,Full-Time,Zone A,Full-Time,Unk,Active Employee,Production       ,Field Operations,MA,Technician,Female,2747,Asian,Divorced,Fully Meets,2,0,Colleen Volk,,Unknown
2768,2022-06-12,,Production Technician I,Deborah Schultz,jean.engdahl@bilearner.com,WBL,Active,Part-Time,Zone B,Temporary,Unk,Active Employee,Production       ,Underground,MA,Operator,Male,2026,Asian,Married,Fully Meets,2,0,Jean Engdahl,,Unknown
2769,2018-11-08,,Production Technician I,Robert Brooks,paris.blake@bilearner.com,NEL,Active,Contract,Zone A,Part-Time,Unk,Active Employee,Production       ,Aerial,MA,Foreman,Male,95073,Other,Widowed,Fully Meets,4,0,Paris Blake,,Unknown
2770,2021-07-05,,Production Technician I,Richard Davis,neveah.bird@bilearner.com,PL,Active,Part-Time,Zone A,Part-Time,Unk,Active Employee,Production       ,Field Operations,MA,Laborer,Male,65497,Black,Divorced,Fully Meets,5,0,Neveah Bird,,Unknown
2771,2020-07-08,2021-09-24,Production Technician I,Tonya Moreno,tia.potter@bilearner.com,BPC,Terminated for Cause,Full-Time,Zone A,Temporary,Retirement,Talk into between trip final.,Production       ,Wireline Construction,MA,Laborer,Male,37659,Other,Divorced,Fully Meets,5,1,Tia Potter,76.0,65+
2772,2020-03-13,,Production Technician I,Francis York,alexandra.bean@bilearner.com,CCDR,Active,Full-Time,Zone A,Temporary,Unk,Active Employee,Production       ,Wireline Construction,MA,Laborer,Male,74626,Other,Married,Fully Meets,1,0,Alexandra Bean,,Unknown
2773,2022-12-28,,Production Technician I,Misty Cole,tony.grimes@bilearner.com,SVG,Active,Full-Time,Zone B,Full-Time,Unk,Active Employee,Production       ,Splicing,MA,Laborer,Male,10950,White,Widowed,Fully Meets,2,0,Tony Grimes,,Unknown
2774,2020-03-17,,Production Technician I,Kenneth Perry,macy.nielsen@bilearner.com,EW,Active,Full-Time,Zone B,Part-Time,Unk,Active Employee,Production       ,Field Operations,MA,Laborer,Male,85907,Other,Divorced,Fully Meets,5,0,Macy Nielsen,33.0,25-34
2775,2023-01-07,,Production Technician I,Andrew Wilkinson,toby.yates@bilearner.com,MSC,Active,Part-Time,Zone B,Temporary,Unk,Active Employee,Production       ,Field Operations,MA,Tower Hand,Female,50944,White,Single,Fully Meets,2,0,Toby Yates,,Unknown
2776,2021-12-22,,Production Technician I,Debbie Pearson,karlee.davies@bilearner.com,TNS,Active,Full-Time,Zone B,Part-Time,Unk,Active Employee,Production       ,General - Eng,MA,Engineer,Male,67113,White,Single,Fully Meets,4,0,Karlee Davies,51.0,45-54
2777,2020-04-29,2022-11-22,Production Technician I,Frank Wilkinson,hector.escobar@bilearner.com,PYZ,Active,Part-Time,Zone B,Full-Time,Voluntary,Vote growth sound wide art.,Production       ,General - Con,MA,Laborer,Male,37852,Hispanic,Single,Fully Meets,5,1,Hector Escobar,,Unknown
2778,2020-12-02,,Production Technician I,Raymond Burton,javon.mckenzie@bilearner.com,WBL,Active,Part-Time,Zone C,Temporary,Unk,Active Employee,Production       ,Wireless,MA,Foreman,Male,33896,Asian,Divorced,Fully Meets,5,0,Javon Mckenzie,,Unknown
2779,2021-12-08,2022-06-20,Production Technician I,Adam Murphy,lilly.huynh@bilearner.com,NEL,Active,Contract,Zone A,Part-Time,Resignation,Exist how dog information accept around PM.,Production       ,Field Operations,MA,Laborer,Male,88158,Hispanic,Married,Fully Meets,2,1,Lilly Huynh,,Unknown
2780,2022-04-13,2023-08-04,Production Technician I,Kimberly Stout,anika.robbins@bilearner.com,PL,Active,Contract,Zone B,Part-Time,Retirement,Chance ever laugh sign indicate.,Production       ,General - Con,MA,Foreman,Male,18034,White,Married,Fully Meets,4,1,Anika Robbins,,Unknown
2781,2020-12-23,2022-07-23,Production Technician I,Jonathan Hale,ishaan.robinson@bilearner.com,BPC,Voluntarily Terminated,Contract,Zone A,Part-Time,Retirement,Indicate less quality put listen nation.,Production       ,Field Operations,MA,Operator,Male,47540,Asian,Divorced,Fully Meets,4,1,Ishaan Robinson,,Unknown
2782,2019-03-31,,Production Technician I,Robert Schmitt DDS,paola.macdonald@bilearner.com,CCDR,Active,Full-Time,Zone C,Temporary,Unk,Active Employee,Production       ,General - Con,MA,Laborer,Female,14142,Black,Single,Fully Meets,2,0,Paola Macdonald,,Unknown
2783,2023-06-11,2023-07-30,Production Technician II,Jamie Parker,lorelei.sellers@bilearner.com,SVG,Active,Part-Time,Zone A,Temporary,Resignation,Like open news car seem garden people.,Production       ,Wireline Construction,MA,Technician,Male,68300,White,Married,Fully Meets,1,1,Lorelei Sellers,,Unknown
2784,2021-05-20,2023-01-31,Production Technician II,Lauren Thomas,gillian.riddle@bilearner.com,TNS,Active,Contract,Zone B,Full-Time,Involuntary,Base item do role debate perform.,Production       ,Field Operations,MA,Foreman,Male,85699,White,Divorced,Fully Meets,2,1,Gillian Riddle,45.0,35-44
2785,2020-11-14,,Production Technician II,Pamela Taylor,atticus.white@bilearner.com,WBL,Active,Full-Time,Zone C,Full-Time,Unk,Active Employee,Production       ,Field Operations,MA,Top Hand,Male,96368,Hispanic,Widowed,Fully Meets,4,0,Atticus White,59.0,55-64
2786,2018-12-29,,Production Technician II,Phyllis Cox,virginia.nunez@bilearner.com,PYZ,Active,Contract,Zone A,Full-Time,Unk,Active Employee,Production       ,Field Operations,MA,Laborer,Female,33987,Asian,Widowed,Fully Meets,1,0,Virginia Nunez,,Unknown
2787,2021-04-22,,Production Technician II,Jonathan Williams,caden.taylor@bilearner.com,WBL,Active,Contract,Zone A,Full-Time,Unk,Active Employee,Production       ,Executive,MA,Director,Female,93541,White,Divorced,Fully Meets,4,0,Caden Taylor,78.0,65+
2788,2023-06-03,2023-07-14,Production Technician II,Edward Navarro,brooks.leach@bilearner.com,NEL,Voluntarily Terminated,Contract,Zone C,Full-Time,Involuntary,Program deal run.,Production       ,Project Management - Con,MA,Supervisor,Female,87242,Black,Widowed,Fully Meets,1,1,Brooks Leach,77.0,65+
2789,2021-04-26,2021-07-06,Production Technician I,Matthew Craig,isabel.wyatt@bilearner.com,CCDR,Active,Contract,Zone B,Temporary,Retirement,Great parent relate growth summer.,Production       ,Wireless,MA,Manager,Male,31575,Asian,Divorced,Fully Meets,4,1,Isabel Wyatt,84.0,65+
2790,2019-04-30,2019-10-09,Production Technician I,Warren Pollard,angelo.henry@bilearner.com,EW,Active,Contract,Zone B,Part-Time,Involuntary,Above fight animal support beautiful.,Production       ,Catv,MA,Laborer,Male,64694,Hispanic,Widowed,Fully Meets,4,1,Angelo Henry,67.0,65+
2791,2021-07-04,2023-06-25,Production Technician I,Felicia Smith,joselyn.moss@bilearner.com,MSC,Active,Contract,Zone B,Temporary,Involuntary,Better design cause yet history decide.,Production       ,Field Operations,MA,Driller,Male,43706,White,Widowed,Fully Meets,2,1,Joselyn Moss,,Unknown
2792,2023-02-24,,Production Technician I,Robert Nguyen,diamond.mcclain@bilearner.com,NEL,Active,Part-Time,Zone A,Temporary,Unk,Active Employee,Production       ,Engineers,MA,Technician,Male,19908,Black,Single,Fully Meets,1,0,Diamond Mcclain,73.0,65+
2793,2021-03-02,,Production Technician I,Jesse Hall,eden.dalton@bilearner.com,PL,Active,Full-Time,Zone A,Full-Time,Unk,Active Employee,Production       ,Yard (Material Handling),MA,Supervisor,Male,1901,Black,Divorced,Fully Meets,1,0,Eden Dalton,,Unknown
2794,2021-12-27,,Production Technician I,George Palmer Jr.,emely.parks@bilearner.com,PYZ,Active,Contract,Zone B,Temporary,Unk,Active Employee,Production       ,Field Operations,MA,Laborer,Male,1877,Hispanic,Single,Fully Meets,5,0,Emely Parks,,Unknown
2795,2022-07-10,2022-09-11,Production Technician I,Casey Garner,corinne.hopkins@bilearner.com,SVG,Active,Part-Time,Zone C,Temporary,Voluntary,Defense pressure according more mind bed number.,Production       ,General - Eng,MA,Drafter,Female,74746,Asian,Single,Fully Meets,4,1,Corinne Hopkins,,Unknown
2796,2022-09-19,2023-06-17,Production Technician I,Megan Harrison,destiny.blake@bilearner.com,TNS,Active,Contract,Zone A,Full-Time,Voluntary,Risk management money field.,Production       ,Engineers,MA,Program Manager,Female,96469,Asian,Married,Fully Meets,1,1,Destiny Blake,35.0,25-34
2797,2021-05-30,,Production Technician I,Sierra Thompson,zaria.kidd@bilearner.com,WBL,Active,Contract,Zone A,Temporary,Unk,Active Employee,Production       ,Aerial,MA,Lineman,Male,24994,Other,Married,Exceeds,1,0,Zaria Kidd,,Unknown
2798,2020-04-07,,Production Technician I,Donna Sullivan,adam.ingram@bilearner.com,BPC,Active,Contract,Zone A,Part-Time,Unk,Active Employee,Production       ,Engineers,MA,Planner,Male,89805,Asian,Divorced,Fully Meets,2,0,Adam Ingram,,Unknown
2799,2021-04-20,2022-09-17,Production Technician I,Timothy Pratt,makenna.foster@bilearner.com,CCDR,Active,Part-Time,Zone A,Part-Time,Resignation,Opportunity upon apply and world.,Production       ,Engineers,MA,Engineer,Male,54859,White,Divorced,Fully Meets,2,1,Makenna Foster,,Unknown
2800,2019-08-02,,Production Technician I,Kathryn Wolf,nayeli.keith@bilearner.com,EW,Active,Contract,Zone B,Temporary,Unk,Active Employee,Production       ,General - Con,MA,Foreman,Male,69497,Black,Married,Fully Meets,1,0,Nayeli Keith,78.0,65+
2801,2022-01-11,,Production Technician I,Kiara Herman,devon.shannon@bilearner.com,MSC,Active,Full-Time,Zone C,Temporary,Unk,Active Employee,Production       ,Field Operations,MA,Tower Hand,Male,97933,White,Divorced,Fully Meets,5,0,Devon Shannon,,Unknown
2802,2020-11-15,,Production Technician I,Meghan Morrison DDS,lucy.harrington@bilearner.com,NEL,Active,Contract,Zone C,Part-Time,Unk,Active Employee,Production       ,General - Con,MA,Technician,Female,56662,White,Married,Fully Meets,4,0,Lucy Harrington,49.0,45-54
2803,2020-05-08,,Production Technician I,Brittany Fisher,rebecca.francis@bilearner.com,PL,Active,Part-Time,Zone B,Part-Time,Unk,Active Employee,Production       ,General - Con,MA,Foreman,Female,13566,Asian,Married,Fully Meets,5,0,Rebecca Francis,61.0,55-64
2804,2019-03-10,,Production Technician II,Scott Brady,salma.frederick@bilearner.com,SVG,Active,Part-Time,Zone B,Full-Time,Unk,Active Employee,Production       ,Project Management - Con,MA,Coordinator,Male,4554,Hispanic,Married,Fully Meets,4,0,Salma Frederick,73.0,65+
2805,2022-04-19,,Production Technician II,Charlotte Clark,avery.vance@bilearner.com,TNS,Active,Full-Time,Zone C,Part-Time,Unk,Active Employee,Production       ,Field Operations,MA,Driver,Male,19835,White,Widowed,Fully Meets,1,0,Avery Vance,,Unknown
2806,2019-11-30,,Production Technician II,Rebecca Stanley,stephany.jenkins@bilearner.com,WBL,Active,Full-Time,Zone A,Part-Time,Unk,Active Employee,Production       ,Catv,MA,Supervisor,Female,47920,Asian,Divorced,Fully Meets,2,0,Stephany Jenkins,,Unknown
2807,2021-07-06,2023-01-07,Production Technician II,Scott Brown,brian.kelly@bilearner.com,BPC,Voluntarily Terminated,Part-Time,Zone A,Part-Time,Involuntary,Standard stuff girl site.,Production       ,Wireline Construction,MA,Driver,Female,55399,White,Married,Fully Meets,2,1,Brian Kelly,,Unknown
2808,2018-11-27,,Production Technician II,Sharon Fox,keagan.villa@bilearner.com,CCDR,Active,Part-Time,Zone B,Temporary,Unk,Active Employee,Production       ,Billable Consultants,MA,Engineer,Female,35224,Asian,Divorced,Fully Meets,4,0,Keagan Villa,,Unknown
2809,2023-01-30,,Production Technician I,Robert Powers,kendra.foley@bilearner.com,WBL,Active,Full-Time,Zone C,Part-Time,Unk,Active Employee,Production       ,Splicing,MA,Splicer,Male,39078,Hispanic,Single,Fully Meets,2,0,Kendra Foley,,Unknown
2810,2022-11-17,2023-02-08,Production Technician I,Debra Phillips,jabari.stanton@bilearner.com,NEL,Active,Full-Time,Zone A,Part-Time,Resignation,Less boy reflect quickly health respond million.,Production       ,Field Operations,MA,Laborer,Male,72285,Other,Married,Fully Meets,4,1,Jabari Stanton,67.0,65+
2811,2018-08-13,2020-05-28,Production Technician I,David Holt,phoenix.farley@bilearner.com,PL,Active,Part-Time,Zone A,Full-Time,Voluntary,Material owner together travel so conference.,Production       ,Field Operations,MA,Laborer,Male,82960,Hispanic,Widowed,Fully Meets,2,1,Phoenix Farley,30.0,25-34
2812,2021-07-02,2023-07-09,Production Technician I,Lisa Ingram,aurora.bass@bilearner.com,BPC,Terminated for Cause,Part-Time,Zone B,Temporary,Resignation,Now should knowledge the turn toward natural.,Production       ,General - Eng,MA,Manager,Male,44272,White,Divorced,Fully Meets,4,1,Aurora Bass,,Unknown
2813,2022-06-28,,Production Technician I,Mr. Ryan Griffin,enrique.parks@bilearner.com,CCDR,Active,Contract,Zone B,Full-Time,Unk,Active Employee,Production       ,Wireline Construction,MA,Vp,Male,56124,Other,Single,Fully Meets,1,0,Enrique Parks,,Unknown
2814,2019-01-25,,Production Technician I,Michelle Woodard,kylie.cox@bilearner.com,SVG,Active,Part-Time,Zone A,Temporary,Unk,Active Employee,Production       ,Field Operations,MA,Technician,Male,19550,Hispanic,Single,Fully Meets,2,0,Kylie Cox,,Unknown
2815,2023-07-23,,Production Technician I,David Smith,luke.burke@bilearner.com,EW,Active,Contract,Zone C,Part-Time,Unk,Active Employee,Production       ,Project Management - Con,MA,Manager,Female,62651,Asian,Single,Fully Meets,4,0,Luke Burke,,Unknown
2816,2022-07-25,,Production Technician I,Jennifer Hernandez,ricardo.mcdonald@bilearner.com,MSC,Active,Full-Time,Zone C,Temporary,Unk,Active Employee,Production       ,General - Con,MA,Splicer,Female,15802,Black,Married,Fully Meets,5,0,Ricardo Mcdonald,34.0,25-34
2817,2023-01-11,,Production Technician I,Theresa Davis,camila.hodges@bilearner.com,TNS,Active,Contract,Zone A,Part-Time,Unk,Active Employee,Production       ,Field Operations,MA,Laborer,Male,79678,White,Widowed,Fully Meets,4,0,Camila Hodges,28.0,25-34
2818,2023-07-28,2023-07-30,Production Technician I,Dr. Wendy Lopez,tripp.sanders@bilearner.com,PYZ,Active,Part-Time,Zone B,Temporary,Involuntary,Traditional force look heart talk plan.,Production       ,Fielders,MA,Engineer,Male,9992,Hispanic,Single,Exceeds,2,1,Tripp Sanders,,Unknown
2819,2023-05-06,,Production Technician I,Heidi Williams,davin.wade@bilearner.com,WBL,Active,Full-Time,Zone C,Part-Time,Unk,Active Employee,Production       ,General - Con,MA,Flagger,Male,74805,White,Widowed,Fully Meets,4,0,Davin Wade,26.0,25-34
2820,2022-09-18,,Production Technician I,Eric Soto,pierce.bender@bilearner.com,NEL,Active,Full-Time,Zone C,Temporary,Unk,Active Employee,Production       ,Wireline Construction,MA,Laborer,Male,42750,Hispanic,Divorced,Fully Meets,2,0,Pierce Bender,47.0,45-54
2821,2019-09-08,2021-09-10,Production Technician I,Alfred Sanders,marin.mosley@bilearner.com,PL,Active,Full-Time,Zone B,Temporary,Retirement,Medical painting rich whole here.,Production       ,Field Operations,MA,Technician,Male,36681,Hispanic,Single,Fully Meets,2,1,Marin Mosley,,Unknown
2822,2019-08-30,,Production Technician I,Jerome Adams,barrett.sosa@bilearner.com,BPC,Active,Part-Time,Zone B,Part-Time,Unk,Active Employee,Production       ,Aerial,MA,Lineman,Female,87892,White,Divorced,Fully Meets,4,0,Barrett Sosa,,Unknown
2823,2023-05-22,,Production Technician I,Ariel Graham,eliezer.briggs@bilearner.com,CCDR,Active,Contract,Zone B,Part-Time,Unk,Active Employee,Production       ,General - Con,MA,Operator,Female,59827,White,Divorced,Fully Meets,2,0,Eliezer Briggs,41.0,35-44
2824,2021-03-02,,Production Technician II,Melinda Shaw,talan.garrett@bilearner.com,EW,Active,Part-Time,Zone A,Full-Time,Unk,Active Employee,Production       ,Wireline Construction,MA,Laborer,Male,3624,Hispanic,Widowed,Fully Meets,5,0,Talan Garrett,,Unknown
2825,2023-02-13,,Production Technician II,Elizabeth Brown,van.griffin@bilearner.com,MSC,Active,Full-Time,Zone C,Temporary,Unk,Active Employee,Production       ,Project Management - Eng,MA,Project Manager,Male,80760,Hispanic,Widowed,Fully Meets,4,0,Van Griffin,,Unknown
2826,2022-08-11,2022-12-01,Production Technician II,Jennifer Farmer,roger.kaufman@bilearner.com,TNS,Leave of Absence,Contract,Zone B,Full-Time,Involuntary,Prepare simply play edge.,Production       ,General - Con,MA,Technician,Female,96266,Hispanic,Married,Fully Meets,5,1,Roger Kaufman,,Unknown
2827,2020-02-19,2022-12-10,Production Technician II,Bruce Barber,ignacio.mcintyre@bilearner.com,PYZ,Voluntarily Terminated,Full-Time,Zone A,Full-Time,Involuntary,Decision fill total.,Production       ,Field Operations,MA,Driver,Female,23357,Other,Married,Fully Meets,4,1,Ignacio Mcintyre,46.0,45-54
2828,2021-10-15,2023-03-26,Production Technician II,Dennis Foster,jaydon.lambert@bilearner.com,WBL,Voluntarily Terminated,Full-Time,Zone A,Temporary,Retirement,Camera parent choose add edge product keep.,Production       ,Field Operations,MA,Technician,Female,95784,Black,Single,Fully Meets,2,1,Jaydon Lambert,82.0,65+
2829,2022-11-16,,Production Technician I,Ryan Kelly,serenity.carlson@bilearner.com,WBL,Active,Part-Time,Zone B,Part-Time,Unk,Active Employee,Production       ,Engineers,MA,Director,Male,11197,Other,Single,Fully Meets,2,0,Serenity Carlson,,Unknown
2830,2022-06-30,2023-02-03,Production Technician I,Nathan Johnson,leslie.maynard@bilearner.com,NEL,Active,Full-Time,Zone B,Part-Time,Resignation,Big author those five today.,Production       ,General - Eng,MA,Administrative,Male,62490,White,Married,Fully Meets,1,1,Leslie Maynard,,Unknown
2831,2021-07-28,,Production Technician I,Philip Morris,craig.sherman@bilearner.com,PL,Active,Full-Time,Zone C,Full-Time,Unk,Active Employee,Production       ,Aerial,MA,Lineman,Male,20276,White,Widowed,Fully Meets,2,0,Craig Sherman,,Unknown
2832,2021-11-21,,Production Technician I,Felicia Gomez,lilyana.huffman@bilearner.com,BPC,Active,Contract,Zone C,Full-Time,Unk,Active Employee,Production       ,Field Operations,MA,Laborer,Male,31155,White,Married,Fully Meets,5,0,Lilyana Huffman,51.0,45-54
2833,2020-10-12,,Production Technician I,Sandy Wilson,jacey.reeves@bilearner.com,CCDR,Active,Contract,Zone A,Full-Time,Unk,Active Employee,Production       ,General - Con,MA,Laborer,Male,11072,Asian,Married,Fully Meets,2,0,Jacey Reeves,,Unknown
2834,2018-10-02,2020-09-17,Production Technician I,Bonnie Bell,madyson.silva@bilearner.com,SVG,Active,Full-Time,Zone A,Full-Time,Involuntary,Be minute last meet former. Rich her account top.,Production       ,General - Con,MA,Technician,Female,95191,Asian,Divorced,Fully Meets,5,1,Madyson Silva,,Unknown
2835,2021-07-17,2023-02-27,Production Technician I,Jonathan Stephens,liberty.poole@bilearner.com,EW,Active,Contract,Zone C,Part-Time,Resignation,Need either go.,Production       ,Engineers,MA,Project Manager,Female,81501,White,Divorced,Fully Meets,5,1,Liberty Poole,31.0,25-34
2836,2022-04-13,,Production Technician I,Michael Horton,antonio.romero@bilearner.com,MSC,Active,Contract,Zone C,Part-Time,Unk,Active Employee,Production       ,Catv,MA,Lineman,Female,8731,Black,Divorced,Fully Meets,2,0,Antonio Romero,38.0,35-44
2837,2021-03-20,2023-02-18,Production Technician I,Eric Young,jaylen.butler@bilearner.com,TNS,Active,Part-Time,Zone C,Temporary,Involuntary,Administration field require.,Production       ,Splicing,MA,Intern,Male,32946,Asian,Single,Fully Meets,4,1,Jaylen Butler,82.0,65+
2838,2021-09-09,2021-11-05,Production Technician I,Michele Young,gloria.marks@bilearner.com,PYZ,Active,Part-Time,Zone A,Temporary,Voluntary,Bag physical goal will way against either.,Production       ,General - Sga,MA,Director,Male,93005,Black,Single,Fully Meets,5,1,Gloria Marks,,Unknown
2839,2019-12-06,2022-03-28,Production Technician I,Karen Espinoza,jaylee.cunningham@bilearner.com,WBL,Active,Part-Time,Zone C,Part-Time,Voluntary,Information step name three choose.,Production       ,General - Con,MA,Foreman,Male,72072,Black,Married,Fully Meets,1,1,Jaylee Cunningham,57.0,55-64
2840,2023-04-26,2023-05-19,Production Technician I,Yvonne Reilly,jordon.wyatt@bilearner.com,NEL,Active,Contract,Zone B,Part-Time,Voluntary,From continue left eye.,Production       ,Fielders,MA,Engineer,Male,74671,Hispanic,Divorced,Fully Meets,2,1,Jordon Wyatt,,Unknown
2841,2019-04-06,,Production Technician I,David Ball,darien.doyle@bilearner.com,PL,Active,Contract,Zone B,Temporary,Unk,Active Employee,Production       ,General - Con,MA,Foreman,Male,6774,Hispanic,Married,Fully Meets,5,0,Darien Doyle,,Unknown
2842,2020-10-19,2023-02-28,Production Technician I,Dr. Terry Young,ryan.rollins@bilearner.com,BPC,Voluntarily Terminated,Part-Time,Zone B,Temporary,Voluntary,Region easy at much couple week on.,Production       ,General - Con,MA,Laborer,Female,90492,Black,Widowed,Fully Meets,1,1,Ryan Rollins,,Unknown
2843,2021-11-22,,Production Technician II,Raymond Johnson,manuel.haley@bilearner.com,SVG,Active,Full-Time,Zone C,Temporary,Unk,Active Employee,Production       ,General - Con,MA,Technician,Male,31013,Black,Married,Fully Meets,1,0,Manuel Haley,84.0,65+
2844,2020-12-30,2023-07-25,Production Technician II,Anthony Saunders,litzy.lloyd@bilearner.com,TNS,Leave of Absence,Contract,Zone A,Part-Time,Retirement,Process firm life from final medical.,Production       ,Engineers,MA,Technician,Male,31828,Asian,Widowed,Fully Meets,5,1,Litzy Lloyd,84.0,65+
2845,2020-09-03,,Production Technician II,Nancy Newman,jett.york@bilearner.com,WBL,Active,Full-Time,Zone B,Part-Time,Unk,Active Employee,Production       ,General - Con,MA,Foreman,Female,60312,White,Single,Fully Meets,4,0,Jett York,,Unknown
2846,2019-10-14,2022-08-19,Production Technician II,Robin Jones,natalia.bush@bilearner.com,BPC,Voluntarily Terminated,Contract,Zone C,Full-Time,Resignation,Million the fire begin truth language.,Production       ,Wireless,MA,Technician,Female,31642,White,Divorced,Fully Meets,5,1,Natalia Bush,71.0,65+
2847,2021-02-19,2021-09-18,Production Technician II,Jessica Saunders,mallory.carey@bilearner.com,CCDR,Future Start,Part-Time,Zone C,Full-Time,Involuntary,Oil at Mr hotel. Same recently leg officer.,Production       ,Underground,MA,Laborer,Female,81717,Black,Married,Fully Meets,2,1,Mallory Carey,,Unknown
2848,2022-03-13,2022-09-02,Production Technician I,Willie Compton,pierre.tate@bilearner.com,BPC,Terminated for Cause,Full-Time,Zone A,Temporary,Involuntary,Perhaps system its answer small.,Production       ,Project Management - Con,MA,Project Manager,Male,59518,White,Single,Exceeds,1,1,Pierre Tate,,Unknown
2849,2018-10-02,,Production Technician I,Andrew Thomas,shannon.hurst@bilearner.com,CCDR,Active,Part-Time,Zone C,Full-Time,Unk,Active Employee,Production       ,General - Con,MA,Technician,Male,4583,Hispanic,Single,Fully Meets,5,0,Shannon Hurst,,Unknown
2850,2022-10-06,2022-10-16,Production Technician I,Victoria Williams,carleigh.schultz@bilearner.com,EW,Active,Full-Time,Zone C,Part-Time,Retirement,Stand until high true effort kid.,Production       ,General - Con,MA,Technician,Male,6816,Hispanic,Divorced,Exceeds,1,1,Carleigh Schultz,,Unknown
2851,2020-09-21,,Production Technician I,Stephanie Gonzalez,rihanna.briggs@bilearner.com,MSC,Active,Full-Time,Zone B,Part-Time,Unk,Active Employee,Production       ,Field Operations,MA,Construction Manager,Male,26839,Black,Divorced,Fully Meets,4,0,Rihanna Briggs,59.0,55-64
2852,2021-12-06,,Production Technician I,Brianna Butler,eden.levy@bilearner.com,NEL,Active,Part-Time,Zone C,Temporary,Unk,Active Employee,Production       ,Field Operations,MA,Laborer,Male,87984,Other,Widowed,Fully Meets,1,0,Eden Levy,,Unknown
2853,2022-11-16,2023-03-21,Production Technician I,Donald Hamilton,nathanial.davis@bilearner.com,PL,Terminated for Cause,Contract,Zone B,Part-Time,Voluntary,Population let responsibility.,Production       ,General - Con,MA,Operator,Male,70147,Other,Widowed,Needs Improvement,5,1,Nathanial Davis,32.0,25-34
2854,2022-08-02,2023-07-27,Production Technician I,Amber Adams,eileen.beard@bilearner.com,PYZ,Active,Part-Time,Zone A,Full-Time,Resignation,Serious ball together lot body tonight artist.,Production       ,Executive,MA,Executive,Female,76409,Hispanic,Married,Needs Improvement,2,1,Eileen Beard,,Unknown
2855,2022-01-19,,Production Technician I,Michael Armstrong,kale.potter@bilearner.com,SVG,Active,Part-Time,Zone C,Full-Time,Unk,Active Employee,Production       ,Field Operations,MA,Clerk,Female,75727,Black,Single,Needs Improvement,4,0,Kale Potter,,Unknown
2856,2022-04-09,,Production Technician I,Thomas Lewis,sage.boyer@bilearner.com,TNS,Active,Full-Time,Zone A,Temporary,Unk,Active Employee,Production       ,Sales & Marketing,MA,Director,Female,14553,White,Married,Needs Improvement,5,0,Sage Boyer,,Unknown
2857,2019-07-19,2022-08-08,Production Technician I,Christina Young,dane.owens@bilearner.com,WBL,Active,Full-Time,Zone A,Part-Time,Involuntary,Create research source close.,Production       ,General - Con,MA,Laborer,Male,93847,White,Single,Fully Meets,2,1,Dane Owens,52.0,45-54
2858,2021-09-02,2022-11-14,Production Technician I,Kayla Chavez,colin.simpson@bilearner.com,BPC,Active,Full-Time,Zone C,Temporary,Retirement,According foot decade argue poor hair.,Production       ,Engineers,MA,Engineer,Male,22983,Other,Married,Fully Meets,5,1,Colin Simpson,,Unknown
2859,2019-02-01,,Production Technician I,Tracey Turner,rachel.buckley@bilearner.com,CCDR,Active,Full-Time,Zone C,Part-Time,Unk,Active Employee,Production       ,Field Operations,MA,Engineer,Male,36227,Other,Divorced,Needs Improvement,2,0,Rachel Buckley,81.0,65+
2860,2023-04-13,2023-05-26,Production Technician I,Michelle Murphy,maria.cameron@bilearner.com,EW,Active,Part-Time,Zone C,Part-Time,Voluntary,Look dark travel herself election college what.,Production       ,General - Con,MA,Laborer,Male,54190,Black,Married,Fully Meets,2,1,Maria Cameron,,Unknown
2861,2018-10-06,,Production Technician I,Sharon Jones,judith.savage@bilearner.com,MSC,Active,Full-Time,Zone C,Full-Time,Unk,Active Employee,Production       ,General - Con,MA,Technician,Male,31403,White,Widowed,Fully Meets,2,0,Judith Savage,,Unknown
2862,2020-03-24,2022-03-24,Production Technician II,Tony Spears,randall.west@bilearner.com,SVG,Active,Part-Time,Zone B,Part-Time,Voluntary,Explain threat effort exist send sort dog.,Production       ,Engineers,MA,Engineer,Male,13985,Other,Single,Fully Meets,4,1,Randall West,,Unknown
2863,2021-10-08,,Production Technician II,April Sutton,caitlin.palmer@bilearner.com,EW,Active,Full-Time,Zone B,Temporary,Unk,Active Employee,Production       ,Yard (Material Handling),MA,Coordinator,Male,14407,Other,Widowed,Needs Improvement,4,0,Caitlin Palmer,83.0,65+
2864,2022-05-16,,Production Technician II,Jeffrey Robinson,luke.heath@bilearner.com,MSC,Active,Part-Time,Zone B,Full-Time,Unk,Active Employee,Production       ,Field Operations,MA,Technician,Male,37065,Asian,Single,Fully Meets,2,0,Luke Heath,,Unknown
2865,2022-05-10,2022-10-17,Production Technician II,Jeremy Frey,esperanza.horne@bilearner.com,TNS,Voluntarily Terminated,Part-Time,Zone C,Part-Time,Voluntary,This fly moment arm realize weight partner.,Production       ,General - Con,MA,Foreman,Female,26583,White,Divorced,Fully Meets,1,1,Esperanza Horne,,Unknown
2866,2021-11-16,,Production Technician II,Danielle Rangel,jadon.mata@bilearner.com,BPC,Active,Part-Time,Zone C,Temporary,Unk,Active Employee,Production       ,Field Operations,MA,Driller,Female,49151,Hispanic,Single,Fully Meets,2,0,Jadon Mata,75.0,65+
2867,2019-02-25,,Production Technician II,Matthew Payne,gillian.hawkins@bilearner.com,CCDR,Active,Part-Time,Zone A,Temporary,Unk,Active Employee,Production       ,Technology / It,MA,Manager,Female,75033,White,Single,Fully Meets,2,0,Gillian Hawkins,,Unknown
2868,2022-07-01,,Production Technician I,Christopher Clark,lisa.griffin@bilearner.com,TNS,Active,Full-Time,Zone A,Temporary,Unk,Active Employee,Production       ,Executive,MA,Vp,Male,64530,Black,Married,Fully Meets,5,0,Lisa Griffin,,Unknown
2869,2022-12-17,,Production Technician I,Emily Williamson,nelson.carpenter@bilearner.com,PYZ,Active,Contract,Zone A,Full-Time,Unk,Active Employee,Production       ,Aerial,MA,Lineman,Male,53404,Black,Widowed,Fully Meets,2,0,Nelson Carpenter,,Unknown
2870,2023-07-26,2023-07-31,Production Technician I,David Mccormick,sanai.sweeney@bilearner.com,WBL,Active,Part-Time,Zone B,Part-Time,Retirement,Professor anyone example never.,Production       ,Sales & Marketing,MA,Vp,Male,32806,Black,Married,Fully Meets,4,1,Sanai Sweeney,76.0,65+
2871,2022-03-11,2022-08-02,Production Technician I,Christina Smith,tania.taylor@bilearner.com,NEL,Active,Contract,Zone A,Part-Time,Resignation,Nothing it prepare imagine big.,Production       ,Catv,MA,Project Manager,Male,46150,Hispanic,Divorced,Fully Meets,5,1,Tania Taylor,,Unknown
2872,2020-06-29,2021-05-20,Production Technician I,Steven Myers,greta.horne@bilearner.com,PL,Active,Contract,Zone B,Full-Time,Voluntary,Certain nation hot sense enjoy.,Production       ,Wireline Construction,MA,Operator,Male,97145,Hispanic,Married,Fully Meets,2,1,Greta Horne,59.0,55-64
2873,2022-03-28,,Production Technician I,Scott Brown,jordyn.snyder@bilearner.com,BPC,Active,Part-Time,Zone A,Full-Time,Unk,Active Employee,Production       ,Field Operations,MA,Supervisor,Male,92640,Hispanic,Divorced,Fully Meets,4,0,Jordyn Snyder,28.0,25-34
2874,2022-02-14,,Production Technician I,Tracy Scott,alex.collins@bilearner.com,CCDR,Active,Part-Time,Zone A,Full-Time,Unk,Active Employee,Production       ,Fielders,MA,Engineer,Male,26011,White,Divorced,Fully Meets,1,0,Alex Collins,73.0,65+
2875,2020-12-25,2021-09-13,Production Technician I,Wanda Murray,harley.walker@bilearner.com,SVG,Active,Full-Time,Zone C,Temporary,Involuntary,Keep many else little argue full the.,Production       ,General - Con,MA,Administrative,Female,60773,Black,Divorced,Fully Meets,4,1,Harley Walker,45.0,35-44
2876,2023-04-27,,Production Technician I,Kim Berry,luka.novak@bilearner.com,EW,Active,Part-Time,Zone A,Temporary,Unk,Active Employee,Production       ,Field Operations,MA,Warehouse Technician,Female,91201,Asian,Divorced,Fully Meets,4,0,Luka Novak,69.0,65+
2877,2022-11-11,2022-12-07,Production Technician I,Emily Jennings,skylar.riggs@bilearner.com,MSC,Active,Contract,Zone B,Part-Time,Resignation,Food fire property exist southern audience.,Production       ,Project Management - Con,MA,Manager,Female,51590,Asian,Widowed,Fully Meets,2,1,Skylar Riggs,,Unknown
2878,2021-05-04,2021-10-12,Production Technician I,Michael Hopkins,shania.barrera@bilearner.com,TNS,Active,Part-Time,Zone A,Part-Time,Resignation,Back worker why young worry human.,Production       ,General - Sga,MA,Contracts,Male,26501,Black,Married,Fully Meets,2,1,Shania Barrera,69.0,65+
2879,2018-12-20,,Production Technician I,Cory Freeman,trystan.fernandez@bilearner.com,PYZ,Active,Full-Time,Zone A,Full-Time,Unk,Active Employee,Production       ,Executive,MA,Vp,Male,97759,Black,Married,Fully Meets,2,0,Trystan Fernandez,,Unknown
2880,2021-06-11,2022-12-03,Production Technician I,Rodney Grant,aimee.berg@bilearner.com,WBL,Active,Contract,Zone A,Temporary,Retirement,Produce seek result he political alone form.,Production       ,General - Con,MA,Safety Manager,Female,89647,Black,Single,Fully Meets,4,1,Aimee Berg,,Unknown
2881,2023-06-07,,Production Technician I,Marcus Lloyd,kyson.scott@bilearner.com,NEL,Active,Contract,Zone B,Full-Time,Unk,Active Employee,Production       ,Field Operations,MA,Laborer,Male,19510,Asian,Divorced,Fully Meets,4,0,Kyson Scott,,Unknown
2882,2019-05-21,2020-01-05,Production Technician I,Peter Norton,lamar.kirk@bilearner.com,PL,Voluntarily Terminated,Part-Time,Zone B,Full-Time,Retirement,Since step style stage sound it.,Production       ,Shop (Fleet),MA,Welder,Male,85827,Asian,Widowed,Fully Meets,4,1,Lamar Kirk,,Unknown
2883,2019-03-01,,Production Technician II,Ashley Pearson,slade.lynn@bilearner.com,CCDR,Active,Part-Time,Zone C,Full-Time,Unk,Active Employee,Production       ,General - Con,MA,Operator,Male,74091,Hispanic,Married,Fully Meets,4,0,Slade Lynn,66.0,65+
2884,2022-02-26,,Production Technician II,Larry Lewis,riley.leon@bilearner.com,SVG,Active,Part-Time,Zone A,Part-Time,Unk,Active Employee,Production       ,Wireline Construction,MA,Technician,Male,76359,Other,Married,Fully Meets,2,0,Riley Leon,,Unknown
2885,2022-04-14,2022-10-10,Production Technician II,Kelli Blair,humberto.yoder@bilearner.com,EW,Leave of Absence,Full-Time,Zone B,Part-Time,Voluntary,Partner fact hand bag management woman.,Production       ,Field Operations,MA,Groundman,Male,61247,Asian,Single,Fully Meets,1,1,Humberto Yoder,,Unknown
2886,2020-08-06,,Production Technician II,Terry Bautista,michelle.pearson@bilearner.com,MSC,Active,Contract,Zone A,Temporary,Unk,Active Employee,Production       ,Field Operations,MA,Supervisor,Male,93231,Asian,Married,Fully Meets,2,0,Michelle Pearson,,Unknown
2887,2020-01-28,2022-02-15,Production Technician II,Dylan Allen,natalya.reyes@bilearner.com,TNS,Voluntarily Terminated,Full-Time,Zone A,Temporary,Voluntary,Kind thank nothing say cold stop bill science.,Production       ,Shop (Fleet),MA,Shop,Female,22862,Black,Married,Fully Meets,5,1,Natalya Reyes,,Unknown
2888,2021-04-17,2022-03-18,Production Technician II,Thomas Reed,celia.mcpherson@bilearner.com,PYZ,Future Start,Contract,Zone A,Temporary,Retirement,Stock usually public summer expert.,Production       ,Wireless,MA,Foreman,Female,74469,White,Widowed,Fully Meets,5,1,Celia Mcpherson,,Unknown
2889,2019-09-29,2023-06-28,Production Technician II,Brian Castillo,matias.barton@bilearner.com,WBL,Future Start,Part-Time,Zone A,Temporary,Resignation,Such minute might federal college.,Production       ,Fielders,MA,Engineer,Female,53693,Hispanic,Single,Fully Meets,1,1,Matias Barton,,Unknown
2890,2022-10-07,,Production Technician I,Christopher Ball,caitlyn.vaughan@bilearner.com,TNS,Active,Full-Time,Zone A,Full-Time,Unk,Active Employee,Production       ,General - Sga,MA,Director,Male,89622,Black,Single,Fully Meets,2,0,Caitlyn Vaughan,,Unknown
2891,2021-08-11,2021-11-07,Production Technician I,Andrew Bass,addyson.pollard@bilearner.com,PYZ,Active,Contract,Zone A,Temporary,Resignation,House gun series live environmental.,Production       ,Wireline Construction,MA,Laborer,Male,7700,Black,Widowed,Fully Meets,1,1,Addyson Pollard,,Unknown
2892,2021-04-10,2022-11-01,Production Technician I,Gregory Lee,laila.wiggins@bilearner.com,WBL,Active,Contract,Zone A,Full-Time,Resignation,Sure truth clear father experience can.,Production       ,Catv,MA,Lineman,Male,26250,Hispanic,Divorced,Fully Meets,2,1,Laila Wiggins,66.0,65+
2893,2022-02-24,,Production Technician I,Tasha Porter,terrance.wiggins@bilearner.com,NEL,Active,Full-Time,Zone A,Temporary,Unk,Active Employee,Production       ,Field Operations,MA,Foreman,Male,73855,White,Divorced,Fully Meets,2,0,Terrance Wiggins,,Unknown
2894,2022-07-01,,Production Technician I,Michael Jenkins,aliza.pace@bilearner.com,PL,Active,Part-Time,Zone B,Full-Time,Unk,Active Employee,Production       ,Field Operations,MA,Foreman,Male,34327,White,Single,Fully Meets,4,0,Aliza Pace,,Unknown
2895,2023-04-04,2023-06-20,Production Technician I,Darlene Chambers,mauricio.stein@bilearner.com,BPC,Terminated for Cause,Full-Time,Zone A,Temporary,Voluntary,Baby growth reality western director.,Production       ,Field Operations,MA,Top Hand,Male,9647,Asian,Married,Fully Meets,2,1,Mauricio Stein,28.0,25-34
2896,2021-10-25,,Production Technician I,Stephanie Hill,gia.winters@bilearner.com,CCDR,Active,Full-Time,Zone B,Part-Time,Unk,Active Employee,Production       ,Field Operations,MA,Laborer,Male,68059,Other,Divorced,Fully Meets,4,0,Gia Winters,,Unknown
2897,2022-03-04,2023-07-02,Production Technician I,Melissa Young,aidyn.cuevas@bilearner.com,SVG,Active,Full-Time,Zone C,Part-Time,Voluntary,Theory war statement international anyone.,Production       ,Field Operations,MA,Mechanic,Female,48860,Hispanic,Widowed,Fully Meets,4,1,Aidyn Cuevas,63.0,55-64
2898,2019-12-20,,Production Technician I,Kenneth Vaughn,angel.santos@bilearner.com,EW,Active,Contract,Zone A,Full-Time,Unk,Active Employee,Production       ,Field Operations,MA,Coordinator,Female,53945,Other,Single,Fully Meets,4,0,Angel Santos,39.0,35-44
2899,2020-09-11,2022-03-31,Production Technician I,Mercedes Cervantes,johnathan.huerta@bilearner.com,MSC,Active,Part-Time,Zone B,Part-Time,Resignation,May evidence race million response need I.,Production       ,Project Management - Con,MA,Coordinator,Male,26846,Other,Single,Fully Meets,5,1,Johnathan Huerta,,Unknown
2900,2021-10-31,2023-07-12,Production Technician I,Christine Owens,katelyn.garner@bilearner.com,TNS,Active,Part-Time,Zone B,Temporary,Resignation,Bar poor finish culture movie despite.,Production       ,General - Con,MA,Locator,Male,32806,White,Widowed,Exceeds,2,1,Katelyn Garner,74.0,65+
2901,2018-10-21,2019-04-24,Production Technician I,Yesenia Hawkins,deshawn.ayers@bilearner.com,PYZ,Active,Part-Time,Zone A,Part-Time,Involuntary,Although allow describe school meet argue office.,Production       ,Wireline Construction,MA,Foreman,Female,52065,White,Single,Fully Meets,4,1,Deshawn Ayers,,Unknown
2902,2021-01-07,,Production Technician I,Rebekah Jordan,siena.meadows@bilearner.com,WBL,Active,Part-Time,Zone B,Part-Time,Unk,Active Employee,Production       ,Field Operations,MA,Laborer,Female,34499,Black,Widowed,Fully Meets,1,0,Siena Meadows,65.0,55-64
2903,2023-02-09,2023-05-07,Production Technician I,Christine Johnson,presley.padilla@bilearner.com,NEL,Active,Part-Time,Zone A,Full-Time,Resignation,Record your institution south stop play.,Production       ,Engineers,MA,Engineer,Male,14416,Asian,Single,Needs Improvement,5,1,Presley Padilla,,Unknown
2904,2020-02-15,2020-10-20,Production Technician I,William Livingston,marquis.atkinson@bilearner.com,PL,Voluntarily Terminated,Full-Time,Zone A,Part-Time,Retirement,Feel individual dog in sort product.,Production       ,Project Management - Con,MA,Technician,Female,84227,Other,Widowed,Exceeds,4,1,Marquis Atkinson,80.0,65+
2905,2022-10-14,,Production Technician II,Stacy Schmidt,gillian.williams@bilearner.com,PL,Active,Full-Time,Zone C,Full-Time,Unk,Active Employee,Production       ,Yard (Material Handling),MA,Warehouse,Male,96294,Asian,Divorced,Fully Meets,1,0,Gillian Williams,53.0,45-54
2906,2018-10-02,,Production Technician II,Anthony Mcguire,anabel.hanna@bilearner.com,PYZ,Active,Contract,Zone B,Part-Time,Unk,Active Employee,Production       ,Field Operations,MA,Technician,Male,87232,Asian,Divorced,Needs Improvement,5,0,Anabel Hanna,47.0,45-54
2907,2020-06-22,,Production Technician II,Timothy Clark,celeste.branch@bilearner.com,SVG,Active,Full-Time,Zone C,Part-Time,Unk,Active Employee,Production       ,Yard (Material Handling),MA,Supervisor,Male,38430,White,Widowed,Needs Improvement,4,0,Celeste Branch,64.0,55-64
2908,2021-03-19,,Production Technician II,Katherine Banks,shyanne.cooper@bilearner.com,TNS,Active,Contract,Zone C,Temporary,Unk,Active Employee,Production       ,Project Management - Con,MA,Coordinator,Male,49657,Asian,Single,Exceeds,1,0,Shyanne Cooper,46.0,45-54
2909,2019-03-28,,Production Technician II,Michael Kim,nancy.barrett@bilearner.com,WBL,Active,Full-Time,Zone C,Part-Time,Unk,Active Employee,Production       ,Field Operations,MA,Laborer,Female,45022,Hispanic,Single,Needs Improvement,1,0,Nancy Barrett,85.0,65+
2910,2022-05-01,,Production Technician II,Elizabeth Jones,ronan.burke@bilearner.com,BPC,Active,Part-Time,Zone A,Full-Time,Unk,Active Employee,Production       ,Field Operations,MA,Laborer,Female,89600,White,Divorced,Exceeds,1,0,Ronan Burke,80.0,65+
2911,2018-08-07,,Production Technician I,Kenneth Moore,estrella.ho@bilearner.com,TNS,Active,Part-Time,Zone A,Full-Time,Unk,Active Employee,Production       ,Finance & Accounting,MA,Administrative,Male,3468,Asian,Divorced,Exceeds,2,0,Estrella Ho,,Unknown
2912,2022-05-01,,Production Technician I,William Nichols,conor.petty@bilearner.com,PYZ,Active,Full-Time,Zone C,Temporary,Unk,Active Employee,Production       ,Project Management - Con,MA,Field Project Manager,Male,72466,Black,Widowed,Needs Improvement,4,0,Conor Petty,,Unknown
2913,2019-12-03,,Production Technician I,Jessica Brown,cheyanne.munoz@bilearner.com,WBL,Active,Full-Time,Zone B,Part-Time,Unk,Active Employee,Production       ,Splicing,MA,Splicer,Male,70198,Hispanic,Divorced,Needs Improvement,2,0,Cheyanne Munoz,,Unknown
2914,2020-01-02,2023-08-03,Production Technician I,Thomas Frederick,jaycee.osborn@bilearner.com,NEL,Active,Full-Time,Zone C,Part-Time,Retirement,Become cell want page fight.,Production       ,Splicing,MA,Laborer,Male,56864,Hispanic,Widowed,Exceeds,2,1,Jaycee Osborn,54.0,45-54
2915,2022-04-30,2023-08-02,Production Technician I,James Smith,jordyn.patel@bilearner.com,PL,Terminated for Cause,Full-Time,Zone B,Part-Time,Involuntary,Or tax believe thank cell.,Production       ,Field Operations,MA,Technician,Male,14468,Asian,Widowed,Exceeds,1,1,Jordyn Patel,34.0,25-34
2916,2020-07-04,2021-03-07,Production Technician I,Crystal Jones,michael.acosta@bilearner.com,BPC,Terminated for Cause,Part-Time,Zone C,Temporary,Resignation,Ask audience become still building.,Production       ,General - Sga,MA,Administrator,Male,92604,White,Single,Needs Improvement,2,1,Michael Acosta,,Unknown
2917,2020-02-05,,Production Technician I,Amy Pearson,janiah.ball@bilearner.com,CCDR,Active,Contract,Zone A,Part-Time,Unk,Active Employee,Production       ,Field Operations,MA,Technician,Male,79382,Other,Widowed,Exceeds,4,0,Janiah Ball,,Unknown
2918,2018-12-22,2022-07-21,Production Technician I,Emma Wilson,brice.medina@bilearner.com,SVG,Active,Part-Time,Zone B,Full-Time,Retirement,Organization walk against question.,Production       ,Field Operations,MA,Lineman,Female,2719,Black,Widowed,Exceeds,4,1,Brice Medina,47.0,45-54
2919,2019-04-21,,Production Technician I,Mark Adkins,ismael.bowers@bilearner.com,EW,Active,Full-Time,Zone A,Part-Time,Unk,Active Employee,Production       ,Field Operations,MA,Administrative,Female,29718,White,Single,Needs Improvement,5,0,Ismael Bowers,38.0,35-44
2920,2020-04-03,,Production Technician I,Gregory Palmer,caden.silva@bilearner.com,MSC,Active,Full-Time,Zone A,Part-Time,Unk,Active Employee,Production       ,Field Operations,MA,Technician,Male,80589,Hispanic,Single,Exceeds,5,0,Caden Silva,67.0,65+
2921,2018-09-22,2019-10-10,Production Technician I,Stephanie Perez,yadira.dean@bilearner.com,TNS,Active,Full-Time,Zone B,Part-Time,Retirement,Unit develop chance scene court.,Production       ,Aerial,MA,Lineman,Female,66834,Asian,Divorced,Exceeds,2,1,Yadira Dean,69.0,65+
2922,2022-10-14,2023-07-06,Production Technician I,Carolyn Campbell,miles.roberts@bilearner.com,BPC,Active,Part-Time,Zone B,Full-Time,Involuntary,Rest hard air. Left me ready nature test mission.,Production       ,General - Con,MA,Laborer,Female,69281,Other,Married,Exceeds,5,1,Miles Roberts,,Unknown
2923,2022-02-12,2022-09-22,Production Technician I,Norma Parker,joel.spence@bilearner.com,CCDR,Active,Part-Time,Zone A,Part-Time,Voluntary,Test you set carry human kind.,Production       ,Field Operations,MA,Technician,Female,79321,White,Married,Needs Improvement,4,1,Joel Spence,46.0,45-54
2924,2021-03-23,2023-07-20,Production Technician I,Anna Ashley,kole.garrison@bilearner.com,EW,Voluntarily Terminated,Contract,Zone B,Part-Time,Retirement,Wrong practice hold serve image.,Production       ,Field Operations,MA,Foreman,Male,84575,Asian,Married,Exceeds,5,1,Kole Garrison,,Unknown
2925,2018-08-30,2021-07-11,Production Technician II,Monica Jackson,kaylin.andersen@bilearner.com,CCDR,Active,Part-Time,Zone B,Temporary,Involuntary,New arm manage.,Production       ,General - Sga,MA,Administrator,Male,65881,Other,Divorced,Exceeds,4,1,Kaylin Andersen,,Unknown
2926,2022-12-10,2023-07-02,Production Technician II,Sandy Jones,yareli.valdez@bilearner.com,SVG,Leave of Absence,Part-Time,Zone B,Temporary,Voluntary,Official minute everyone level thing economic.,Production       ,Field Operations,MA,Driver,Male,27671,Black,Widowed,Needs Improvement,5,1,Yareli Valdez,27.0,25-34
2927,2023-02-04,2023-07-25,Production Technician II,Thomas Williams,rubi.sanford@bilearner.com,EW,Leave of Absence,Part-Time,Zone A,Part-Time,Voluntary,Create news use.,Production       ,General - Sga,MA,Supervisor,Male,53549,Black,Divorced,Exceeds,1,1,Rubi Sanford,,Unknown
2928,2021-01-10,,Production Technician II,Jeffrey Garcia,jayden.bolton@bilearner.com,MSC,Active,Full-Time,Zone B,Part-Time,Unk,Active Employee,Production       ,General - Con,MA,Lineman,Female,49168,Hispanic,Divorced,Fully Meets,5,0,Jayden Bolton,54.0,45-54
2929,2020-08-19,2021-11-14,Production Technician II,Richard Reynolds,izabella.watson@bilearner.com,TNS,Voluntarily Terminated,Full-Time,Zone B,Temporary,Voluntary,According if detail quality difficult.,Production       ,Field Operations,MA,Laborer,Female,70404,White,Widowed,Needs Improvement,2,1,Izabella Watson,40.0,35-44
2930,2023-04-21,,Production Technician II,Victoria Andersen,jon.galvan@bilearner.com,PYZ,Active,Part-Time,Zone A,Full-Time,Unk,Active Employee,Production       ,Wireless,MA,Supervisor,Female,13746,Black,Widowed,Exceeds,2,0,Jon Galvan,,Unknown
2931,2020-01-29,2021-01-09,Production Technician I,Sarah Cortez,halle.chan@bilearner.com,MSC,Terminated for Cause,Full-Time,Zone B,Temporary,Retirement,Sell first fill vote against.,Production       ,Field Operations,MA,Technician,Male,12946,Hispanic,Single,Exceeds,2,1,Halle Chan,57.0,55-64
2932,2021-08-19,2023-05-25,Production Technician I,Lynn Beasley DVM,braeden.moss@bilearner.com,TNS,Terminated for Cause,Part-Time,Zone A,Full-Time,Involuntary,Democrat stage daughter any own whom.,Production       ,Finance & Accounting,MA,Intern,Male,6449,Hispanic,Widowed,Fully Meets,4,1,Braeden Moss,,Unknown
2933,2021-03-18,,Production Technician I,Brandon Walter,fernando.mcdowell@bilearner.com,PYZ,Active,Full-Time,Zone A,Part-Time,Unk,Active Employee,Production       ,Wireline Construction,MA,Laborer,Male,52150,White,Single,Needs Improvement,1,0,Fernando Mcdowell,,Unknown
2934,2021-10-24,2022-08-29,Production Technician I,Diana Stewart,triston.ewing@bilearner.com,WBL,Active,Contract,Zone B,Temporary,Resignation,Ball total direction school.,Production       ,Field Operations,MA,Laborer,Male,63659,Asian,Widowed,Fully Meets,2,1,Triston Ewing,,Unknown
2935,2020-10-03,2023-05-06,Production Technician I,Christopher Martin,pablo.yates@bilearner.com,NEL,Active,Contract,Zone B,Part-Time,Involuntary,History record itself my customer mention tree.,Production       ,Wireline Construction,MA,Groundman,Male,6131,White,Divorced,Fully Meets,5,1,Pablo Yates,31.0,25-34
2936,2023-02-21,,Production Technician I,James Cole,jordan.hayes@bilearner.com,PL,Active,Contract,Zone C,Part-Time,Unk,Active Employee,Production       ,General - Con,MA,Lineman,Male,80724,Asian,Married,Needs Improvement,1,0,Jordan Hayes,,Unknown
2937,2020-08-01,,Production Technician I,Amy Dominguez,kianna.wilkerson@bilearner.com,BPC,Active,Contract,Zone A,Temporary,Unk,Active Employee,Production       ,Yard (Material Handling),MA,Supervisor,Male,53421,Black,Married,Needs Improvement,2,0,Kianna Wilkerson,,Unknown
2938,2023-01-08,2023-05-10,Production Technician I,Kenneth Powell,paul.steele@bilearner.com,CCDR,Active,Full-Time,Zone C,Full-Time,Involuntary,Enter fear pass wish.,Production       ,Aerial,MA,Lineman,Male,43780,White,Married,Needs Improvement,1,1,Paul Steele,54.0,45-54
2939,2022-07-26,2022-11-08,Production Technician I,Timothy Kidd,jason.moyer@bilearner.com,SVG,Active,Contract,Zone B,Full-Time,Resignation,Themselves huge Republican well feel land.,Production       ,General - Eng,MA,Administrative,Female,40426,Hispanic,Single,Needs Improvement,2,1,Jason Moyer,,Unknown
2940,2020-08-31,2023-06-09,Production Technician I,Dawn Stark,larissa.taylor@bilearner.com,EW,Active,Contract,Zone A,Part-Time,Resignation,Maintain all base produce.,Production       ,Yard (Material Handling),MA,Supervisor,Female,2982,Black,Single,Needs Improvement,5,1,Larissa Taylor,54.0,45-54
2941,2022-11-05,2023-02-22,Production Technician I,Lisa Griffin,aryanna.larson@bilearner.com,MSC,Active,Part-Time,Zone B,Full-Time,Involuntary,Least future seem head identify crime stock.,Production       ,Engineers,MA,Engineer,Male,16333,Hispanic,Divorced,Needs Improvement,2,1,Aryanna Larson,,Unknown
2942,2019-05-30,2020-01-08,Production Technician I,Susan Herrera,eliana.hammond@bilearner.com,TNS,Active,Full-Time,Zone C,Part-Time,Retirement,Answer today entire deep.,Production       ,General - Sga,MA,Technician,Female,21328,Black,Widowed,Needs Improvement,2,1,Eliana Hammond,77.0,65+
2943,2019-12-09,,Production Technician I,Julie Larson,adrien.krause@bilearner.com,PYZ,Active,Full-Time,Zone B,Part-Time,Unk,Active Employee,Production       ,General - Sga,MA,Laborer,Female,26651,Other,Single,Needs Improvement,2,0,Adrien Krause,,Unknown
2944,2019-05-10,,Production Technician I,Ryan Johnson,annie.galloway@bilearner.com,WBL,Active,Part-Time,Zone C,Part-Time,Unk,Active Employee,Production       ,General - Eng,MA,Engineer,Female,62663,Other,Widowed,Needs Improvement,1,0,Annie Galloway,74.0,65+
2945,2019-09-03,2022-03-18,Production Technician I,Emily King,kamryn.mckinney@bilearner.com,NEL,Voluntarily Terminated,Full-Time,Zone B,Temporary,Voluntary,Hand ready detail same seek know toward.,Production       ,Aerial,MA,Foreman,Male,26477,White,Widowed,Needs Improvement,4,1,Kamryn Mckinney,,Unknown
2946,2018-09-13,,Production Technician II,Gloria Taylor,dahlia.waller@bilearner.com,BPC,Active,Contract,Zone A,Full-Time,Unk,Active Employee,Production       ,Splicing,MA,Technician,Male,8439,Black,Divorced,Needs Improvement,2,0,Dahlia Waller,,Unknown
2947,2021-06-10,,Production Technician II,Mr. David Dudley,alonzo.bradley@bilearner.com,CCDR,Active,Part-Time,Zone C,Temporary,Unk,Active Employee,Production       ,Wireline Construction,MA,Foreman,Male,11214,Asian,Divorced,Fully Meets,1,0,Alonzo Bradley,,Unknown
2948,2019-10-08,2023-06-16,Production Technician II,Aaron Erickson,harley.soto@bilearner.com,SVG,Leave of Absence,Contract,Zone B,Temporary,Involuntary,Dog together state.,Production       ,Shop (Fleet),MA,Manager,Male,10150,Other,Single,Needs Improvement,2,1,Harley Soto,,Unknown
2949,2021-06-03,2023-04-14,Production Technician II,Roy Mora,belen.vasquez@bilearner.com,EW,Leave of Absence,Contract,Zone A,Temporary,Voluntary,Single media enjoy test ask effect air.,Production       ,Splicing,MA,Splicer,Female,92718,Hispanic,Single,Fully Meets,4,1,Belen Vasquez,69.0,65+
2950,2018-09-14,2019-01-04,Production Technician II,James Chapman,charlize.rocha@bilearner.com,MSC,Voluntarily Terminated,Part-Time,Zone C,Temporary,Involuntary,Past value city attorney could onto bed.,Production       ,People Services,MA,Manager,Female,75308,White,Married,Needs Improvement,4,1,Charlize Rocha,83.0,65+
2951,2019-05-26,,Production Technician II,Louis Griffith,aleena.david@bilearner.com,TNS,Active,Full-Time,Zone C,Part-Time,Unk,Active Employee,Production       ,General - Con,MA,Foreman,Female,16532,Black,Widowed,Fully Meets,2,0,Aleena David,83.0,65+
2952,2019-07-05,,Production Technician II,Michael Powell,bridger.alvarado@bilearner.com,PYZ,Active,Contract,Zone C,Full-Time,Unk,Active Employee,Production       ,General - Eng,MA,Technician,Female,16292,Black,Widowed,Fully Meets,4,0,Bridger Alvarado,,Unknown
2953,2019-11-05,,Production Technician I,Nicole Henderson,cannon.morgan@bilearner.com,TNS,Active,Full-Time,Zone B,Full-Time,Unk,Active Employee,Production       ,Field Operations,MA,Technician,Male,95723,Other,Widowed,Fully Meets,5,0,Cannon Morgan,,Unknown
2954,2019-07-22,2021-10-18,Production Technician I,Ryan Larson,weston.ramsey@bilearner.com,WBL,Active,Part-Time,Zone B,Part-Time,Voluntary,While still tend.,Production       ,Field Operations,MA,Coordinator,Female,10422,Black,Widowed,Fully Meets,2,1,Weston Ramsey,71.0,65+
2955,2020-09-21,2023-03-22,Production Technician I,Carly Rogers,adison.ray@bilearner.com,PYZ,Active,Full-Time,Zone A,Part-Time,Retirement,Loss factor protect pressure fight thank prevent.,Production       ,General - Con,MA,Technician,Male,17669,Other,Married,Fully Meets,1,1,Adison Ray,,Unknown
2956,2019-11-11,,Production Technician I,David Ali,aarav.espinoza@bilearner.com,WBL,Active,Part-Time,Zone C,Full-Time,Unk,Active Employee,Production       ,Engineers,MA,Project Manager,Male,51029,Hispanic,Widowed,Fully Meets,2,0,Aarav Espinoza,,Unknown
2957,2021-02-08,,Production Technician I,Katherine Blanchard,destiney.barry@bilearner.com,NEL,Active,Part-Time,Zone B,Temporary,Unk,Active Employee,Production       ,Field Operations,MA,Foreman,Male,58080,Hispanic,Single,Fully Meets,1,0,Destiney Barry,,Unknown
2958,2020-06-01,,Production Technician I,Dennis Simpson,ulises.herring@bilearner.com,PL,Active,Contract,Zone C,Full-Time,Unk,Active Employee,Production       ,People Services,MA,Administration,Male,8328,Black,Divorced,Fully Meets,4,0,Ulises Herring,81.0,65+
2959,2022-10-26,2022-11-01,Production Technician I,Mr. Justin Moore,marquis.cardenas@bilearner.com,BPC,Terminated for Cause,Part-Time,Zone A,Temporary,Resignation,Account between environmental section group.,Production       ,Aerial,MA,Lineman,Male,1015,Hispanic,Widowed,Fully Meets,2,1,Marquis Cardenas,,Unknown
2960,2019-02-12,2023-04-17,Production Technician I,Brett Davies,miya.cruz@bilearner.com,CCDR,Active,Full-Time,Zone C,Part-Time,Resignation,Vote respond prove return left strategy do blue.,Production       ,General - Con,MA,Technician,Female,30280,White,Divorced,Fully Meets,2,1,Miya Cruz,,Unknown
2961,2022-10-19,2023-07-22,Production Technician I,Susan Hahn,erin.floyd@bilearner.com,SVG,Active,Full-Time,Zone A,Full-Time,Voluntary,Production several care various seek.,Production       ,Field Operations,MA,Laborer,Female,24889,Asian,Divorced,Fully Meets,2,1,Erin Floyd,,Unknown
2962,2019-12-12,,Production Technician I,Olivia Cooper,gerald.johnston@bilearner.com,EW,Active,Full-Time,Zone A,Full-Time,Unk,Active Employee,Production       ,Engineers,MA,Technician,Female,2798,Hispanic,Single,Fully Meets,1,0,Gerald Johnston,44.0,35-44
2963,2021-11-29,,Production Technician I,Dr. Victoria Perry,kendrick.snyder@bilearner.com,MSC,Active,Full-Time,Zone B,Full-Time,Unk,Active Employee,Production       ,Field Operations,MA,Driver,Male,1654,Other,Married,Fully Meets,2,0,Kendrick Snyder,51.0,45-54
2964,2021-05-15,,Production Technician I,Elizabeth Fields,alyssa.proctor@bilearner.com,TNS,Active,Part-Time,Zone B,Full-Time,Unk,Active Employee,Production       ,Field Operations,MA,Driller,Female,88998,Other,Divorced,Fully Meets,2,0,Alyssa Proctor,68.0,65+
2965,2023-01-27,2023-05-06,Production Technician I,Gabriella Wilson,manuel.stout@bilearner.com,PYZ,Active,Contract,Zone B,Temporary,Involuntary,Why development even.,Production       ,Field Operations,MA,Driller,Female,90813,Hispanic,Divorced,Fully Meets,1,1,Manuel Stout,69.0,65+
2966,2020-07-03,2023-07-02,Production Technician I,Eric Houston,joanna.bradley@bilearner.com,WBL,Active,Full-Time,Zone A,Temporary,Voluntary,Practice school PM her help open tough.,Production       ,Aerial,MA,Laborer,Male,24429,White,Divorced,Fully Meets,4,1,Joanna Bradley,,Unknown
2967,2022-12-26,2023-06-25,Production Technician I,Paul Gonzalez,sade.smith@bilearner.com,NEL,Active,Full-Time,Zone A,Part-Time,Retirement,Defense Democrat threat professional month.,Production       ,Field Operations,MA,Administrator,Female,2130,Other,Married,Fully Meets,4,1,Sade Smith,43.0,35-44
2968,2018-12-23,,Production Technician I,Taylor Grant,lowan m.biden@bilearner.com,CCDR,Active,Part-Time,Zone B,Temporary,Unk,Active Employee,Production       ,General - Con,MA,Technician,Female,2027,Black,Single,Fully Meets,4,0,Lowan M Biden,45.0,35-44
2969,2020-09-28,2021-10-16,Production Technician II,Alexandra Riley,lauren.peters@bilearner.com,WBL,Voluntarily Terminated,Contract,Zone A,Part-Time,Voluntary,Because country common Republican perhaps garden.,Production       ,General - Con,MA,Laborer,Female,1886,Hispanic,Married,Fully Meets,2,1,Lauren Peters,,Unknown
2970,2020-09-16,2021-09-10,Production Technician I,Jennifer Munoz,shenice.gold@bilearner.com,MSC,Active,Full-Time,Zone B,Temporary,Voluntary,Control head ground agreement check ever.,Production       ,General - Con,MA,Clerk,Female,2451,Hispanic,Widowed,Fully Meets,5,1,Shenice Gold,,Unknown
2971,2020-02-09,2021-03-14,Production Technician II,Ian Jenkins,brigit.mccarthy@bilearner.com,TNS,Active,Contract,Zone C,Temporary,Involuntary,Sea marriage improve.,Production       ,Aerial,MA,Splicer,Female,2149,White,Divorced,Fully Meets,1,1,Brigit McCarthy,30.0,25-34
2972,2023-02-13,,Production Technician I,Summer Figueroa,cherly.robinson@bilearner.com,TNS,Active,Full-Time,Zone B,Part-Time,Unk,Active Employee,Production       ,General - Con,MA,Laborer,Female,1460,Other,Widowed,Fully Meets,1,0,Cherly Robinson,78.0,65+
2973,2019-12-01,,Production Technician I,Julia Poole,jacquelyn.williams@bilearner.com,SVG,Active,Part-Time,Zone C,Part-Time,Unk,Active Employee,Production       ,General - Con,MA,Flagger,Female,2109,Other,Married,Fully Meets,5,0,Jacquelyn Williams,,Unknown
2974,2022-11-04,,Production Technician I,Dawn Soto,kayla.peterson@bilearner.com,SVG,Active,Full-Time,Zone C,Part-Time,Unk,Active Employee,Production       ,Field Operations,MA,Laborer,Female,1749,Black,Single,Fully Meets,5,0,Kayla Peterson,81.0,65+
2975,2021-04-14,2022-06-22,Production Technician I,Kayla Reyes,bradley j.knapp@bilearner.com,WBL,Active,Full-Time,Zone A,Temporary,Voluntary,Work around personal cover reflect including.,Production       ,Billable Consultants,MA,Engineer,Male,1721,Asian,Married,Fully Meets,4,1,Bradley J Knapp,,Unknown
2976,2021-08-13,2021-10-12,Production Technician I,Jesse Bell,richard.newman@bilearner.com,TNS,Leave of Absence,Full-Time,Zone A,Temporary,Involuntary,Can end hear discuss.,Production       ,Field Operations,MA,Laborer,Male,2136,Hispanic,Divorced,Fully Meets,1,1,Richard Newman,,Unknown
2977,2020-08-28,,Production Technician II,Phillip Hoffman,benjamin.burkett@bilearner.com,NEL,Active,Part-Time,Zone A,Temporary,Unk,Active Employee,Production       ,Yard (Material Handling),MA,Supervisor,Male,1890,Black,Divorced,Fully Meets,2,0,Benjamin Burkett,39.0,35-44
2978,2022-08-16,,Production Technician I,Jeremy Taylor,sam.athwal@bilearner.com,CCDR,Active,Full-Time,Zone C,Part-Time,Unk,Active Employee,Production       ,Yard (Material Handling),MA,Supervisor,Male,2199,Hispanic,Divorced,Fully Meets,4,0,Sam Athwal,45.0,35-44
2979,2022-02-26,,Production Technician I,Jeremy Lucas,lauren.mahoney@bilearner.com,PL,Active,Full-Time,Zone A,Temporary,Unk,Active Employee,Production       ,Field Operations,MA,Laborer,Female,2189,Other,Widowed,Fully Meets,2,0,Lauren Mahoney,,Unknown
2980,2019-12-30,,Production Technician I,Donna Mills,theresa.tinto@bilearner.com,SVG,Active,Part-Time,Zone A,Temporary,Unk,Active Employee,Production       ,General - Con,MA,Technician,Female,1876,Hispanic,Divorced,Fully Meets,2,0,Theresa Tinto,69.0,65+
2981,2022-07-23,2023-03-06,Production Technician I,Travis Andrade,caroline.cierpiszewski@bilearner.com,TNS,Active,Part-Time,Zone B,Full-Time,Voluntary,Truth young just behind social.,Production       ,Aerial,MA,Foreman,Female,2044,Black,Single,Fully Meets,1,1,Caroline Cierpiszewski,,Unknown
2982,2018-10-14,,Production Technician II,Kathy Hart,tanya.foreman@bilearner.com,WBL,Active,Full-Time,Zone B,Temporary,Unk,Active Employee,Production       ,Field Operations,MA,Technician,Female,2170,Other,Married,Fully Meets,2,0,Tanya Foreman,,Unknown
2983,2021-02-20,,Production Technician II,Jeremy Alexander,roger.walker@bilearner.com,PL,Active,Full-Time,Zone C,Temporary,Unk,Active Employee,Production       ,Splicing,MA,Lineman,Male,2459,Hispanic,Widowed,Fully Meets,2,0,Roger Walker,,Unknown
2984,2020-03-28,2020-11-21,Production Technician II,Patricia Lowe,tayana.jeannite@bilearner.com,PYZ,Active,Contract,Zone B,Temporary,Voluntary,Skill door others out marriage cut.,Production       ,Engineers,MA,Engineer,Female,1821,Black,Divorced,Fully Meets,5,1,Tayana Jeannite,51.0,45-54
2985,2019-02-05,2020-07-10,Production Technician I,Catherine Rodriguez,anthony.heitzman@bilearner.com,SVG,Active,Contract,Zone A,Part-Time,Retirement,During administration billion.,Production       ,General - Sga,MA,Supervisor,Male,2149,Hispanic,Married,Fully Meets,1,1,Anthony Heitzman,,Unknown
2986,2023-04-19,,Production Technician I,Melinda Davidson,violeta.ferreira@bilearner.com,NEL,Active,Full-Time,Zone B,Temporary,Unk,Active Employee,Production       ,General - Eng,MA,Coordinator,Female,2176,Asian,Single,Fully Meets,1,0,Violeta Ferreira,55.0,45-54
2987,2020-09-24,,Production Technician I,Nicholas Smith,geoff.dickinson@bilearner.com,TNS,Active,Contract,Zone B,Full-Time,Unk,Active Employee,Production       ,Shop (Fleet),MA,Welder,Male,2180,Other,Single,Fully Meets,4,0,Geoff Dickinson,,Unknown
2988,2020-11-14,2023-01-15,Production Technician I,Monica Cochran,justice.gentry@bilearner.com,MSC,Active,Full-Time,Zone A,Part-Time,Resignation,Amount particular answer show.,Production       ,General - Con,MA,Lineman,Male,85255,Hispanic,Married,Fully Meets,1,1,Justice Gentry,,Unknown
2989,2021-09-16,,Production Technician I,Brenda Duncan,kason.kramer@bilearner.com,TNS,Active,Contract,Zone B,Temporary,Unk,Active Employee,Production       ,Engineers,MA,Project Manager,Female,75699,Hispanic,Widowed,Fully Meets,4,0,Kason Kramer,,Unknown
2990,2019-04-21,,Production Technician I,Wesley Pearson,alfredo.perry@bilearner.com,PYZ,Active,Full-Time,Zone C,Part-Time,Unk,Active Employee,Production       ,General - Con,MA,Laborer,Female,64116,White,Single,Fully Meets,2,0,Alfredo Perry,,Unknown
2991,2020-03-13,,Production Technician I,Daniel Rowe,skyler.drake@bilearner.com,WBL,Active,Contract,Zone A,Full-Time,Unk,Active Employee,Production       ,General - Con,MA,Technician,Female,5676,White,Single,Exceeds,2,0,Skyler Drake,,Unknown
2992,2022-04-16,2023-04-20,Production Technician I,Brittney Stone,moshe.copeland@bilearner.com,NEL,Active,Full-Time,Zone A,Part-Time,Resignation,Example see table the.,Production       ,Field Operations,MA,Laborer,Female,59966,Asian,Married,Fully Meets,4,1,Moshe Copeland,,Unknown
2993,2019-03-18,2022-11-23,Production Technician I,Pamela Suarez,harley.nunez@bilearner.com,PL,Active,Full-Time,Zone A,Full-Time,Involuntary,Risk test morning lawyer.,Production       ,General - Con,MA,Technician,Male,81311,White,Widowed,Fully Meets,4,1,Harley Nunez,80.0,65+
2994,2022-02-18,,Production Technician I,Tiffany Smith,sammy.walter@bilearner.com,BPC,Active,Part-Time,Zone B,Temporary,Unk,Active Employee,Production       ,Engineers,MA,Engineer,Male,14098,Other,Married,Fully Meets,4,0,Sammy Walter,73.0,65+
2995,2018-09-03,2018-11-29,Production Technician I,Jason Huber,ronnie.haas@bilearner.com,CCDR,Active,Full-Time,Zone A,Full-Time,Resignation,Training party upon.,Production       ,General - Con,MA,Technician,Male,43823,Other,Single,Needs Improvement,4,1,Ronnie Haas,,Unknown
2996,2022-06-15,2022-08-16,Production Technician I,Zachary Hill,kira.robertson@bilearner.com,SVG,Active,Contract,Zone B,Temporary,Involuntary,Tv fact life everybody picture case.,Production       ,General - Con,MA,Locator,Female,30175,Other,Widowed,Fully Meets,4,1,Kira Robertson,,Unknown
2997,2022-02-14,,Production Technician I,Danny Young,jaqueline.ford@bilearner.com,EW,Active,Contract,Zone B,Part-Time,Unk,Active Employee,Production       ,General - Con,MA,Operator,Female,14649,Other,Married,Fully Meets,2,0,Jaqueline Ford,,Unknown
2998,2023-07-09,,Production Technician I,Kenneth Huff,trace.cherry@bilearner.com,MSC,Active,Contract,Zone C,Part-Time,Unk,Active Employee,Production       ,General - Con,MA,Groundman,Male,19677,White,Widowed,Needs Improvement,1,0,Trace Cherry,58.0,55-64
2999,2018-10-28,2019-08-04,Production Technician I,Charles Brock,travis.cardenas@bilearner.com,TNS,Active,Contract,Zone B,Part-Time,Voluntary,Dream return commercial. Gas will interview.,Production       ,Field Operations,MA,Project Manager,Male,3588,Asian,Divorced,Fully Meets,2,1,Travis Cardenas,,Unknown
3000,2022-07-09,,Production Technician I,Lori Morton,reyna.hicks@bilearner.com,PYZ,Active,Contract,Zone B,Full-Time,Unk,Active Employee,Production       ,Isp,MA,Technician,Male,52789,Other,Single,Fully Meets,1,0,Reyna Hicks,,Unknown
3001,2018-09-27,2022-12-12,Production Technician I,Thomas Nguyen,trent.sandoval@bilearner.com,WBL,Active,Full-Time,Zone C,Part-Time,Retirement,Pick memory station mother process election.,Production       ,General - Con,MA,Laborer,Male,5140,Asian,Widowed,Fully Meets,5,1,Trent Sandoval,,Unknown
3002,2020-10-27,,Production Technician II,Miss Angel Elliott,reginald.dougherty@bilearner.com,BPC,Active,Full-Time,Zone A,Part-Time,Unk,Active Employee,Production       ,General - Con,MA,Laborer,Female,55498,White,Widowed,Fully Meets,2,0,Reginald Dougherty,,Unknown
3003,2021-10-01,,Production Technician II,Dwayne Johnson,paul.greer@bilearner.com,CCDR,Active,Full-Time,Zone A,Part-Time,Unk,Active Employee,Production       ,Field Operations,MA,Groundman,Female,40722,Other,Single,Fully Meets,5,0,Paul Greer,,Unknown
3004,2019-08-29,2022-06-19,Production Technician II,Lisa Walters,tiara.velez@bilearner.com,EW,Active,Full-Time,Zone B,Full-Time,Retirement,Most since article thousand.,Production       ,General - Con,MA,Laborer,Female,77466,Asian,Divorced,Fully Meets,5,1,Tiara Velez,,Unknown
3005,2020-12-29,,Production Technician II,Brandon Coleman,mareli.wilson@bilearner.com,MSC,Active,Contract,Zone C,Part-Time,Unk,Active Employee,Production       ,General - Con,MA,Technician,Female,57657,Hispanic,Widowed,Fully Meets,2,0,Mareli Wilson,,Unknown
3006,2022-10-04,,Production Technician II,Michael Smith,efrain.underwood@bilearner.com,NEL,Active,Part-Time,Zone C,Full-Time,Unk,Active Employee,Production       ,Field Operations,MA,Laborer,Female,88958,Asian,Single,Fully Meets,1,0,Efrain Underwood,,Unknown
3007,2019-03-21,2022-09-25,Production Technician II,Gabriela Boyd,madeline.powell@bilearner.com,PL,Active,Part-Time,Zone A,Full-Time,Resignation,Stock professor pattern turn attention news.,Production       ,General - Con,MA,Technician,Female,22812,Black,Married,Fully Meets,2,1,Madeline Powell,,Unknown
3008,2020-04-03,2021-12-27,Production Technician II,Kevin Robertson,alfred.goodman@bilearner.com,PYZ,Active,Full-Time,Zone A,Full-Time,Involuntary,Stuff campaign any huge you kid cup.,Production       ,General - Sga,MA,Construction Manager,Female,96960,Black,Widowed,Fully Meets,4,1,Alfred Goodman,49.0,45-54
3009,2019-06-02,2021-07-14,Production Technician I,Tony Moyer,aracely.kelly@bilearner.com,EW,Active,Part-Time,Zone C,Part-Time,Resignation,Avoid so despite. Risk bill cause school off.,Production       ,Billable Consultants,MA,Engineer,Male,14887,White,Married,Fully Meets,2,1,Aracely Kelly,29.0,25-34
3010,2019-05-31,2020-09-04,Production Technician I,Heidi Ruiz,morgan.velazquez@bilearner.com,MSC,Leave of Absence,Part-Time,Zone C,Temporary,Retirement,Billion provide season another.,Production       ,General - Con,MA,Flagger,Male,33080,Other,Married,Fully Meets,1,1,Morgan Velazquez,,Unknown
3011,2020-01-06,2020-05-04,Production Technician I,Valerie Gallagher,isla.becker@bilearner.com,TNS,Leave of Absence,Part-Time,Zone A,Full-Time,Involuntary,Affect organization we organization well sense.,Production       ,Engineers,MA,Engineer,Female,51348,Hispanic,Widowed,Fully Meets,5,1,Isla Becker,72.0,65+
3012,2018-08-19,2021-02-18,Production Technician I,Walter Sanchez,scott.sanford@bilearner.com,BPC,Leave of Absence,Contract,Zone A,Temporary,Retirement,Room force them drop catch. Consumer why rock.,Production       ,General - Sga,MA,Manager,Female,3143,Asian,Single,Exceeds,1,1,Scott Sanford,,Unknown
3013,2019-05-18,,Production Technician I,Misty Preston,deja.ritter@bilearner.com,CCDR,Active,Full-Time,Zone C,Full-Time,Unk,Active Employee,Production       ,Splicing,MA,Splicer,Female,35422,Asian,Widowed,PIP,1,0,Deja Ritter,,Unknown
3014,2022-11-23,2022-12-09,Production Technician I,Danielle Long,amelia.gamble@bilearner.com,EW,Active,Contract,Zone B,Temporary,Resignation,Bring guy religious week second technology.,Production       ,Field Operations,MA,Flagger,Male,81914,Hispanic,Single,PIP,2,1,Amelia Gamble,,Unknown
3015,2020-12-02,,Production Technician I,Michael Hendricks,pranav.middleton@bilearner.com,MSC,Active,Part-Time,Zone C,Part-Time,Unk,Active Employee,Production       ,General - Sga,MA,Clerk,Male,56005,Hispanic,Single,PIP,2,0,Pranav Middleton,,Unknown
3016,2022-01-05,,Production Technician I,Ashley Hill,moshe.hunter@bilearner.com,NEL,Active,Part-Time,Zone A,Part-Time,Unk,Active Employee,Production       ,Finance & Accounting,MA,Accounting,Male,19295,Black,Widowed,PIP,4,0,Moshe Hunter,26.0,25-34
3017,2023-04-16,2023-08-04,Production Technician I,Douglas Washington,arjun.gibson@bilearner.com,PL,Active,Full-Time,Zone B,Full-Time,Voluntary,Money few season own goal social.,Production       ,Field Operations,MA,Laborer,Female,89360,Other,Divorced,PIP,5,1,Arjun Gibson,32.0,25-34
3018,2020-10-10,2023-06-23,Production Technician I,John Jordan,alaina.jenkins@bilearner.com,PYZ,Active,Contract,Zone C,Part-Time,Retirement,Thank person level north none analysis its.,Production       ,Project Management - Con,MA,Manager,Female,77355,Black,Widowed,PIP,2,1,Alaina Jenkins,,Unknown
3019,2022-04-15,2023-07-04,Production Technician I,Thomas Humphrey,elyse.morrow@bilearner.com,SVG,Active,Contract,Zone B,Full-Time,Voluntary,Create budget ground foot action note may.,Production       ,Finance & Accounting,MA,Administrative,Female,26467,Asian,Married,PIP,2,1,Elyse Morrow,,Unknown
3020,2023-07-25,,Production Technician I,Paula Perez,lincoln.brady@bilearner.com,TNS,Active,Part-Time,Zone C,Part-Time,Unk,Active Employee,Production       ,General - Con,MA,Technician,Male,8903,Black,Widowed,PIP,2,0,Lincoln Brady,82.0,65+
3021,2020-08-31,,Production Technician I,Scott Torres,allisson.braun@bilearner.com,WBL,Active,Contract,Zone A,Temporary,Unk,Active Employee,Production       ,Wireline Construction,MA,Administrative,Male,95247,Other,Single,PIP,2,0,Allisson Braun,,Unknown
3022,2018-10-10,2020-05-17,Production Technician I,Miguel Rodgers,leonel.chang@bilearner.com,BPC,Active,Full-Time,Zone C,Full-Time,Retirement,In business challenge rock environment.,Production       ,Splicing,MA,Laborer,Male,23955,Other,Married,PIP,1,1,Leonel Chang,,Unknown
3023,2019-01-15,2021-04-03,Production Technician II,Grant Brooks,marshall.lucas@bilearner.com,TNS,Voluntarily Terminated,Contract,Zone B,Part-Time,Retirement,Personal themselves institution record.,Production       ,General - Con,MA,Technician,Female,46410,Black,Widowed,PIP,2,1,Marshall Lucas,,Unknown
3024,2021-12-26,,Production Technician II,Kristina Jackson,haiden.scott@bilearner.com,BPC,Active,Contract,Zone A,Full-Time,Unk,Active Employee,Production       ,Project Management - Con,MA,Supervisor,Female,51804,Hispanic,Widowed,Fully Meets,2,0,Haiden Scott,,Unknown
3025,2022-05-23,,Production Technician II,Melissa Stuart,kyan.miranda@bilearner.com,CCDR,Active,Contract,Zone C,Temporary,Unk,Active Employee,Production       ,Project Management - Con,MA,Technician,Female,10677,Black,Married,Fully Meets,1,0,Kyan Miranda,,Unknown
3026,2022-08-23,,Production Technician II,Deborah Lopez,ayanna.garrison@bilearner.com,EW,Active,Contract,Zone C,Part-Time,Unk,Active Employee,Production       ,Project Management - Con,MA,Lineman,Female,80801,Asian,Divorced,Fully Meets,2,0,Ayanna Garrison,83.0,65+
3027,2023-05-27,2023-07-28,Production Technician II,Erin George,alan.woods@bilearner.com,MSC,Active,Part-Time,Zone A,Full-Time,Voluntary,Me who grow similar realize.,Production       ,General - Eng,MA,Administrative,Female,7984,White,Single,Fully Meets,5,1,Alan Woods,83.0,65+
3028,2018-08-10,2021-07-25,Production Technician II,Brian Green,teagan.phelps@bilearner.com,NEL,Voluntarily Terminated,Contract,Zone B,Temporary,Resignation,Whether give voice pull make.,Production       ,Engineers,MA,Engineer,Female,32254,Asian,Married,Fully Meets,2,1,Teagan Phelps,26.0,25-34
3029,2021-10-24,2023-02-03,Production Technician II,Tommy Lee,malachi.burnett@bilearner.com,PL,Active,Contract,Zone C,Full-Time,Voluntary,Fire necessary sing first traditional.,Production       ,Finance & Accounting,MA,Clerk,Female,5819,Asian,Widowed,Fully Meets,4,1,Malachi Burnett,,Unknown
3030,2022-07-05,2023-01-03,Production Technician II,Kevin Davis,kadin.mcdowell@bilearner.com,PYZ,Active,Full-Time,Zone C,Part-Time,Voluntary,Left she before though finally.,Production       ,Wireline Construction,MA,Laborer,Female,51064,White,Single,Fully Meets,1,1,Kadin Mcdowell,73.0,65+
3031,2022-01-22,2023-03-03,Production Technician I,Jamie Anderson,reed.brandt@bilearner.com,SVG,Active,Contract,Zone B,Temporary,Resignation,Enough final gun case.,Production       ,Project Management - Con,MA,Supervisor,Male,88435,Asian,Married,Fully Meets,1,1,Reed Brandt,,Unknown
3032,2023-03-27,2023-07-23,Production Technician I,Maria Hall,cristofer.schwartz@bilearner.com,EW,Leave of Absence,Part-Time,Zone A,Full-Time,Voluntary,Market effect Mrs owner.,Production       ,General - Con,MA,Supervisor,Male,48042,Asian,Married,Fully Meets,2,1,Cristofer Schwartz,85.0,65+
3033,2019-08-26,2022-03-09,Production Technician I,Bryan Clark,jaelynn.salazar@bilearner.com,MSC,Leave of Absence,Contract,Zone C,Part-Time,Voluntary,Stay word behavior financial.,Production       ,Engineers,MA,Field Project Manager,Male,54212,White,Divorced,Fully Meets,2,1,Jaelynn Salazar,,Unknown
3034,2021-10-16,,Production Technician I,Brandy Rivera,macie.hayes@bilearner.com,TNS,Active,Full-Time,Zone B,Temporary,Unk,Active Employee,Production       ,Field Operations,MA,Foreman,Female,26202,White,Single,Fully Meets,2,0,Macie Hayes,59.0,55-64
3035,2019-06-14,,Production Technician I,Kenneth Parker,rodney.snow@bilearner.com,PYZ,Active,Contract,Zone C,Temporary,Unk,Active Employee,Production       ,Engineers,MA,Director,Female,33464,Other,Divorced,Fully Meets,1,0,Rodney Snow,,Unknown
3036,2020-07-05,,Production Technician I,Barbara Perkins,reece.potts@bilearner.com,WBL,Active,Full-Time,Zone B,Temporary,Unk,Active Employee,Production       ,Technology / It,MA,Administrator,Female,94333,White,Widowed,Fully Meets,2,0,Reece Potts,,Unknown
3037,2020-03-02,,Production Technician I,Lindsey Martin,catalina.eaton@bilearner.com,NEL,Active,Full-Time,Zone C,Full-Time,Unk,Active Employee,Production       ,Field Operations,MA,Director,Male,38200,Asian,Married,Fully Meets,4,0,Catalina Eaton,37.0,35-44
3038,2020-11-11,2021-04-28,Production Technician I,David Stark,heidi.manning@bilearner.com,PL,Active,Part-Time,Zone B,Temporary,Involuntary,Enough note majority positive catch trip.,Production       ,Field Operations,MA,Laborer,Male,76217,White,Divorced,Fully Meets,2,1,Heidi Manning,,Unknown
3039,2019-12-22,,Production Technician I,Evan Hernandez,marquis.johns@bilearner.com,BPC,Active,Contract,Zone B,Temporary,Unk,Active Employee,Production       ,Project Management - Con,MA,Supervisor,Female,91829,Other,Single,Fully Meets,5,0,Marquis Johns,,Unknown
3040,2020-12-14,,Production Technician I,Caleb Floyd Jr.,areli.torres@bilearner.com,CCDR,Active,Full-Time,Zone A,Full-Time,Unk,Active Employee,Production       ,Field Operations,MA,Groundman,Female,31946,White,Divorced,Fully Meets,5,0,Areli Torres,42.0,35-44
3041,2020-06-20,,Production Technician I,Brandon Atkinson,rey.morton@bilearner.com,SVG,Active,Contract,Zone C,Full-Time,Unk,Active Employee,Production       ,General - Con,MA,Laborer,Female,2308,White,Single,Fully Meets,2,0,Rey Morton,,Unknown
3042,2023-06-09,2023-07-12,Production Technician I,Alisha Ramirez,deven.gillespie@bilearner.com,EW,Active,Contract,Zone B,Temporary,Resignation,Man fall nature back church.,Production       ,Fielders,MA,Engineer,Female,44194,White,Widowed,Exceeds,4,1,Deven Gillespie,,Unknown
3043,2022-09-25,,Production Technician I,Caroline Duffy,rowan.gilbert@bilearner.com,MSC,Active,Contract,Zone C,Full-Time,Unk,Active Employee,Production       ,Catv,MA,Supervisor,Male,48124,Black,Widowed,Exceeds,2,0,Rowan Gilbert,63.0,55-64
3044,2020-08-26,2020-12-30,Production Technician I,Charles Dean,cullen.ruiz@bilearner.com,TNS,Active,Contract,Zone B,Part-Time,Retirement,Structure play my piece partner them.,Production       ,General - Con,MA,Laborer,Male,16165,White,Single,Exceeds,2,1,Cullen Ruiz,,Unknown
3045,2019-08-28,,Production Technician I,Nicholas Duncan,kamron.goodwin@bilearner.com,PYZ,Active,Full-Time,Zone C,Temporary,Unk,Active Employee,Production       ,General - Eng,MA,Engineer,Male,64494,Other,Single,Exceeds,2,0,Kamron Goodwin,58.0,55-64
3046,2023-06-02,2023-07-09,Production Technician II,Anna Davidson,claudia.melton@bilearner.com,TNS,Voluntarily Terminated,Part-Time,Zone A,Full-Time,Resignation,Organization north interview simply return.,Production       ,Wireline Construction,MA,Supervisor,Female,85307,Other,Single,Exceeds,4,1,Claudia Melton,43.0,35-44
3047,2018-09-12,,Production Technician II,Micheal Merritt,francesca.lowe@bilearner.com,PYZ,Active,Full-Time,Zone C,Full-Time,Unk,Active Employee,Production       ,Engineers,MA,Administrative,Female,33237,White,Married,Exceeds,5,0,Francesca Lowe,61.0,55-64
3048,2023-07-15,,Production Technician II,Jeffrey Espinoza,violet.horn@bilearner.com,WBL,Active,Contract,Zone B,Part-Time,Unk,Active Employee,Production       ,Isp,MA,Apprentice,Female,34381,White,Married,Fully Meets,2,0,Violet Horn,,Unknown
3049,2023-07-02,2023-07-25,Production Technician II,Joshua Diaz,carlie.wagner@bilearner.com,NEL,Active,Part-Time,Zone A,Temporary,Involuntary,Congress foot television team.,Production       ,General - Con,MA,Laborer,Female,96062,Asian,Married,Fully Meets,4,1,Carlie Wagner,78.0,65+
3050,2020-02-10,,Production Technician II,Joshua Hunt,harmony.pruitt@bilearner.com,PL,Active,Contract,Zone C,Full-Time,Unk,Active Employee,Production       ,Splicing,MA,Splicer,Female,78746,White,Single,Fully Meets,4,0,Harmony Pruitt,,Unknown
3051,2021-08-27,2022-05-01,Production Technician II,Alex Holt,briley.huerta@bilearner.com,BPC,Voluntarily Terminated,Contract,Zone B,Temporary,Voluntary,Onto site natural situation wear.,Production       ,Underground,MA,Lineman,Female,96336,Asian,Widowed,Fully Meets,5,1,Briley Huerta,,Unknown
3052,2020-01-25,2023-02-05,Production Technician II,Ralph Delgado,ean.barajas@bilearner.com,CCDR,Active,Full-Time,Zone A,Full-Time,Involuntary,Than me read environment hour goal memory.,Production       ,General - Sga,MA,Project Coordinator,Female,60154,White,Single,Fully Meets,5,1,Ean Barajas,78.0,65+
3053,2020-03-26,2021-10-08,Production Technician II,Rodney Burch,dayana.gregory@bilearner.com,SVG,Active,Part-Time,Zone A,Full-Time,Resignation,Chance summer fear usually.,Production       ,General - Con,MA,Lineman,Female,34734,Asian,Widowed,Fully Meets,2,1,Dayana Gregory,68.0,65+
3054,2020-10-23,,Production Technician I,Joseph Norris,zaniyah.mccarthy@bilearner.com,SVG,Active,Contract,Zone C,Full-Time,Unk,Active Employee,Production       ,Field Operations,MA,Laborer,Male,59668,White,Married,Fully Meets,1,0,Zaniyah Mccarthy,,Unknown
3055,2020-12-27,2021-12-07,Production Technician I,Anthony Guerrero,matthias.simon@bilearner.com,EW,Leave of Absence,Part-Time,Zone A,Part-Time,Retirement,Politics plant at far trade sense.,Production       ,Field Operations,MA,Technician,Male,83604,Other,Divorced,Fully Meets,2,1,Matthias Simon,39.0,35-44
3056,2022-06-21,,Production Technician I,Brittany Johnson,lyric.butler@bilearner.com,MSC,Active,Part-Time,Zone A,Temporary,Unk,Active Employee,Production       ,Wireless,MA,Manager,Female,56056,Other,Divorced,Fully Meets,5,0,Lyric Butler,,Unknown
3057,2022-11-09,2023-07-09,Production Technician I,Richard Contreras,bridger.duran@bilearner.com,TNS,Leave of Absence,Full-Time,Zone A,Temporary,Retirement,Social operation specific personal matter beyond.,Production       ,General - Con,MA,Laborer,Female,58387,Black,Divorced,Fully Meets,4,1,Bridger Duran,38.0,35-44
3058,2019-02-11,2020-07-30,Production Technician I,Shelia Goodwin,amirah.cline@bilearner.com,PYZ,Leave of Absence,Part-Time,Zone A,Temporary,Involuntary,Loss sense above charge part describe.,Production       ,Yard (Material Handling),MA,Coordinator,Male,93290,Asian,Divorced,Fully Meets,1,1,Amirah Cline,,Unknown
3059,2021-03-28,,Production Technician I,James Walker,izaiah.gallagher@bilearner.com,WBL,Active,Part-Time,Zone A,Temporary,Unk,Active Employee,Production       ,Project Management - Con,MA,Coordinator,Female,73253,White,Widowed,Fully Meets,1,0,Izaiah Gallagher,54.0,45-54
3060,2020-08-29,,Production Technician I,Patrick Martinez,marcelo.galvan@bilearner.com,NEL,Active,Part-Time,Zone A,Part-Time,Unk,Active Employee,Production       ,Yard (Material Handling),MA,Coordinator,Male,13893,Asian,Widowed,Fully Meets,2,0,Marcelo Galvan,75.0,65+
3061,2023-01-03,2023-08-05,Production Technician I,Brandon Hernandez,kaylynn.odom@bilearner.com,PL,Active,Part-Time,Zone C,Full-Time,Resignation,Sister thought loss hotel eight realize.,Production       ,Wireline Construction,MA,Foreman,Male,51434,Other,Married,Fully Meets,4,1,Kaylynn Odom,,Unknown
3062,2022-11-28,,Production Technician I,Courtney Poole,oliver.dalton@bilearner.com,BPC,Active,Part-Time,Zone A,Temporary,Unk,Active Employee,Production       ,General - Con,MA,Supervisor,Female,71004,Asian,Divorced,Fully Meets,1,0,Oliver Dalton,,Unknown
3063,2021-12-22,2023-08-03,Production Technician I,Deborah Diaz,patience.henry@bilearner.com,CCDR,Active,Contract,Zone B,Part-Time,Voluntary,Much try remember natural.,Production       ,Field Operations,MA,Supervisor,Female,46847,Other,Widowed,Fully Meets,5,1,Patience Henry,,Unknown
3064,2023-07-08,,Production Technician I,Meagan Gaines,london.pennington@bilearner.com,SVG,Active,Contract,Zone A,Full-Time,Unk,Active Employee,Production       ,Field Operations,MA,Laborer,Female,76345,Other,Divorced,Fully Meets,4,0,London Pennington,,Unknown
3065,2021-04-21,2021-09-21,Production Technician I,Thomas Jackson,anna.salazar@bilearner.com,EW,Active,Part-Time,Zone A,Temporary,Resignation,Scientist up policy save I.,Production       ,Field Operations,MA,Tower Hand,Female,15364,Black,Divorced,Fully Meets,4,1,Anna Salazar,50.0,45-54
3066,2022-07-28,2022-10-20,Production Technician I,Jamie Pope,vicente.davis@bilearner.com,MSC,Active,Full-Time,Zone B,Full-Time,Retirement,Purpose feel summer nature small choose can.,Production       ,Field Operations,MA,Operator,Male,2005,Hispanic,Divorced,Fully Meets,1,1,Vicente Davis,59.0,55-64
3067,2019-11-05,,Production Technician I,Joseph Lane,annabel.lewis@bilearner.com,TNS,Active,Part-Time,Zone B,Part-Time,Unk,Active Employee,Production       ,Field Operations,MA,Technician,Male,50527,Hispanic,Single,Fully Meets,4,0,Annabel Lewis,,Unknown
3068,2022-05-22,2022-12-08,Production Technician I,Rose Johnson,alana.nunez@bilearner.com,PYZ,Terminated for Cause,Full-Time,Zone A,Temporary,Resignation,Seat type month.,Production       ,Finance & Accounting,MA,Assistant,Male,21620,Asian,Single,Fully Meets,5,1,Alana Nunez,79.0,65+
3069,2019-10-19,2021-12-03,Production Technician II,David Hicks,jaylen.donaldson@bilearner.com,WBL,Active,Full-Time,Zone A,Temporary,Involuntary,Determine building society soldier.,Production       ,General - Con,MA,Clerk,Female,92533,White,Married,Fully Meets,4,1,Jaylen Donaldson,,Unknown
3070,2019-12-25,2021-07-24,Production Technician II,Geoffrey Curtis,malakai.shelton@bilearner.com,BPC,Active,Full-Time,Zone C,Temporary,Involuntary,Television new fire board need list admit.,Production       ,Wireline Construction,MA,Laborer,Female,7528,White,Divorced,Fully Meets,1,1,Malakai Shelton,54.0,45-54
3071,2022-11-04,2022-11-26,Production Technician II,Holly Miller,erick.wood@bilearner.com,CCDR,Active,Full-Time,Zone B,Part-Time,Voluntary,Former think again effort.,Production       ,General - Con,MA,Lineman,Female,34566,Black,Married,Fully Meets,2,1,Erick Wood,,Unknown
3072,2023-04-26,2023-05-30,Production Technician II,Ronald Shepherd DDS,daniel.frye@bilearner.com,EW,Active,Full-Time,Zone B,Part-Time,Involuntary,Future piece pull art.,Production       ,Wireless,MA,Foreman,Female,48363,Asian,Divorced,Fully Meets,1,1,Daniel Frye,,Unknown
3073,2022-10-26,2023-05-16,Production Technician II,Jeremy Ray,jayvon.simpson@bilearner.com,MSC,Voluntarily Terminated,Contract,Zone A,Part-Time,Retirement,Guy beat specific act as ability speak.,Production       ,General - Con,MA,Laborer,Female,27147,Black,Single,Fully Meets,4,1,Jayvon Simpson,,Unknown
3074,2020-07-14,2022-06-27,Production Technician II,Barbara Clark,bryant.singleton@bilearner.com,NEL,Voluntarily Terminated,Contract,Zone A,Full-Time,Resignation,Free town various cup. Animal may team hit.,Production       ,Splicing,MA,Splicer,Female,79280,Hispanic,Single,Fully Meets,1,1,Bryant Singleton,63.0,55-64
3075,2023-03-12,,Production Technician II,Joshua Peters,adam.meza@bilearner.com,PL,Active,Full-Time,Zone B,Part-Time,Unk,Active Employee,Production       ,Fielders,MA,Engineer,Female,18316,Other,Single,Fully Meets,5,0,Adam Meza,57.0,55-64
3076,2023-04-26,,Production Technician II,Daniel Smith,omari.keller@bilearner.com,PYZ,Active,Part-Time,Zone C,Full-Time,Unk,Active Employee,Production       ,General - Con,MA,Foreman,Male,3738,White,Married,Fully Meets,5,0,Omari Keller,,Unknown
3077,2022-09-17,2023-06-12,Production Technician I,Audrey Hamilton,asher.miles@bilearner.com,CCDR,Active,Contract,Zone A,Temporary,Involuntary,Describe hospital executive top sing.,Production       ,General - Con,MA,Clerk,Male,16185,Hispanic,Married,Fully Meets,1,1,Asher Miles,,Unknown
3078,2021-01-08,2023-04-01,Production Technician I,Aaron Andrews,makaila.baxter@bilearner.com,SVG,Active,Contract,Zone B,Part-Time,Voluntary,Particularly trouble sister.,Production       ,General - Con,MA,Foreman,Male,10871,Black,Widowed,Fully Meets,1,1,Makaila Baxter,,Unknown
3079,2020-12-18,2022-09-16,Production Technician I,David Moore,tommy.carter@bilearner.com,EW,Leave of Absence,Part-Time,Zone B,Part-Time,Retirement,Nice hundred government.,Production       ,Aerial,MA,Engineer,Female,54361,Black,Single,Fully Meets,4,1,Tommy Carter,53.0,45-54
3080,2020-09-12,2022-11-22,Production Technician I,Brittany Ray,zavier.reese@bilearner.com,MSC,Leave of Absence,Contract,Zone B,Part-Time,Voluntary,Design laugh top music policy.,Production       ,General - Con,MA,Lineman,Female,82524,Hispanic,Widowed,Fully Meets,2,1,Zavier Reese,,Unknown
3081,2020-10-20,,Production Technician I,Jonathan Jones,colt.kemp@bilearner.com,TNS,Active,Part-Time,Zone C,Part-Time,Unk,Active Employee,Production       ,Finance & Accounting,MA,Controller,Male,18410,White,Widowed,Fully Meets,2,0,Colt Kemp,,Unknown
3082,2022-11-18,,Production Technician I,Brian Jennings,marco.robles@bilearner.com,PYZ,Active,Part-Time,Zone A,Part-Time,Unk,Active Employee,Production       ,Field Operations,MA,Manager,Female,53176,Other,Single,Fully Meets,1,0,Marco Robles,38.0,35-44
3083,2023-01-14,,Production Technician I,Sandra Reed,nick.palmer@bilearner.com,WBL,Active,Contract,Zone C,Full-Time,Unk,Active Employee,Production       ,Aerial,MA,Laborer,Male,55790,Asian,Widowed,Fully Meets,2,0,Nick Palmer,,Unknown
3084,2020-10-27,2022-06-08,Production Technician I,Erica Davis,mekhi.hopkins@bilearner.com,NEL,Active,Part-Time,Zone A,Temporary,Voluntary,Stage mission never one happen somebody single.,Production       ,General - Con,MA,Clerk,Male,64716,Black,Widowed,Fully Meets,4,1,Mekhi Hopkins,,Unknown
3085,2020-08-29,,Production Technician I,Sara Mckay,eileen.oneal@bilearner.com,PL,Active,Full-Time,Zone C,Full-Time,Unk,Active Employee,Production       ,Field Operations,MA,Operator,Female,21299,Asian,Single,Fully Meets,2,0,Eileen Oneal,63.0,55-64
3086,2019-12-23,2023-08-05,Production Technician I,Julie Donovan,alani.cooley@bilearner.com,BPC,Active,Part-Time,Zone B,Temporary,Retirement,Huge degree pull hit.,Production       ,Aerial,MA,Foreman,Female,51176,Asian,Divorced,Fully Meets,1,1,Alani Cooley,,Unknown
3087,2023-07-03,,Production Technician I,Duane Kelly,corinne.campos@bilearner.com,CCDR,Active,Contract,Zone B,Part-Time,Unk,Active Employee,Production       ,Project Management - Con,MA,Coordinator,Female,51274,Black,Married,Fully Meets,4,0,Corinne Campos,78.0,65+
3088,2022-09-26,,Production Technician I,Amy Boyd,heaven.nelson@bilearner.com,SVG,Active,Part-Time,Zone B,Part-Time,Unk,Active Employee,Production       ,Field Operations,MA,Technician,Female,52777,Other,Married,Fully Meets,5,0,Heaven Nelson,,Unknown
3089,2020-05-09,2023-07-25,Production Technician I,Laura Mayo,baylee.castaneda@bilearner.com,EW,Active,Contract,Zone A,Temporary,Voluntary,Suffer very particular rather.,Production       ,Field Operations,MA,Laborer,Female,51728,Black,Single,Fully Meets,4,1,Baylee Castaneda,,Unknown
3090,2023-03-08,,Production Technician I,Brittany Rios,morgan.roth@bilearner.com,MSC,Active,Part-Time,Zone B,Part-Time,Unk,Active Employee,Production       ,Field Operations,MA,Foreman,Male,54485,Black,Married,Fully Meets,5,0,Morgan Roth,,Unknown
3091,2019-02-27,2020-08-31,Production Technician I,Charles Cruz,kali.hensley@bilearner.com,TNS,Terminated for Cause,Contract,Zone B,Part-Time,Involuntary,Describe current question quite coach.,Production       ,Billable Consultants,MA,Technician,Male,6649,White,Single,Fully Meets,5,1,Kali Hensley,68.0,65+
3092,2020-01-12,2023-07-12,Production Technician II,Carolyn Stewart,beckett.sandoval@bilearner.com,TNS,Active,Contract,Zone A,Full-Time,Voluntary,Recently agreement subject individual increase.,Production       ,Field Operations,MA,Lineman,Female,48374,Other,Married,Fully Meets,2,1,Beckett Sandoval,47.0,45-54
3093,2019-06-29,2021-01-10,Production Technician II,Daniel Hinton,isabell.meadows@bilearner.com,PYZ,Active,Full-Time,Zone B,Full-Time,Voluntary,Majority wide enjoy how.,Production       ,Splicing,MA,Labor,Female,31227,Asian,Divorced,Fully Meets,2,1,Isabell Meadows,,Unknown
3094,2021-07-15,2021-09-29,Production Technician II,Joshua Foster,jordin.alexander@bilearner.com,WBL,Active,Contract,Zone C,Full-Time,Voluntary,Improve himself side.,Production       ,Engineers,MA,Engineer,Female,84169,Other,Widowed,Fully Meets,1,1,Jordin Alexander,,Unknown
3095,2022-08-19,,Production Technician II,Summer Dickerson,frederick.carney@bilearner.com,NEL,Active,Contract,Zone A,Part-Time,Unk,Active Employee,Production       ,Field Operations,MA,Administrative,Female,69905,Other,Divorced,Fully Meets,4,0,Frederick Carney,83.0,65+
3096,2019-09-23,2023-04-09,Production Technician II,Mr. Joseph Ashley,baron.lindsey@bilearner.com,PL,Voluntarily Terminated,Contract,Zone B,Part-Time,Involuntary,Industry notice cup early.,Production       ,Engineers,MA,Technician,Female,59014,Hispanic,Single,Fully Meets,5,1,Baron Lindsey,52.0,45-54
3097,2020-10-11,2021-01-06,Production Technician II,Bethany Gaines,rigoberto.gentry@bilearner.com,BPC,Voluntarily Terminated,Part-Time,Zone C,Temporary,Retirement,More best if page.,Production       ,Project Management - Con,MA,Administrator,Female,97514,White,Married,Fully Meets,4,1,Rigoberto Gentry,65.0,55-64
3098,2021-08-18,,Production Technician II,Melvin Dean,rayne.chambers@bilearner.com,CCDR,Active,Full-Time,Zone A,Full-Time,Unk,Active Employee,Production       ,Fielders,MA,Technician,Male,20436,Black,Widowed,Fully Meets,4,0,Rayne Chambers,82.0,65+
3099,2022-12-17,,Production Technician I,Zachary Smith,laila.simmons@bilearner.com,CCDR,Active,Full-Time,Zone A,Temporary,Unk,Active Employee,Production       ,Fielders,MA,Engineer,Male,44977,Black,Divorced,Exceeds,4,0,Laila Simmons,61.0,55-64
3100,2020-10-25,2021-12-28,Production Technician I,Kevin Davis,carsen.schmidt@bilearner.com,SVG,Active,Contract,Zone B,Temporary,Retirement,Production senior put.,Production       ,General - Con,MA,Laborer,Female,58513,White,Single,Fully Meets,5,1,Carsen Schmidt,76.0,65+
3101,2023-01-23,,Production Technician I,Erica Harper,bethany.mckay@bilearner.com,EW,Active,Full-Time,Zone B,Full-Time,Unk,Active Employee,Production       ,General - Con,MA,Technician,Female,79029,Asian,Single,Fully Meets,2,0,Bethany Mckay,65.0,55-64
3102,2019-03-15,2022-08-03,Production Technician I,Stephanie Frost,eden.robles@bilearner.com,MSC,Leave of Absence,Full-Time,Zone C,Part-Time,Resignation,Size shake far example.,Production       ,Field Operations,MA,Laborer,Male,11092,Black,Widowed,Exceeds,2,1,Eden Robles,34.0,25-34
3103,2023-07-06,2023-07-23,Production Technician I,Bryan Ortega DVM,abel.snow@bilearner.com,TNS,Leave of Absence,Full-Time,Zone A,Part-Time,Involuntary,Rather make power.,Production       ,Field Operations,MA,Supervisor,Male,87665,Asian,Single,Fully Meets,4,1,Abel Snow,,Unknown
3104,2022-05-29,,Production Technician I,Matthew Smith,ashton.winters@bilearner.com,PYZ,Active,Contract,Zone C,Part-Time,Unk,Active Employee,Production       ,General - Con,MA,Technician,Female,71716,Black,Married,Fully Meets,2,0,Ashton Winters,,Unknown
3105,2020-06-07,2022-07-09,Production Technician I,Scott Stone,josie.melton@bilearner.com,WBL,Active,Full-Time,Zone B,Temporary,Resignation,Figure kind agent send even west.,Production       ,Fielders,MA,Engineer,Male,86764,Black,Married,Fully Meets,1,1,Josie Melton,83.0,65+
3106,2020-03-21,,Production Technician I,Frances Martinez,bruno.jimenez@bilearner.com,NEL,Active,Part-Time,Zone A,Temporary,Unk,Active Employee,Production       ,Field Operations,MA,Warehouse Manager,Male,33599,Hispanic,Divorced,Fully Meets,4,0,Bruno Jimenez,,Unknown
3107,2021-06-21,2022-11-11,Production Technician I,Heather Adams,elijah.barr@bilearner.com,PL,Active,Full-Time,Zone A,Temporary,Voluntary,Figure enjoy sell work discuss former.,Production       ,Wireline Construction,MA,Operator,Female,5797,Black,Widowed,Fully Meets,4,1,Elijah Barr,,Unknown
3108,2021-10-22,2022-05-12,Production Technician I,Julie Hernandez,oswaldo.hanson@bilearner.com,BPC,Active,Full-Time,Zone B,Temporary,Retirement,Perform leader research again term.,Production       ,General - Con,MA,Laborer,Female,91007,Hispanic,Married,Fully Meets,2,1,Oswaldo Hanson,81.0,65+
3109,2018-10-20,,Production Technician I,Timothy Myers,samara.roberson@bilearner.com,CCDR,Active,Full-Time,Zone A,Temporary,Unk,Active Employee,Production       ,Fielders,MA,Engineer,Female,93749,White,Married,PIP,2,0,Samara Roberson,,Unknown
3110,2022-03-16,,Production Technician I,Anna Walters,luis.frazier@bilearner.com,SVG,Active,Contract,Zone C,Full-Time,Unk,Active Employee,Production       ,Wireline Construction,MA,Apprentice,Female,51909,Hispanic,Single,Fully Meets,2,0,Luis Frazier,70.0,65+
3111,2018-12-13,,Production Technician I,Ebony Adkins,jaquan.hancock@bilearner.com,EW,Active,Part-Time,Zone B,Temporary,Unk,Active Employee,Production       ,Field Operations,MA,Technician,Female,71638,Other,Divorced,Fully Meets,1,0,Jaquan Hancock,68.0,65+
3112,2021-10-08,2022-08-11,Production Technician I,Molly Guerrero,emanuel.george@bilearner.com,MSC,Terminated for Cause,Part-Time,Zone B,Full-Time,Involuntary,Past agreement focus back.,Production       ,Shop (Fleet),MA,Mechanic,Male,85416,Asian,Single,Fully Meets,4,1,Emanuel George,,Unknown
3113,2019-02-03,2019-04-02,Production Technician II,Donna Duffy,giselle.calderon@bilearner.com,TNS,Active,Contract,Zone C,Full-Time,Voluntary,Stock indeed about brother campaign.,Production       ,Project Management - Con,MA,Coordinator,Female,96092,White,Divorced,Fully Meets,4,1,Giselle Calderon,45.0,35-44
3114,2018-09-30,,Production Technician II,Corey Barry,cullen.french@bilearner.com,PYZ,Active,Contract,Zone C,Full-Time,Unk,Active Employee,Production       ,Isp,MA,Technician,Female,46346,Asian,Divorced,Fully Meets,2,0,Cullen French,69.0,65+
3115,2021-07-12,2021-08-17,Production Technician II,Paul Brewer,braiden.kirby@bilearner.com,WBL,Active,Contract,Zone A,Temporary,Voluntary,Decide statement future ball.,Production       ,Project Management - Con,MA,Supervisor,Female,10137,Hispanic,Divorced,Fully Meets,4,1,Braiden Kirby,62.0,55-64
3116,2021-03-04,,Production Technician II,Steven Brown,johnathan.harmon@bilearner.com,NEL,Active,Part-Time,Zone B,Temporary,Unk,Active Employee,Production       ,Field Operations,MA,Lineman,Female,97547,Hispanic,Married,Fully Meets,5,0,Johnathan Harmon,,Unknown
3117,2019-10-27,,Production Technician II,Kyle Anderson,camren.bridges@bilearner.com,PL,Active,Part-Time,Zone C,Part-Time,Unk,Active Employee,Production       ,General - Sga,MA,Lineman,Female,48509,White,Married,Fully Meets,2,0,Camren Bridges,,Unknown
3118,2019-01-28,2020-12-14,Production Technician II,Dr. Anna Hayes DVM,jeramiah.chandler@bilearner.com,BPC,Voluntarily Terminated,Part-Time,Zone A,Full-Time,Voluntary,Pay avoid seem unit might month run.,Production       ,Catv,MA,Technician,Female,48848,Black,Divorced,Fully Meets,2,1,Jeramiah Chandler,,Unknown
3119,2021-01-10,,Production Technician I,Thomas Bautista,dana.stevenson@bilearner.com,NEL,Active,Part-Time,Zone C,Part-Time,Unk,Active Employee,Production       ,General - Con,MA,Laborer,Male,71016,Other,Single,Fully Meets,5,0,Dana Stevenson,33.0,25-34
3120,2021-08-05,2023-03-02,Production Technician I,Andrew Davis,angelique.hogan@bilearner.com,PL,Active,Part-Time,Zone A,Full-Time,Resignation,Event TV few much continue success.,Production       ,Aerial,MA,Lineman,Female,28645,Asian,Widowed,Fully Meets,4,1,Angelique Hogan,80.0,65+
3121,2022-11-07,2023-03-02,Production Technician I,Rachel Chaney,moriah.dodson@bilearner.com,PYZ,Active,Part-Time,Zone C,Full-Time,Retirement,Resource collection house seek sound wind.,Production       ,Project Management - Con,MA,Project Manager,Female,58015,Black,Single,Fully Meets,4,1,Moriah Dodson,,Unknown
3122,2022-01-23,2022-06-26,Production Technician I,Rachel Barr MD,connor.bray@bilearner.com,SVG,Leave of Absence,Contract,Zone C,Part-Time,Voluntary,Professional military easy so.,Production       ,Project Management - Con,MA,Project Manager,Female,18652,White,Single,Fully Meets,5,1,Connor Bray,,Unknown
3123,2021-07-12,,Production Technician I,Michael Hays,zaiden.leblanc@bilearner.com,TNS,Active,Full-Time,Zone C,Part-Time,Unk,Active Employee,Production       ,Splicing,MA,Project Manager,Male,94273,Hispanic,Married,Fully Meets,4,0,Zaiden Leblanc,75.0,65+
3124,2019-01-05,2021-11-04,Production Technician I,Kristi Cox,taliyah.yang@bilearner.com,WBL,Leave of Absence,Full-Time,Zone B,Part-Time,Resignation,Star idea alone.,Production       ,Engineers,MA,Technician,Female,97060,White,Single,Fully Meets,5,1,Taliyah Yang,,Unknown
3125,2020-04-07,2021-03-21,Production Technician I,Tracey Wu,boston.cochran@bilearner.com,PYZ,Leave of Absence,Part-Time,Zone C,Part-Time,Resignation,Magazine matter a teach.,Production       ,Aerial,MA,Laborer,Male,10433,Black,Divorced,Fully Meets,4,1,Boston Cochran,34.0,25-34
3126,2022-04-27,,Production Technician I,Samuel Frye,amelia.mueller@bilearner.com,WBL,Active,Contract,Zone C,Full-Time,Unk,Active Employee,Production       ,Project Management - Con,MA,Coordinator,Male,35212,Black,Divorced,Fully Meets,2,0,Amelia Mueller,48.0,45-54
3127,2022-06-14,2022-12-05,Production Technician I,Stacey Robles,lillianna.hull@bilearner.com,NEL,Active,Part-Time,Zone A,Part-Time,Resignation,Enjoy relationship page billion.,Production       ,Project Management - Con,MA,Supervisor,Male,3213,White,Married,Fully Meets,2,1,Lillianna Hull,,Unknown
3128,2019-01-13,,Production Technician I,James Flynn,laci.frederick@bilearner.com,PL,Active,Part-Time,Zone A,Temporary,Unk,Active Employee,Production       ,Field Operations,MA,Technician,Female,7259,Black,Widowed,Fully Meets,2,0,Laci Frederick,,Unknown
3129,2019-06-21,,Production Technician I,Douglas Jacobson,jayda.chapman@bilearner.com,BPC,Active,Full-Time,Zone A,Part-Time,Unk,Active Employee,Production       ,Underground,MA,Laborer,Female,11631,Black,Widowed,Fully Meets,5,0,Jayda Chapman,41.0,35-44
3130,2020-08-10,2023-01-14,Production Technician I,Scott Dawson,kennedy.beard@bilearner.com,CCDR,Active,Part-Time,Zone A,Temporary,Voluntary,Read nice continue itself attack happen.,Production       ,Wireline Construction,MA,Manager,Female,73890,Black,Widowed,Fully Meets,5,1,Kennedy Beard,45.0,35-44
3131,2021-04-13,2022-06-11,Production Technician I,Patricia Potter,alma.hanna@bilearner.com,SVG,Active,Contract,Zone C,Temporary,Resignation,Tell its wind child more though.,Production       ,Wireline Construction,MA,Laborer,Female,28053,Hispanic,Single,Fully Meets,2,1,Alma Hanna,,Unknown
3132,2020-04-27,2022-10-18,Production Technician I,Brian Gregory,ximena.suarez@bilearner.com,EW,Active,Full-Time,Zone A,Full-Time,Involuntary,Program personal mean life source reach.,Production       ,Field Operations,MA,Laborer,Female,12694,Asian,Divorced,Fully Meets,4,1,Ximena Suarez,,Unknown
3133,2022-02-25,2022-03-02,Production Technician I,Jackie Davis,aydin.dixon@bilearner.com,MSC,Terminated for Cause,Contract,Zone C,Part-Time,Resignation,Example trip behavior himself young.,Production       ,Project Management - Con,MA,Coordinator,Male,83481,White,Married,Fully Meets,5,1,Aydin Dixon,,Unknown
3134,2018-12-06,2022-12-01,Production Technician II,Keith George,heidi.joyce@bilearner.com,TNS,Active,Part-Time,Zone C,Full-Time,Voluntary,Avoid that school central member.,Production       ,Fielders,MA,Engineer,Female,2140,Hispanic,Married,Exceeds,5,1,Heidi Joyce,,Unknown
3135,2020-03-12,2023-06-06,Production Technician II,Jennifer Smith,elle.spears@bilearner.com,BPC,Active,Part-Time,Zone A,Temporary,Involuntary,Food information day art PM leader.,Production       ,Project Management - Con,MA,Administrative,Female,9790,White,Single,Fully Meets,4,1,Elle Spears,,Unknown
3136,2022-11-16,,Production Technician II,Timothy Brown,cesar.anderson@bilearner.com,CCDR,Active,Full-Time,Zone B,Full-Time,Unk,Active Employee,Production       ,Project Management - Con,MA,Foreman,Female,52077,Hispanic,Married,Fully Meets,4,0,Cesar Anderson,,Unknown
3137,2018-12-09,2023-06-25,Production Technician II,Justin Wells,dean.mckenzie@bilearner.com,EW,Voluntarily Terminated,Contract,Zone B,Temporary,Involuntary,Easy film last fact discuss. Enough worker wall.,Production       ,Field Operations,MA,Laborer,Female,50624,Other,Single,Fully Meets,2,1,Dean Mckenzie,31.0,25-34
3138,2022-12-25,2023-03-08,Production Technician II,Rachel Crawford,isabell.wu@bilearner.com,MSC,Voluntarily Terminated,Contract,Zone A,Full-Time,Voluntary,Week campaign later realize magazine.,Production       ,Field Operations,MA,Laborer,Female,83438,Black,Single,Fully Meets,4,1,Isabell Wu,39.0,35-44
3139,2021-11-19,,Production Technician II,Jasmine Williamson,kenny.blanchard@bilearner.com,NEL,Active,Part-Time,Zone A,Temporary,Unk,Active Employee,Production       ,Field Operations,MA,Technician,Female,29416,Asian,Single,Fully Meets,4,0,Kenny Blanchard,55.0,45-54
3140,2022-03-01,,Production Technician I,Andrew Smith,evie.beard@bilearner.com,PL,Active,Contract,Zone C,Full-Time,Unk,Active Employee,Production       ,Catv,MA,Laborer,Male,89284,Hispanic,Widowed,Fully Meets,5,0,Evie Beard,36.0,35-44
3141,2021-03-17,,Production Technician I,Jennifer Reeves,aliya.morton@bilearner.com,BPC,Active,Full-Time,Zone B,Temporary,Unk,Active Employee,Production       ,Field Operations,MA,Foreman,Male,9420,Black,Married,Exceeds,2,0,Aliya Morton,56.0,55-64
3142,2021-02-10,,Production Technician I,Theresa Foster,ingrid.wilkins@bilearner.com,CCDR,Active,Full-Time,Zone B,Part-Time,Unk,Active Employee,Production       ,General - Con,MA,Flagger,Female,49701,White,Single,Fully Meets,4,0,Ingrid Wilkins,,Unknown
3143,2018-09-28,,Production Technician I,Emily Carter,morgan.elliott@bilearner.com,SVG,Active,Full-Time,Zone A,Temporary,Unk,Active Employee,Production       ,Aerial,MA,Lineman,Female,32652,Black,Widowed,Fully Meets,2,0,Morgan Elliott,,Unknown
3144,2021-02-09,,Production Technician I,Debra Perez,shannon.lambert@bilearner.com,EW,Active,Contract,Zone C,Part-Time,Unk,Active Employee,Production       ,Engineers,MA,Engineer,Male,4496,Hispanic,Married,Exceeds,2,0,Shannon Lambert,,Unknown
3145,2020-09-27,2022-03-04,Production Technician I,James Ware,prince.petty@bilearner.com,MSC,Leave of Absence,Part-Time,Zone C,Temporary,Retirement,Reveal real paper peace usually fly know century.,Production       ,Field Operations,MA,Driller,Male,59765,Asian,Divorced,Fully Meets,2,1,Prince Petty,,Unknown
3146,2018-12-16,,Production Technician I,Gregory Hall,abril.joseph@bilearner.com,TNS,Active,Part-Time,Zone C,Temporary,Unk,Active Employee,Production       ,Project Management - Con,MA,Coordinator,Female,19021,White,Widowed,Fully Meets,4,0,Abril Joseph,,Unknown
3147,2023-07-17,2023-07-28,Production Technician I,Donna Yang,bobby.levy@bilearner.com,PYZ,Active,Contract,Zone B,Temporary,Involuntary,Member cost town create against decision.,Production       ,General - Sga,MA,Engineer,Male,48709,Hispanic,Divorced,Fully Meets,5,1,Bobby Levy,,Unknown
3148,2020-05-28,2021-12-14,Production Technician I,Adrienne Barnett,gustavo.durham@bilearner.com,WBL,Active,Full-Time,Zone C,Temporary,Voluntary,Draw health deal.,Production       ,Aerial,MA,Foreman,Male,76147,White,Single,Exceeds,2,1,Gustavo Durham,76.0,65+
3149,2021-03-01,2023-04-05,Production Technician I,Yvonne Bush,teagan.stevens@bilearner.com,NEL,Active,Full-Time,Zone A,Part-Time,Voluntary,Policy upon tend join individual direction yard.,Production       ,Field Operations,MA,Laborer,Female,19987,Black,Single,Exceeds,2,1,Teagan Stevens,,Unknown
3150,2022-02-12,,Production Technician I,Mark Silva,neil.patton@bilearner.com,PL,Active,Full-Time,Zone C,Part-Time,Unk,Active Employee,Production       ,Aerial,MA,Foreman,Female,11927,Asian,Widowed,Fully Meets,2,0,Neil Patton,71.0,65+
3151,2022-02-26,,Production Technician I,Melissa Wheeler DDS,khalil.guzman@bilearner.com,BPC,Active,Part-Time,Zone C,Temporary,Unk,Active Employee,Production       ,Field Operations,MA,Engineer,Female,81158,White,Widowed,Exceeds,4,0,Khalil Guzman,,Unknown
3152,2022-07-05,2022-12-28,Production Technician I,Mr. Tony Collier,alaina.mayo@bilearner.com,CCDR,Active,Contract,Zone C,Temporary,Voluntary,Through would building generation pay investment.,Production       ,Field Operations,MA,Laborer,Female,27163,Black,Widowed,Exceeds,5,1,Alaina Mayo,,Unknown
3153,2019-11-29,2022-03-11,Production Technician I,Kathleen Johnson,jagger.morgan@bilearner.com,SVG,Active,Part-Time,Zone A,Full-Time,Retirement,Seven trip current difference baby.,Production       ,Field Operations,MA,Technician,Female,96230,Other,Single,Fully Meets,4,1,Jagger Morgan,,Unknown
3154,2019-02-22,,Production Technician I,Julia Davis,donavan.kennedy@bilearner.com,EW,Active,Full-Time,Zone B,Temporary,Unk,Active Employee,Production       ,Engineers,MA,Engineer,Female,75205,Black,Single,Fully Meets,2,0,Donavan Kennedy,,Unknown
3155,2020-07-16,2022-02-15,Production Technician I,Amanda Carter,amy.frederick@bilearner.com,MSC,Terminated for Cause,Contract,Zone B,Temporary,Voluntary,Interest sit production sit director think.,Production       ,General - Con,MA,Lineman,Male,56136,Black,Married,Fully Meets,2,1,Amy Frederick,,Unknown
3156,2019-07-18,2020-02-19,Production Technician II,Jenny Ray,pierce.charles@bilearner.com,MSC,Voluntarily Terminated,Contract,Zone B,Part-Time,Voluntary,Else feel no individual.,Production       ,General - Con,MA,Lineman,Female,65327,Black,Married,Fully Meets,5,1,Pierce Charles,,Unknown
3157,2019-03-10,2021-11-16,Production Technician II,Kimberly Collier,deegan.pham@bilearner.com,TNS,Active,Contract,Zone A,Full-Time,Voluntary,Capital series something again ever.,Production       ,Billable Consultants,MA,Engineer,Female,25266,White,Divorced,Exceeds,5,1,Deegan Pham,,Unknown
3158,2023-05-30,2023-07-21,Production Technician II,Michael Hendricks,seth.oneill@bilearner.com,PYZ,Active,Part-Time,Zone A,Full-Time,Retirement,More next spring around television million media.,Production       ,General - Sga,MA,Director,Female,35824,Hispanic,Divorced,Exceeds,2,1,Seth Oneill,,Unknown
3159,2018-08-23,2019-06-19,Production Technician II,Lindsay White,mollie.woodward@bilearner.com,WBL,Active,Full-Time,Zone B,Part-Time,Voluntary,Allow decide education consider early such.,Production       ,Field Operations,MA,Groundman,Female,24940,Asian,Married,Fully Meets,4,1,Mollie Woodward,,Unknown
3160,2019-03-06,,Production Technician II,Madeline Henderson,baylee.warner@bilearner.com,NEL,Active,Full-Time,Zone A,Part-Time,Unk,Active Employee,Production       ,Splicing,MA,Splicer,Female,69293,Other,Single,Exceeds,4,0,Baylee Warner,,Unknown
3161,2023-08-01,2023-08-02,Production Technician II,Erin Maxwell,celeste.allison@bilearner.com,PL,Voluntarily Terminated,Full-Time,Zone C,Full-Time,Involuntary,Material thousand usually.,Production       ,General - Con,MA,Laborer,Female,9346,Black,Divorced,Fully Meets,1,1,Celeste Allison,,Unknown
3162,2020-02-24,2020-12-24,Production Technician II,Kaitlin Thomas MD,camryn.clark@bilearner.com,BPC,Active,Part-Time,Zone A,Temporary,Resignation,Not later mission use industry family at.,Production       ,Isp,MA,Manager,Male,57257,White,Single,Fully Meets,5,1,Camryn Clark,,Unknown
3163,2019-09-26,,Production Technician I,Taylor Martin,geovanni.crawford@bilearner.com,PL,Active,Contract,Zone A,Full-Time,Unk,Active Employee,Production       ,Catv,MA,Laborer,Male,57484,Black,Married,Fully Meets,4,0,Geovanni Crawford,,Unknown
3164,2022-12-07,2023-06-08,Production Technician I,Natalie Hogan,danielle.blanchard@bilearner.com,BPC,Voluntarily Terminated,Full-Time,Zone C,Temporary,Resignation,Beat hand ready reason development else doctor.,Production       ,Field Operations,MA,Foreman,Female,89536,Other,Married,Fully Meets,5,1,Danielle Blanchard,,Unknown
3165,2019-03-08,2021-02-08,Production Technician I,Kenneth Wilkinson,kasey.pineda@bilearner.com,CCDR,Active,Part-Time,Zone C,Full-Time,Retirement,Truth hope she after.,Production       ,Field Operations,MA,Laborer,Female,38677,Black,Single,Fully Meets,2,1,Kasey Pineda,,Unknown
3166,2019-08-06,2022-07-27,Production Technician I,Michelle Beasley,kenzie.friedman@bilearner.com,SVG,Active,Part-Time,Zone A,Full-Time,Resignation,Whatever up again yeah wear red.,Production       ,Field Operations,MA,Laborer,Female,28796,White,Single,Exceeds,2,1,Kenzie Friedman,33.0,25-34
3167,2019-06-19,,Production Technician I,Karina Hampton,destinee.mejia@bilearner.com,EW,Active,Full-Time,Zone B,Part-Time,Unk,Active Employee,Production       ,Splicing,MA,Lineman,Male,2156,Other,Divorced,Exceeds,4,0,Destinee Mejia,,Unknown
3168,2022-02-08,2023-07-18,Production Technician I,Timothy Price,deshawn.henry@bilearner.com,MSC,Leave of Absence,Part-Time,Zone A,Full-Time,Voluntary,Hot stage record listen cost against.,Production       ,Sales & Marketing,MA,Assistant,Male,86333,Hispanic,Married,Fully Meets,2,1,Deshawn Henry,,Unknown
3169,2019-06-08,2021-01-29,Production Technician I,Jade Howell,cristian.ritter@bilearner.com,TNS,Active,Part-Time,Zone B,Part-Time,Resignation,Find by campaign. Bit oil show cultural up smile.,Production       ,Aerial,MA,Lineman,Female,17633,Other,Single,Exceeds,4,1,Cristian Ritter,75.0,65+
3170,2022-01-28,2023-06-23,Production Technician I,David Harrison,demarcus.huffman@bilearner.com,PYZ,Active,Full-Time,Zone C,Full-Time,Retirement,Good talk past.,Production       ,Field Operations,MA,Technician,Male,16568,Asian,Married,Fully Meets,2,1,Demarcus Huffman,,Unknown
3171,2020-08-26,2022-08-11,Production Technician I,Courtney Neal,regina.lopez@bilearner.com,WBL,Active,Part-Time,Zone A,Part-Time,Involuntary,Suddenly myself debate official training three.,Production       ,Engineers,MA,Engineer,Female,44233,White,Widowed,Fully Meets,5,1,Regina Lopez,,Unknown
3172,2019-04-22,,Production Technician I,Elizabeth Allen,justice.clark@bilearner.com,NEL,Active,Contract,Zone C,Part-Time,Unk,Active Employee,Production       ,Shop (Fleet),MA,Mechanic,Female,41155,Asian,Divorced,Fully Meets,4,0,Justice Clark,43.0,35-44
3173,2022-12-21,2023-05-30,Production Technician I,Gloria Vaughn,tucker.sweeney@bilearner.com,PL,Active,Contract,Zone A,Part-Time,Resignation,Place hear beat.,Production       ,Billable Consultants,MA,Engineer,Female,24597,Asian,Married,Fully Meets,1,1,Tucker Sweeney,,Unknown
3174,2022-10-12,2023-07-03,Production Technician I,Tracy Warner,roy.pratt@bilearner.com,BPC,Active,Full-Time,Zone C,Part-Time,Involuntary,Only something seven relate leg however.,Production       ,Catv,MA,Foreman,Female,59255,Hispanic,Single,Fully Meets,5,1,Roy Pratt,,Unknown
3175,2023-07-23,2023-08-01,Production Technician I,Richard Cox,raphael.whitney@bilearner.com,CCDR,Active,Full-Time,Zone B,Full-Time,Voluntary,Foreign friend policy green.,Production       ,Fielders,MA,Engineer,Female,97410,Asian,Single,Fully Meets,1,1,Raphael Whitney,79.0,65+
3176,2018-12-13,2020-06-23,Production Technician I,Jessica Morgan,cade.palmer@bilearner.com,SVG,Active,Full-Time,Zone A,Full-Time,Resignation,Minute between another local country.,Production       ,Project Management - Con,MA,Coordinator,Female,42252,Other,Widowed,Exceeds,1,1,Cade Palmer,,Unknown
3177,2019-09-30,2021-06-23,Production Technician I,Lori Martin,abel.potts@bilearner.com,EW,Terminated for Cause,Full-Time,Zone A,Full-Time,Resignation,Six agreement take. Newspaper back land health.,Production       ,Project Management - Con,MA,Coordinator,Female,48294,Asian,Single,Fully Meets,1,1,Abel Potts,,Unknown
3178,2020-01-24,2023-06-09,Production Technician II,Eric Lopez,wayne.leon@bilearner.com,MSC,Voluntarily Terminated,Part-Time,Zone C,Part-Time,Involuntary,Follow arrive inside source.,Production       ,Field Operations,MA,Administrator,Female,45258,White,Married,PIP,1,1,Wayne Leon,,Unknown
3179,2020-12-23,2021-03-17,Production Technician II,Victoria Thomas,amya.armstrong@bilearner.com,TNS,Active,Full-Time,Zone C,Full-Time,Voluntary,Assume none mother note poor indeed.,Production       ,Field Operations,MA,Lineman,Male,96822,Black,Divorced,Fully Meets,2,1,Amya Armstrong,,Unknown
3180,2019-06-07,2020-01-11,Production Technician II,Jennifer Dean,johnny.whitehead@bilearner.com,PYZ,Voluntarily Terminated,Full-Time,Zone B,Temporary,Retirement,Begin person since way. Thus region happy no.,Production       ,Field Operations,MA,Technician,Female,14828,Hispanic,Divorced,Fully Meets,4,1,Johnny Whitehead,,Unknown
3181,2019-12-25,2021-11-14,Production Technician II,Cameron Harris,antwan.clayton@bilearner.com,WBL,Active,Contract,Zone C,Temporary,Voluntary,Safe cost bar use per both tend.,Production       ,General - Con,MA,Foreman,Female,26328,Other,Single,Fully Meets,4,1,Antwan Clayton,,Unknown
3182,2023-01-26,,Production Technician II,Benjamin Cantrell,dexter.preston@bilearner.com,NEL,Active,Contract,Zone B,Temporary,Unk,Active Employee,Production       ,Field Operations,MA,Technician,Female,55287,White,Married,PIP,2,0,Dexter Preston,,Unknown
3183,2022-11-03,2023-08-03,Production Technician II,Victor Warren,uriah.guerrero@bilearner.com,PL,Voluntarily Terminated,Full-Time,Zone A,Temporary,Resignation,Then foot not.,Production       ,Engineers,MA,Technician,Male,40809,Other,Single,PIP,3,1,Uriah Guerrero,,Unknown
3184,2022-05-13,,Production Technician I,Brian Roberts,dakota.oliver@bilearner.com,MSC,Active,Part-Time,Zone A,Full-Time,Unk,Active Employee,Production       ,Field Operations,MA,Tower Hand,Female,9994,Hispanic,Single,PIP,5,0,Dakota Oliver,,Unknown
3185,2020-09-23,2023-03-15,Production Technician I,Tina Wright,selena.yoder@bilearner.com,NEL,Voluntarily Terminated,Contract,Zone C,Temporary,Voluntary,Development second material common.,Production       ,Field Operations,MA,Assistant,Female,91605,Other,Divorced,PIP,2,1,Selena Yoder,27.0,25-34
3186,2021-08-29,2022-11-08,Production Technician I,Mary Weber,kaila.flowers@bilearner.com,PL,Active,Part-Time,Zone A,Full-Time,Voluntary,Believe kitchen whose true.,Production       ,Aerial,MA,Supervisor,Female,76162,Black,Divorced,Fully Meets,2,1,Kaila Flowers,59.0,55-64
3187,2022-12-13,2023-01-11,Production Technician I,Eric Riley Jr.,dashawn.ramirez@bilearner.com,PYZ,Active,Contract,Zone C,Full-Time,Resignation,Wide smile scene such society contain.,Production       ,Wireline Construction,MA,Project Manager,Female,13522,Black,Single,PIP,3,1,Dashawn Ramirez,64.0,55-64
3188,2022-11-06,,Production Technician I,Kathy Wong,meghan.ray@bilearner.com,SVG,Active,Part-Time,Zone C,Part-Time,Unk,Active Employee,Production       ,Field Operations,MA,Laborer,Male,2956,Hispanic,Divorced,Fully Meets,4,0,Meghan Ray,48.0,45-54
3189,2023-08-04,,Production Technician I,Ernest Bates,jasiah.palmer@bilearner.com,TNS,Active,Full-Time,Zone C,Temporary,Unk,Active Employee,Production       ,Project Management - Con,MA,Project Manager,Female,46851,Asian,Married,PIP,1,0,Jasiah Palmer,,Unknown
3190,2020-11-15,,Production Technician I,Brittany Allen,jaiden.hawkins@bilearner.com,WBL,Active,Contract,Zone C,Part-Time,Unk,Active Employee,Production       ,General - Con,MA,Administration,Male,89125,White,Divorced,PIP,2,0,Jaiden Hawkins,28.0,25-34
3191,2022-07-06,2022-08-12,Production Technician I,Krystal Newton,monserrat.miranda@bilearner.com,BPC,Active,Part-Time,Zone A,Part-Time,Retirement,Read PM learn third clearly film news.,Production       ,Technology / It,MA,Technician,Male,29435,Black,Married,Fully Meets,2,1,Monserrat Miranda,,Unknown
3192,2019-04-21,2022-01-12,Production Technician I,Alexandra Goodman,johnathon.lynch@bilearner.com,CCDR,Active,Full-Time,Zone A,Part-Time,Resignation,Ball they group who.,Production       ,Aerial,MA,Laborer,Female,26250,Black,Single,Fully Meets,3,1,Johnathon Lynch,29.0,25-34
3193,2021-08-28,,Production Technician I,Kevin Baker,dayanara.murray@bilearner.com,EW,Active,Full-Time,Zone C,Temporary,Unk,Active Employee,Production       ,General - Con,MA,Laborer,Female,67626,Black,Divorced,PIP,3,0,Dayanara Murray,,Unknown
3194,2021-03-25,,Production Technician I,Holly Mooney,alessandro.sawyer@bilearner.com,MSC,Active,Contract,Zone B,Full-Time,Unk,Active Employee,Production       ,Field Operations,MA,Groundman,Female,46143,Asian,Divorced,Fully Meets,1,0,Alessandro Sawyer,31.0,25-34
3195,2020-07-16,2020-10-15,Production Technician I,Latasha Garrison,kaylen.hogan@bilearner.com,NEL,Active,Full-Time,Zone A,Full-Time,Resignation,Tonight address serve yard race.,Production       ,General - Con,MA,Technician,Female,70709,White,Divorced,Fully Meets,2,1,Kaylen Hogan,,Unknown
3196,2018-11-28,2021-08-14,Production Technician I,James Hawkins,karley.michael@bilearner.com,PL,Active,Full-Time,Zone B,Temporary,Involuntary,Summer might develop TV magazine down.,Production       ,Engineers,MA,Project Manager,Female,60139,Other,Divorced,Fully Meets,2,1,Karley Michael,52.0,45-54
3197,2019-06-27,,Production Technician I,Kevin Mason,erik.parks@bilearner.com,PYZ,Active,Contract,Zone A,Full-Time,Unk,Active Employee,Production       ,General - Con,MA,Lineman,Female,15469,Hispanic,Divorced,PIP,1,0,Erik Parks,,Unknown
3198,2023-01-04,,Production Technician I,Olivia Alexander,violet.bennett@bilearner.com,SVG,Active,Contract,Zone A,Temporary,Unk,Active Employee,Production       ,General - Con,MA,Laborer,Female,77690,Asian,Married,Fully Meets,2,0,Violet Bennett,,Unknown
3199,2018-11-22,,Production Technician I,Austin Burke,hannah.jacobi@bilearner.com,BPC,Active,Full-Time,Zone B,Full-Time,Unk,Active Employee,Production       ,Engineers,MA,Engineer,Female,1778,Hispanic,Married,Fully Meets,2,0,Hannah Jacobi,,Unknown
3200,2021-01-08,,Production Technician II,Casey Landry,peter.robertson@bilearner.com,PL,Active,Part-Time,Zone B,Temporary,Unk,Active Employee,Production       ,Billable Consultants,MA,Engineer,Male,2138,Asian,Married,Fully Meets,4,0,Peter Robertson,,Unknown
3201,2022-11-18,,Production Technician I,Bobby Boyd,josephine.bugali@bilearner.com,EW,Active,Part-Time,Zone A,Part-Time,Unk,Active Employee,Production       ,Aerial,MA,Technician,Female,2043,Asian,Widowed,Fully Meets,4,0,Josephine Bugali,,Unknown
3202,2020-06-21,2023-06-23,Production Technician I,Andrea Walls,dallas.leach@bilearner.com,WBL,Voluntarily Terminated,Contract,Zone A,Full-Time,Involuntary,Oil prepare serious affect.,Production       ,Engineers,MA,Engineer,Female,1810,Other,Single,Fully Meets,4,1,Dallas Leach,,Unknown
3203,2021-01-19,2022-09-11,Production Technician I,John Lutz,marianne.eaton@bilearner.com,PYZ,Voluntarily Terminated,Contract,Zone C,Part-Time,Voluntary,Subject network inside.,Production       ,General - Sga,MA,Administrator,Female,2343,White,Single,Fully Meets,4,1,Marianne Eaton,65.0,55-64
3204,2023-06-04,,Production Technician I,Dominique Espinoza,bruno.rossetti@bilearner.com,BPC,Active,Contract,Zone C,Full-Time,Unk,Active Employee,Production       ,General - Sga,MA,Administration,Male,2155,White,Single,Fully Meets,4,0,Bruno Rossetti,67.0,65+
3205,2020-08-13,2021-09-17,Production Technician I,Roy Bradshaw,roxana.goyal@bilearner.com,TNS,Leave of Absence,Contract,Zone C,Part-Time,Voluntary,Notice strong involve music fact door move.,Production       ,Aerial,MA,Lineman,Female,1864,Asian,Married,Fully Meets,4,1,Roxana Goyal,38.0,35-44
3206,2019-09-06,,Production Technician I,Bonnie Clayton,thomas.barbara@bilearner.com,BPC,Active,Part-Time,Zone A,Part-Time,Unk,Active Employee,Production       ,Wireline Construction,MA,Groundman,Male,2062,Hispanic,Divorced,Fully Meets,2,0,Thomas Barbara,,Unknown
3207,2022-03-27,,Production Technician I,Maria Nelson,lynn.o'hare@bilearner.com,PYZ,Active,Full-Time,Zone C,Temporary,Unk,Active Employee,Production       ,Project Management - Con,MA,Supervisor,Female,2152,White,Widowed,Fully Meets,5,0,Lynn O'hare,,Unknown
3208,2020-12-25,2023-03-08,Production Technician I,Jeffrey Gray,abdellah.veera@bilearner.com,CCDR,Voluntarily Terminated,Contract,Zone A,Temporary,Resignation,Own road black catch help agreement.,Production       ,Field Operations,MA,Operator,Male,2171,Hispanic,Divorced,Fully Meets,2,1,Abdellah Veera,53.0,45-54
3209,2021-04-24,,Production Technician II,Jennifer Baker,daniel.davis@bilearner.com,PL,Active,Contract,Zone A,Full-Time,Unk,Active Employee,Production       ,General - Con,MA,Technician,Male,2458,Hispanic,Widowed,Fully Meets,5,0,Daniel Davis,,Unknown
3210,2020-05-12,,Production Technician I,Jessica Scott,barbara m.stanford@bilearner.com,WBL,Active,Full-Time,Zone A,Full-Time,Unk,Active Employee,Production       ,Aerial,MA,Lineman,Female,2050,Hispanic,Divorced,Fully Meets,5,0,Barbara M Stanford,,Unknown
3211,2023-05-23,,Production Technician II,Pamela Wilson,phylicia.gosciminski@bilearner.com,SVG,Active,Part-Time,Zone B,Part-Time,Unk,Active Employee,Production       ,General - Sga,MA,Administrator,Female,1824,Other,Married,Fully Meets,2,0,Phylicia Gosciminski,,Unknown
3212,2020-12-27,2022-05-22,Production Technician II,Matthew Brown,mohammed.latif@bilearner.com,PYZ,Voluntarily Terminated,Full-Time,Zone C,Part-Time,Resignation,Style now then seven.,Production       ,Field Operations,MA,Foreman,Male,2126,Asian,Married,Fully Meets,5,1,Mohammed Latif,,Unknown
3213,2018-11-17,2019-12-27,Production Technician I,Brandy Ferguson,hamish.garneau@bilearner.com,WBL,Active,Full-Time,Zone A,Part-Time,Involuntary,Mr everyone identify how pressure way.,Production       ,Field Operations,MA,Laborer,Male,1550,Hispanic,Widowed,Fully Meets,2,1,Hamish Garneau,,Unknown
3214,2019-07-16,,Production Technician I,Danielle Green,morissa.power@bilearner.com,PYZ,Active,Part-Time,Zone B,Temporary,Unk,Active Employee,Production       ,General - Con,MA,Laborer,Female,1742,Asian,Widowed,Fully Meets,2,0,Morissa Power,,Unknown
3215,2020-01-25,,Production Technician II,Jeffery Patterson,jason.woodson@bilearner.com,SVG,Active,Contract,Zone A,Part-Time,Unk,Active Employee,Production       ,General - Sga,MA,Administrator,Male,1810,White,Divorced,Fully Meets,3,0,Jason Woodson,53.0,45-54
3216,2021-08-16,,Production Technician I,Margaret Murphy MD,janine.purinton@bilearner.com,MSC,Active,Part-Time,Zone A,Temporary,Unk,Active Employee,Production       ,Fielders,MA,Engineer,Female,2474,Other,Divorced,Fully Meets,5,0,Janine Purinton,,Unknown
3217,2019-01-20,2019-10-01,Production Technician II,Karen Munoz,sarah.akinkuolie@bilearner.com,BPC,Voluntarily Terminated,Contract,Zone B,Full-Time,Resignation,Summer begin quickly.,Production       ,General - Con,MA,Technician,Female,1810,White,Single,Fully Meets,3,1,Sarah Akinkuolie,,Unknown
3218,2018-09-04,,Production Technician I,Michael Kelly,spencer.cole@bilearner.com,SVG,Active,Full-Time,Zone C,Part-Time,Unk,Active Employee,Production       ,Field Operations,MA,Laborer,Male,1880,Other,Widowed,Fully Meets,5,0,Spencer Cole,,Unknown
3219,2019-09-20,,Production Technician II,Kelly Hudson,luisa.monterro@bilearner.com,PL,Active,Full-Time,Zone B,Full-Time,Unk,Active Employee,Production       ,Executive,MA,Administrator,Female,2126,Black,Widowed,Fully Meets,3,0,Luisa Monterro,,Unknown
3220,2023-07-24,,Production Technician I,Brittney Collins,sandy.mckenna@bilearner.com,SVG,Active,Part-Time,Zone A,Full-Time,Unk,Active Employee,Production       ,Field Operations,MA,Tower Hand,Female,2184,Other,Divorced,Fully Meets,1,0,Sandy Mckenna,46.0,45-54
3221,2023-07-05,,Production Technician I,Felicia Williams,savanah.baker@bilearner.com,PL,Active,Full-Time,Zone B,Temporary,Unk,Active Employee,Production       ,Wireline Construction,MA,Foreman,Male,69598,Other,Single,Fully Meets,4,0,Savanah Baker,,Unknown
3222,2021-01-11,,Production Technician I,Andrea Welch,gloria.small@bilearner.com,BPC,Active,Contract,Zone A,Part-Time,Unk,Active Employee,Production       ,Shop (Fleet),MA,Manager,Female,28908,Hispanic,Married,Fully Meets,2,0,Gloria Small,,Unknown
3223,2022-11-06,,Production Technician I,Jennifer Lopez,alisa.aguirre@bilearner.com,CCDR,Active,Full-Time,Zone A,Full-Time,Unk,Active Employee,Production       ,Splicing,MA,Splicer,Female,35854,Asian,Single,Fully Meets,5,0,Alisa Aguirre,74.0,65+
3224,2023-04-03,,Production Technician I,Dawn Schultz,sterling.davila@bilearner.com,SVG,Active,Part-Time,Zone A,Part-Time,Unk,Active Employee,Production       ,People Services,MA,Manager,Female,69030,White,Single,Fully Meets,5,0,Sterling Davila,56.0,55-64
3225,2021-06-07,2023-06-23,Production Technician I,Emily Rodriguez,saniya.bradley@bilearner.com,EW,Active,Contract,Zone B,Part-Time,Retirement,Environmental region affect have it.,Production       ,General - Con,MA,Foreman,Female,8088,White,Divorced,Fully Meets,3,1,Saniya Bradley,,Unknown
3226,2019-01-20,,Production Technician I,James Hamilton,drake.ashley@bilearner.com,MSC,Active,Contract,Zone B,Full-Time,Unk,Active Employee,Production       ,General - Eng,MA,Technician,Female,50972,Black,Married,Fully Meets,4,0,Drake Ashley,,Unknown
3227,2021-11-20,2022-06-06,Production Technician I,Michelle Kramer,rosemary.manning@bilearner.com,TNS,Leave of Absence,Contract,Zone A,Temporary,Involuntary,Hope any environment reflect realize.,Production       ,Aerial,MA,Groundman,Female,1013,Black,Widowed,Fully Meets,2,1,Rosemary Manning,57.0,55-64
3228,2019-05-27,2022-08-18,Production Technician I,Melissa Bennett,adrianna.johnston@bilearner.com,PYZ,Voluntarily Terminated,Full-Time,Zone C,Temporary,Involuntary,Eat unit push read. Weight decide prove defense.,Production       ,Field Operations,MA,Technician,Male,8223,Hispanic,Single,Fully Meets,2,1,Adrianna Johnston,80.0,65+
3229,2022-12-18,,Production Technician I,Bruce West,ruby.bean@bilearner.com,WBL,Active,Contract,Zone C,Temporary,Unk,Active Employee,Production       ,Engineers,MA,Program Manager,Male,15997,Other,Widowed,Fully Meets,1,0,Ruby Bean,,Unknown
3230,2021-05-13,2023-07-13,Production Technician I,Patricia Lee,annalise.avila@bilearner.com,NEL,Leave of Absence,Full-Time,Zone C,Full-Time,Resignation,Condition whole however senior water.,Production       ,Field Operations,MA,Laborer,Female,55412,White,Single,Fully Meets,1,1,Annalise Avila,,Unknown
3231,2021-05-24,,Production Technician I,Peter Smith,carley.irwin@bilearner.com,PL,Active,Full-Time,Zone C,Part-Time,Unk,Active Employee,Production       ,Shop (Fleet),MA,Shop,Female,97872,White,Divorced,Exceeds,2,0,Carley Irwin,,Unknown
3232,2021-10-06,2022-05-19,Production Technician I,Carlos Miller,makenzie.mercer@bilearner.com,BPC,Leave of Absence,Part-Time,Zone B,Temporary,Resignation,Write arrive produce since.,Production       ,General - Con,MA,Laborer,Male,26785,Other,Divorced,Fully Meets,1,1,Makenzie Mercer,,Unknown
3233,2020-08-22,2020-08-26,Production Technician I,Jim Mccormick,julia.vargas@bilearner.com,CCDR,Leave of Absence,Contract,Zone C,Part-Time,Voluntary,Fact order police ability another pretty add.,Production       ,Engineers,MA,Engineer,Male,14249,Asian,Widowed,Fully Meets,2,1,Julia Vargas,57.0,55-64
3234,2021-08-23,,Production Technician I,Catherine Harris,parker.harrison@bilearner.com,SVG,Active,Part-Time,Zone B,Temporary,Unk,Active Employee,Production       ,General - Con,MA,Administration,Male,52819,Black,Widowed,Fully Meets,3,0,Parker Harrison,,Unknown
3235,2021-12-23,2022-10-17,Production Technician I,Jeffrey Webb,emmett.york@bilearner.com,EW,Active,Contract,Zone C,Temporary,Resignation,Without option agent show term.,Production       ,Engineers,MA,Engineer,Male,62173,Hispanic,Married,Fully Meets,2,1,Emmett York,63.0,55-64
3236,2022-01-24,2022-03-27,Production Technician II,James Williamson,landin.walton@bilearner.com,NEL,Active,Contract,Zone C,Full-Time,Involuntary,Stuff painting partner my.,Production       ,People Services,MA,Cpo,Female,8702,Asian,Married,Fully Meets,5,1,Landin Walton,47.0,45-54
3237,2022-11-21,,Production Technician II,Samantha David,landon.mayo@bilearner.com,PL,Active,Contract,Zone B,Temporary,Unk,Active Employee,Production       ,General - Eng,MA,Drafter,Male,69369,White,Married,Fully Meets,4,0,Landon Mayo,39.0,35-44
3238,2018-12-04,2022-07-01,Production Technician II,Anne Gomez,abby.estes@bilearner.com,PYZ,Voluntarily Terminated,Contract,Zone A,Part-Time,Voluntary,Organization above size discuss office.,Production       ,Wireline Construction,MA,Vp,Male,39455,Other,Divorced,Fully Meets,4,1,Abby Estes,26.0,25-34
3239,2019-06-02,,Production Technician II,Brenda Chandler,rachael.pena@bilearner.com,SVG,Active,Part-Time,Zone C,Temporary,Unk,Active Employee,Production       ,Field Operations,MA,Operator,Male,74781,Black,Single,Fully Meets,3,0,Rachael Pena,,Unknown
3240,2018-08-12,2019-07-05,Production Technician II,Taylor Kim,kyan.fritz@bilearner.com,TNS,Voluntarily Terminated,Full-Time,Zone C,Temporary,Voluntary,Kid decision small fire year eat.,Production       ,Shop (Fleet),MA,Shop,Female,60148,Asian,Married,Fully Meets,2,1,Kyan Fritz,46.0,45-54
3241,2022-05-15,,Production Technician II,Jessica Lawson,lana.vega@bilearner.com,WBL,Active,Part-Time,Zone B,Full-Time,Unk,Active Employee,Production       ,General - Sga,MA,Administrator,Female,56978,White,Divorced,Fully Meets,1,0,Lana Vega,79.0,65+
3242,2021-11-23,2022-04-21,Production Technician I,Krista Hernandez,alma.fischer@bilearner.com,NEL,Voluntarily Terminated,Contract,Zone C,Full-Time,Resignation,If data from box movement bad service.,Production       ,Aerial,MA,Lineman,Male,46927,Hispanic,Single,Fully Meets,3,1,Alma Fischer,,Unknown
3243,2020-12-13,,Production Technician I,Danielle Collins,harley.peterson@bilearner.com,PL,Active,Full-Time,Zone C,Full-Time,Unk,Active Employee,Production       ,Splicing,MA,Technician,Male,63497,Hispanic,Married,Fully Meets,2,0,Harley Peterson,71.0,65+
3244,2021-07-28,,Production Technician I,Mary Hines,kade.stokes@bilearner.com,BPC,Active,Part-Time,Zone C,Temporary,Unk,Active Employee,Production       ,Shop (Fleet),MA,Mechanic,Female,67772,Black,Divorced,Fully Meets,2,0,Kade Stokes,,Unknown
3245,2019-06-07,2021-12-30,Production Technician I,Mrs. Vickie Barber,leonel.tanner@bilearner.com,CCDR,Terminated for Cause,Full-Time,Zone A,Full-Time,Voluntary,Fly draw gun true deal sure.,Production       ,Field Operations,MA,Laborer,Female,62905,Black,Married,Fully Meets,1,1,Leonel Tanner,78.0,65+
3246,2019-06-12,2021-05-25,Production Technician I,Barry Hernandez,natalia.burns@bilearner.com,SVG,Terminated for Cause,Part-Time,Zone C,Part-Time,Retirement,With picture sport this after.,Production       ,Safety,MA,Safety,Female,16673,White,Married,Fully Meets,4,1,Natalia Burns,,Unknown
3247,2023-04-20,2023-08-06,Production Technician I,Glenn Kelly,hailee.raymond@bilearner.com,EW,Active,Full-Time,Zone C,Part-Time,Resignation,Much already above care than.,Production       ,General - Con,MA,Operator,Female,85847,Black,Single,Fully Meets,3,1,Hailee Raymond,,Unknown
3248,2018-08-07,2023-07-19,Production Technician I,Amy Reeves,micah.douglas@bilearner.com,MSC,Active,Contract,Zone B,Part-Time,Resignation,Approach together husband better.,Production       ,General - Con,MA,Clerical,Female,27168,Hispanic,Single,Fully Meets,5,1,Micah Douglas,,Unknown
3249,2018-12-06,,Production Technician I,Mark Rodriguez,kaley.pollard@bilearner.com,TNS,Active,Contract,Zone C,Part-Time,Unk,Active Employee,Production       ,Underground,MA,Laborer,Male,26745,Black,Single,Fully Meets,3,0,Kaley Pollard,,Unknown
3250,2021-03-25,,Production Technician I,Shawn Wallace,seth.fletcher@bilearner.com,PYZ,Active,Full-Time,Zone B,Full-Time,Unk,Active Employee,Production       ,Project Management - Con,MA,Supervisor,Male,25590,Asian,Married,Fully Meets,2,0,Seth Fletcher,29.0,25-34
3251,2019-02-15,2019-04-25,Production Technician I,Natalie Cox,elliana.thomas@bilearner.com,WBL,Voluntarily Terminated,Contract,Zone A,Part-Time,Resignation,Any record environment.,Production       ,Field Operations,MA,Laborer,Male,36234,White,Divorced,Fully Meets,5,1,Elliana Thomas,70.0,65+
3252,2023-03-14,,Production Technician I,Sarah Cannon,edward.chung@bilearner.com,NEL,Active,Full-Time,Zone A,Part-Time,Unk,Active Employee,Production       ,Shop (Fleet),MA,Mechanic,Female,29287,Black,Divorced,PIP,4,0,Edward Chung,33.0,25-34
3253,2019-09-01,2021-06-01,Production Technician I,Terrance Pitts,tessa.estes@bilearner.com,PL,Leave of Absence,Part-Time,Zone A,Part-Time,Involuntary,Star candidate seven television teacher all many.,Production       ,Field Operations,MA,Technician,Female,46895,White,Single,Fully Meets,2,1,Tessa Estes,,Unknown
3254,2021-02-23,2022-07-13,Production Technician I,Samantha Gilbert,charlie.carson@bilearner.com,BPC,Leave of Absence,Full-Time,Zone B,Temporary,Voluntary,Save interest factor training.,Production       ,General - Sga,MA,Administration,Male,25093,Other,Widowed,Fully Meets,3,1,Charlie Carson,,Unknown
3255,2023-03-22,,Production Technician I,Natalie Lang,lawson.zuniga@bilearner.com,CCDR,Active,Contract,Zone C,Part-Time,Unk,Active Employee,Production       ,Yard (Material Handling),MA,Runner,Male,65332,Other,Widowed,Fully Meets,3,0,Lawson Zuniga,65.0,55-64
3256,2019-01-24,,Production Technician I,Kelsey Calhoun DDS,coleman.huffman@bilearner.com,SVG,Active,Part-Time,Zone B,Part-Time,Unk,Active Employee,Production       ,General - Con,MA,Flagger,Male,4750,Black,Divorced,Fully Meets,5,0,Coleman Huffman,,Unknown
3257,2020-11-19,,Production Technician II,Jeffrey Terry,sanaa.reilly@bilearner.com,PL,Active,Full-Time,Zone A,Full-Time,Unk,Active Employee,Production       ,Wireline Construction,MA,Laborer,Female,89893,Other,Single,Fully Meets,3,0,Sanaa Reilly,40.0,35-44
3258,2023-02-15,,Production Technician II,David Vargas,slade.randolph@bilearner.com,BPC,Active,Part-Time,Zone B,Temporary,Unk,Active Employee,Production       ,Aerial,MA,Foreman,Male,27959,White,Single,Fully Meets,2,0,Slade Randolph,,Unknown
3259,2022-05-09,2022-06-10,Production Technician II,Matthew York,dania.hale@bilearner.com,CCDR,Voluntarily Terminated,Full-Time,Zone B,Full-Time,Resignation,Trouble hot lead article guess travel.,Production       ,Field Operations,MA,Tower Hand,Male,71536,Hispanic,Single,Fully Meets,2,1,Dania Hale,,Unknown
3260,2021-10-06,,Production Technician II,Michael Mathews,roland.orozco@bilearner.com,SVG,Active,Contract,Zone B,Temporary,Unk,Active Employee,Production       ,General - Con,MA,Splicer,Male,86352,Hispanic,Single,Fully Meets,3,0,Roland Orozco,,Unknown
3261,2021-01-17,2023-06-25,Production Technician II,Philip Jackson,kaylen.fisher@bilearner.com,EW,Leave of Absence,Part-Time,Zone B,Temporary,Involuntary,Cause data speech tough garden body good.,Production       ,Field Operations,MA,Administrative,Male,18868,Hispanic,Widowed,Fully Meets,4,1,Kaylen Fisher,78.0,65+
3262,2022-03-22,,Production Technician II,Samantha Williams,kasey.preston@bilearner.com,MSC,Active,Full-Time,Zone A,Full-Time,Unk,Active Employee,Production       ,Catv,MA,Laborer,Female,69534,Black,Divorced,PIP,4,0,Kasey Preston,,Unknown
3263,2022-04-20,2023-04-30,Production Technician I,Renee Jones DVM,cruz.davila@bilearner.com,NEL,Voluntarily Terminated,Full-Time,Zone A,Part-Time,Involuntary,Measure question others smile oil.,Production       ,Engineers,MA,Drafter,Male,41746,Asian,Single,PIP,2,1,Cruz Davila,,Unknown
3264,2021-12-31,2023-05-10,Production Technician I,Jim Melton,alani.phillips@bilearner.com,PL,Terminated for Cause,Part-Time,Zone C,Part-Time,Involuntary,Attorney control write American.,Production       ,General - Eng,MA,Engineer,Male,16282,Asian,Married,Fully Meets,5,1,Alani Phillips,76.0,65+
3265,2018-10-31,,Production Technician I,Anna Hogan,giovanni.klein@bilearner.com,BPC,Active,Part-Time,Zone C,Full-Time,Unk,Active Employee,Production       ,Aerial,MA,Groundman,Female,26076,Asian,Single,Fully Meets,1,0,Giovanni Klein,,Unknown
3266,2020-07-24,,Production Technician I,Andrew Garcia,max.mahoney@bilearner.com,CCDR,Active,Contract,Zone A,Full-Time,Unk,Active Employee,Production       ,Wireline Construction,MA,Laborer,Female,22339,Black,Married,Fully Meets,2,0,Max Mahoney,,Unknown
3267,2019-12-12,2020-01-17,Production Technician I,Lindsey Aguilar,perla.terry@bilearner.com,SVG,Active,Contract,Zone C,Part-Time,Voluntary,Smile wife newspaper attorney dog discuss write.,Production       ,Splicing,MA,Laborer,Female,52402,Other,Single,Fully Meets,5,1,Perla Terry,63.0,55-64
3268,2023-06-22,,Production Technician I,Terry Andrade,makai.ochoa@bilearner.com,EW,Active,Contract,Zone A,Temporary,Unk,Active Employee,Production       ,Field Operations,MA,Driver,Female,43825,Asian,Single,Fully Meets,2,0,Makai Ochoa,,Unknown
3269,2021-06-20,,Production Technician I,Amanda Ball,caiden.hogan@bilearner.com,MSC,Active,Full-Time,Zone C,Temporary,Unk,Active Employee,Production       ,Field Operations,MA,Laborer,Male,92624,Asian,Married,Fully Meets,1,0,Caiden Hogan,26.0,25-34
3270,2019-10-31,,Production Technician I,Christina Nguyen,brandon.dickerson@bilearner.com,TNS,Active,Full-Time,Zone B,Full-Time,Unk,Active Employee,Production       ,Splicing,MA,Technician,Male,88948,Asian,Single,Fully Meets,2,0,Brandon Dickerson,68.0,65+
3271,2019-07-02,2022-11-26,Production Technician I,Kenneth Bender,taryn.snow@bilearner.com,PYZ,Voluntarily Terminated,Contract,Zone B,Part-Time,Involuntary,Talk it thousand score least try sound.,Production       ,Engineers,MA,Engineer,Male,72709,Asian,Divorced,Fully Meets,3,1,Taryn Snow,,Unknown
3272,2023-02-10,,Production Technician I,Natasha Mathews,monserrat.cooke@bilearner.com,WBL,Active,Contract,Zone C,Part-Time,Unk,Active Employee,Production       ,Aerial,MA,Flagger,Male,38780,Other,Widowed,Fully Meets,3,0,Monserrat Cooke,,Unknown
3273,2022-09-16,,Production Technician I,Tonya Jones,zaria.mcintosh@bilearner.com,NEL,Active,Full-Time,Zone A,Temporary,Unk,Active Employee,Production       ,People Services,MA,Coordinator,Female,24573,Asian,Divorced,Fully Meets,4,0,Zaria Mcintosh,28.0,25-34
3274,2020-01-21,2020-07-29,Production Technician I,Anthony Bass,arely.may@bilearner.com,PL,Leave of Absence,Part-Time,Zone B,Full-Time,Retirement,History force myself.,Production       ,Aerial,MA,Foreman,Female,30214,Other,Divorced,PIP,3,1,Arely May,,Unknown
3275,2022-11-16,,Production Technician I,Erin Lloyd,gina.kent@bilearner.com,BPC,Active,Part-Time,Zone B,Temporary,Unk,Active Employee,Production       ,General - Con,MA,Foreman,Male,66377,Other,Divorced,PIP,3,0,Gina Kent,,Unknown
3276,2021-01-25,,Production Technician I,Joshua Lee,catherine.anthony@bilearner.com,CCDR,Active,Contract,Zone A,Temporary,Unk,Active Employee,Production       ,Engineers,MA,Project Manager,Male,83059,Asian,Divorced,Fully Meets,2,0,Catherine Anthony,,Unknown
3277,2023-06-16,2023-06-24,Production Technician II,Darlene Garcia,wade.beltran@bilearner.com,NEL,Active,Part-Time,Zone B,Temporary,Retirement,Personal fear indeed rest also.,Production       ,Aerial,MA,Foreman,Female,86836,Hispanic,Married,Fully Meets,5,1,Wade Beltran,,Unknown
3278,2020-09-08,2021-10-17,Production Technician II,Angela Griffin MD,mina.bryant@bilearner.com,PL,Active,Contract,Zone A,Part-Time,Retirement,Take nice into true side job.,Production       ,Field Operations,MA,Laborer,Female,4862,Black,Married,Fully Meets,4,1,Mina Bryant,,Unknown
3279,2019-01-23,2020-11-24,Production Technician II,Katrina Davis,jonas.everett@bilearner.com,BPC,Active,Full-Time,Zone A,Full-Time,Involuntary,Market public task none past spend.,Production       ,Engineers,MA,Project Manager,Male,53530,Black,Married,Fully Meets,5,1,Jonas Everett,,Unknown
3280,2023-05-29,2023-07-23,Production Technician II,Tamara Bailey,makaila.pham@bilearner.com,CCDR,Voluntarily Terminated,Part-Time,Zone A,Temporary,Involuntary,Fast light home sign build not.,Production       ,Project Management - Con,MA,Manager,Male,59596,Other,Divorced,Fully Meets,5,1,Makaila Pham,43.0,35-44
3281,2019-08-16,,Production Technician II,Thomas Jones,gloria.rose@bilearner.com,SVG,Active,Contract,Zone B,Full-Time,Unk,Active Employee,Production       ,General - Con,MA,Laborer,Male,65633,Hispanic,Divorced,Fully Meets,5,0,Gloria Rose,,Unknown
3282,2020-06-04,,Production Technician II,Stephanie Lewis,rebekah.carpenter@bilearner.com,EW,Active,Full-Time,Zone B,Full-Time,Unk,Active Employee,Production       ,Wireline Construction,MA,Lineman,Female,54457,Asian,Married,Fully Meets,3,0,Rebekah Carpenter,,Unknown
3283,2020-07-21,,Production Technician II,Vanessa Garrison,iris.reynolds@bilearner.com,MSC,Active,Contract,Zone B,Part-Time,Unk,Active Employee,Production       ,Wireline Construction,MA,Lineman,Female,16989,Hispanic,Married,Fully Meets,3,0,Iris Reynolds,,Unknown
3284,2022-08-21,2023-03-29,Production Technician I,Jonathan Franco,kennedi.howell@bilearner.com,EW,Voluntarily Terminated,Contract,Zone A,Part-Time,Resignation,Order protect raise exist by behind dream memory.,Production       ,Fielders,MA,Technician,Male,22735,Other,Divorced,Fully Meets,2,1,Kennedi Howell,,Unknown
3285,2021-07-16,2023-06-12,Production Technician I,Mark Mills,rashad.sutton@bilearner.com,MSC,Terminated for Cause,Contract,Zone B,Part-Time,Retirement,Know blue difficult let black choice require.,Production       ,Wireline Construction,MA,Laborer,Male,81424,Other,Single,PIP,4,1,Rashad Sutton,,Unknown
3286,2019-11-06,,Production Technician I,Kristina Hawkins,regan.conrad@bilearner.com,NEL,Active,Full-Time,Zone C,Temporary,Unk,Active Employee,Production       ,Project Management - Con,MA,Project Manager,Female,70949,White,Divorced,PIP,3,0,Regan Conrad,,Unknown
3287,2021-01-01,,Production Technician I,Bobby Parker,litzy.arias@bilearner.com,PL,Active,Part-Time,Zone A,Temporary,Unk,Active Employee,Production       ,General - Con,MA,Laborer,Female,44442,Asian,Divorced,Fully Meets,1,0,Litzy Arias,47.0,45-54
3288,2019-09-24,,Production Technician I,Mark Bolton,eden.silva@bilearner.com,PYZ,Active,Full-Time,Zone A,Temporary,Unk,Active Employee,Production       ,Field Operations,MA,Foreman,Female,92307,White,Divorced,Fully Meets,2,0,Eden Silva,,Unknown
3289,2020-05-17,,Production Technician I,Mr. Aaron Mcclain,kinley.serrano@bilearner.com,SVG,Active,Contract,Zone A,Full-Time,Unk,Active Employee,Production       ,General - Con,MA,Groundman,Female,87752,White,Divorced,Fully Meets,4,0,Kinley Serrano,46.0,45-54
3290,2018-08-07,,Production Technician I,Jeffery Baker,jaiden.middleton@bilearner.com,TNS,Active,Part-Time,Zone A,Full-Time,Unk,Active Employee,Production       ,Field Operations,MA,Mechanic,Male,60198,Other,Single,Fully Meets,3,0,Jaiden Middleton,31.0,25-34
3291,2023-08-01,,Production Technician I,Dustin Hoffman,shamar.serrano@bilearner.com,WBL,Active,Contract,Zone C,Full-Time,Unk,Active Employee,Production       ,General - Con,MA,Flagger,Male,50905,Hispanic,Married,Fully Meets,2,0,Shamar Serrano,69.0,65+
3292,2019-01-12,2020-01-09,Production Technician I,Connor Wallace,nadia.romero@bilearner.com,PYZ,Voluntarily Terminated,Part-Time,Zone C,Part-Time,Retirement,Four read some later whether lose system.,Production       ,Field Operations,MA,Engineer,Male,2769,Asian,Single,Fully Meets,4,1,Nadia Romero,,Unknown
3293,2021-04-09,2022-11-29,Production Technician I,Cindy Ruiz,lillianna.hill@bilearner.com,WBL,Voluntarily Terminated,Contract,Zone C,Full-Time,Retirement,Toward make herself high red writer week.,Production       ,General - Con,MA,Technician,Female,90732,Black,Married,Fully Meets,3,1,Lillianna Hill,59.0,55-64
3294,2022-06-04,2022-12-24,Production Technician I,Regina Dickerson,brent.henry@bilearner.com,NEL,Leave of Absence,Full-Time,Zone A,Temporary,Retirement,New begin remember understand.,Production       ,Aerial,MA,Lineman,Female,12076,Other,Divorced,Fully Meets,3,1,Brent Henry,61.0,55-64
3295,2019-05-31,,Production Technician I,Joshua Wilson,emmanuel.perkins@bilearner.com,PL,Active,Part-Time,Zone C,Full-Time,Unk,Active Employee,Production       ,Aerial,MA,Groundman,Female,27767,Black,Divorced,Fully Meets,5,0,Emmanuel Perkins,,Unknown
3296,2019-01-07,2019-10-08,Production Technician I,Michael Palmer,isis.brooks@bilearner.com,BPC,Leave of Absence,Part-Time,Zone C,Full-Time,Voluntary,Maybe despite performance rather evidence.,Production       ,Field Operations,MA,Foreman,Male,24886,White,Married,PIP,2,1,Isis Brooks,79.0,65+
3297,2020-07-18,2021-04-20,Production Technician I,Bryan Beasley,axel.dunlap@bilearner.com,CCDR,Leave of Absence,Contract,Zone A,Temporary,Retirement,Stock true summer together social.,Production       ,Field Operations,MA,Engineer,Male,25813,Black,Married,Fully Meets,4,1,Axel Dunlap,71.0,65+
3298,2020-11-19,2021-05-21,Production Technician II,Sarah Escobar,tatum.petty@bilearner.com,EW,Active,Full-Time,Zone A,Full-Time,Involuntary,Great unit evidence run.,Production       ,Field Operations,MA,Technician,Female,88404,Hispanic,Widowed,Fully Meets,5,1,Tatum Petty,30.0,25-34
3299,2022-11-10,,Production Technician II,Tabitha Cunningham,devyn.pace@bilearner.com,MSC,Active,Part-Time,Zone A,Full-Time,Unk,Active Employee,Production       ,Wireline Construction,MA,Supervisor,Male,51576,White,Widowed,Fully Meets,4,0,Devyn Pace,51.0,45-54
3300,2021-03-25,2022-05-08,Production Technician II,Mr. Gregory Mullins MD,rosemary.becker@bilearner.com,NEL,Active,Full-Time,Zone B,Part-Time,Resignation,Artist message call such.,Production       ,Field Operations,MA,Technician,Male,73771,White,Married,Fully Meets,2,1,Rosemary Becker,,Unknown
3301,2019-05-13,2022-08-13,Production Technician II,Michael Clark,amiah.sweeney@bilearner.com,PL,Voluntarily Terminated,Contract,Zone B,Full-Time,Retirement,On crime student tough note.,Production       ,Field Operations,MA,Construction Manager,Male,65436,Black,Divorced,Fully Meets,1,1,Amiah Sweeney,,Unknown
3302,2019-06-07,2022-11-06,Production Technician II,Shawn Johnson,maya.mccoy@bilearner.com,PYZ,Leave of Absence,Full-Time,Zone A,Part-Time,Retirement,Year ever end drive.,Production       ,General - Con,MA,Lineman,Female,77353,Hispanic,Married,Fully Meets,4,1,Maya Mccoy,,Unknown
3303,2023-02-18,,Production Technician II,Kathy York,ty.page@bilearner.com,SVG,Active,Full-Time,Zone A,Part-Time,Unk,Active Employee,Production       ,Field Operations,MA,Laborer,Female,49310,Black,Single,Fully Meets,3,0,Ty Page,45.0,35-44
3304,2019-04-02,,Production Technician II,Cynthia Morgan,destiney.kirby@bilearner.com,TNS,Active,Part-Time,Zone A,Temporary,Unk,Active Employee,Production       ,Wireline Construction,MA,Foreman,Female,71443,Other,Single,Fully Meets,4,0,Destiney Kirby,42.0,35-44
3305,2020-11-30,2022-10-23,Production Technician I,Alex Lopez,jace.galloway@bilearner.com,WBL,Voluntarily Terminated,Contract,Zone C,Part-Time,Involuntary,Billion approach middle behind national describe.,Production       ,Project Management - Con,MA,Coordinator,Female,18362,Other,Widowed,Fully Meets,4,1,Jace Galloway,34.0,25-34
3306,2022-09-24,2022-10-27,Production Technician I,Angela Terry,justice.guerra@bilearner.com,NEL,Voluntarily Terminated,Full-Time,Zone A,Temporary,Voluntary,Reason common from ready.,Production       ,Field Operations,MA,Laborer,Male,78658,White,Married,PIP,4,1,Justice Guerra,,Unknown
3307,2019-06-21,,Production Technician I,Henry Armstrong Jr.,quincy.cardenas@bilearner.com,PL,Active,Full-Time,Zone C,Full-Time,Unk,Active Employee,Production       ,Executive,MA,Vp,Male,96247,Asian,Married,Fully Meets,4,0,Quincy Cardenas,,Unknown
3308,2022-06-10,,Production Technician I,Mary Kent,alyvia.mitchell@bilearner.com,BPC,Active,Contract,Zone C,Temporary,Unk,Active Employee,Production       ,General - Sga,MA,Administrative,Female,70865,Black,Married,Fully Meets,3,0,Alyvia Mitchell,,Unknown
3309,2020-10-18,,Production Technician I,Kelly Brown,lillie.potter@bilearner.com,CCDR,Active,Part-Time,Zone B,Part-Time,Unk,Active Employee,Production       ,Finance & Accounting,MA,Assistant,Female,24730,White,Single,Fully Meets,1,0,Lillie Potter,,Unknown
3310,2022-02-02,2023-02-04,Production Technician I,Sheryl Austin,george.fritz@bilearner.com,SVG,Active,Part-Time,Zone B,Part-Time,Retirement,Course appear wait police car.,Production       ,Executive,MA,Vp,Female,53426,Asian,Married,Fully Meets,3,1,George Fritz,,Unknown
3311,2021-06-17,2021-12-03,Production Technician I,Christina Kennedy,william.avila@bilearner.com,EW,Active,Contract,Zone A,Temporary,Retirement,Ready image offer. According and reveal land.,Production       ,Field Operations,MA,Project Manager,Female,15819,Black,Widowed,Fully Meets,4,1,William Avila,52.0,45-54
3312,2018-12-01,,Production Technician I,Sara Grimes,saniya.mosley@bilearner.com,MSC,Active,Part-Time,Zone C,Temporary,Unk,Active Employee,Production       ,Engineers,MA,Engineer,Male,27839,Hispanic,Married,Fully Meets,4,0,Saniya Mosley,,Unknown
3313,2021-05-09,,Production Technician I,Teresa George,aimee.davila@bilearner.com,TNS,Active,Full-Time,Zone B,Full-Time,Unk,Active Employee,Production       ,Wireline Construction,MA,Assistant,Male,36560,Hispanic,Married,Fully Meets,3,0,Aimee Davila,,Unknown
3314,2019-01-01,,Production Technician I,Shelly Turner,german.hobbs@bilearner.com,PYZ,Active,Part-Time,Zone A,Temporary,Unk,Active Employee,Production       ,General - Eng,MA,Project Manager,Male,19525,Other,Widowed,Fully Meets,4,0,German Hobbs,,Unknown
3315,2018-10-13,2020-03-18,Production Technician I,Crystal Richmond,amy.pace@bilearner.com,WBL,Voluntarily Terminated,Full-Time,Zone C,Temporary,Involuntary,Director include student.,Production       ,Field Operations,MA,Locator,Female,85181,Other,Widowed,Fully Meets,3,1,Amy Pace,,Unknown
3316,2020-04-25,2022-12-13,Production Technician I,Theresa Holmes,bronson.houston@bilearner.com,NEL,Leave of Absence,Part-Time,Zone C,Full-Time,Retirement,Movement beat thing attorney benefit mention I.,Production       ,Catv,MA,Lineman,Female,37802,Hispanic,Widowed,Fully Meets,3,1,Bronson Houston,51.0,45-54
3317,2022-03-17,,Production Technician I,Amanda Weiss,shyann.hurst@bilearner.com,PL,Active,Part-Time,Zone C,Full-Time,Unk,Active Employee,Production       ,Finance & Accounting,MA,Specialist,Female,90537,Other,Single,Fully Meets,3,0,Shyann Hurst,43.0,35-44
3318,2019-11-18,2022-02-10,Production Technician I,Thomas Figueroa,maddison.dixon@bilearner.com,BPC,Leave of Absence,Part-Time,Zone A,Full-Time,Resignation,Make oil new effort begin. Smile work dinner.,Production       ,People Services,MA,Administrator,Male,61532,White,Divorced,Fully Meets,3,1,Maddison Dixon,30.0,25-34
3319,2019-10-09,,Production Technician II,Bradley Snyder,madelynn.murillo@bilearner.com,NEL,Active,Full-Time,Zone B,Temporary,Unk,Active Employee,Production       ,Field Operations,MA,Laborer,Female,34874,Hispanic,Married,Fully Meets,3,0,Madelynn Murillo,,Unknown
3320,2020-05-18,,Production Technician II,Dennis Richards,zachery.moreno@bilearner.com,PL,Active,Part-Time,Zone A,Part-Time,Unk,Active Employee,Production       ,General - Con,MA,Foreman,Male,31303,Other,Divorced,Fully Meets,5,0,Zachery Moreno,57.0,55-64
3321,2019-02-17,,Production Technician II,Eric Aguilar,tatum.terrell@bilearner.com,BPC,Active,Contract,Zone B,Full-Time,Unk,Active Employee,Production       ,Engineers,MA,Technician,Male,37576,White,Single,Fully Meets,2,0,Tatum Terrell,40.0,35-44
3322,2020-07-31,2022-09-27,Production Technician II,Kathleen Bowen,roland.berg@bilearner.com,CCDR,Voluntarily Terminated,Part-Time,Zone B,Full-Time,Voluntary,Different down happen near impact.,Production       ,Aerial,MA,Lineman,Male,25557,White,Single,Fully Meets,4,1,Roland Berg,83.0,65+
3323,2023-06-17,2023-07-13,Production Technician II,Chloe Berg,lilliana.cowan@bilearner.com,SVG,Leave of Absence,Full-Time,Zone C,Temporary,Voluntary,Expect serious occur forward again.,Production       ,Project Management - Con,MA,Laborer,Female,27946,Black,Married,Fully Meets,4,1,Lilliana Cowan,64.0,55-64
3324,2019-06-30,2022-07-24,Production Technician II,Anna Martinez,beatrice.vance@bilearner.com,EW,Leave of Absence,Part-Time,Zone A,Part-Time,Involuntary,Teach human market real upon.,Production       ,Splicing,MA,Splicer,Female,11516,Black,Divorced,PIP,3,1,Beatrice Vance,74.0,65+
3325,2021-07-13,2022-03-11,Production Technician II,Christopher Blankenship,andrea.khan@bilearner.com,MSC,Voluntarily Terminated,Contract,Zone A,Part-Time,Involuntary,Few space energy down natural.,Production       ,Field Operations,MA,Technician,Female,19512,White,Single,Fully Meets,3,1,Andrea Khan,,Unknown
3326,2022-01-14,,Production Technician I,Jackson Baird,keagan.vaughan@bilearner.com,PYZ,Active,Contract,Zone A,Temporary,Unk,Active Employee,Production       ,General - Con,MA,Laborer,Male,20146,Hispanic,Divorced,Fully Meets,3,0,Keagan Vaughan,85.0,65+
3327,2020-01-01,,Production Technician I,Randy Wright,selah.ibarra@bilearner.com,WBL,Active,Contract,Zone C,Full-Time,Unk,Active Employee,Production       ,Fielders,MA,Technician,Female,91044,Hispanic,Widowed,Fully Meets,1,0,Selah Ibarra,,Unknown
3328,2020-10-24,2023-04-11,Production Technician I,Pamela Carter,braylen.cruz@bilearner.com,NEL,Voluntarily Terminated,Part-Time,Zone A,Full-Time,Resignation,Room that ahead sound work short right.,Production       ,Engineers,MA,Engineer,Male,24046,White,Married,Fully Meets,3,1,Braylen Cruz,65.0,55-64
3329,2020-10-24,,Production Technician I,Robert Rogers,gabriel.smith@bilearner.com,PL,Active,Part-Time,Zone B,Full-Time,Unk,Active Employee,Production       ,General - Sga,MA,Coordinator,Male,90483,Hispanic,Divorced,Fully Meets,4,0,Gabriel Smith,48.0,45-54
3330,2020-08-09,,Production Technician I,Michele Black,esther.willis@bilearner.com,BPC,Active,Part-Time,Zone C,Part-Time,Unk,Active Employee,Production       ,Fielders,MA,Engineer,Female,83923,White,Divorced,Fully Meets,4,0,Esther Willis,,Unknown
3331,2019-03-24,2020-10-16,Production Technician I,Stephanie Pierce,sydney.chang@bilearner.com,CCDR,Active,Full-Time,Zone A,Part-Time,Voluntary,Hair language song. Account father send talk.,Production       ,Field Operations,MA,Technician,Female,6014,Other,Single,Fully Meets,2,1,Sydney Chang,63.0,55-64
3332,2022-10-29,,Production Technician I,Rebecca Moreno,will.morse@bilearner.com,SVG,Active,Part-Time,Zone B,Temporary,Unk,Active Employee,Production       ,Wireline Construction,MA,Driver,Female,34868,Other,Widowed,Fully Meets,3,0,Will Morse,65.0,55-64
3333,2023-05-16,,Production Technician I,Jason Brady,yael.sexton@bilearner.com,EW,Active,Contract,Zone B,Temporary,Unk,Active Employee,Production       ,Field Operations,MA,Administrative,Male,45740,Hispanic,Single,Fully Meets,3,0,Yael Sexton,,Unknown
3334,2023-05-30,,Production Technician I,Jonathan Miller,brendon.ryan@bilearner.com,MSC,Active,Part-Time,Zone B,Part-Time,Unk,Active Employee,Production       ,Project Management - Con,MA,Drafter,Male,46494,White,Single,Fully Meets,3,0,Brendon Ryan,,Unknown
3335,2019-06-28,2021-12-16,Production Technician I,Mary Rivera,abbigail.solis@bilearner.com,TNS,Voluntarily Terminated,Part-Time,Zone B,Temporary,Resignation,Certainly those above eye ball.,Production       ,Field Operations,MA,Driller,Male,38014,Other,Divorced,Fully Meets,3,1,Abbigail Solis,34.0,25-34
3336,2023-03-25,2023-05-17,Production Technician I,Eric Huber,sincere.preston@bilearner.com,PYZ,Voluntarily Terminated,Contract,Zone A,Part-Time,Retirement,Take most future.,Production       ,General - Con,MA,Coordinator,Male,75099,Asian,Divorced,Fully Meets,3,1,Sincere Preston,,Unknown
3337,2022-08-26,,Production Technician I,Michael Avery,jorge.pineda@bilearner.com,WBL,Active,Full-Time,Zone A,Part-Time,Unk,Active Employee,Production       ,Engineers,MA,Project Manager,Female,12948,Black,Single,Fully Meets,3,0,Jorge Pineda,,Unknown
3338,2019-11-15,,Production Technician I,David Spears,aspen.underwood@bilearner.com,NEL,Active,Contract,Zone C,Temporary,Unk,Active Employee,Production       ,General - Con,MA,Laborer,Female,67665,Hispanic,Divorced,Fully Meets,3,0,Aspen Underwood,76.0,65+
3339,2021-08-22,,Production Technician I,Matthew Lyons,alyson.hickman@bilearner.com,PL,Active,Part-Time,Zone C,Part-Time,Unk,Active Employee,Production       ,Technology / It,MA,Engineer,Male,50557,Hispanic,Divorced,Fully Meets,5,0,Alyson Hickman,75.0,65+
3340,2022-11-29,,Production Technician I,Jamie Murray,mina.hancock@bilearner.com,BPC,Active,Part-Time,Zone A,Full-Time,Unk,Active Employee,Production       ,General - Con,MA,Technician,Male,87065,White,Married,Fully Meets,3,0,Mina Hancock,65.0,55-64
3341,2022-10-15,2023-01-25,Production Technician II,Paul Watson,konner.sheppard@bilearner.com,WBL,Active,Full-Time,Zone C,Temporary,Involuntary,A parent bit rich. Reflect north sometimes card.,Production       ,General - Con,MA,Splicer,Female,78768,White,Single,Fully Meets,1,1,Konner Sheppard,,Unknown
3342,2021-07-31,,Production Technician II,Mrs. Danielle Sanchez,london.nunez@bilearner.com,NEL,Active,Full-Time,Zone C,Part-Time,Unk,Active Employee,Production       ,Aerial,MA,Lineman,Male,35072,Other,Widowed,Fully Meets,2,0,London Nunez,,Unknown
3343,2022-02-21,2023-05-26,Production Technician II,Kari Walker,seth.huff@bilearner.com,PL,Active,Part-Time,Zone A,Full-Time,Retirement,Do onto consumer sign. War instead effect role.,Production       ,Field Operations,MA,Mechanic,Male,87930,Hispanic,Married,Fully Meets,4,1,Seth Huff,,Unknown
3344,2021-08-29,,Production Technician II,Samantha Green,justine.villanueva@bilearner.com,BPC,Active,Contract,Zone B,Temporary,Unk,Active Employee,Production       ,General - Con,MA,Lineman,Male,71735,White,Married,Fully Meets,3,0,Justine Villanueva,68.0,65+
3345,2021-12-13,2023-01-29,Production Technician II,Michael Spencer,moshe.anderson@bilearner.com,CCDR,Voluntarily Terminated,Full-Time,Zone C,Part-Time,Retirement,We give end nation but. Other measure across.,Production       ,Project Management - Con,MA,Director,Male,66521,Asian,Single,Fully Meets,4,1,Moshe Anderson,45.0,35-44
3346,2021-03-30,2022-02-12,Production Technician II,Juan Cooper,kadyn.bush@bilearner.com,SVG,Leave of Absence,Part-Time,Zone B,Temporary,Involuntary,Shoulder build catch commercial.,Production       ,Yard (Material Handling),MA,Lineman,Female,47048,Other,Divorced,Fully Meets,2,1,Kadyn Bush,69.0,65+
3347,2021-02-02,2022-05-13,Production Technician II,John Taylor,ahmed.lindsey@bilearner.com,EW,Leave of Absence,Contract,Zone C,Temporary,Resignation,Family defense six believe drug action although.,Production       ,Catv,MA,Operator,Female,17960,Hispanic,Divorced,Fully Meets,3,1,Ahmed Lindsey,,Unknown
3348,2019-10-31,,Production Technician II,Michael Austin,ryder.bray@bilearner.com,MSC,Active,Part-Time,Zone A,Part-Time,Unk,Active Employee,Production       ,General - Con,MA,Laborer,Female,42857,Asian,Widowed,Fully Meets,2,0,Ryder Bray,39.0,35-44
3349,2022-11-07,,Production Technician I,Sara Figueroa,taylor.bonilla@bilearner.com,WBL,Active,Contract,Zone A,Full-Time,Unk,Active Employee,Production       ,General - Eng,MA,Drafter,Male,85935,Hispanic,Divorced,Fully Meets,3,0,Taylor Bonilla,,Unknown
3350,2022-11-20,,Production Technician I,Samantha Butler,jalen.richmond@bilearner.com,BPC,Active,Full-Time,Zone B,Part-Time,Unk,Active Employee,Production       ,Project Management - Con,MA,Technician,Female,41824,Hispanic,Divorced,Fully Meets,5,0,Jalen Richmond,53.0,45-54
3351,2021-12-15,2022-04-06,Production Technician I,Amanda White,kayden.hill@bilearner.com,CCDR,Voluntarily Terminated,Contract,Zone C,Part-Time,Involuntary,Black truth campaign player child control firm.,Production       ,Shop (Fleet),MA,Warehouse,Male,57006,Hispanic,Married,Fully Meets,2,1,Kayden Hill,52.0,45-54
3352,2023-02-22,,Production Technician I,Sarah Walker,aubree.mooney@bilearner.com,EW,Active,Part-Time,Zone B,Full-Time,Unk,Active Employee,Production       ,Field Operations,MA,Groundman,Male,82003,Other,Single,Fully Meets,3,0,Aubree Mooney,40.0,35-44
3353,2020-03-29,,Production Technician I,Brent Davis,haven.donaldson@bilearner.com,MSC,Active,Contract,Zone B,Part-Time,Unk,Active Employee,Production       ,General - Con,MA,Lineman,Female,62032,Hispanic,Married,Fully Meets,3,0,Haven Donaldson,48.0,45-54
3354,2021-08-09,2023-06-16,Production Technician I,Michael Brown,neil.dunn@bilearner.com,NEL,Active,Part-Time,Zone A,Temporary,Retirement,Hundred still nearly stand risk treat.,Production       ,Field Operations,MA,Laborer,Female,14400,Asian,Single,Fully Meets,3,1,Neil Dunn,,Unknown
3355,2023-01-02,2023-06-18,Production Technician I,Elizabeth Scott,darryl.ponce@bilearner.com,PL,Active,Contract,Zone B,Part-Time,Resignation,Near fine four help likely. Because wrong nor.,Production       ,Aerial,MA,Technician,Female,34876,White,Divorced,Fully Meets,5,1,Darryl Ponce,,Unknown
3356,2018-11-10,,Production Technician I,Marco Stephenson,cade.heath@bilearner.com,PYZ,Active,Full-Time,Zone C,Part-Time,Unk,Active Employee,Production       ,General - Eng,MA,Technician,Female,34856,Asian,Married,Needs Improvement,3,0,Cade Heath,,Unknown
3357,2022-08-30,,Production Technician I,Kevin Fitzgerald,sidney.hooper@bilearner.com,SVG,Active,Full-Time,Zone B,Temporary,Unk,Active Employee,Production       ,Engineers,MA,Director,Male,78039,Asian,Married,Exceeds,1,0,Sidney Hooper,84.0,65+
3358,2021-07-30,2022-12-03,Production Technician I,Jerry Williams,johnathan.mayo@bilearner.com,TNS,Leave of Absence,Full-Time,Zone A,Part-Time,Voluntary,Style up reality per.,Production       ,Field Operations,MA,Laborer,Male,67062,Black,Divorced,Fully Meets,3,1,Johnathan Mayo,,Unknown
3359,2020-11-29,,Production Technician I,James Ward,anika.arroyo@bilearner.com,WBL,Active,Full-Time,Zone C,Temporary,Unk,Active Employee,Production       ,Field Operations,MA,Laborer,Male,30982,Hispanic,Married,Exceeds,3,0,Anika Arroyo,46.0,45-54
3360,2021-03-24,,Production Technician I,Patrick Wood,fatima.kemp@bilearner.com,BPC,Active,Part-Time,Zone A,Part-Time,Unk,Active Employee,Production       ,General - Con,MA,Safety,Female,4369,Asian,Married,Exceeds,2,0,Fatima Kemp,,Unknown
3361,2020-12-29,2022-02-23,Production Technician I,Patrick Hart,lilianna.conway@bilearner.com,CCDR,Voluntarily Terminated,Part-Time,Zone B,Temporary,Voluntary,Situation election visit author five.,Production       ,General - Con,MA,Technician,Female,65806,Other,Single,Exceeds,3,1,Lilianna Conway,83.0,65+
3362,2021-08-02,,Production Technician I,Linda Gonzales,tony.cooke@bilearner.com,EW,Active,Full-Time,Zone C,Temporary,Unk,Active Employee,Production       ,Field Operations,MA,Laborer,Female,90552,Asian,Widowed,Exceeds,1,0,Tony Cooke,59.0,55-64
3363,2022-03-30,,Production Technician I,Jack Branch,trevor.barry@bilearner.com,MSC,Active,Part-Time,Zone A,Temporary,Unk,Active Employee,Production       ,Field Operations,MA,Laborer,Male,31018,Black,Married,Exceeds,5,0,Trevor Barry,,Unknown
3364,2021-03-05,2021-09-07,Production Technician II,Courtney Chambers,marisa.frank@bilearner.com,WBL,Active,Part-Time,Zone A,Temporary,Retirement,Court catch management cold total among.,Production       ,Engineers,MA,Technician,Female,42754,Hispanic,Single,Exceeds,3,1,Marisa Frank,66.0,65+
3365,2020-12-02,,Production Technician II,Andre Pacheco,shania.flores@bilearner.com,NEL,Active,Contract,Zone B,Temporary,Unk,Active Employee,Production       ,Project Management - Con,MA,Laborer,Male,24571,Asian,Divorced,Fully Meets,3,0,Shania Flores,,Unknown
3366,2019-01-20,2020-01-18,Production Technician II,Angela Fowler,andre.allison@bilearner.com,PL,Voluntarily Terminated,Contract,Zone C,Full-Time,Voluntary,Modern a study speak. Front choose central which.,Production       ,General - Con,MA,Project Manager,Male,74701,Black,Widowed,Exceeds,4,1,Andre Allison,,Unknown
3367,2020-05-30,2022-02-01,Production Technician II,Patricia Doyle,destiny.bright@bilearner.com,BPC,Voluntarily Terminated,Full-Time,Zone B,Full-Time,Retirement,Tell heavy degree no early.,Production       ,Field Operations,MA,Laborer,Male,35065,Other,Single,Exceeds,2,1,Destiny Bright,,Unknown
3368,2019-11-14,2023-05-14,Production Technician II,Benjamin Cook,karli.parks@bilearner.com,CCDR,Leave of Absence,Part-Time,Zone B,Part-Time,Retirement,These these by when here attorney special.,Production       ,Field Operations,MA,Apprentice,Male,61176,Black,Married,Exceeds,5,1,Karli Parks,36.0,35-44
3369,2022-07-27,2023-03-24,Production Technician II,Jeff Cabrera,mylie.callahan@bilearner.com,SVG,Leave of Absence,Part-Time,Zone A,Temporary,Resignation,Teacher contain heart continue pay form short.,Production       ,General - Con,MA,Locator,Female,22374,Other,Single,Exceeds,2,1,Mylie Callahan,,Unknown
3370,2022-06-20,,Production Technician II,Chris Burke,jadiel.dickson@bilearner.com,EW,Active,Contract,Zone C,Temporary,Unk,Active Employee,Production       ,General - Con,MA,Laborer,Female,57215,Asian,Widowed,Exceeds,3,0,Jadiel Dickson,,Unknown
3371,2022-12-20,2023-03-22,Production Technician II,Keith Rasmussen,aliya.moss@bilearner.com,MSC,Voluntarily Terminated,Full-Time,Zone A,Full-Time,Resignation,Feel pattern require stand.,Production       ,Wireless,MA,Manager,Female,5985,Hispanic,Married,Exceeds,3,1,Aliya Moss,,Unknown
3372,2023-01-14,2023-03-14,Production Technician I,Tammy Small,kylie.roman@bilearner.com,TNS,Voluntarily Terminated,Contract,Zone C,Part-Time,Involuntary,Try statement audience too material film.,Production       ,Project Management - Con,MA,Manager,Female,94040,Asian,Divorced,Fully Meets,4,1,Kylie Roman,,Unknown
3373,2018-09-22,,Production Technician I,Phillip Little,karter.thornton@bilearner.com,PYZ,Active,Contract,Zone A,Temporary,Unk,Active Employee,Production       ,Aerial,MA,Foreman,Male,35546,Other,Married,Exceeds,2,0,Karter Thornton,37.0,35-44
3374,2022-09-24,2023-03-10,Production Technician I,Thomas Rios,ronald.bullock@bilearner.com,WBL,Voluntarily Terminated,Part-Time,Zone A,Temporary,Involuntary,Data imagine bill possible want.,Production       ,Field Operations,MA,Laborer,Male,33903,Hispanic,Divorced,Exceeds,4,1,Ronald Bullock,27.0,25-34
3375,2020-06-08,2021-07-13,Production Technician I,Kathy Kelley,sharon.beltran@bilearner.com,NEL,Voluntarily Terminated,Full-Time,Zone B,Full-Time,Voluntary,Theory majority born with.,Production       ,Engineers,MA,Program Manager,Female,58194,Black,Divorced,Exceeds,3,1,Sharon Beltran,,Unknown
3376,2023-07-06,,Production Technician I,Christopher Sexton,maren.anderson@bilearner.com,PL,Active,Part-Time,Zone B,Temporary,Unk,Active Employee,Production       ,Field Operations,MA,Technician,Female,7445,Asian,Single,Exceeds,5,0,Maren Anderson,40.0,35-44
3377,2020-02-24,2023-05-13,Production Technician I,Evan Schultz,cruz.ashley@bilearner.com,BPC,Active,Part-Time,Zone A,Temporary,Resignation,Tough very bad spend feeling college require.,Production       ,Splicing,MA,Foreman,Female,52336,Asian,Widowed,Exceeds,4,1,Cruz Ashley,37.0,35-44
3378,2021-05-26,,Production Technician I,Joshua Burton,enzo.carney@bilearner.com,CCDR,Active,Contract,Zone B,Temporary,Unk,Active Employee,Production       ,General - Con,MA,Technician,Female,53521,White,Single,Exceeds,3,0,Enzo Carney,33.0,25-34
3379,2023-04-09,2023-06-14,Production Technician I,Walter Henry,marquis.joseph@bilearner.com,SVG,Leave of Absence,Contract,Zone C,Part-Time,Voluntary,American community truth.,Production       ,Technology / It,MA,Helpdesk,Female,48347,Hispanic,Married,Exceeds,4,1,Marquis Joseph,,Unknown
3380,2023-06-27,,Production Technician I,Jonathan Richards,victor.ibarra@bilearner.com,EW,Active,Full-Time,Zone C,Temporary,Unk,Active Employee,Production       ,Field Operations,MA,Technician,Male,9268,Black,Widowed,Exceeds,1,0,Victor Ibarra,,Unknown
3381,2022-12-20,,Production Technician I,Kevin Escobar,annabelle.marquez@bilearner.com,MSC,Active,Contract,Zone C,Part-Time,Unk,Active Employee,Production       ,Field Operations,MA,Foreman,Male,20032,White,Single,Exceeds,3,0,Annabelle Marquez,,Unknown
3382,2018-11-10,,Production Technician I,Thomas Elliott,romeo.gordon@bilearner.com,TNS,Active,Part-Time,Zone C,Temporary,Unk,Active Employee,Production       ,Field Operations,MA,Administrator,Male,59153,Other,Divorced,Exceeds,5,0,Romeo Gordon,,Unknown
3383,2020-08-13,2020-10-02,Production Technician I,Jose Brown,aimee.hughes@bilearner.com,PYZ,Voluntarily Terminated,Part-Time,Zone C,Part-Time,Resignation,Foot apply stay treatment local good issue.,Production       ,General - Con,MA,Splicer,Female,20389,Hispanic,Divorced,Exceeds,2,1,Aimee Hughes,41.0,35-44
3384,2019-03-07,,Production Technician I,Rachel Rice,dennis.hays@bilearner.com,WBL,Active,Full-Time,Zone C,Full-Time,Unk,Active Employee,Production       ,Field Operations,MA,Operator,Female,26286,Hispanic,Married,Fully Meets,3,0,Dennis Hays,,Unknown
3385,2022-03-13,,Production Technician I,Cory Lopez,kelly.fritz@bilearner.com,NEL,Active,Part-Time,Zone A,Full-Time,Unk,Active Employee,Production       ,General - Con,MA,Technician,Female,85739,Other,Divorced,Fully Meets,3,0,Kelly Fritz,48.0,45-54
3386,2019-11-25,2021-01-28,Production Technician II,Alec Phillips,darnell.shelton@bilearner.com,WBL,Active,Contract,Zone C,Temporary,Voluntary,He four soldier employee central term.,Production       ,General - Con,MA,Laborer,Female,45331,Hispanic,Widowed,Fully Meets,2,1,Darnell Shelton,,Unknown
3387,2019-03-06,,Production Technician II,David Hernandez,sabrina.holt@bilearner.com,NEL,Active,Full-Time,Zone C,Full-Time,Unk,Active Employee,Production       ,General - Sga,MA,Supervisor,Male,46093,Other,Widowed,Fully Meets,3,0,Sabrina Holt,,Unknown
3388,2019-04-19,,Production Technician II,Heidi Terry,zoie.logan@bilearner.com,PL,Active,Part-Time,Zone A,Temporary,Unk,Active Employee,Production       ,Fielders,MA,Technician,Male,48911,Black,Divorced,Fully Meets,1,0,Zoie Logan,,Unknown
3389,2020-08-12,,Production Technician II,Travis Griffith,finley.medina@bilearner.com,BPC,Active,Full-Time,Zone C,Temporary,Unk,Active Employee,Production       ,Field Operations,MA,Laborer,Male,18226,Asian,Married,Fully Meets,1,0,Finley Medina,,Unknown
3390,2022-10-21,2023-01-05,Production Technician II,Joanna Nguyen,lizeth.middleton@bilearner.com,CCDR,Leave of Absence,Part-Time,Zone B,Temporary,Voluntary,North next animal laugh threat no.,Production       ,Billable Consultants,MA,Engineer,Female,90024,Hispanic,Married,Fully Meets,1,1,Lizeth Middleton,57.0,55-64
3391,2020-01-13,,Production Technician II,Amanda Young,odin.camacho@bilearner.com,SVG,Active,Part-Time,Zone C,Full-Time,Unk,Active Employee,Production       ,General - Sga,MA,Project Manager,Female,2225,Black,Divorced,Fully Meets,3,0,Odin Camacho,35.0,25-34
3392,2019-11-18,2021-09-22,Production Technician II,Sean Walsh,dakota.lowery@bilearner.com,EW,Voluntarily Terminated,Full-Time,Zone B,Full-Time,Voluntary,Keep particular pass understand set.,Production       ,General - Con,MA,Technician,Female,14864,Other,Single,Fully Meets,2,1,Dakota Lowery,,Unknown
3393,2018-08-25,,Production Technician I,Jerry Gilbert,skyla.santiago@bilearner.com,BPC,Active,Contract,Zone B,Full-Time,Unk,Active Employee,Production       ,General - Con,MA,Flagger,Female,33532,Hispanic,Married,Needs Improvement,3,0,Skyla Santiago,84.0,65+
3394,2021-05-24,,Production Technician I,Meghan Green,harley.beard@bilearner.com,WBL,Active,Contract,Zone B,Temporary,Unk,Active Employee,Production       ,Field Operations,MA,Technician,Male,37566,Black,Divorced,Fully Meets,2,0,Harley Beard,77.0,65+
3395,2021-06-09,2022-01-13,Production Technician I,Penny Campbell DDS,summer.barber@bilearner.com,TNS,Voluntarily Terminated,Part-Time,Zone A,Part-Time,Resignation,Without production religious.,Production       ,Field Operations,MA,Driver,Female,88306,Other,Widowed,Needs Improvement,3,1,Summer Barber,51.0,45-54
3396,2021-04-05,2021-11-29,Production Technician I,Stephanie Petty,stephen.mcmillan@bilearner.com,SVG,Voluntarily Terminated,Part-Time,Zone B,Full-Time,Voluntary,That truth loss energy respond whole case stop.,Production       ,General - Con,MA,Foreman,Female,49024,Asian,Married,Fully Meets,4,1,Stephen Mcmillan,,Unknown
3397,2022-11-05,,Production Technician I,Alyssa Moore,rylan.garrison@bilearner.com,PYZ,Active,Part-Time,Zone A,Part-Time,Unk,Active Employee,Production       ,Field Operations,MA,Driller,Female,41302,Asian,Single,Fully Meets,3,0,Rylan Garrison,,Unknown
3398,2019-11-09,2022-09-03,Production Technician I,Danielle Hanson,kyler.cherry@bilearner.com,PL,Active,Part-Time,Zone A,Full-Time,Retirement,Foot station left people foot.,Production       ,General - Con,MA,Technician,Female,63776,Other,Single,Fully Meets,3,1,Kyler Cherry,70.0,65+
3399,2022-06-05,2023-06-01,Production Technician I,Paige Savage,corinne.reeves@bilearner.com,NEL,Active,Full-Time,Zone B,Full-Time,Involuntary,Central weight analysis great.,Production       ,Aerial,MA,Lineman,Female,16715,White,Widowed,Fully Meets,2,1,Corinne Reeves,,Unknown
3400,2021-09-21,,Production Technician I,Samantha Thomas,lorenzo.short@bilearner.com,MSC,Active,Full-Time,Zone C,Temporary,Unk,Active Employee,Production       ,Shop (Fleet),MA,Mechanic,Female,90974,Black,Divorced,Fully Meets,1,0,Lorenzo Short,56.0,55-64
3401,2021-11-10,2023-06-04,Production Technician I,Scott Powell,taniya.kane@bilearner.com,EW,Leave of Absence,Contract,Zone A,Full-Time,Involuntary,Think large why many.,Production       ,Field Operations,MA,Laborer,Male,3403,Hispanic,Married,Fully Meets,1,1,Taniya Kane,53.0,45-54
3402,2021-03-03,2022-04-12,Production Technician I,Laura Wong,nevaeh.mcmillan@bilearner.com,CCDR,Voluntarily Terminated,Part-Time,Zone C,Full-Time,Voluntary,Impact voice participant school baby.,Production       ,Field Operations,MA,Engineer,Male,22662,Black,Single,Fully Meets,3,1,Nevaeh Mcmillan,,Unknown
3403,2021-02-19,2022-11-15,Production Technician I,Erin Allen,dillon.larson@bilearner.com,BPC,Voluntarily Terminated,Contract,Zone A,Full-Time,Retirement,According crime none method effort.,Production       ,Field Operations,MA,Laborer,Female,66066,Asian,Married,Exceeds,3,1,Dillon Larson,51.0,45-54
3404,2019-04-25,2022-11-11,Production Technician I,Ivan Bryant,willie.howe@bilearner.com,PYZ,Leave of Absence,Part-Time,Zone C,Full-Time,Involuntary,Few success street.,Production       ,Field Operations,MA,Driller,Female,58775,Other,Divorced,Fully Meets,2,1,Willie Howe,,Unknown
3405,2020-01-13,2022-10-21,Production Technician I,Karen Lin,selina.jefferson@bilearner.com,WBL,Leave of Absence,Contract,Zone B,Full-Time,Voluntary,Often about size today.,Production       ,Field Operations,MA,Engineer,Female,12351,White,Single,Fully Meets,1,1,Selina Jefferson,47.0,45-54
3406,2020-03-25,2023-04-26,Production Technician I,Tina Munoz,serenity.montgomery@bilearner.com,NEL,Voluntarily Terminated,Contract,Zone C,Temporary,Involuntary,Politics in foreign up start.,Production       ,Finance & Accounting,MA,Administration,Female,24805,Other,Single,Fully Meets,5,1,Serenity Montgomery,,Unknown
3407,2021-04-15,2023-05-11,Production Technician II,Aaron Stewart,kamila.sanders@bilearner.com,WBL,Active,Part-Time,Zone C,Temporary,Voluntary,Maintain behavior project parent particular game.,Production       ,Field Operations,MA,Construction Manager,Female,18000,Asian,Single,Fully Meets,5,1,Kamila Sanders,,Unknown
3408,2022-12-15,2023-04-25,Production Technician II,Nicole Holland,rose.mcguire@bilearner.com,NEL,Voluntarily Terminated,Contract,Zone B,Full-Time,Resignation,Ball while speak. Issue free represent city.,Production       ,Field Operations,MA,Supervisor,Male,67579,Asian,Divorced,Fully Meets,3,1,Rose Mcguire,61.0,55-64
3409,2022-10-08,2023-02-04,Production Technician II,Jonathan Brown,brenton.zavala@bilearner.com,PL,Active,Contract,Zone B,Full-Time,Resignation,Century risk machine pay car region.,Production       ,Yard (Material Handling),MA,Laborer,Male,82704,Asian,Divorced,Fully Meets,4,1,Brenton Zavala,,Unknown
3410,2018-12-18,,Production Technician II,Kyle Hicks,laci.klein@bilearner.com,BPC,Active,Contract,Zone C,Temporary,Unk,Active Employee,Production       ,People Services,MA,Manager,Male,41572,Hispanic,Widowed,Fully Meets,3,0,Laci Klein,46.0,45-54
3411,2022-10-06,,Production Technician II,Howard Ryan,brenda.boone@bilearner.com,CCDR,Active,Full-Time,Zone B,Part-Time,Unk,Active Employee,Production       ,General - Eng,MA,Administrative,Female,24028,Asian,Single,Fully Meets,2,0,Brenda Boone,,Unknown
3412,2019-12-28,,Production Technician II,David Abbott,andrea.walters@bilearner.com,SVG,Active,Part-Time,Zone A,Full-Time,Unk,Active Employee,Production       ,Shop (Fleet),MA,Mechanic,Female,68155,White,Divorced,Exceeds,3,0,Andrea Walters,,Unknown
3413,2019-11-25,,Production Technician II,Jackson Ward,jovanny.matthews@bilearner.com,EW,Active,Contract,Zone B,Temporary,Unk,Active Employee,Production       ,Field Operations,MA,Laborer,Female,74549,White,Single,Fully Meets,5,0,Jovanny Matthews,,Unknown
3414,2022-06-03,,Production Technician I,Brandi Clark,hunter.silva@bilearner.com,MSC,Active,Contract,Zone C,Temporary,Unk,Active Employee,Production       ,General - Con,MA,Foreman,Female,44418,Hispanic,Married,Exceeds,3,0,Hunter Silva,28.0,25-34
3415,2022-09-09,2023-03-16,Production Technician I,Jerry Johnson,julien.cisneros@bilearner.com,TNS,Voluntarily Terminated,Full-Time,Zone A,Part-Time,Retirement,Lay focus soldier federal short.,Production       ,Splicing,MA,Driver,Male,23971,Hispanic,Widowed,Fully Meets,3,1,Julien Cisneros,,Unknown
3416,2020-10-02,,Production Technician I,Amanda Fisher,aron.waters@bilearner.com,BPC,Active,Full-Time,Zone B,Part-Time,Unk,Active Employee,Production       ,Finance & Accounting,MA,Director,Male,46381,Asian,Married,Fully Meets,2,0,Aron Waters,,Unknown
3417,2022-02-07,,Production Technician I,Clayton Davis,brayden.singh@bilearner.com,CCDR,Active,Part-Time,Zone A,Part-Time,Unk,Active Employee,Production       ,Splicing,MA,Splicer,Female,71282,Other,Widowed,Fully Meets,1,0,Brayden Singh,,Unknown
3418,2022-10-14,,Production Technician I,Nicholas Price,karma.palmer@bilearner.com,EW,Active,Part-Time,Zone B,Temporary,Unk,Active Employee,Production       ,General - Con,MA,Coordinator,Female,40277,Asian,Widowed,Fully Meets,4,0,Karma Palmer,30.0,25-34
3419,2019-10-14,,Production Technician I,Miss Sandra Mckinney,stanley.reyes@bilearner.com,MSC,Active,Contract,Zone C,Temporary,Unk,Active Employee,Production       ,General - Con,MA,Foreman,Female,39578,Black,Divorced,Fully Meets,2,0,Stanley Reyes,74.0,65+
3420,2020-10-10,2022-08-05,Production Technician I,Lynn Smith,levi.hayden@bilearner.com,NEL,Active,Contract,Zone A,Full-Time,Voluntary,Reason stock professional clear allow two town.,Production       ,Field Operations,MA,Laborer,Female,18079,Other,Married,Fully Meets,2,1,Levi Hayden,82.0,65+
3421,2022-05-09,2022-09-08,Production Technician I,Donna Lawson,brenden.leach@bilearner.com,PL,Active,Part-Time,Zone A,Part-Time,Retirement,Man the newspaper performance.,Production       ,Wireless,MA,Foreman,Female,57340,Other,Divorced,Fully Meets,1,1,Brenden Leach,67.0,65+
3422,2022-06-22,2022-08-07,Production Technician I,Bethany Carter,jakobe.erickson@bilearner.com,PYZ,Leave of Absence,Part-Time,Zone C,Part-Time,Retirement,In forget fast.,Production       ,Engineers,MA,Model Assistant,Female,44500,Other,Widowed,Fully Meets,3,1,Jakobe Erickson,,Unknown
3423,2020-12-28,,Production Technician I,Caroline Harris,adyson.strickland@bilearner.com,SVG,Active,Part-Time,Zone A,Full-Time,Unk,Active Employee,Production       ,Engineers,MA,Engineer,Male,35444,Black,Widowed,Fully Meets,3,0,Adyson Strickland,25.0,Under 25
3424,2020-12-09,2022-08-04,Production Technician I,Mr. James Castillo,annabel.wilkins@bilearner.com,TNS,Voluntarily Terminated,Contract,Zone B,Temporary,Involuntary,Smile high bar white spend forget choice near.,Production       ,Wireline Construction,MA,Laborer,Male,6608,White,Single,Fully Meets,2,1,Annabel Wilkins,,Unknown
3425,2019-05-28,2021-10-23,Production Technician I,Michael Woods,kendra.braun@bilearner.com,WBL,Voluntarily Terminated,Contract,Zone B,Full-Time,Resignation,Fine expect election either turn.,Production       ,Aerial,MA,Foreman,Female,3807,Hispanic,Divorced,Fully Meets,2,1,Kendra Braun,,Unknown
3426,2022-04-27,,Production Technician I,Javier Mccall,chace.kerr@bilearner.com,BPC,Active,Full-Time,Zone B,Temporary,Unk,Active Employee,Production       ,Field Operations,MA,Warehouse Technician,Female,57487,White,Married,Fully Meets,2,0,Chace Kerr,36.0,35-44
