applicant_id,application_date,first_name,last_name,gender,date_of_birth,phone_number,email,address,city,state,zip_code,country,education_level,years_of_experience,desired_salary,job_title,status,full_name
1001,2023-06-03,Scott,Sheppard,Male,31-08-1992,421-429-7655x39421,perezjanet@example.org,597 Smith Point,Hollandfort,NV,57588,Micronesia,High School,8,60103.21,Chief Technology Officer,Interviewing,Scott Sheppard
1002,2023-05-15,Stanley,Lewis,Male,29-04-1965,+1-451-574-5308x1681,grossmark@example.com,8116 Stuart Loop,Port Margaretfurt,TN,14726,Greenland,Bachelor's Degree,17,64575.84,"Designer, furniture",Rejected,Stanley Lewis
1003,2023-08-04,Javier,Li,Female,10-03-1973,(858)901-5499,katiemaldonado@example.com,5940 Barr Villages Suite 075,Dianaland,TX,4699,China,PhD,20,39422.71,"Sound technician, broadcasting/film/video",Rejected,Javier Li
1004,2023-07-28,Christopher,Johnston,Other,04-04-2001,(853)681-1839x2010,sheila73@example.com,442 Lewis Mount,Youngfurt,GA,34455,Ghana,High School,8,51045.11,Air cabin crew,Rejected,Christopher Johnston
1005,2023-06-05,Melissa,Hicks,Other,17-06-1978,364-575-8478x67812,emilypatterson@example.org,95961 Taylor Circles Apt. 169,East Ashleyborough,IN,21014,Solomon Islands,Master's Degree,0,52792.86,Art therapist,Interviewing,Melissa Hicks
1006,2023-07-26,Christian,Maddox,Female,14-06-1983,(894)940-2919,pvelasquez@example.net,3030 Bell Islands,Boonefort,NC,34763,Liberia,Master's Degree,18,97746.62,"Engineer, electronics",In Review,Christian Maddox
1007,2023-06-09,Paul,Hammond,Female,16-08-1963,###############################################################################################################################################################################################################################################################,aclayton@example.net,58473 Jenna Trail,Port Barry,GA,57472,Congo,High School,11,80119.39,"Scientist, research (maths)",Offered,Paul Hammond
1008,2023-07-15,Madison,Williamson,Male,07-09-1978,001-902-992-9557x692,jeffreyellis@example.com,24740 Gregory Stravenue Suite 212,New Luisfort,VA,71682,Pitcairn Islands,Bachelor's Degree,0,41578.78,"Teacher, primary school",Offered,Madison Williamson
1009,2023-06-16,Rachael,Duran,Male,11-09-1997,+1-738-583-6354x63335,hamptontimothy@example.net,375 Flowers Well,Amandashire,PW,25218,Spain,High School,15,44489.6,Phytotherapist,Interviewing,Rachael Duran
1010,2023-05-25,Sherri,Taylor,Male,24-04-1983,915.372.0499,cshaw@example.net,037 Quinn Route,Garrisonmouth,CA,82074,Gabon,Master's Degree,4,97363.53,"Pilot, airline",Offered,Sherri Taylor
1011,2023-05-14,Jennifer,Weaver,Other,22-10-1998,852.435.8495,sloankrista@example.org,700 Quinn Green Suite 066,Haileyville,MS,37729,Switzerland,PhD,19,39252.38,Theatre director,In Review,Jennifer Weaver
1012,2023-06-04,Kyle,Blake,Other,25-03-2001,001-527-907-9332x4819,shelia63@example.net,611 Thomas Dam Suite 296,East Melinda,OH,62970,China,Bachelor's Degree,7,79650.82,Corporate treasurer,Applied,Kyle Blake
1013,2023-07-23,James,Bailey,Female,12-05-1983,(606)926-6770,fraziermichelle@example.net,4469 Holt Divide Suite 740,Hahnberg,AZ,61409,Guam,Master's Degree,12,86588.22,Accounting technician,Offered,James Bailey
1014,2023-06-12,Heidi,Wood,Male,20-11-1965,(209)368-2818x1932,brentswanson@example.org,527 Jamie Viaduct,Christopherberg,CT,34112,Central African Republic,Bachelor's Degree,9,59082.57,Learning disability nurse,Rejected,Heidi Wood
1015,2023-07-04,Johnny,Nguyen,Other,23-11-1971,001-970-594-9559x42440,clarkdawn@example.net,621 Mitchell Glen Apt. 704,Leehaven,WV,82030,Kenya,Bachelor's Degree,2,91301.9,Web designer,Rejected,Johnny Nguyen
1016,2023-07-26,Olivia,Watson,Female,09-08-1970,###############################################################################################################################################################################################################################################################,rachel98@example.com,3578 Warren Prairie Suite 287,North Ariel,NV,37858,Belize,Master's Degree,2,44515.4,"Scientist, research (physical sciences)",Interviewing,Olivia Watson
1017,2023-05-16,Anita,Jenkins,Male,02-01-2004,409-660-9413,charles11@example.net,6505 Dawn Burg,Tonyville,DE,54454,Morocco,Master's Degree,20,72554.88,Higher education lecturer,In Review,Anita Jenkins
1018,2023-06-12,John,Coleman,Female,01-08-2005,332.925.0075x0800,smithashley@example.org,5227 William Groves Apt. 165,South Andrewport,HI,22242,Poland,Bachelor's Degree,20,52923.21,"Merchandiser, retail",Offered,John Coleman
1019,2023-06-26,Adam,Best,Other,28-05-2001,(592)449-4498,joe34@example.net,599 Mccoy Estate Apt. 522,Lake Christianshire,ME,84388,Ukraine,PhD,12,47680.62,"Buyer, retail",Rejected,Adam Best
1020,2023-05-23,Cheryl,Peterson,Male,18-09-1990,001-466-805-0058x769,corey49@example.net,331 James Springs,Gibbsburgh,MH,70864,Costa Rica,Bachelor's Degree,6,36560.41,Water quality scientist,Interviewing,Cheryl Peterson
1021,2023-07-03,Rebecca,Jensen,Female,16-11-2002,573-612-6886x9739,jennifer31@example.com,96558 Robert Crest Suite 109,Kathleenfurt,IA,44432,Central African Republic,Master's Degree,15,91333.9,"Optician, dispensing",Offered,Rebecca Jensen
1022,2023-08-03,Gabriel,Norris,Female,16-01-1975,+1-336-343-6187x705,gibbsjacob@example.net,156 Brandy Mountain,Port Andrewmouth,NJ,15235,United Arab Emirates,Master's Degree,17,35317.87,"Scientist, marine",Rejected,Gabriel Norris
1023,2023-05-08,Anne,Murphy,Other,31-10-1983,853-255-8266x26434,kristinross@example.net,8136 Theresa Avenue Suite 172,East Natalie,IN,99861,Kyrgyz Republic,PhD,11,66953.69,Armed forces technical officer,Rejected,Anne Murphy
1024,2023-06-25,Thomas,Phillips,Other,04-02-1965,(305)772-2998x02932,melvinzimmerman@example.org,5254 Murray Parkway Suite 484,Farrellland,ID,19021,Belgium,PhD,10,52499.44,"Scientist, research (physical sciences)",Interviewing,Thomas Phillips
1025,2023-05-31,Nicholas,Conley,Other,10-10-2001,600.967.3095,jameslucas@example.com,10514 Long Ports Apt. 727,Port Daniel,OR,83798,Micronesia,Master's Degree,15,44240.27,Herpetologist,Interviewing,Nicholas Conley
1026,2023-07-07,Jennifer,Austin,Other,03-02-2002,001-487-829-9532x746,prodriguez@example.com,1253 Monroe Rapid,North Benjaminfurt,AL,36583,Saint Kitts and Nevis,PhD,8,53070.82,"Production assistant, radio",In Review,Jennifer Austin
1027,2023-06-22,Cory,Miller,Other,11-06-1996,427.370.2512x6194,sandraferrell@example.net,168 Chris Roads Suite 459,Harveyport,OH,8947,Norway,High School,15,75285.32,Publishing rights manager,Interviewing,Cory Miller
1028,2023-08-01,Barbara,Lopez,Other,01-12-1966,###############################################################################################################################################################################################################################################################,lisalee@example.com,901 Erickson Burg,Port Christineborough,CA,76314,Iceland,PhD,19,57262.2,"Designer, television/film set",Applied,Barbara Lopez
1029,2023-06-15,Maria,Campbell,Male,06-12-1969,(960)528-9287x86849,juliecarter@example.net,4028 Victoria Trace Suite 510,Camachostad,KY,44349,Macao,Master's Degree,9,98369.62,"Designer, jewellery",Interviewing,Maria Campbell
1030,2023-07-06,Duane,Lee,Other,22-10-1989,001-266-415-6019x161,jgarrett@example.com,7528 Anderson Locks Suite 143,North Benjamin,NC,28070,Cape Verde,Bachelor's Degree,12,36106.12,Media buyer,Applied,Duane Lee
1031,2023-07-27,Danny,Jones,Male,14-08-1993,001-259-866-8517x64198,mhenderson@example.com,4322 Joseph Ports Apt. 157,South Johnburgh,IN,44276,Comoros,PhD,17,61638.6,"Designer, textile",In Review,Danny Jones
1032,2023-06-02,Hannah,Moore,Other,20-12-1963,294.389.4316x75007,debra21@example.net,6417 Yoder Summit Apt. 056,Mayoside,DE,94533,Tunisia,Master's Degree,10,58593.41,Commercial horticulturist,Offered,Hannah Moore
1033,2023-05-16,Mckenzie,Howe,Male,22-08-2002,230.888.7183,debra17@example.net,9645 Washington Throughway,Chandlerton,AR,19797,Burkina Faso,Bachelor's Degree,13,80345.63,Food technologist,Applied,Mckenzie Howe
1034,2023-05-30,Ashley,Williams,Male,30-03-1976,+1-946-933-4961x681,pbarron@example.org,456 Martin Oval Apt. 117,Zavalabury,MN,16709,Bahrain,Bachelor's Degree,6,94817.47,Chartered accountant,Offered,Ashley Williams
1035,2023-07-14,Laura,Randall,Male,08-09-1970,###############################################################################################################################################################################################################################################################,wallacemark@example.net,8884 Christopher Junctions,North Tammy,GU,98391,Anguilla,PhD,19,82854.39,"Optician, dispensing",Applied,Laura Randall
1036,2023-05-09,Katherine,Morris,Female,26-01-1979,(984)749-4059,matthewadams@example.net,90800 Michael Lodge,North Michael,DC,18588,Canada,High School,11,43831.75,"Surveyor, rural practice",In Review,Katherine Morris
1037,2023-05-18,Martha,Bradford,Male,12-09-1980,(545)518-9685,kellysellers@example.net,1113 April Mountain Suite 431,Oliverhaven,NM,83371,Nauru,Bachelor's Degree,9,88074.11,Dance movement psychotherapist,Interviewing,Martha Bradford
1038,2023-06-12,Jessica,Martinez,Other,04-09-1971,###############################################################################################################################################################################################################################################################,thomas12@example.org,699 Rodriguez Greens,Jamesville,ME,45059,United States Virgin Islands,PhD,16,49673.27,Event organiser,Rejected,Jessica Martinez
1039,2023-06-22,Emily,Myers,Other,13-09-1993,+1-708-518-9313x498,jenniferreyes@example.org,814 Freeman Run,Lake Juan,IA,75775,Jordan,Bachelor's Degree,19,37991.23,"Psychologist, clinical",Rejected,Emily Myers
1040,2023-08-03,Steven,Villa,Male,14-02-1993,###############################################################################################################################################################################################################################################################,joseph36@example.com,4222 Cooper Ports,West Marissafort,LA,41339,Ghana,Bachelor's Degree,14,75258.56,Dispensing optician,Interviewing,Steven Villa
1041,2023-07-18,David,Walker,Female,25-01-1968,364.385.3544x351,jessicaaguirre@example.org,079 Jane Crossing,Port Rickyfort,WI,24323,Cape Verde,PhD,0,56440.24,Health service manager,Offered,David Walker
1042,2023-05-10,Timothy,Rodriguez,Female,30-06-1988,524.599.9460x10219,gloriacruz@example.com,19205 Burke Ports Suite 746,Whitebury,OK,35524,Niger,PhD,14,65868.72,Clinical cytogeneticist,Rejected,Timothy Rodriguez
1043,2023-06-21,Kevin,Lucas,Female,25-12-1973,(846)687-4365,robertthompson@example.com,4589 Brittany Grove Suite 096,Gomeztown,MH,21310,Antarctica (the territory South of 60 deg S),PhD,8,77256.91,Sports administrator,Offered,Kevin Lucas
1044,2023-05-30,Sarah,Fischer,Other,20-11-1993,(859)447-7321,wjackson@example.com,9332 Kelley Mission,Donshire,PW,66350,Hong Kong,PhD,5,52012.21,"Therapist, nutritional",Applied,Sarah Fischer
1045,2023-07-30,Joshua,Weeks,Other,27-05-1994,699-982-2807x65316,telliott@example.org,61766 David Skyway Suite 232,Gonzaleschester,PR,44532,Luxembourg,High School,19,87903.51,Barrister's clerk,In Review,Joshua Weeks
1046,2023-07-15,Nicholas,Jenkins,Female,24-12-1965,(225)352-3015x07397,lsmith@example.org,338 Evans Coves Suite 568,New Kenneth,MS,93369,Afghanistan,Bachelor's Degree,8,79162.92,"Sound technician, broadcasting/film/video",Applied,Nicholas Jenkins
1047,2023-05-24,Jeremy,Stevens,Female,23-08-1994,###############################################################################################################################################################################################################################################################,taylormason@example.com,908 Vasquez Knolls,Kathleenview,AK,15637,Holy See (Vatican City State),High School,14,99015.22,Therapeutic radiographer,Rejected,Jeremy Stevens
1048,2023-07-28,Paul,Johnson,Male,31-07-1986,+1-352-506-4850x497,ppowell@example.org,508 Freeman Creek,Freemanbury,ND,53823,Monaco,PhD,7,50437.39,"Engineer, electronics",In Review,Paul Johnson
1049,2023-07-04,Jerry,Hernandez,Other,07-04-1976,698-300-1600x23221,upeters@example.com,83202 Ingram Fields,Campbelltown,ME,45037,Marshall Islands,Master's Degree,4,86589.55,"Scientist, research (medical)",Applied,Jerry Hernandez
1050,2023-06-09,Jason,Abbott,Male,30-04-1967,001-460-617-6814x7252,elizabethtaylor@example.net,1058 Mark Highway,Lake Maryland,NM,41461,Faroe Islands,High School,10,94813.46,"Surveyor, land/geomatics",Interviewing,Jason Abbott
1051,2023-07-06,Jeffrey,Sellers,Other,30-09-1980,237.531.7564x007,natasha30@example.net,205 Rice Track,Mcbridestad,GU,59610,Bouvet Island (Bouvetoya),High School,10,68968.39,"Surveyor, hydrographic",Offered,Jeffrey Sellers
1052,2023-05-23,Daryl,Brown,Female,08-07-2003,(833)626-3286,bhill@example.com,05460 Laura Ford Apt. 015,Phillipstown,TN,61327,Niue,Bachelor's Degree,7,94839.96,Land/geomatics surveyor,Applied,Daryl Brown
1053,2023-06-04,Justin,Bush,Other,26-09-1975,356.930.7796,pricecarolyn@example.org,392 Daniel Parkways Suite 034,Jessicaview,WI,32426,San Marino,PhD,4,30451.54,Data processing manager,Interviewing,Justin Bush
1054,2023-05-28,Lisa,Jackson,Male,31-12-1986,+1-425-444-8670x07900,michaelcooper@example.net,80259 Dixon Prairie,Lake Robertberg,AZ,42440,Cuba,PhD,18,89697.68,Paediatric nurse,Applied,Lisa Jackson
1055,2023-07-23,Brad,Vang,Male,07-01-1990,707-602-9095,william40@example.net,7189 Timothy Corner Apt. 711,South Justin,GU,69265,Colombia,PhD,6,36962.77,Chief of Staff,Offered,Brad Vang
1056,2023-06-22,Brittney,Rubio,Other,19-02-2002,001-234-517-2443x463,susanhickman@example.org,2502 Rollins Haven Apt. 823,Nicolestad,MO,10426,Sweden,Bachelor's Degree,9,94864.14,Site engineer,Interviewing,Brittney Rubio
1057,2023-05-22,Kimberly,Ellis,Female,03-10-1982,(295)752-6970,barrerakathleen@example.com,321 Turner Mews,North Johnland,FM,59371,Western Sahara,Master's Degree,13,87952.33,Armed forces operational officer,In Review,Kimberly Ellis
1058,2023-06-12,Stephanie,Pearson,Other,01-03-1974,(992)890-3863x06405,williamschneider@example.org,01914 Sweeney Gateway Suite 775,North Stephen,WA,81142,Pakistan,PhD,7,94509.27,Learning mentor,Rejected,Stephanie Pearson
1059,2023-05-15,Judith,Avery,Male,01-05-1971,355.753.7118,vkelly@example.org,538 Schwartz Isle Suite 665,Kennethchester,NE,91284,Malaysia,PhD,8,67090.18,Press photographer,Applied,Judith Avery
1060,2023-06-24,Susan,Mayer,Female,08-12-1987,001-867-245-0401x073,zmoore@example.com,1772 Adams Forges Suite 868,Staceyton,RI,52441,Palau,Master's Degree,14,33552.59,"Journalist, magazine",Applied,Susan Mayer
1061,2023-06-12,Danielle,Jones,Female,28-07-1995,840.994.7602x3387,justinflores@example.net,18917 Adams Stravenue Suite 510,Johnsonmouth,WV,55005,Palau,Bachelor's Degree,14,35323.64,"Geneticist, molecular",Interviewing,Danielle Jones
1062,2023-06-25,Brian,Jenkins,Female,26-09-1994,575.503.5502,scottgriffin@example.net,0516 Norris Pine,New Julieville,TN,30491,Greece,Master's Degree,14,82806.6,"Accountant, chartered management",Applied,Brian Jenkins
1063,2023-07-03,Keith,Barrera,Female,03-05-2004,(679)765-0104x4925,scottkerr@example.org,62145 Collier Wells,Jasmineside,NE,99061,French Guiana,Master's Degree,0,40113.74,Insurance broker,Applied,Keith Barrera
1064,2023-06-07,Gary,Howard,Female,25-10-1999,001-851-640-7485,ehernandez@example.com,9683 Houston Alley,Lake Bobbytown,GU,92712,Egypt,Bachelor's Degree,14,63245.8,Sports therapist,Interviewing,Gary Howard
1065,2023-06-11,David,Torres,Female,22-11-1978,+1-497-327-6445x750,rmiller@example.com,1557 Moore Mountains Apt. 077,Millertown,AK,62665,French Guiana,PhD,14,95411.82,"Research officer, government",Interviewing,David Torres
1066,2023-06-07,Phillip,Weber,Other,12-04-1974,967-772-9630x71707,bryankey@example.com,743 Joseph Lakes Apt. 318,Francisburgh,PW,44194,Uzbekistan,Master's Degree,20,58671.8,"Engineer, control and instrumentation",Applied,Phillip Weber
1067,2023-06-02,Tiffany,Fernandez,Female,30-09-1967,001-294-200-8198x1467,iwoods@example.net,143 Sharp Walk Suite 116,Crystaltown,CT,61789,Liberia,High School,18,36020.54,Tree surgeon,Applied,Tiffany Fernandez
1068,2023-06-14,Nicole,Lopez,Female,05-11-1983,738.330.1911,rachelgibson@example.com,00495 Tony Tunnel Suite 998,West Steven,PA,23700,Argentina,High School,20,33092.62,Heritage manager,Rejected,Nicole Lopez
1069,2023-06-29,Joshua,Baxter,Other,28-09-1980,318-994-4925x9714,garzachristopher@example.org,363 Anita Park Suite 368,Maryville,NV,78394,Swaziland,Master's Degree,10,37140.47,"Engineer, building services",Offered,Joshua Baxter
1070,2023-05-11,Danielle,Smith,Male,13-09-1975,(489)457-0950,mccarthymichelle@example.net,733 Barrett Isle Apt. 972,West Audreyburgh,GA,82437,Paraguay,High School,6,95676.14,Exhibition designer,Applied,Danielle Smith
1071,2023-05-13,Christopher,Davis,Female,10-07-2003,001-326-498-5989x16380,ajohnson@example.com,7385 Potter Knolls,Jesseview,ND,97049,Kenya,Master's Degree,13,54109.46,Waste management officer,Offered,Christopher Davis
1072,2023-05-09,Jessica,Gutierrez,Male,12-07-1982,(409)790-6519,kristinalee@example.org,828 Watkins Landing Suite 952,South Ashlee,CA,89009,United Arab Emirates,High School,5,88944.93,Publishing rights manager,Rejected,Jessica Gutierrez
1073,2023-05-28,Michael,Hunter,Male,30-09-1977,(270)659-9314,reginald33@example.net,28037 Thomas Points,Johnmouth,OH,88615,Mauritania,Master's Degree,17,54055.25,Oncologist,Rejected,Michael Hunter
1074,2023-05-27,Kendra,French,Male,22-04-2003,714.491.1762,garrett11@example.org,272 Wise Trail Suite 983,Lake Scott,NH,29705,Pakistan,PhD,4,54756.63,Structural engineer,Applied,Kendra French
1075,2023-06-12,William,Yu,Female,26-09-1994,530.890.1950,enewton@example.net,547 Barnes Lake,Rodriguezmouth,DC,64425,Cyprus,Bachelor's Degree,18,57232.37,"Production assistant, television",Applied,William Yu
1076,2023-07-14,Carol,Steele,Female,17-06-1973,302.431.7018x403,fbrown@example.com,7282 John Shore,Port Daltonfurt,VI,23353,Cambodia,PhD,1,90276.12,"Surveyor, planning and development",In Review,Carol Steele
1077,2023-08-05,Maria,Davidson,Female,08-02-1963,811-559-3449x539,billy13@example.net,1909 Strong Club Suite 173,Victorialand,MP,63150,China,High School,18,89892.0,Petroleum engineer,Interviewing,Maria Davidson
1078,2023-07-09,Nicole,Garcia,Other,23-01-1966,+1-638-947-8496x65914,vincentdunn@example.net,5943 Kelly Drive,South Matthew,OK,33987,Hungary,PhD,20,65575.02,Academic librarian,Offered,Nicole Garcia
1079,2023-07-12,James,Howell,Female,20-06-1992,###############################################################################################################################################################################################################################################################,alecrandall@example.org,54234 Blevins Stream,West Phillipborough,AL,90671,Botswana,Bachelor's Degree,2,92135.46,Arts development officer,Rejected,James Howell
1080,2023-07-08,Keith,Pace,Male,05-12-1980,524.590.8180x24630,jessica90@example.com,5014 Cannon Oval,Port Sabrinamouth,MP,28027,Niue,Bachelor's Degree,18,37453.4,"Development worker, community",In Review,Keith Pace
1081,2023-05-27,Nichole,Stevenson,Female,08-06-1999,(793)526-4040x463,diazrandall@example.net,061 Morris Views,Port Mike,KS,47133,Kiribati,PhD,0,51338.07,Commercial art gallery manager,Rejected,Nichole Stevenson
1082,2023-07-17,Denise,Jackson,Male,26-11-1999,(674)278-2155x085,shannonhughes@example.net,0131 Gregory Corners Apt. 815,North Williamland,MN,1192,Niue,PhD,5,46331.6,Secondary school teacher,Applied,Denise Jackson
1083,2023-06-28,Christine,Phillips,Male,03-09-1983,713-469-1059x479,jasmine35@example.net,41501 Wagner Parks Apt. 574,Sanchezbury,SC,34840,San Marino,High School,3,68558.44,Financial controller,Offered,Christine Phillips
1084,2023-07-07,Patricia,Pearson,Other,12-06-1970,993.765.3738x529,burnsrobert@example.org,8328 Sandoval Canyon,Scottville,DE,96287,China,Bachelor's Degree,4,56332.62,Brewing technologist,Offered,Patricia Pearson
1085,2023-06-28,Cynthia,Black,Other,25-02-1986,310-288-9663x946,ghenderson@example.com,962 Callahan Trafficway,Port Abigail,CA,19190,Estonia,High School,17,71506.9,Chartered legal executive (England and Wales),Rejected,Cynthia Black
1086,2023-06-13,Brenda,Foster,Other,23-07-1989,996.678.2244x36399,lgomez@example.org,33076 Jennifer Rapid,Scottview,SD,64383,Ethiopia,High School,7,97605.13,Optometrist,Interviewing,Brenda Foster
1087,2023-07-02,Holly,Brandt,Female,18-01-1965,001-292-782-6050x146,donald58@example.com,60255 Dodson Mills,East Victoria,ID,85507,Yemen,PhD,12,74372.98,"Engineer, site",In Review,Holly Brandt
1088,2023-06-27,Erin,Kirk,Female,26-06-1974,323-678-0221x29319,rcook@example.com,311 Palmer Fords Apt. 610,North Jenniferfurt,PW,63501,Ukraine,PhD,4,94408.04,Barista,Interviewing,Erin Kirk
1089,2023-05-08,Kevin,Owens,Male,28-10-1985,+1-497-233-2142x539,smiller@example.com,1761 Sandoval Meadow,Hernandezhaven,ME,90449,Bolivia,Bachelor's Degree,10,82596.57,Patent attorney,Offered,Kevin Owens
1090,2023-08-03,Sarah,Glover,Female,25-10-1978,###############################################################################################################################################################################################################################################################,smithpamela@example.org,216 Hall Skyway,Brookeshire,SC,89827,Canada,PhD,18,51290.15,"Designer, jewellery",Offered,Sarah Glover
1091,2023-05-20,Yolanda,Collins,Male,12-11-1986,300.591.1820x0002,robert60@example.com,935 Alexis Drives Suite 373,West Steven,MD,81111,Mayotte,Bachelor's Degree,8,96445.23,"Engineer, civil (contracting)",Applied,Yolanda Collins
1092,2023-05-31,Julia,Green,Male,30-08-1986,(615)447-9353,yortega@example.net,130 Ashley Station,Andersonmouth,AS,81868,Turkmenistan,Bachelor's Degree,17,51993.14,"Nurse, mental health",In Review,Julia Green
1093,2023-07-25,Michael,Smith,Female,28-09-2001,445.585.0943x3018,wmcdonald@example.com,1404 Maria Freeway,North Samuel,MP,54602,Georgia,High School,11,67885.98,"Doctor, general practice",Interviewing,Michael Smith
1094,2023-06-26,Edward,Peck,Male,05-02-2000,001-999-817-4513x4628,uhardy@example.com,99820 Christina Skyway,North Tara,MA,46694,France,Master's Degree,7,70059.94,Furniture designer,Rejected,Edward Peck
1095,2023-05-15,Michele,Williams,Male,13-08-1963,979.704.5426x88257,ucarter@example.net,7956 Jennifer Estates Suite 712,Medinachester,IL,79904,Zimbabwe,High School,3,38348.79,Radio broadcast assistant,Applied,Michele Williams
1096,2023-08-02,Steven,Martinez,Other,21-11-1993,###############################################################################################################################################################################################################################################################,lmcmahon@example.org,45106 Lopez Walk,Kennethberg,MP,77423,Wallis and Futuna,High School,20,36060.91,Technical sales engineer,Interviewing,Steven Martinez
1097,2023-07-02,Austin,Johnson,Male,06-02-2000,621.908.5961x894,chughes@example.com,970 Greg Corners,West Hannah,MP,91766,Cote d'Ivoire,PhD,16,59939.36,Glass blower/designer,Interviewing,Austin Johnson
1098,2023-07-20,Robert,Bowman,Female,18-12-1962,697.703.9180,gina02@example.net,58649 Antonio Groves,Seanville,CT,4679,Hong Kong,High School,12,74228.18,Marine scientist,In Review,Robert Bowman
1099,2023-07-13,Alexander,Pineda,Male,19-01-2004,+1-490-878-2240x7371,colecynthia@example.net,995 Daniel Lake,Brandonbury,VI,92853,Mexico,PhD,17,52215.48,Hospital pharmacist,Offered,Alexander Pineda
1100,2023-06-24,Kathleen,Jones,Female,16-01-1970,986.836.8379,lsmith@example.org,6948 Timothy Manors,Williamshaven,ME,23842,Haiti,Bachelor's Degree,16,51927.82,Race relations officer,Applied,Kathleen Jones
1101,2023-06-12,Sandra,Wang,Male,13-09-1977,###############################################################################################################################################################################################################################################################,matthew54@example.net,81160 Carrie Plaza Suite 570,North Stevenburgh,MD,38632,Iceland,PhD,18,66506.02,Counselling psychologist,In Review,Sandra Wang
1102,2023-05-27,Kristen,Foster,Female,13-03-1975,(339)544-8726x201,rmartinez@example.org,29152 Riley Branch,Wardport,NY,28266,Sweden,PhD,7,73093.48,Best boy,Offered,Kristen Foster
1103,2023-07-27,Darrell,Fernandez,Female,23-12-1987,###############################################################################################################################################################################################################################################################,erika63@example.org,0338 Lewis Land,Riversmouth,ND,37207,Ukraine,PhD,3,57972.41,Town planner,In Review,Darrell Fernandez
1104,2023-07-25,Kimberly,Castro,Female,08-12-1997,706.538.2155,yhoward@example.com,702 Barnes Square,South Jeffrey,CT,92427,Norway,Master's Degree,6,89275.77,"Psychologist, clinical",In Review,Kimberly Castro
1105,2023-07-09,Sheryl,Hampton,Other,26-09-1982,951.764.3909,irogers@example.com,7345 Larson Road Suite 100,Leblancmouth,RI,47736,Slovenia,PhD,4,69991.75,Chief of Staff,Rejected,Sheryl Hampton
1106,2023-05-28,Earl,Houston,Other,16-09-1979,569-796-7520,nicole88@example.org,3974 Tristan Mall Suite 007,New Steventown,OH,15396,Cameroon,Master's Degree,13,56700.48,Tourism officer,Applied,Earl Houston
1107,2023-06-19,Michael,Andrews,Other,31-05-1994,+1-619-602-2000x765,andrewsalazar@example.com,545 Jennifer Expressway,Lake Laurieborough,MH,9965,Peru,PhD,13,64947.3,Podiatrist,Rejected,Michael Andrews
1108,2023-06-26,Amanda,Monroe,Male,09-02-2003,(885)667-1316x893,schmidtrodney@example.org,386 Hoover Lodge Apt. 226,New Christopher,ID,796,Croatia,Master's Degree,13,75152.02,Actuary,Interviewing,Amanda Monroe
1109,2023-06-22,Richard,Johnson,Male,01-06-1991,001-306-803-9155x73049,davidmiller@example.net,43124 Duncan Park,Meyerview,MA,90643,Yemen,Bachelor's Degree,20,36713.33,Patent examiner,Applied,Richard Johnson
1110,2023-07-05,Kaitlin,Fox,Male,15-02-1963,754.604.9219,moorenicholas@example.net,6183 Robert Circles,North Jacob,WV,17593,Saint Vincent and the Grenadines,Master's Degree,0,71693.44,Land,Applied,Kaitlin Fox
1111,2023-07-06,Laura,Johnson,Other,04-12-2004,###############################################################################################################################################################################################################################################################,fuenteswilliam@example.org,469 Terry Road Apt. 529,Port Tracyfort,ME,6872,Timor-Leste,High School,11,53176.56,Commissioning editor,Applied,Laura Johnson
1112,2023-07-27,Jessica,Bennett,Other,26-02-1985,###############################################################################################################################################################################################################################################################,cheryl51@example.com,13249 Jeremy Haven Suite 386,Nathantown,ND,32224,Norfolk Island,High School,10,92374.75,Therapeutic radiographer,Rejected,Jessica Bennett
1113,2023-06-25,Daniel,Smith,Male,07-03-1983,001-515-665-8203,heiditaylor@example.com,72765 Seth Mountains Apt. 593,Lake Andrea,IN,30201,Singapore,Bachelor's Degree,16,55619.78,Neurosurgeon,Applied,Daniel Smith
1114,2023-06-08,Evan,Benitez,Female,22-05-1987,+1-255-287-3201x971,patricia32@example.org,000 Cole Knoll,North Meghan,PW,25778,Estonia,Master's Degree,11,85187.23,Press sub,Offered,Evan Benitez
1115,2023-07-10,Sharon,Brown,Female,04-12-1994,001-585-978-5011x54215,james88@example.org,03546 Crystal Place,Port Tiffany,CO,94491,India,PhD,1,51003.26,Charity fundraiser,Offered,Sharon Brown
1116,2023-07-16,Tiffany,Davis,Female,28-12-1979,229-322-6185x2602,bmurphy@example.net,7141 Beth Parkways,Lake Christopher,MD,63421,Eritrea,PhD,14,76551.15,Recycling officer,Interviewing,Tiffany Davis
1117,2023-06-24,Adam,Martinez,Other,01-01-1981,001-405-367-4021x3741,oford@example.net,7865 Wise Roads Apt. 365,Timothymouth,MI,50318,Benin,Bachelor's Degree,6,94935.35,Neurosurgeon,Offered,Adam Martinez
1118,2023-07-09,Patricia,Johnson,Female,22-04-1999,+1-209-409-5924x800,ngeorge@example.net,335 Zimmerman Drive Apt. 900,Larsonhaven,NY,71148,Peru,PhD,8,67339.29,Art gallery manager,Rejected,Patricia Johnson
1119,2023-06-25,Deborah,Welch,Female,07-01-2001,338-857-6897x34689,ericameyer@example.net,745 Anderson Meadows,Sandovalfurt,NE,92946,Mexico,Bachelor's Degree,18,93327.21,Restaurant manager,Offered,Deborah Welch
1120,2023-06-27,Lauren,Hunter,Female,28-11-2002,952.604.4388,fwong@example.com,9043 Johnny Rapids,New Joshuaport,RI,62822,Martinique,Bachelor's Degree,15,64803.55,Naval architect,In Review,Lauren Hunter
1121,2023-07-06,Mark,Johnson,Female,16-01-1974,001-852-392-4735x3819,sandra39@example.org,2447 Randall Pines Apt. 681,New Henry,MD,34614,Gambia,PhD,4,56305.22,"Scientist, forensic",Rejected,Mark Johnson
1122,2023-06-21,Brandon,Kennedy,Other,29-04-1969,668-597-4256x5116,njohnson@example.com,203 Johnson Plaza Suite 049,Josephborough,HI,12875,Sudan,High School,15,74459.14,IT trainer,In Review,Brandon Kennedy
1123,2023-06-23,Shelly,Watkins,Male,13-10-1996,694.453.3731,williamraymond@example.net,6713 Olivia Fork,North Wendy,MO,73291,Turkmenistan,High School,18,66665.53,Recycling officer,Applied,Shelly Watkins
1124,2023-06-11,Brandon,Allen,Male,26-03-1992,+1-595-324-6266x71791,gbanks@example.net,2313 Thomas Shoal Apt. 427,Bruceville,OR,42367,Austria,PhD,3,72894.61,Psychotherapist,Rejected,Brandon Allen
1125,2023-05-19,Keith,Davis,Male,03-06-1984,(606)357-2956x911,mckeeluis@example.org,5934 Yates Throughway,Janetchester,PW,30571,Mayotte,PhD,5,82349.15,Commissioning editor,Interviewing,Keith Davis
1126,2023-07-03,Jason,Wall,Female,01-07-1979,405-738-1197,rothbryan@example.com,42701 Phillip Tunnel,Amandaville,NE,87142,Aruba,High School,8,51582.31,Actuary,Rejected,Jason Wall
1127,2023-06-02,Amy,Reyes,Male,06-02-1975,528-242-6188x1876,jrogers@example.com,2409 Sara Loop,New Joshua,NM,53990,Dominica,Master's Degree,18,41966.35,Radiation protection practitioner,Applied,Amy Reyes
1128,2023-07-02,James,Gallegos,Female,19-10-1992,535-467-7172,smithamanda@example.net,7431 Nichole Bypass,Nicoleborough,NV,97403,Turkmenistan,Bachelor's Degree,8,80960.76,"Designer, fashion/clothing",In Review,James Gallegos
1129,2023-07-28,Caleb,Rhodes,Other,18-12-1967,442-691-5355x423,julie70@example.com,5102 Drew Street Apt. 317,Wilkinsville,AS,30245,Spain,High School,0,78965.79,"Therapist, occupational",Applied,Caleb Rhodes
1130,2023-08-01,Angelica,Bennett,Other,25-07-1977,###############################################################################################################################################################################################################################################################,stevengomez@example.com,6181 Hall Land,Gregoryside,PR,61710,Mauritania,Master's Degree,0,86317.06,Catering manager,Interviewing,Angelica Bennett
1131,2023-07-29,Ethan,Garcia,Other,08-07-2002,286.654.0758,selenagordon@example.net,23843 Steven Spring,Flynnmouth,ND,93057,Iraq,High School,20,31284.97,Chief Strategy Officer,Offered,Ethan Garcia
1132,2023-06-05,Thomas,Smith,Other,08-09-1969,+1-458-594-4682x711,emilycase@example.org,156 Brian Meadow,Veronicaland,DE,49454,Western Sahara,Bachelor's Degree,18,43679.74,Regulatory affairs officer,Rejected,Thomas Smith
1133,2023-05-31,Tamara,Smith,Other,02-03-1987,001-744-710-9561x821,gregorybrown@example.net,9587 Catherine Center Apt. 846,South Kaylaberg,PA,52622,Slovenia,Bachelor's Degree,16,79187.3,Paramedic,In Review,Tamara Smith
1134,2023-05-16,Julie,Williams,Female,23-07-1971,(879)523-2799x2729,jonestyler@example.net,95980 Barnett Forest Apt. 889,North Jenniferport,MS,59582,Saint Barthelemy,PhD,18,85618.33,English as a foreign language teacher,Offered,Julie Williams
1135,2023-05-19,Grant,Thompson,Male,14-09-2002,###############################################################################################################################################################################################################################################################,ruben96@example.net,79315 Michael Village Suite 510,Davidview,CO,69500,British Virgin Islands,Master's Degree,15,61725.13,Oncologist,Applied,Grant Thompson
1136,2023-07-29,Laura,Kaiser,Other,27-08-1984,001-575-701-6499x81571,jamesmanning@example.com,94071 Miller Gardens Suite 833,Anthonytown,GU,71463,Bahamas,Bachelor's Degree,5,37976.2,Purchasing manager,Rejected,Laura Kaiser
1137,2023-08-05,Ralph,Robinson,Male,22-03-1978,387-787-7592,ewilson@example.com,997 Jones Inlet,New Kendra,UT,34787,Ireland,PhD,18,46653.8,Exhibition designer,In Review,Ralph Robinson
1138,2023-07-07,Lawrence,Welch,Female,24-09-1962,###############################################################################################################################################################################################################################################################,imay@example.org,93295 Madison Fords,Lake Janice,OK,46820,Myanmar,Bachelor's Degree,4,32381.57,Waste management officer,Interviewing,Lawrence Welch
1139,2023-06-26,Justin,Wallace,Male,30-01-1975,218.297.7301x333,ibarracaitlin@example.org,23206 Daniels Unions Apt. 795,Mooretown,SC,87977,Indonesia,High School,16,68262.85,Diagnostic radiographer,Offered,Justin Wallace
1140,2023-07-15,Robert,Turner,Female,11-08-1988,+1-748-761-3278x601,maureen77@example.com,409 Angela Club Apt. 387,North Douglasberg,NJ,37186,Myanmar,Bachelor's Degree,17,43027.56,Cartographer,Offered,Robert Turner
1141,2023-07-02,Stephanie,Ramirez,Female,04-03-1991,734.528.5496,ybrandt@example.org,31486 Vega Junctions Apt. 739,New Barbara,RI,55401,Guadeloupe,PhD,1,51601.25,"Accountant, chartered certified",Offered,Stephanie Ramirez
1142,2023-07-19,Christina,Richards,Other,07-04-1995,(842)242-8661x22687,sierra32@example.net,13317 Tiffany Locks Suite 582,East Martinfurt,WA,29831,Lao People's Democratic Republic,Master's Degree,20,38921.79,Trade mark attorney,Applied,Christina Richards
1143,2023-05-29,Nicholas,Castillo,Male,25-08-1969,###############################################################################################################################################################################################################################################################,john38@example.org,812 William Roads,Lake Nicoleside,CO,97548,Albania,Master's Degree,4,68647.01,Police officer,In Review,Nicholas Castillo
1144,2023-06-22,Kyle,Davis,Female,03-04-1998,+1-988-358-6056x225,danielbonilla@example.com,962 Edward Green Apt. 042,Lake Maurice,TX,92971,Niue,PhD,4,31492.0,Transport planner,In Review,Kyle Davis
1145,2023-05-20,Katherine,Garcia,Other,03-08-1971,833-303-0836,david59@example.net,8358 Adams Isle Apt. 497,Edwardsmouth,WY,59389,Senegal,Bachelor's Degree,16,81348.87,Scientific laboratory technician,Offered,Katherine Garcia
1146,2023-08-02,Daniel,Shaffer,Other,04-02-2004,341-961-6422x46555,mbates@example.net,567 Wright Light Suite 073,East Scott,NM,68378,Israel,High School,18,70315.49,Trade union research officer,Applied,Daniel Shaffer
1147,2023-07-12,Cameron,Meza,Other,24-04-1990,(981)932-0744x663,harriserin@example.org,57493 Snyder Locks Apt. 459,Vasquezmouth,VI,80011,Jersey,Bachelor's Degree,12,80250.72,Freight forwarder,Interviewing,Cameron Meza
1148,2023-07-04,Justin,Lang,Other,22-02-1992,(239)882-4387x390,barrymelissa@example.org,05416 Alvarez Corners,New Charlesview,MI,68412,Malta,Bachelor's Degree,20,68744.45,Warden/ranger,Offered,Justin Lang
1149,2023-08-04,April,Martinez,Female,14-01-1969,245.957.9577,princejessica@example.net,44687 Taylor Roads Suite 944,New Angie,AZ,17990,Andorra,Master's Degree,6,63418.66,"Programme researcher, broadcasting/film/video",In Review,April Martinez
1150,2023-08-01,Anthony,Armstrong,Male,18-07-1988,891-534-1356,ztorres@example.net,815 Grace Oval Suite 883,West Michael,IA,6001,Maldives,Master's Degree,15,72670.84,"Engineer, manufacturing systems",Applied,Anthony Armstrong
1151,2023-06-14,Rebekah,Wright,Other,29-05-1978,###############################################################################################################################################################################################################################################################,pcantrell@example.org,33430 Williams Pines,New Sergiofurt,MD,77655,British Virgin Islands,High School,15,58852.24,Therapeutic radiographer,Interviewing,Rebekah Wright
1152,2023-05-08,Randall,Conrad,Male,08-11-1995,001-621-630-8916x25529,harrellcasey@example.net,053 Martinez Highway Suite 567,New Nathanland,WY,1057,Uzbekistan,High School,19,44781.61,Civil Service fast streamer,Interviewing,Randall Conrad
1153,2023-07-16,Wendy,Smith,Other,25-09-1988,800-952-5753x6573,swallace@example.org,7990 Sutton Summit Apt. 991,Ronaldville,OH,30020,Reunion,PhD,1,53003.29,Tour manager,Rejected,Wendy Smith
1154,2023-06-23,Shannon,Patel,Female,06-12-1976,001-557-297-5501x16572,valenzuelateresa@example.net,0102 Sabrina Mission Suite 723,North David,AK,94650,Nicaragua,PhD,1,46189.83,Human resources officer,Interviewing,Shannon Patel
1155,2023-07-08,Kari,Brown,Male,16-12-1998,(290)410-5529,frobinson@example.com,21056 Benjamin Estates Apt. 672,Byrdborough,HI,61353,Burundi,PhD,17,62473.22,Furniture designer,In Review,Kari Brown
1156,2023-06-16,Alyssa,Vargas,Female,11-03-1964,(290)529-8575x188,leah22@example.net,582 Juarez Heights,North Barbaraborough,FM,27675,Kenya,High School,0,45741.74,Quantity surveyor,Offered,Alyssa Vargas
1157,2023-06-08,Shane,Meyer,Other,07-11-1963,(849)979-1875x38293,mary35@example.net,1565 Misty Harbors,Thompsonton,IA,93473,Romania,High School,0,62612.93,Media buyer,Applied,Shane Meyer
1158,2023-06-03,Mariah,Thompson,Other,13-12-1962,898-576-2573x010,kelliewright@example.net,31649 Jason Course,North Kelliefort,OK,46750,United States of America,High School,17,53423.53,Aid worker,Applied,Mariah Thompson
1159,2023-08-04,George,Sanders,Other,04-09-1990,224.364.8716,david89@example.org,118 Scott Hills Suite 575,Collinsburgh,MA,6395,Western Sahara,High School,4,65578.93,Dentist,Applied,George Sanders
1160,2023-05-28,Paul,Gray,Other,01-05-2001,(641)934-3169,whansen@example.com,124 Hansen Village Suite 209,New Patrickchester,ME,79124,Trinidad and Tobago,Bachelor's Degree,2,54935.86,Public librarian,Offered,Paul Gray
1161,2023-06-09,Oscar,Clark,Female,08-07-1997,+1-430-500-5006x300,vsanders@example.org,440 Barajas Cliffs Suite 741,East Robertburgh,AZ,47850,Niger,High School,0,92675.58,Product manager,Rejected,Oscar Clark
1162,2023-06-13,Samuel,Strong,Other,18-08-1966,(309)687-2693x6981,monica92@example.net,6808 Tara Mountain,East Laura,MN,73130,Burkina Faso,Master's Degree,10,70483.18,Seismic interpreter,Offered,Samuel Strong
1163,2023-06-16,Darren,Dunn,Other,17-01-1991,(251)621-9645,paul73@example.org,2986 John Walk,North Sharontown,VA,55036,El Salvador,PhD,6,79024.0,Multimedia specialist,Interviewing,Darren Dunn
1164,2023-06-11,Matthew,Wyatt,Other,06-09-1983,817-371-5892,emarks@example.org,14178 Brandon Junction Apt. 564,West Melinda,IL,29274,Ireland,Master's Degree,14,72968.02,Emergency planning/management officer,Interviewing,Matthew Wyatt
1165,2023-05-13,Shannon,Knight,Female,26-11-1985,###############################################################################################################################################################################################################################################################,josmith@example.com,277 Erica Extensions Suite 175,Jaclynborough,OK,18206,Isle of Man,Master's Degree,15,82739.55,Restaurant manager,Applied,Shannon Knight
1166,2023-05-30,Reginald,Smith,Female,31-01-1993,(336)272-8424x769,thomascourtney@example.org,52238 Schmidt Passage Suite 203,Sandraburgh,MP,24406,Afghanistan,High School,20,51272.32,Records manager,Rejected,Reginald Smith
1167,2023-07-21,Sherry,Carter,Male,27-03-1969,361.469.0481x9922,bradfordroberto@example.net,22268 Spence Square,Shannonfurt,VA,91961,Saint Vincent and the Grenadines,High School,18,77615.9,Broadcast engineer,Applied,Sherry Carter
1168,2023-07-17,Steven,Abbott,Other,21-10-1993,536-264-5742,riveraleslie@example.org,78453 Parker Fort Suite 489,New Ryanstad,WI,98539,Ethiopia,High School,9,38274.32,Ambulance person,In Review,Steven Abbott
1169,2023-05-20,Vincent,Holland,Other,19-03-1994,816-651-9470x177,jasongraves@example.com,9946 Deborah Plains Apt. 186,Port Anthony,GU,52305,Finland,Bachelor's Degree,18,65762.51,Manufacturing systems engineer,Interviewing,Vincent Holland
1170,2023-07-15,Gregory,Ramsey,Female,27-01-1985,352.633.2985,boydcharles@example.com,8738 Rivera Circles Apt. 065,Lake Jamesfort,WI,96301,China,Master's Degree,6,55184.66,Licensed conveyancer,Interviewing,Gregory Ramsey
1171,2023-06-15,Hunter,Nichols,Male,15-11-1992,471-616-3719,jose91@example.org,295 Kyle Freeway,Millerport,AS,49312,Angola,High School,17,54540.42,Recycling officer,In Review,Hunter Nichols
1172,2023-06-30,Jacqueline,Vance,Male,23-07-1968,001-953-561-2255,cantrellnicholas@example.com,3142 Warren Ways Suite 831,Yatesside,LA,67981,Guyana,PhD,2,82106.81,Pension scheme manager,Interviewing,Jacqueline Vance
1173,2023-06-08,Paul,Miller,Female,05-07-1997,(557)741-3320x6376,vgreen@example.org,76697 Larry Spur Suite 271,Lake Kimberly,MN,43656,Switzerland,High School,3,51245.66,Air cabin crew,Interviewing,Paul Miller
1174,2023-06-13,Katie,Johnson,Male,09-12-1989,001-483-588-2378x89132,kyle08@example.org,04206 Tracy Mews,Shawnton,ND,9725,Cameroon,PhD,2,87947.68,"Engineer, agricultural",Interviewing,Katie Johnson
1175,2023-06-11,Omar,Ferguson,Other,09-04-2004,+1-525-278-4277x351,craig76@example.com,7381 Fowler Summit Apt. 286,Jordanfurt,MD,27505,Paraguay,Bachelor's Degree,12,40869.9,"Nurse, learning disability",Offered,Omar Ferguson
1176,2023-07-01,Karen,Adams,Other,08-12-1968,(409)275-7081x18691,adriantaylor@example.net,3217 Garcia Harbors,Bowenburgh,TN,56005,Oman,High School,20,82407.81,Retail banker,Applied,Karen Adams
1177,2023-06-14,Deborah,Acevedo,Male,12-09-1998,389.952.8218x6725,earl90@example.org,26340 Seth Greens,Port Kristie,AL,24228,Nicaragua,Master's Degree,1,67090.33,"Engineer, maintenance",Applied,Deborah Acevedo
1178,2023-05-18,Jill,Gomez,Other,21-06-1998,553-368-3469,john85@example.net,190 Mccoy Square Apt. 861,Port Amy,NV,93365,Mayotte,Bachelor's Degree,0,40784.03,"Buyer, industrial",Interviewing,Jill Gomez
1179,2023-06-13,Kelly,Luna,Other,29-06-1982,882.455.3795,uhenry@example.com,5410 Burton Station,Alyssaland,TX,39625,Belize,Bachelor's Degree,7,76446.47,Film/video editor,Applied,Kelly Luna
1180,2023-06-04,Michelle,Blake,Male,01-04-1981,001-899-341-1956x089,melissamcdonald@example.net,89367 Aimee Plains,Hartmanmouth,LA,57046,Finland,Bachelor's Degree,10,88924.21,"Development worker, community",Interviewing,Michelle Blake
1181,2023-07-14,John,Krueger,Other,16-12-1973,247-206-1047x2229,shannonbaker@example.org,90221 Andrew Branch Suite 573,Port Katie,ND,67267,Zambia,Bachelor's Degree,9,40259.43,Sports development officer,Applied,John Krueger
1182,2023-06-05,Keith,Lee,Male,12-09-1988,(861)707-7930x291,vmurray@example.com,014 Mary Glens,South Michael,TN,53590,Sao Tome and Principe,PhD,1,71206.91,Airline pilot,Offered,Keith Lee
1183,2023-05-29,Charles,Whitney,Other,04-11-2000,626.877.4299x6633,qedwards@example.com,5619 Li Key,Millerville,NH,99490,Oman,High School,4,42789.15,Publishing rights manager,Offered,Charles Whitney
1184,2023-07-12,Nancy,Huber,Male,19-08-1967,(742)744-6640,courtney79@example.com,3720 Schwartz Forest,Melissaburgh,MI,96018,French Guiana,Master's Degree,18,43013.23,"Geneticist, molecular",Rejected,Nancy Huber
1185,2023-07-26,Michael,Saunders,Female,21-10-1984,641.415.4083x983,kfox@example.net,1911 Alvarez Shores,Jerryshire,WA,70949,Guatemala,PhD,13,76686.73,Best boy,Rejected,Michael Saunders
1186,2023-05-13,Leonard,Long,Male,04-04-1981,+1-619-412-5660x5197,hannah43@example.org,45020 Albert Shore,East Stephanie,MA,39141,Bolivia,High School,4,76379.23,Clinical molecular geneticist,Interviewing,Leonard Long
1187,2023-07-28,Monica,Moses,Female,17-09-1991,001-578-991-0894x10230,jgonzales@example.org,46802 Tran Row Suite 738,North Justinside,OR,98960,Eritrea,PhD,13,43369.34,Psychotherapist,Rejected,Monica Moses
1188,2023-07-30,Michael,Tran,Other,31-03-1995,001-336-603-6115x2194,rrose@example.com,150 Brian Center Apt. 511,Sydneyville,DC,15727,Denmark,Master's Degree,9,34906.69,Architect,Rejected,Michael Tran
1189,2023-05-15,John,Rivas,Male,25-07-1998,496.355.0328,tmiller@example.org,624 Jennifer Shoals,Garciabury,FL,61379,Kuwait,High School,4,66260.28,Educational psychologist,In Review,John Rivas
1190,2023-07-01,Gregory,Jackson,Male,08-11-1967,943.869.2647,colonjeffrey@example.org,15628 Leslie Lane,Stevenside,SD,21563,Haiti,PhD,10,36064.0,Electrical engineer,Rejected,Gregory Jackson
1191,2023-05-24,Denise,Moreno,Female,05-02-1982,001-955-878-7884x42904,greenjulian@example.com,3237 Joseph Vista,New Matthewview,TX,43283,Palestinian Territory,High School,12,39270.62,"Optician, dispensing",In Review,Denise Moreno
1192,2023-06-24,Cassandra,Ibarra,Female,18-05-1995,640-914-3365,lgreer@example.com,7380 Cathy Rapid,Westburgh,NC,54599,Saint Lucia,PhD,7,81841.53,"Doctor, general practice",Interviewing,Cassandra Ibarra
1193,2023-05-13,Max,Hudson,Other,06-03-1988,###############################################################################################################################################################################################################################################################,lynnbrandi@example.org,651 Tara Club,Lake Louisfurt,VI,90455,Georgia,Bachelor's Degree,2,44361.4,Editorial assistant,Interviewing,Max Hudson
1194,2023-05-15,Samantha,Hatfield,Other,08-06-1966,###############################################################################################################################################################################################################################################################,brenda31@example.com,249 Moore Turnpike Suite 230,Davisland,NY,27469,Liberia,PhD,2,38737.09,"Scientist, clinical (histocompatibility and immunogenetics)",Rejected,Samantha Hatfield
1195,2023-06-21,Rodney,Byrd,Male,10-01-1978,427-579-2475,debbiestrickland@example.com,4711 Wilson Crest Apt. 479,Hooverborough,MO,78324,Slovakia (Slovak Republic),Bachelor's Degree,17,50157.06,Commercial horticulturist,In Review,Rodney Byrd
1196,2023-06-08,Marc,Schmitt,Other,18-02-1985,(485)687-5375,michelle83@example.net,4620 Bird Mills,North Derrickshire,IN,77032,Austria,High School,5,82254.79,Financial adviser,In Review,Marc Schmitt
1197,2023-06-06,Michael,Wilcox,Other,14-11-1998,515-448-0480,tarafrazier@example.net,412 Monica Passage Suite 276,Campbellborough,AZ,83868,Saint Pierre and Miquelon,Bachelor's Degree,18,58549.89,Engineering geologist,Interviewing,Michael Wilcox
1198,2023-06-27,Benjamin,Brown,Other,12-09-1995,###############################################################################################################################################################################################################################################################,rodrigueztaylor@example.com,424 Obrien Fork,Ginaside,AK,92574,Sweden,High School,17,86876.24,Osteopath,Interviewing,Benjamin Brown
1199,2023-06-01,Lori,Anderson,Female,18-01-1995,(828)870-2299,abanks@example.org,8197 Melissa Stream,West Josephside,WY,54193,Paraguay,Master's Degree,2,75689.17,Tourism officer,Applied,Lori Anderson
1200,2023-07-25,Tyler,Contreras,Male,19-01-1985,###############################################################################################################################################################################################################################################################,jason40@example.org,317 Kyle Dam Apt. 278,East Daveborough,CT,57989,Czech Republic,Bachelor's Degree,6,59275.94,"Teacher, secondary school",Offered,Tyler Contreras
1201,2023-06-12,Ryan,Martinez,Male,08-06-1995,(420)778-4793,michaelcochran@example.org,054 Klein Lane,Anthonyfort,CT,25636,Azerbaijan,High School,18,89350.0,Clinical biochemist,Rejected,Ryan Martinez
1202,2023-05-06,Thomas,Buchanan,Other,15-01-1969,(319)754-0651x3069,robertlee@example.org,02809 Murray Harbors Apt. 773,West Heather,AL,77780,Cocos (Keeling) Islands,Bachelor's Degree,12,31868.41,"Scientist, product/process development",Offered,Thomas Buchanan
1203,2023-06-12,Patricia,Walker,Other,31-03-1970,317.741.9977x613,cperry@example.net,372 Hendrix Stream,West Robinchester,NJ,93724,Fiji,High School,13,63500.36,"Teacher, special educational needs",Interviewing,Patricia Walker
1204,2023-05-24,Javier,Morgan,Male,28-11-1971,001-945-837-1617x680,larry64@example.org,379 Hughes Ville,Christopherburgh,MN,67725,Venezuela,Master's Degree,17,79176.19,"Psychologist, sport and exercise",In Review,Javier Morgan
1205,2023-06-17,Dylan,Kelley,Other,12-06-1985,754-860-7694x678,michael74@example.net,81562 Jeffrey View,New Douglas,MD,17070,Maldives,PhD,0,74957.78,Print production planner,Applied,Dylan Kelley
1206,2023-06-14,Bryan,Ayala,Male,16-04-1991,358.255.0644x015,craig67@example.net,53432 Jose Freeway Suite 977,New Davidside,IN,73563,Thailand,Bachelor's Degree,1,39576.74,Garment/textile technologist,Offered,Bryan Ayala
1207,2023-05-28,Kaitlin,Dominguez,Male,03-06-1971,551.532.5031,thomascrystal@example.net,3448 Lynch Circle Apt. 669,South Tyler,MI,1029,Senegal,PhD,13,31041.23,"Engineer, civil (contracting)",In Review,Kaitlin Dominguez
1208,2023-06-12,Chad,Robinson,Female,30-10-1962,001-868-918-8275x303,vhunter@example.org,124 York Bridge Apt. 090,Jamesborough,IN,41361,Dominica,High School,12,92895.69,"Scientist, research (life sciences)",Applied,Chad Robinson
1209,2023-05-27,Jody,Miller,Other,27-02-1977,###############################################################################################################################################################################################################################################################,mario26@example.org,97021 Wallace Lodge,South Josephfurt,MP,76091,Spain,High School,5,90514.48,Textile designer,Rejected,Jody Miller
1210,2023-05-26,Jacob,Costa,Male,01-11-1987,001-490-270-4323,ithompson@example.org,12011 Smith Creek Apt. 953,Jacobtown,OK,79704,Guernsey,Bachelor's Degree,10,32872.71,Research scientist (medical),Offered,Jacob Costa
1211,2023-07-03,Eric,Miranda,Other,02-06-1987,+1-221-492-7759x1763,zdominguez@example.org,70888 Christian Lights,Wademouth,NM,68823,Mauritania,PhD,13,58137.64,Games developer,Rejected,Eric Miranda
1212,2023-07-31,Paul,Gibson,Female,22-06-1987,(425)203-3580x02582,yjordan@example.org,539 Ashley Valley Suite 620,Cooleyton,KY,39115,Mauritius,Bachelor's Degree,7,61705.96,"Nurse, learning disability",Applied,Paul Gibson
1213,2023-08-05,Brittney,Hernandez,Other,24-02-1970,759.240.1311,robert12@example.org,71398 Chan Shore Apt. 177,Bryanshire,MI,52033,Netherlands,PhD,12,57062.31,Archaeologist,Offered,Brittney Hernandez
1214,2023-06-09,Matthew,Williams,Other,13-07-1985,###############################################################################################################################################################################################################################################################,xmorse@example.net,66950 Michelle Locks,South Carolynfort,NC,12315,Argentina,Master's Degree,1,97383.22,Clothing/textile technologist,Rejected,Matthew Williams
1215,2023-06-28,Heather,Huffman,Male,26-10-1983,905.439.8321x00603,riveraholly@example.com,070 Morris Meadow Suite 204,Tylerton,NJ,74438,Congo,PhD,2,49767.84,Agricultural engineer,Applied,Heather Huffman
1216,2023-07-19,Kimberly,Sanchez,Male,07-04-1991,894-351-2776x1734,singhronald@example.net,4969 Paul Lock Apt. 228,Crystalborough,TX,64978,Costa Rica,Bachelor's Degree,16,69471.8,"Geologist, engineering",Rejected,Kimberly Sanchez
1217,2023-05-24,Vicki,Thornton,Male,04-10-1982,592.996.1987x70824,barryhill@example.org,03554 Cassandra Forks,East Alyssaborough,NY,8845,Angola,Bachelor's Degree,0,70410.07,Commercial/residential surveyor,Rejected,Vicki Thornton
1218,2023-05-21,Jason,Gilmore,Other,10-04-1981,001-241-547-7934x4641,victoria74@example.org,9836 Abigail Extension Apt. 313,Carolland,UT,33439,Wallis and Futuna,Bachelor's Degree,8,88021.98,Geochemist,Rejected,Jason Gilmore
1219,2023-05-29,John,Rocha,Male,19-01-2004,+1-546-223-3041x032,christophersmith@example.com,821 Samuel Unions,Johnfort,PA,59129,French Southern Territories,Master's Degree,14,94924.92,"Pilot, airline",Offered,John Rocha
1220,2023-05-11,Eric,Braun,Male,08-10-1995,399-845-8298x6211,sprince@example.net,2458 Deborah Hills,Paulachester,AK,5034,Antigua and Barbuda,Bachelor's Degree,0,53514.16,"Engineer, energy",Applied,Eric Braun
1221,2023-06-01,Robin,Rivera,Female,12-07-1994,715.574.9379x569,youngmichael@example.net,7267 Tran Pike Apt. 921,South Justinside,WI,9175,Mali,PhD,17,45645.96,Personnel officer,Rejected,Robin Rivera
1222,2023-06-15,Thomas,Morgan,Other,25-10-1989,841.690.7900,rhondacompton@example.net,6335 Sara Pines,East Danielview,AL,59991,Antarctica (the territory South of 60 deg S),High School,0,71881.26,Theatre director,Rejected,Thomas Morgan
1223,2023-06-18,Jennifer,Sweeney,Male,05-12-1968,841-531-1006x7908,thompsonlaurie@example.com,527 Ashley Manor,South Crystal,NE,83990,Morocco,Master's Degree,8,87687.36,Art gallery manager,Offered,Jennifer Sweeney
1224,2023-05-26,Lisa,Daniels,Male,20-03-1969,(459)350-0746x41739,vincent25@example.org,5215 Barajas Junction Apt. 631,Jacquelinestad,CT,12248,Djibouti,Bachelor's Degree,17,83305.48,Physiological scientist,Interviewing,Lisa Daniels
1225,2023-06-19,Amber,Curry,Male,02-04-1973,###############################################################################################################################################################################################################################################################,ocarter@example.org,664 Jennifer Mission Suite 103,Spencerville,CA,42732,Norfolk Island,Bachelor's Degree,15,41396.03,Industrial/product designer,Applied,Amber Curry
1226,2023-05-17,Christopher,Duncan,Male,07-07-1971,001-574-554-3312x417,walkeramanda@example.org,45630 Steven Trail Suite 455,Port Catherinebury,LA,27998,Germany,High School,12,91842.33,Armed forces technical officer,Interviewing,Christopher Duncan
1227,2023-07-16,Michael,Lucas,Other,27-01-1990,001-953-953-7064x341,savannah46@example.com,9081 Quinn Turnpike Suite 375,Port Chad,MO,73115,Uzbekistan,PhD,9,71029.96,Chief Operating Officer,In Review,Michael Lucas
1228,2023-06-02,Scott,Garcia,Female,08-07-1972,(517)882-4043x0272,aarnold@example.com,910 Gabriela Village,Nicolebury,GA,85087,Bouvet Island (Bouvetoya),PhD,3,50234.39,"Scientist, clinical (histocompatibility and immunogenetics)",Applied,Scott Garcia
1229,2023-07-10,Madison,Berger,Other,15-11-1979,756-401-6229x66430,delgadoamber@example.org,5552 Stacey Stream Apt. 324,North Mariemouth,DC,37724,Rwanda,PhD,12,75262.23,Structural engineer,Rejected,Madison Berger
1230,2023-07-25,Richard,Carter,Other,29-05-1984,621.483.5090,heatherharper@example.net,030 Pratt Causeway Suite 728,Lake Ericaview,HI,64345,Slovenia,Bachelor's Degree,15,58625.22,"Psychologist, clinical",Interviewing,Richard Carter
1231,2023-06-17,Brian,Jordan,Male,04-06-1988,(425)384-6621x410,brittany41@example.org,68795 Robert Crossroad Apt. 034,Port Erik,CO,77581,Sudan,Bachelor's Degree,8,40387.93,Broadcast engineer,Applied,Brian Jordan
1232,2023-08-01,Danielle,Hughes,Other,26-09-1999,558.281.4303x79195,qedwards@example.org,63871 Camacho Glen Apt. 556,Richardberg,MI,27419,Japan,High School,17,45945.83,Patent examiner,In Review,Danielle Hughes
1233,2023-07-25,Deborah,Cohen,Female,27-11-1988,213-384-8300,smithaaron@example.org,8501 Darren Plains Suite 394,North Kaitlinstad,HI,98957,Chad,PhD,1,79922.87,Public house manager,Rejected,Deborah Cohen
1234,2023-08-03,Cynthia,Owens,Other,16-05-1981,(337)370-0714x93199,danielbrooks@example.net,7885 Bradley Junctions,Smithside,NJ,53043,Thailand,High School,20,99107.45,"Producer, radio",Rejected,Cynthia Owens
1235,2023-05-08,Cameron,Fisher,Female,12-09-2002,001-585-548-7784x82549,lisasingh@example.org,64132 Savage Land,Guerreroburgh,FL,86612,Niger,Master's Degree,8,58722.73,Freight forwarder,In Review,Cameron Fisher
1236,2023-06-09,Victor,Sanchez,Male,23-11-1981,(698)438-5482,james25@example.com,684 Oconnor Isle Apt. 952,East Williamport,FM,16636,South Africa,Bachelor's Degree,10,71401.83,"Biochemist, clinical",Rejected,Victor Sanchez
1237,2023-07-16,Eric,Owens,Other,22-02-1974,###############################################################################################################################################################################################################################################################,gilbertjames@example.com,32445 Cynthia Parkways,Warrenville,PW,18479,French Guiana,Bachelor's Degree,8,78848.67,Sales promotion account executive,Rejected,Eric Owens
1238,2023-06-13,Donald,Gonzales,Other,11-11-1986,001-476-937-5138,fharris@example.com,351 Justin Center,West Michael,PR,32044,Djibouti,High School,17,90711.05,Transport planner,In Review,Donald Gonzales
1239,2023-05-29,James,Nelson,Other,31-07-1992,001-923-665-0659x91418,anthony13@example.org,44636 John Square Suite 642,New Alanbury,MD,17244,Antigua and Barbuda,PhD,15,37213.42,"Geneticist, molecular",Rejected,James Nelson
1240,2023-07-09,Tyler,Carrillo,Other,18-06-1974,+1-987-544-4807x48052,gpatel@example.org,96444 Ingram Ford,East Michellechester,IN,6552,Algeria,PhD,0,31240.57,Risk manager,In Review,Tyler Carrillo
1241,2023-05-27,Courtney,Barr,Male,08-05-1976,001-336-405-7753x12744,charlesallison@example.net,2015 Jason Ramp,Duffyville,WA,33086,Puerto Rico,Bachelor's Degree,3,51777.54,Airline pilot,Offered,Courtney Barr
1242,2023-05-20,Dale,Huber,Female,16-05-1993,+1-610-351-0083x10768,jeffrey55@example.com,7497 Rios Place Suite 229,Saraberg,MT,96492,Jamaica,High School,20,66853.08,"Engineer, civil (consulting)",Rejected,Dale Huber
1243,2023-06-26,Kevin,Phillips,Male,18-10-1973,(794)508-6633x7136,john09@example.com,1552 Klein Shoals,New Dawnstad,LA,14007,Mozambique,Bachelor's Degree,1,54604.07,"Pharmacist, hospital",Rejected,Kevin Phillips
1244,2023-06-08,Leonard,Jacobs,Male,28-06-1965,+1-391-565-8537x0812,lhoward@example.net,57365 Carmen Key Suite 417,Port Tyronestad,NC,86509,Netherlands Antilles,PhD,2,87826.86,Corporate investment banker,In Review,Leonard Jacobs
1245,2023-05-10,Patricia,Lee,Male,13-02-1967,(372)402-3563x2207,martinkathy@example.org,9336 John Square,Josephshire,RI,776,Norfolk Island,PhD,9,59817.04,"Engineer, electrical",Applied,Patricia Lee
1246,2023-06-24,Christine,Townsend,Other,13-04-1980,001-931-373-7981x67135,estokes@example.com,89014 Charles Via,Kennedyview,WI,97636,Austria,PhD,3,86944.46,Sub,Rejected,Christine Townsend
1247,2023-05-23,Angela,Long,Female,04-11-1989,(296)465-2879,johnsonjames@example.com,882 Walters Pike,Lake Blake,DC,50099,Iraq,Bachelor's Degree,7,44616.58,Trade union research officer,Interviewing,Angela Long
1248,2023-06-02,Hannah,Wilson,Female,08-12-2000,237-758-4826x573,lori33@example.net,9675 Leonard Burgs,Lake Daniel,PW,12920,Kiribati,Master's Degree,10,79838.5,Counsellor,Rejected,Hannah Wilson
1249,2023-05-14,April,Mcintyre,Male,18-03-1965,001-910-202-2502x407,daniellegarcia@example.net,581 Thomas Club,Millerport,WA,99789,Guatemala,High School,3,73642.55,Event organiser,Offered,April Mcintyre
1250,2023-07-06,Ricardo,Lee,Male,18-12-1992,995-712-4841x28235,fgray@example.net,5978 Hodges Bypass Apt. 679,Coxtown,TN,72809,Germany,High School,3,55230.78,"Designer, textile",Offered,Ricardo Lee
1251,2023-06-30,Mitchell,Stark,Male,12-06-1966,689.274.1697,simmonsroger@example.com,50434 Robert Fields Suite 540,South Linda,NC,38306,Syrian Arab Republic,PhD,10,68725.49,"Programmer, multimedia",Applied,Mitchell Stark
1252,2023-06-05,Kendra,Mason,Male,15-07-1963,+1-686-220-6284x074,perrypierce@example.com,04630 Gonzalez Extension Suite 155,Thomasberg,NY,21224,Swaziland,High School,14,53439.18,"Engineer, agricultural",Offered,Kendra Mason
1253,2023-05-13,Julie,Harris,Male,17-12-1975,###############################################################################################################################################################################################################################################################,kjacobs@example.net,3794 Villanueva Drives,Lake Justin,NH,34351,Palestinian Territory,High School,9,65900.51,Farm manager,In Review,Julie Harris
1254,2023-07-13,Phillip,Cooper,Other,04-03-1978,###############################################################################################################################################################################################################################################################,arthur57@example.org,063 Maxwell Brooks Apt. 906,Harveyfurt,PA,83142,Palestinian Territory,Bachelor's Degree,11,98299.72,Land/geomatics surveyor,Offered,Phillip Cooper
1255,2023-05-19,Xavier,Evans,Other,03-11-1968,+1-277-746-4151x31019,nicholecoleman@example.com,505 Jessica Isle,Jonesmouth,ME,47372,Comoros,Bachelor's Degree,2,43906.67,Building surveyor,Rejected,Xavier Evans
1256,2023-05-14,Elizabeth,Gibson,Male,11-01-2000,###############################################################################################################################################################################################################################################################,brittany83@example.org,29723 Jones Causeway,South Spencerstad,WA,77157,Monaco,Master's Degree,6,78923.08,Merchant navy officer,Offered,Elizabeth Gibson
1257,2023-06-29,Shawn,Jones,Female,11-09-1979,001-627-298-2549,emarshall@example.org,99854 Eugene Square,Michelleland,IA,32569,Lesotho,High School,20,90898.07,Building control surveyor,Applied,Shawn Jones
1258,2023-07-10,Elizabeth,Peterson,Male,27-03-1987,001-232-432-0683,sarahdrake@example.net,7024 Drake Bypass Suite 370,Ginabury,MH,99519,Iran,Master's Degree,3,73389.99,Geophysical data processor,In Review,Elizabeth Peterson
1259,2023-06-12,George,Peters,Male,06-06-1978,###############################################################################################################################################################################################################################################################,qhurst@example.net,3349 Cook Street Suite 121,Port Victor,NJ,4880,Bolivia,High School,14,84707.71,Occupational psychologist,Applied,George Peters
1260,2023-05-13,Robert,Hubbard,Male,25-11-1978,###############################################################################################################################################################################################################################################################,rhonda06@example.net,9906 Kara Square Suite 187,East Isaiah,MO,13084,Niger,PhD,2,53055.87,Seismic interpreter,Rejected,Robert Hubbard
1261,2023-06-20,Tanya,Moore,Female,17-08-2003,267-963-9970x9299,stephaniebrady@example.com,494 Williams Harbors Suite 995,New Traviston,IA,60895,Italy,High School,13,37907.11,Geophysical data processor,Rejected,Tanya Moore
1262,2023-06-30,Molly,Johnson,Male,24-04-2000,###############################################################################################################################################################################################################################################################,mollykim@example.org,347 Santos Plaza,East Martha,ID,79048,Iceland,PhD,20,72247.93,Psychiatrist,Interviewing,Molly Johnson
1263,2023-07-13,Kevin,Lee,Female,13-05-1978,###############################################################################################################################################################################################################################################################,randall73@example.com,973 Walker Forge,Jenniferview,MN,23766,Antigua and Barbuda,Master's Degree,4,49654.55,Travel agency manager,Offered,Kevin Lee
1264,2023-08-04,Alison,Hinton,Female,30-01-1981,203-819-2417x3212,katherinedougherty@example.net,82821 Sheryl Burgs Suite 684,Matthewton,RI,26203,Portugal,Bachelor's Degree,9,58071.19,Forest/woodland manager,Offered,Alison Hinton
1265,2023-05-08,Vincent,Miller,Male,21-06-1978,(336)667-0153x5232,watsonjames@example.org,594 Debbie Ridge Suite 795,Port Eric,VA,78003,Wallis and Futuna,High School,18,42967.64,Chief Technology Officer,Applied,Vincent Miller
1266,2023-05-13,Vanessa,Webb,Female,04-01-1976,678-301-4389,shelia86@example.org,8099 Danny Turnpike Suite 318,New Anneburgh,MA,630,Zambia,PhD,11,67244.0,Fish farm manager,In Review,Vanessa Webb
1267,2023-06-22,Joseph,Knight,Other,30-01-1987,001-450-762-8886x324,barbaramorrison@example.org,21202 Joseph Stravenue Suite 987,New Lukeport,MS,81300,Wallis and Futuna,PhD,19,85021.26,"Surveyor, insurance",Applied,Joseph Knight
1268,2023-07-22,John,Cole,Female,23-07-1981,+1-419-819-5963x94774,rpatel@example.com,526 Walker Spring Apt. 872,Paulaberg,WA,29758,Hong Kong,PhD,8,82437.69,"Engineer, maintenance (IT)",Applied,John Cole
1269,2023-07-22,Regina,Martin,Female,15-08-2003,+1-757-443-0460x930,athompson@example.org,2925 Emily Crest,Holmesville,CT,79674,Nigeria,Bachelor's Degree,1,58363.07,Hotel manager,Applied,Regina Martin
1270,2023-08-03,Tammy,Gutierrez,Male,27-10-2000,914-962-0776x501,andrew02@example.net,79632 Sanders Cove,Hawkinsberg,VT,44144,Barbados,Bachelor's Degree,8,55807.43,"Horticulturist, commercial",Interviewing,Tammy Gutierrez
1271,2023-06-05,Kimberly,Chandler,Male,03-10-1989,+1-407-800-6935x7644,uhernandez@example.org,5978 Dixon Burg,Port Larrymouth,LA,82849,Greenland,Bachelor's Degree,17,64669.03,Insurance broker,In Review,Kimberly Chandler
1272,2023-07-10,Victoria,Acosta,Male,11-04-1980,###############################################################################################################################################################################################################################################################,collinscharles@example.net,527 Scott Freeway,North Breannaburgh,CT,72628,Nicaragua,PhD,16,99917.53,Secretary/administrator,Applied,Victoria Acosta
1273,2023-05-06,Michael,Evans,Other,05-08-1966,515-953-4717,mercadorebecca@example.org,47245 Julie Springs Suite 449,Wigginsburgh,PA,40782,South Georgia and the South Sandwich Islands,High School,3,42403.25,Communications engineer,Rejected,Michael Evans
1274,2023-05-25,Jon,Clayton,Female,16-09-1989,(561)884-5299x70026,jamesjill@example.net,2867 Wang Lodge Apt. 226,Ashleyfurt,MD,84108,Hong Kong,PhD,1,66440.03,Paediatric nurse,Interviewing,Jon Clayton
1275,2023-07-17,David,Heath,Female,19-06-2003,001-620-886-3442x644,brenda30@example.org,4904 Singh Overpass,New Mark,NM,78989,Bouvet Island (Bouvetoya),High School,17,95054.16,"Lecturer, higher education",Interviewing,David Heath
1276,2023-07-08,Tim,Keller,Male,15-07-1966,(536)875-8379x913,blevinsamanda@example.net,387 Nelson Springs,Port Brandonmouth,GU,69522,Oman,High School,0,54409.97,"Surveyor, rural practice",Offered,Tim Keller
1277,2023-07-17,Renee,Mendoza,Female,07-08-1978,(217)220-0704x01050,tony77@example.com,24464 Stephanie Squares,Johnville,UT,97707,Nepal,Bachelor's Degree,19,42687.52,Publishing rights manager,Interviewing,Renee Mendoza
1278,2023-06-12,Rachel,Alexander,Female,14-11-1971,628-678-0735,kbrewer@example.net,57593 Robin Fall,Port Robert,KY,16201,Algeria,Master's Degree,5,47957.46,"Scientist, marine",Rejected,Rachel Alexander
1279,2023-06-16,Emily,Bailey,Female,10-03-1986,768.909.3433,brandon49@example.net,871 Amanda Wells,Christopherbury,RI,24871,Eritrea,Master's Degree,20,33244.13,Barista,Applied,Emily Bailey
1280,2023-07-10,Robert,Carter,Female,12-02-2000,(610)504-7501,ujones@example.com,5260 Diaz Mount Suite 994,New Nataliefurt,AR,78850,Saint Lucia,Master's Degree,18,64973.36,Colour technologist,Rejected,Robert Carter
1281,2023-07-13,Oscar,Howard,Male,25-04-1986,+1-933-469-3782x71100,prodgers@example.net,0992 Jenkins Parkways Suite 816,North Joel,AZ,63518,Ethiopia,Master's Degree,15,90973.32,Broadcast presenter,Offered,Oscar Howard
1282,2023-07-09,Deanna,Robertson,Male,23-01-2003,(535)642-7212x89033,gomezreginald@example.net,965 Andrew Circle Apt. 070,Port Elizabeth,LA,94957,Heard Island and McDonald Islands,Master's Degree,18,78004.03,"Librarian, public",Applied,Deanna Robertson
1283,2023-06-18,Caitlyn,Gray,Female,24-07-1964,###############################################################################################################################################################################################################################################################,fwatson@example.org,75191 Butler Ford Apt. 199,South Michael,VA,69226,Senegal,Master's Degree,13,31385.63,Colour technologist,In Review,Caitlyn Gray
1284,2023-06-24,David,Oconnor,Other,27-03-1976,651-415-6506x1199,clintonallen@example.org,648 Jacqueline Port,Jamesport,IA,37959,South Africa,Master's Degree,11,65651.63,Social worker,Rejected,David Oconnor
1285,2023-06-02,Michael,Morales,Male,27-11-1979,817.467.1460x89139,snyderpamela@example.net,6891 Keith Walk Apt. 772,New Matthewfort,VI,67992,Ghana,Bachelor's Degree,15,39905.07,"Teacher, music",Applied,Michael Morales
1286,2023-06-02,Katie,Jones,Female,16-07-1999,+1-826-532-0212x981,acostatravis@example.net,61392 Walker Overpass Suite 692,North Mitchell,SD,95935,Switzerland,Master's Degree,3,33407.87,Set designer,Offered,Katie Jones
1287,2023-06-10,Michael,Suarez,Female,25-12-1966,+1-206-779-3674x218,srivera@example.net,761 Emily Pike Apt. 313,Jeremyburgh,DC,47551,Vanuatu,High School,5,75099.11,Private music teacher,Applied,Michael Suarez
1288,2023-07-20,Joel,Ortiz,Male,13-10-1999,+1-421-641-9942x554,dominique96@example.net,1910 Edwards Pines Apt. 516,Rileyland,UT,31035,Gambia,PhD,7,66056.41,Television/film/video producer,Offered,Joel Ortiz
1289,2023-07-02,Michael,Melton,Female,14-12-1989,###############################################################################################################################################################################################################################################################,tonimorrow@example.com,9279 Bush Park Apt. 378,South Maureenfurt,IN,13917,Senegal,High School,5,41479.32,Local government officer,Applied,Michael Melton
1290,2023-05-30,Jason,Bishop,Female,12-10-1996,269.335.5334,jennifer37@example.net,32581 Stephanie Spurs,North Wanda,MO,27082,Guinea,PhD,18,53815.39,Academic librarian,Offered,Jason Bishop
1291,2023-06-01,Kathleen,Flores,Female,01-05-1989,+1-320-690-9098x5371,christinescott@example.com,752 Anthony Valleys,East Feliciaside,WV,37403,Libyan Arab Jamahiriya,Master's Degree,2,48201.11,Health and safety inspector,Applied,Kathleen Flores
1292,2023-07-31,Daniel,Blake,Male,20-10-1970,524.520.4809x171,dcarpenter@example.com,735 Pace Port Apt. 722,New Jamiefort,NM,31574,Costa Rica,Bachelor's Degree,10,91445.38,"Optician, dispensing",Rejected,Daniel Blake
1293,2023-07-22,Samantha,Reese,Other,14-04-1986,689.405.3585x773,wisejennifer@example.com,497 Young Groves,Leslietown,PW,70588,Brazil,High School,14,76728.57,Administrator,Interviewing,Samantha Reese
1294,2023-07-20,Gene,Farmer,Other,11-05-1975,###############################################################################################################################################################################################################################################################,daniel60@example.org,266 John Meadows,New Jonathan,CT,34717,Iran,Bachelor's Degree,8,34456.55,Artist,Offered,Gene Farmer
1295,2023-06-07,Janet,White,Male,25-02-1972,001-296-874-6085x27259,wsmith@example.org,63360 Melissa Inlet,Victoriashire,KY,28425,Madagascar,PhD,19,83089.29,"Research officer, political party",In Review,Janet White
1296,2023-05-28,Tiffany,Acosta,Female,06-12-2001,###############################################################################################################################################################################################################################################################,garrett92@example.com,003 Warren Row,East Jonton,LA,45980,Canada,Master's Degree,5,40437.14,Radiation protection practitioner,Applied,Tiffany Acosta
1297,2023-06-09,Zachary,Miller,Female,04-03-1995,(482)548-7330,nixonstephanie@example.org,17239 Turner Points,Williamberg,KS,94626,Sierra Leone,Bachelor's Degree,0,77132.03,Accommodation manager,Applied,Zachary Miller
1298,2023-07-06,Kimberly,Grant,Other,09-08-1969,742.853.5660,thorntonisabella@example.net,433 Cobb Parkway Apt. 229,Anthonyborough,NC,16506,Congo,Bachelor's Degree,17,71151.4,Haematologist,Applied,Kimberly Grant
1299,2023-05-29,Laura,Clark,Other,06-03-1977,(607)610-0121,austin68@example.net,592 Watson Garden,Estesport,MI,66346,Puerto Rico,Bachelor's Degree,3,82417.04,Chief of Staff,In Review,Laura Clark
1300,2023-06-20,Tabitha,Hobbs,Female,25-03-1991,(721)839-5778,jefferyfreeman@example.com,735 Antonio Junction,Marytown,VI,86699,United Arab Emirates,Master's Degree,0,79868.84,Media planner,In Review,Tabitha Hobbs
1301,2023-07-08,Karen,Thompson,Male,28-04-1971,###############################################################################################################################################################################################################################################################,taylorfrank@example.com,95216 Richard Extensions Apt. 159,Gonzalezchester,DE,52632,Burkina Faso,PhD,14,53793.04,"Engineer, building services",In Review,Karen Thompson
1302,2023-06-29,John,Phillips,Other,20-05-1974,001-240-898-0491x555,karenlara@example.com,382 Dwayne Causeway,North Catherinefort,MT,5643,Burkina Faso,High School,19,69449.15,"Investment banker, operational",Offered,John Phillips
1303,2023-07-15,Jason,Green,Male,20-05-1972,+1-864-242-4583x52475,iwillis@example.org,4956 Jimmy Rapids Apt. 807,South Roy,DC,13935,Trinidad and Tobago,Bachelor's Degree,4,69309.64,Drilling engineer,Rejected,Jason Green
1304,2023-08-01,Leah,Moore,Male,19-06-1990,001-436-774-3310x501,michaelwheeler@example.com,1247 Robert Junctions,North Melissa,GU,88936,Japan,Bachelor's Degree,14,58981.14,Musician,Rejected,Leah Moore
1305,2023-05-16,Lisa,Bowers,Female,01-10-1997,###############################################################################################################################################################################################################################################################,susanfloyd@example.net,85308 Castro Flats,Joshuaberg,PR,73385,Belarus,Bachelor's Degree,14,55968.33,Technical author,Offered,Lisa Bowers
1306,2023-06-25,Stacie,Ochoa,Other,17-04-1980,###############################################################################################################################################################################################################################################################,vhall@example.com,9192 Hale Inlet,Danielside,UT,79814,Dominican Republic,Master's Degree,9,76043.64,"Designer, multimedia",Interviewing,Stacie Ochoa
1307,2023-05-27,Joseph,Harrison,Other,18-08-1978,816.563.4997,meghanlynch@example.com,3620 Shaw Highway,Lake Nancy,NV,62101,Mali,PhD,14,74849.7,Special educational needs teacher,Rejected,Joseph Harrison
1308,2023-06-02,Angela,Walsh,Female,26-11-1991,+1-554-769-7677x05429,brittany05@example.net,3959 Margaret Valley,Markview,AZ,65074,Antigua and Barbuda,Bachelor's Degree,6,62840.03,"Nurse, mental health",Interviewing,Angela Walsh
1309,2023-07-22,Elizabeth,Beasley,Other,05-04-1964,###############################################################################################################################################################################################################################################################,meganbrooks@example.com,6156 Jacqueline Unions,North Brianburgh,OR,27065,Reunion,PhD,4,48616.87,Horticultural therapist,In Review,Elizabeth Beasley
1310,2023-08-01,Jose,Ramirez,Other,13-06-1991,(436)555-9555x403,allison45@example.net,40510 Nathaniel Falls Suite 418,Jacobfort,NV,59398,Burkina Faso,High School,18,99600.79,Magazine features editor,Offered,Jose Ramirez
1311,2023-07-26,Marc,Brown,Male,10-02-1976,307-765-6974x08973,ingramdonna@example.net,1240 Roberts Cape Suite 671,Debraton,WA,85831,Mexico,High School,9,36406.68,"Scientist, water quality",Interviewing,Marc Brown
1312,2023-07-27,Tammy,Mays,Male,20-10-1977,###############################################################################################################################################################################################################################################################,melissajones@example.net,47744 Michael Track,Port Nicholas,OR,68879,Mauritania,High School,3,97460.94,"Civil engineer, contracting",In Review,Tammy Mays
1313,2023-05-06,Catherine,Blake,Other,26-06-1994,###############################################################################################################################################################################################################################################################,wigginsleslie@example.net,328 Salinas Falls,Port Susanland,AK,55335,Armenia,PhD,19,66136.13,Museum/gallery curator,Applied,Catherine Blake
1314,2023-06-27,Clifford,Williams,Male,14-11-1990,209.865.7905x91347,robert67@example.com,436 Brown Court,Sandrachester,MS,81863,Netherlands,PhD,9,87425.83,"Administrator, charities/voluntary organisations",In Review,Clifford Williams
1315,2023-05-12,Dennis,Schmidt,Female,16-10-1980,557.980.1738,schaeferleslie@example.net,930 Hahn Falls,Port Susanton,GU,74777,Czech Republic,Master's Degree,8,88611.74,"Accountant, chartered certified",Offered,Dennis Schmidt
1316,2023-07-16,Todd,Wright,Other,14-04-1997,615-560-5331x262,jasmine22@example.net,494 John Corners,Ericfort,NH,6242,Kenya,PhD,8,74162.8,Nutritional therapist,Rejected,Todd Wright
1317,2023-07-15,Samuel,Beck,Female,23-05-1970,(658)904-9866x268,mpowers@example.net,61241 Robin Curve,Masseyfort,MO,19463,Ethiopia,PhD,16,67699.16,Health promotion specialist,In Review,Samuel Beck
1318,2023-06-17,James,Fletcher,Other,16-02-1983,###############################################################################################################################################################################################################################################################,edwin00@example.net,27182 Joshua Unions,Port Julia,OK,90642,Vietnam,High School,12,81696.84,Marine scientist,In Review,James Fletcher
1319,2023-05-15,Elizabeth,Moore,Female,03-11-1985,810.393.4743,wilkinsabigail@example.net,773 Lopez Corners,Goodmanstad,VT,76795,Trinidad and Tobago,PhD,8,85674.51,Charity officer,Applied,Elizabeth Moore
1320,2023-06-20,Kayla,Scott,Other,19-06-1980,+1-939-233-6327x33837,williamvaughn@example.net,2100 Long Keys,Raymondfort,IN,55641,British Indian Ocean Territory (Chagos Archipelago),Bachelor's Degree,3,33504.09,"Education officer, environmental",In Review,Kayla Scott
1321,2023-06-28,Christopher,Garcia,Other,22-01-1975,950.216.9937,chenderson@example.com,208 Garrett Trace,Cassandrafort,MH,24882,Bouvet Island (Bouvetoya),PhD,4,84315.31,Petroleum engineer,Interviewing,Christopher Garcia
1322,2023-06-12,Jeremy,Gibson,Male,01-02-1970,###############################################################################################################################################################################################################################################################,brownmichael@example.org,6038 Kimberly Inlet Apt. 265,Cooperbury,MA,78785,Syrian Arab Republic,Bachelor's Degree,18,43834.42,Press photographer,Interviewing,Jeremy Gibson
1323,2023-07-26,Olivia,Bowman,Male,20-09-1993,001-895-569-4531,kara66@example.org,57792 Yang Mountain,Harmonborough,OR,77212,French Polynesia,Master's Degree,7,84081.61,Systems analyst,Interviewing,Olivia Bowman
1324,2023-05-15,Erin,Gonzalez,Male,28-04-1966,951-903-5640x594,aclark@example.org,9345 Hannah Harbors,Lake Joshuaberg,WV,4957,Zambia,Master's Degree,17,99154.39,Financial planner,Applied,Erin Gonzalez
1325,2023-05-17,Kenneth,Hutchinson,Male,13-10-1968,001-739-547-1783x764,russellamanda@example.net,0032 Johnson Loop,Lake Donnamouth,KS,91384,Isle of Man,PhD,18,74232.66,Architect,Offered,Kenneth Hutchinson
1326,2023-06-28,Paula,Marsh,Female,03-08-1985,+1-723-886-1136x2862,beckeraaron@example.net,86347 Sandra Drive Apt. 472,East Charlesberg,ND,67175,Saint Kitts and Nevis,High School,8,36755.45,Animator,Applied,Paula Marsh
1327,2023-07-14,Jennifer,Martinez,Other,23-06-2005,507.583.6213,nielsenamanda@example.net,04721 Kayla Key Suite 988,West Jocelynport,IA,15565,Syrian Arab Republic,PhD,17,43520.07,Hydrogeologist,Offered,Jennifer Martinez
1328,2023-07-11,Katherine,Heath,Other,26-11-1976,+1-960-598-4351x4483,brian28@example.com,5011 Petty Center,Johnsonstad,IN,596,Sao Tome and Principe,Master's Degree,12,99498.29,Public relations account executive,Applied,Katherine Heath
1329,2023-07-03,Ralph,Jones,Other,06-06-1994,299-440-0554,mgreene@example.org,5563 Justin Wells,Amandabury,WY,90125,Nicaragua,High School,1,30319.73,Metallurgist,Applied,Ralph Jones
1330,2023-07-04,Kelly,Curtis,Female,02-03-2002,(846)324-3170,joshua60@example.org,857 Lawrence Prairie Apt. 649,East Diane,DC,96762,Djibouti,Master's Degree,17,77256.28,Archivist,Offered,Kelly Curtis
1331,2023-08-01,Danielle,Moore,Male,23-05-1968,###############################################################################################################################################################################################################################################################,tboyer@example.com,030 Martinez Wall Suite 166,Lake Cynthia,MP,51369,Antigua and Barbuda,PhD,14,58702.43,Tourist information centre manager,In Review,Danielle Moore
1332,2023-08-02,Emma,Chen,Other,27-11-1977,###############################################################################################################################################################################################################################################################,pclayton@example.org,14079 Jeffrey Loop Suite 907,West Natalie,MA,54864,French Guiana,Master's Degree,7,50325.22,"Pharmacist, hospital",Offered,Emma Chen
1333,2023-05-29,Lisa,Phillips,Male,07-11-1993,(852)830-4041,heather03@example.org,48995 Bird Hills Apt. 810,Lake Reginald,TN,55832,Greenland,Master's Degree,5,43766.86,Fitness centre manager,In Review,Lisa Phillips
1334,2023-05-10,Dylan,Davis,Female,15-07-1967,575.285.5689,jessica37@example.org,0334 Chavez Plaza Suite 741,East Christian,NJ,49138,Guyana,Master's Degree,5,54398.45,Pension scheme manager,Offered,Dylan Davis
1335,2023-06-25,David,Taylor,Female,11-05-1969,325.370.3217,williamgarza@example.com,19634 Jodi Extension,New Melanie,WA,84777,American Samoa,PhD,12,85650.64,"Civil engineer, contracting",Applied,David Taylor
1336,2023-05-15,Jay,Cox,Female,14-05-1994,210-461-7434x207,elizabethrandall@example.org,964 Sheppard Mountains Apt. 608,Nguyenland,SD,81093,Mozambique,Bachelor's Degree,2,58207.11,Clinical embryologist,In Review,Jay Cox
1337,2023-07-01,Daniel,Young,Male,20-10-1971,689.815.3778x034,uharper@example.com,02382 Reid Route Apt. 874,Gutierrezfort,MN,87792,Venezuela,PhD,18,38116.25,Restaurant manager,In Review,Daniel Young
1338,2023-06-11,Carolyn,Lawson,Other,12-09-2003,548.917.2887x478,colleen41@example.com,18091 Christine Lakes Suite 955,Terrellfurt,NJ,5036,Netherlands Antilles,Bachelor's Degree,19,99543.6,"Education officer, museum",In Review,Carolyn Lawson
1339,2023-07-10,Teresa,Taylor,Other,25-12-1974,001-491-996-0289x178,ubuck@example.org,0136 Tyler View,Elizabethmouth,MA,74498,France,Bachelor's Degree,7,99106.23,Barista,Offered,Teresa Taylor
1340,2023-07-29,Jonathan,Lawson,Other,21-08-1999,001-601-908-8154x45456,scott89@example.org,822 Erickson Hills,Jamesshire,NV,81876,Korea,Bachelor's Degree,20,85999.7,"Engineer, technical sales",Offered,Jonathan Lawson
1341,2023-05-24,James,Ramirez,Female,26-04-2001,963-954-3388,randerson@example.org,9457 Thompson Path,Greenland,SD,47136,Guyana,Bachelor's Degree,10,47308.93,Print production planner,Applied,James Ramirez
1342,2023-07-06,Mary,Meza,Other,29-05-1974,(809)306-2571x47595,vsharp@example.net,8960 Trevino Key Apt. 708,Leonfort,FM,55803,Tuvalu,High School,10,54887.84,"Engineer, water",Offered,Mary Meza
1343,2023-07-06,Cynthia,Mack,Female,10-12-1983,001-893-501-0950,allenyolanda@example.org,084 Catherine Way Apt. 636,Port Robertside,NE,47958,Greenland,PhD,11,88671.06,Museum education officer,Applied,Cynthia Mack
1344,2023-05-07,Scott,Carter,Female,08-05-1976,###############################################################################################################################################################################################################################################################,dgarcia@example.org,47725 Serrano Forge Suite 406,Justinland,SC,42908,Greenland,PhD,18,42321.18,Engineering geologist,Rejected,Scott Carter
1345,2023-05-14,Phillip,Elliott,Female,17-03-2003,001-476-733-9637x912,kaitlyn28@example.net,18728 Jeanette Union,Scottland,OK,22345,Anguilla,Master's Degree,8,44842.57,Fast food restaurant manager,Rejected,Phillip Elliott
1346,2023-06-18,Juan,Reyes,Male,08-02-1995,###############################################################################################################################################################################################################################################################,kford@example.org,746 Marie Forge,East Robinville,PR,37277,Pakistan,Master's Degree,0,82121.42,"Geologist, wellsite",Offered,Juan Reyes
1347,2023-07-14,Jason,Terry,Other,22-12-1975,(273)331-1914,kristahernandez@example.org,649 Matthew Bypass Suite 297,Emilyfurt,MO,27101,Ecuador,Master's Degree,6,41860.91,Financial planner,Interviewing,Jason Terry
1348,2023-05-12,Heather,Hall,Female,17-10-1977,###############################################################################################################################################################################################################################################################,shane94@example.com,62722 Evan Hills,East Rickyland,GU,16583,San Marino,Bachelor's Degree,11,37408.78,Therapeutic radiographer,Interviewing,Heather Hall
1349,2023-07-07,Victoria,Meyer,Female,08-07-1973,+1-501-494-8043x218,williamfisher@example.org,13930 Anderson Well,Gilbertbury,AZ,74222,Haiti,PhD,5,42312.7,Lawyer,Applied,Victoria Meyer
1350,2023-06-02,Cory,Nguyen,Male,08-02-1967,307.603.2574,pcarter@example.net,902 Albert Fall,Rachelburgh,NM,73873,Ukraine,Master's Degree,14,50347.42,Museum education officer,Rejected,Cory Nguyen
1351,2023-06-19,Mike,Snyder,Female,03-06-1972,###############################################################################################################################################################################################################################################################,william23@example.net,90456 John Stream,New Patricia,SC,61650,Honduras,PhD,0,45309.49,"Surveyor, minerals",Offered,Mike Snyder
1352,2023-06-01,Brian,Pena,Female,04-08-1985,+1-574-735-4708x505,burtonrichard@example.com,4530 Ortega Hills Apt. 408,Richardshire,MI,47426,Kenya,Master's Degree,3,71110.85,Fitness centre manager,In Review,Brian Pena
1353,2023-05-28,Lisa,Mitchell,Other,04-04-1983,(472)895-7074,jordanwatts@example.com,6308 Mcdaniel Branch Suite 849,Cainland,CT,79307,Swaziland,High School,0,60917.99,Clinical research associate,Applied,Lisa Mitchell
1354,2023-07-07,Michael,Ortega,Male,05-05-1983,914.430.8312x907,vsanders@example.org,989 Jesse Crescent Suite 418,Cortezside,WA,24749,Saint Pierre and Miquelon,High School,12,35760.87,Warden/ranger,Rejected,Michael Ortega
1355,2023-05-14,Randy,Allen,Male,04-10-1974,394.374.7018,jasoncarter@example.org,3169 Maureen Brooks,Port Tonyview,VI,77964,Peru,Master's Degree,15,59061.95,Glass blower/designer,Rejected,Randy Allen
1356,2023-06-18,Maria,Ford,Male,06-09-1974,001-415-389-6807x794,brownanna@example.com,4806 Guzman Fork,Cindyside,PW,21589,Guinea-Bissau,High School,2,58198.57,Teaching laboratory technician,Offered,Maria Ford
1357,2023-08-04,Lisa,Smith,Other,12-07-1972,001-779-721-0998x63053,debravega@example.net,80720 Lewis Lane,New Daniel,IL,18425,Saint Vincent and the Grenadines,PhD,14,91572.14,"Loss adjuster, chartered",Applied,Lisa Smith
1358,2023-05-09,Joseph,Friedman,Male,18-07-1996,001-665-487-7307x70408,thompsonmargaret@example.net,874 Lopez Prairie Suite 033,Nicoleland,HI,79071,Belize,High School,11,61689.48,Product manager,Rejected,Joseph Friedman
1359,2023-08-05,Nancy,Walker,Other,15-06-1997,(231)340-4788,lisa72@example.org,36562 Miller Burgs Apt. 706,Drakemouth,RI,65387,Saint Vincent and the Grenadines,High School,17,91247.26,Administrator,Applied,Nancy Walker
1360,2023-06-05,Jennifer,Oconnor,Male,17-06-1985,670-710-4227x603,jennifer96@example.net,176 Griffith Club,Clarenceside,MI,23753,Malawi,PhD,3,82999.8,"Merchandiser, retail",Rejected,Jennifer Oconnor
1361,2023-07-18,Mary,Ellis,Male,11-05-1984,(872)332-8170x8227,smithdustin@example.org,75689 Gray Point,West Jill,NJ,50420,Heard Island and McDonald Islands,High School,18,97903.69,"Surveyor, rural practice",Offered,Mary Ellis
1362,2023-06-04,Christine,Peterson,Other,16-04-1973,(426)354-8887x5241,douglas21@example.org,07883 Joyce Throughway,New Grantburgh,MT,69004,Zimbabwe,Bachelor's Degree,16,77391.51,Higher education lecturer,Interviewing,Christine Peterson
1363,2023-06-03,William,Allen,Other,10-02-1968,530.261.0687x3756,evanmendoza@example.net,984 Wood Trafficway,Hamiltonton,OR,14603,Christmas Island,PhD,11,85072.58,Advertising account planner,Interviewing,William Allen
1364,2023-06-18,Gavin,Miller,Female,06-05-2002,(300)725-9298,walkerdylan@example.net,61701 Wright Road,South Jacqueline,CT,42798,Uzbekistan,Bachelor's Degree,16,51492.85,Dance movement psychotherapist,Offered,Gavin Miller
1365,2023-05-15,Erin,Gonzalez,Other,06-08-1978,(402)473-2327x2926,mcintoshdustin@example.net,03201 Brittany Squares,West Stephenmouth,NE,51673,Niger,Bachelor's Degree,16,80684.88,Hydrogeologist,Rejected,Erin Gonzalez
1366,2023-07-11,Brent,Smith,Male,30-08-1962,+1-300-469-8310x3147,russell68@example.org,2794 Thomas Terrace,Jennifermouth,NV,61825,Albania,Bachelor's Degree,10,63075.13,"Conservation officer, nature",Offered,Brent Smith
1367,2023-07-14,Jonathan,Brown,Female,21-09-1963,496.890.3267x0846,ericgriffin@example.net,067 Lori Drive Apt. 730,Lake Jaime,GA,49600,Liberia,Bachelor's Degree,14,78877.03,"Administrator, local government",Applied,Jonathan Brown
1368,2023-06-13,Linda,Aguirre,Male,17-10-1979,###############################################################################################################################################################################################################################################################,lindajackson@example.org,85290 Munoz Causeway Suite 792,Forbesland,WY,87913,Albania,Bachelor's Degree,7,87612.6,Geoscientist,Offered,Linda Aguirre
1369,2023-06-09,David,May,Female,19-01-1989,+1-978-216-8468x935,matthewhull@example.com,6208 Juarez Row Suite 317,North Alexandermouth,ME,61377,Cambodia,Master's Degree,13,82927.33,Adult guidance worker,In Review,David May
1370,2023-06-04,Jacob,Wang,Male,02-02-1984,+1-737-923-6676x2232,johnwells@example.net,582 Parsons Rest Apt. 309,West Lindaborough,UT,76616,South Georgia and the South Sandwich Islands,High School,18,53792.7,Geophysicist/field seismologist,Interviewing,Jacob Wang
1371,2023-07-26,Glen,Fischer,Other,26-11-1978,732-202-0920x4934,kkennedy@example.org,069 Dawn Stream,Michaelberg,PW,8652,Zimbabwe,High School,6,86181.69,Information systems manager,Offered,Glen Fischer
1372,2023-07-05,Lori,West,Female,17-04-1983,687-415-3132x3740,tapiachristina@example.com,53075 Bailey Ways,Lake Eric,FL,73916,Indonesia,Master's Degree,4,43411.96,Ophthalmologist,In Review,Lori West
1373,2023-06-04,Erica,Wilson,Male,15-02-1972,(240)640-9948,glang@example.org,153 Powell Ville Apt. 411,New Amber,FL,92604,Sudan,Bachelor's Degree,10,77861.45,Barrister's clerk,Interviewing,Erica Wilson
1374,2023-07-06,Christopher,Anderson,Male,01-12-1978,###############################################################################################################################################################################################################################################################,christina04@example.net,885 Chen Flat Apt. 995,West Matthew,TX,6339,Niue,PhD,18,83091.05,Dispensing optician,Rejected,Christopher Anderson
1375,2023-07-14,Todd,Boyd,Other,07-09-1974,636-894-8405x4237,pettykimberly@example.com,093 Murphy Track,New Robertview,VA,54129,Saint Martin,Master's Degree,0,61522.74,Radio producer,Applied,Todd Boyd
1376,2023-05-28,Eddie,Morris,Other,20-02-1993,459-450-8542,michaelmartin@example.org,46470 Guerra Run,Lake Emily,GA,34489,Sudan,Master's Degree,20,37298.27,"Administrator, education",Rejected,Eddie Morris
1377,2023-05-06,Susan,James,Other,01-07-1966,+1-716-547-8235x7777,haroldcarson@example.com,658 Christina Roads Apt. 820,South Amandamouth,CA,79146,Jordan,Bachelor's Degree,14,57694.09,Intelligence analyst,In Review,Susan James
1378,2023-05-22,Thomas,Murillo,Male,13-09-1992,(684)873-8513x75990,zanderson@example.org,74414 Sarah Path Apt. 344,North Virginia,CO,47917,Serbia,Master's Degree,3,63690.52,Passenger transport manager,Rejected,Thomas Murillo
1379,2023-07-15,Roberta,Horne,Other,11-10-1979,402.649.6411x390,bhowe@example.net,250 Martin Creek,West Richardberg,SD,14569,Guinea-Bissau,Master's Degree,18,76852.37,Statistician,Applied,Roberta Horne
1380,2023-06-22,Lance,Flores,Male,30-06-2003,855.317.2279x53241,joseph04@example.com,47631 Martin Spur,Powersland,CA,86644,Cote d'Ivoire,Master's Degree,16,41710.87,Paramedic,In Review,Lance Flores
1381,2023-05-23,Jill,Braun,Female,07-08-1972,001-724-563-2268x422,wnewman@example.org,210 Jackson Squares Apt. 922,Richardville,NY,66348,Micronesia,Master's Degree,6,33781.2,Field trials officer,Offered,Jill Braun
1382,2023-06-05,Joseph,Morton,Male,31-10-1967,001-459-312-0982x843,sara22@example.net,01734 James Path Apt. 920,East Eric,VA,10316,Guyana,Bachelor's Degree,2,44043.75,Forensic psychologist,Applied,Joseph Morton
1383,2023-05-13,Anna,Moss,Other,25-07-1963,(919)672-8190x0873,rsantiago@example.com,872 Daniel Ridge,Lake Matthew,IN,63166,Pakistan,Bachelor's Degree,15,33557.38,Restaurant manager,Interviewing,Anna Moss
1384,2023-05-24,Michael,Cunningham,Female,04-08-1973,422.631.8092x8037,jfoster@example.net,71541 Page Point Suite 815,East David,MD,94215,American Samoa,PhD,15,95506.6,Best boy,In Review,Michael Cunningham
1385,2023-08-02,Christopher,Turner,Female,04-11-1991,###############################################################################################################################################################################################################################################################,taylorwolfe@example.org,6530 Emily Rue Apt. 608,Megantown,NY,6633,Ukraine,High School,3,43135.28,Banker,In Review,Christopher Turner
1386,2023-05-07,Andrea,Jones,Female,30-10-1977,205.678.3835x88547,dixonterri@example.com,706 Price Track,Arnoldport,NE,77058,Faroe Islands,Bachelor's Degree,11,49313.03,Sports development officer,Interviewing,Andrea Jones
1387,2023-06-03,Clinton,Black,Female,18-10-1967,512.998.5896,toddsingleton@example.com,85396 Robin Bridge,Glennfurt,CO,10309,Libyan Arab Jamahiriya,High School,7,69626.13,Public relations officer,In Review,Clinton Black
1388,2023-06-11,Joshua,Olsen,Female,28-11-1987,625-654-4068x72261,john18@example.org,1755 Matthew Mountains,Port Jack,CO,88804,Azerbaijan,High School,9,31212.04,Legal secretary,Applied,Joshua Olsen
1389,2023-05-31,Susan,Clark,Female,15-09-1992,001-447-596-1667x91633,paul32@example.com,247 Jessica Key,Hernandezberg,AL,54240,Korea,Bachelor's Degree,1,98984.1,Land,Applied,Susan Clark
1390,2023-05-16,Beth,Smith,Other,12-08-1969,+1-419-431-8719x3963,sjones@example.com,505 Jessica Highway Suite 897,Lake Michael,MO,41959,Chile,High School,19,71276.69,Historic buildings inspector/conservation officer,Rejected,Beth Smith
1391,2023-07-07,Carrie,Perez,Other,15-05-1976,+1-947-312-9266x7281,xarnold@example.org,4285 Rodriguez Parkways Suite 190,South Jonathan,AZ,95680,Italy,Bachelor's Degree,0,53759.67,Horticultural therapist,Rejected,Carrie Perez
1392,2023-06-12,Sherri,Edwards,Male,05-08-1992,###############################################################################################################################################################################################################################################################,matthew07@example.com,95782 Kathryn Expressway,Leroyville,WA,76490,Tonga,High School,3,88255.12,Professor Emeritus,Applied,Sherri Edwards
1393,2023-07-07,Steven,Johnson,Female,28-10-1972,(337)267-2877x1350,bwhite@example.net,5427 Samantha Hollow Suite 670,West Veronica,ME,47419,Malaysia,High School,3,36012.73,"Administrator, Civil Service",In Review,Steven Johnson
1394,2023-07-23,Joshua,Harris,Female,10-07-1979,001-737-397-5737x454,mary26@example.net,6925 Miller Island,South Dianahaven,OH,78412,Liechtenstein,Master's Degree,15,58217.36,"Scientist, research (physical sciences)",Applied,Joshua Harris
1395,2023-07-11,Dylan,Liu,Male,11-11-1991,+1-393-925-2873x780,matthewjackson@example.com,874 Lang Ramp Suite 525,Lake Daniel,PA,20084,Kyrgyz Republic,Bachelor's Degree,5,86030.87,Planning and development surveyor,Interviewing,Dylan Liu
1396,2023-07-28,Brenda,Coleman,Other,21-11-2000,###############################################################################################################################################################################################################################################################,agonzalez@example.net,5650 Sandra Land,Bowersberg,FL,25724,Botswana,PhD,9,77723.57,Operational investment banker,Rejected,Brenda Coleman
1397,2023-07-08,Robin,Burton,Other,04-06-2002,623.621.9185,hallvirginia@example.net,84664 Thomas Ports Apt. 775,Brianville,VA,51524,Thailand,Bachelor's Degree,5,71211.96,"Production assistant, radio",Rejected,Robin Burton
1398,2023-06-12,Danielle,Woods,Other,01-11-1965,546.215.5293x975,jennaporter@example.com,232 Joshua Point Suite 252,New Joannafort,FM,78708,Panama,Master's Degree,16,58135.19,Mechanical engineer,Offered,Danielle Woods
1399,2023-06-08,Jeff,Hopkins,Male,20-09-1983,(706)788-6345,nsmith@example.org,52096 Brian Cape Suite 005,West Sherry,FM,40944,Malta,High School,17,99438.19,Broadcast engineer,Applied,Jeff Hopkins
1400,2023-08-02,Gregg,Davis,Female,15-02-1984,559-916-8318x65666,joseph67@example.org,28746 Goodman Mountain Apt. 922,Josephhaven,PA,64000,Antigua and Barbuda,High School,0,96971.59,Psychiatrist,In Review,Gregg Davis
1401,2023-07-07,Susan,Taylor,Female,12-04-1991,+1-765-932-9683x6363,jenniferyang@example.net,77365 Oscar Rue Apt. 102,North Jacquelinestad,NM,41789,United Kingdom,High School,20,81636.37,Sports administrator,Rejected,Susan Taylor
1402,2023-07-03,Deborah,Bailey,Female,09-12-1977,(383)271-5177,qfry@example.net,4226 Erickson Mountain Apt. 160,West Nicole,WV,10853,Saint Vincent and the Grenadines,Bachelor's Degree,2,51725.06,"Designer, graphic",Interviewing,Deborah Bailey
1403,2023-06-17,Michael,Decker,Other,13-05-1967,###############################################################################################################################################################################################################################################################,daniel30@example.com,82295 Michelle Trail,Lake Kimberlyshire,CO,57680,Estonia,PhD,13,57202.82,"Engineer, drilling",Interviewing,Michael Decker
1404,2023-06-01,Andrea,Steele,Other,01-05-1966,790.234.8426x4964,mezaeric@example.org,3719 Charles Mountains,Williammouth,CA,65218,Bolivia,Master's Degree,3,91069.51,Learning mentor,Interviewing,Andrea Steele
1405,2023-06-02,Michael,Smith,Male,18-06-1999,+1-650-344-7945x9893,ejohnson@example.com,896 Valerie Junctions,New John,TX,37798,Nauru,High School,15,63093.96,"Production assistant, radio",Rejected,Michael Smith
1406,2023-05-13,Ralph,Bruce,Male,21-05-1968,+1-793-873-6745x1410,bcooper@example.net,47921 Jacob Motorway,Brandonfort,VA,39630,Vietnam,High School,2,35813.49,"Designer, jewellery",Interviewing,Ralph Bruce
1407,2023-07-03,Joshua,Dillon,Other,11-07-1964,(252)808-6184x7743,savannahrichardson@example.net,61589 Morse Throughway Suite 968,South Alexis,NH,79633,Dominica,High School,13,95784.51,Armed forces logistics/support/administrative officer,In Review,Joshua Dillon
1408,2023-07-27,Laura,Martinez,Male,03-02-1984,(611)461-9108x6538,davidmitchell@example.net,771 Chase Orchard,Reyesborough,NJ,84888,Switzerland,Master's Degree,15,69688.97,Chartered public finance accountant,Applied,Laura Martinez
1409,2023-07-24,Karla,Villarreal,Male,14-04-2001,001-535-673-7205,malvarado@example.net,594 Dawn Mall,South Travistown,OK,80478,Ecuador,PhD,6,60064.63,Herpetologist,Offered,Karla Villarreal
1410,2023-07-13,Kaitlyn,Hawkins,Male,16-01-1992,(502)568-6830x835,larrydiaz@example.com,9501 Charles Oval,Amandaport,MN,28550,Denmark,High School,14,61655.32,Product designer,Interviewing,Kaitlyn Hawkins
1411,2023-08-05,Eric,Wilson,Female,04-09-1977,891-560-8361x6145,anthonydavidson@example.com,16859 Phillips Canyon,Williamsside,PA,20744,Mexico,High School,11,39729.71,"Research officer, trade union",Rejected,Eric Wilson
1412,2023-07-05,Noah,Mejia,Female,04-02-1995,(225)245-1408x043,duanemorris@example.net,6617 Carol Manors,Blevinshaven,NJ,35562,Dominica,Bachelor's Degree,5,76190.62,Product/process development scientist,Applied,Noah Mejia
1413,2023-07-12,Don,Johnson,Other,21-04-2002,001-986-664-9806x0387,blairrichard@example.com,63090 Moreno Lodge Suite 892,New Aaronburgh,CA,48269,Grenada,PhD,18,72840.13,"Producer, television/film/video",Applied,Don Johnson
1414,2023-06-03,David,Gonzalez,Male,28-04-1999,235-368-3239x12382,courtney93@example.org,764 Aguilar Lock,Port Alyssastad,NE,1265,Gambia,High School,20,99449.3,Occupational psychologist,In Review,David Gonzalez
1415,2023-07-08,Cory,Gomez,Female,20-08-1979,001-891-220-5852x524,cherylsanchez@example.net,66049 Krystal Avenue Suite 030,Jeffreymouth,MN,5011,Northern Mariana Islands,Bachelor's Degree,3,85498.26,Geographical information systems officer,In Review,Cory Gomez
1416,2023-06-26,James,Castillo,Other,19-12-1987,824-946-4658x1239,drogers@example.com,55819 Carmen Drive,New Jeremyport,MO,29213,Faroe Islands,Master's Degree,17,31731.37,Building services engineer,Applied,James Castillo
1417,2023-07-26,Erin,Goodwin,Female,05-01-1978,581-859-5133x963,joel76@example.org,097 Katherine Via Suite 567,Nancyborough,IA,70952,Yemen,Master's Degree,3,30960.98,Environmental education officer,Rejected,Erin Goodwin
1418,2023-05-19,Seth,Carr,Female,27-08-1970,590-312-7494x9743,scott10@example.com,702 Martin Square,East Anneport,SD,18249,Mauritius,Bachelor's Degree,8,87276.78,Fast food restaurant manager,Rejected,Seth Carr
1419,2023-05-26,April,Payne,Other,11-04-2004,001-275-260-2368,thorntonjoseph@example.com,161 Janice Turnpike,North Matthewview,MH,7695,Qatar,Master's Degree,19,93488.34,Air broker,Applied,April Payne
1420,2023-05-23,Jennifer,Johnson,Female,15-11-1983,(524)825-8556x181,jessicafuller@example.com,0410 Darrell Land,Courtneyfurt,KY,89112,Mongolia,Master's Degree,2,38899.98,"Solicitor, Scotland",In Review,Jennifer Johnson
1421,2023-08-03,Cindy,Gray,Female,10-06-1965,(404)653-6132,eric90@example.com,67516 Scott Viaduct,Meaganberg,NY,45995,Saint Pierre and Miquelon,Bachelor's Degree,3,77213.19,"Teacher, primary school",Offered,Cindy Gray
1422,2023-07-08,Emily,Nguyen,Male,21-12-1991,001-349-556-0583,mmullins@example.org,53801 Jennifer Radial Apt. 377,North Jamesmouth,RI,50008,Finland,Master's Degree,5,53809.91,Games developer,Rejected,Emily Nguyen
1423,2023-06-16,Bonnie,Becker,Other,23-11-1977,402.485.8598,angelajensen@example.org,9460 Bell Vista,Port Kennethton,PR,2698,India,Bachelor's Degree,1,33431.96,"Scientist, audiological",Offered,Bonnie Becker
1424,2023-06-27,Chris,Hayes,Female,01-03-1982,+1-718-428-8552x738,uallen@example.com,6452 Smith Cliffs,Roseshire,OR,49230,China,PhD,1,42966.65,Set designer,Interviewing,Chris Hayes
1425,2023-06-20,Julie,Gutierrez,Female,08-11-2004,001-359-398-8145x0480,robinsonsamantha@example.net,8811 Michael Lake Suite 196,East Erinstad,OR,12525,Cote d'Ivoire,High School,11,48425.55,Tree surgeon,In Review,Julie Gutierrez
1426,2023-05-24,Herbert,Burke,Female,01-07-1997,260-703-2470x79594,owenbrandy@example.com,808 White Green Apt. 400,South Patrick,AS,84216,Brazil,PhD,8,60020.53,Production engineer,Applied,Herbert Burke
1427,2023-05-16,Tasha,Foster,Male,08-10-1999,616-664-4496x26491,cpope@example.net,98275 Townsend Harbor Suite 758,Richardview,DE,12908,Jamaica,PhD,16,49782.21,Animal technologist,In Review,Tasha Foster
1428,2023-06-11,Donna,Miller,Male,03-06-1973,780-381-6331,bcole@example.org,86588 Angela Corners,Brooksberg,NE,77047,Oman,High School,9,67756.14,"Designer, multimedia",Offered,Donna Miller
1429,2023-06-19,Emily,Clark,Male,01-01-1981,597.219.3535,medinachristina@example.org,01165 Riggs River Suite 458,Penafort,MT,64095,Switzerland,High School,14,37540.53,"Solicitor, Scotland",Interviewing,Emily Clark
1430,2023-06-22,John,Oliver,Female,02-06-1989,(543)570-5048,burnsrichard@example.net,656 Tucker Freeway Apt. 074,Ginahaven,MH,73855,Uruguay,Master's Degree,4,97055.02,"Editor, film/video",In Review,John Oliver
1431,2023-06-16,Rickey,Lawson,Other,25-11-1965,889.330.6062,jeromegonzalez@example.com,37873 Davis Glens Suite 425,Erikabury,MP,965,Oman,Master's Degree,19,69007.34,"Clinical scientist, histocompatibility and immunogenetics",Interviewing,Rickey Lawson
1432,2023-06-16,Patrick,Whitaker,Other,23-09-2001,+1-296-391-5994x86532,christopherbrooks@example.org,66432 Evans Camp Apt. 246,Victoriaborough,HI,14614,Malawi,Master's Degree,14,59875.52,"Geneticist, molecular",Offered,Patrick Whitaker
1433,2023-05-27,Abigail,Adams,Female,18-09-1987,###############################################################################################################################################################################################################################################################,fosterjessica@example.com,7274 Turner Spring,Martintown,WI,61358,Kiribati,Bachelor's Degree,10,38043.99,"Engineer, civil (consulting)",In Review,Abigail Adams
1434,2023-07-25,William,Lewis,Male,25-12-1991,+1-384-367-5115x333,ramosgeoffrey@example.org,38837 Cynthia River Suite 693,Lake Paul,NM,15059,Cote d'Ivoire,Master's Degree,8,72016.14,Intelligence analyst,Offered,William Lewis
1435,2023-07-23,Christina,Porter,Male,21-01-1980,303.926.0378,lisajones@example.com,2737 Jones Trafficway,Churchburgh,MP,31479,French Guiana,Master's Degree,10,97927.93,Stage manager,Applied,Christina Porter
1436,2023-06-22,Lindsey,Scott,Female,31-10-1963,+1-297-247-4675x1136,william87@example.com,5806 Kelsey Point Suite 024,Port Jenniferfort,ND,81511,Iraq,High School,11,33932.78,"Psychotherapist, child",Interviewing,Lindsey Scott
1437,2023-07-30,Michael,Johnson,Female,16-12-1965,001-668-658-1780,johnbowers@example.net,01046 Anderson Street,North Corey,NE,21402,Jersey,High School,8,42789.56,Biomedical scientist,Interviewing,Michael Johnson
1438,2023-07-09,Monica,Flynn,Male,18-07-1976,820-945-5474,thomaswilliams@example.net,98251 Matthew Stravenue,New Melissa,AK,65917,Macao,PhD,6,48150.26,Chief Marketing Officer,Applied,Monica Flynn
1439,2023-06-15,Nicholas,Williams,Other,10-02-1973,(503)369-1322x2512,david92@example.com,973 Kennedy Stravenue Suite 795,Port Oliviafurt,WI,20073,Gabon,Bachelor's Degree,15,68135.94,"Therapist, speech and language",Offered,Nicholas Williams
1440,2023-07-03,Richard,Harris,Other,28-01-1984,491.564.1381x2634,brentjames@example.com,43028 Williams Station,Houseland,ID,34208,Niger,PhD,7,35065.77,Fitness centre manager,Applied,Richard Harris
1441,2023-05-31,Christopher,Sweeney,Other,08-04-1974,001-624-256-5646x81590,pjones@example.com,95724 Hogan Spurs,South Jessebury,GU,94221,Afghanistan,Bachelor's Degree,2,80854.95,"Programmer, multimedia",Interviewing,Christopher Sweeney
1442,2023-05-13,Mary,Daniels,Female,22-05-1986,(217)616-4030x8804,sarahill@example.com,155 Justin Club,Torresbury,NH,77947,Micronesia,PhD,5,85151.92,Rural practice surveyor,Rejected,Mary Daniels
1443,2023-07-06,Lauren,Cochran,Other,10-04-1969,###############################################################################################################################################################################################################################################################,michaelcortez@example.org,2497 Michael Run Suite 203,Williamsberg,RI,73335,Lao People's Democratic Republic,PhD,6,67082.15,Therapeutic radiographer,Interviewing,Lauren Cochran
1444,2023-05-27,Tyler,Washington,Other,16-08-1974,429.582.8715x01357,dcooper@example.org,782 Lambert Corners Apt. 184,North Shane,TN,54094,Sri Lanka,Bachelor's Degree,0,96708.11,Mechanical engineer,Offered,Tyler Washington
1445,2023-06-13,Amanda,Wallace,Male,09-09-1994,516.693.2045,michaellewis@example.net,45921 Kevin Coves Suite 182,Port Matthewchester,WA,41839,Jamaica,PhD,12,92384.34,"Therapist, art",Offered,Amanda Wallace
1446,2023-07-26,Julia,Moore,Female,07-03-1997,+1-288-332-8099x67743,cristian95@example.com,08364 John Lock,Kylechester,KY,38593,Bhutan,Bachelor's Degree,11,53943.26,Barrister,Interviewing,Julia Moore
1447,2023-06-12,Debra,Thompson,Female,03-11-1970,+1-360-976-4352x538,brianwilliams@example.com,612 Karen Mall,New Andrew,MO,74717,Jamaica,PhD,7,30103.01,Fisheries officer,In Review,Debra Thompson
1448,2023-07-02,David,Hunt,Other,24-11-1993,556-862-3765,hnewton@example.org,15604 Dan Ways Apt. 728,Shawnfurt,CO,936,Benin,High School,16,84547.53,Retail merchandiser,In Review,David Hunt
1449,2023-05-22,Nicolas,Santiago,Other,04-06-1973,001-901-903-6540,smcbride@example.org,03622 Swanson Ramp Suite 712,New Joseton,FM,76802,Tuvalu,High School,12,33217.81,"Designer, interior/spatial",Applied,Nicolas Santiago
1450,2023-05-20,Paige,Nelson,Other,26-03-1987,001-201-280-7637x3471,uhammond@example.org,728 Neal Wells,West Kennethville,AK,73098,Lithuania,Bachelor's Degree,9,81814.13,"Surveyor, land/geomatics",Interviewing,Paige Nelson
1451,2023-08-03,Brittany,Rivera,Other,28-04-1969,(269)332-5096,john09@example.com,765 White Glens,Teresaburgh,OH,51395,Ghana,Bachelor's Degree,18,37085.24,Artist,Interviewing,Brittany Rivera
1452,2023-07-22,Katherine,Miranda,Male,04-06-1965,(967)822-8913x73146,haustin@example.net,9213 Griffin Overpass,West Evelyn,CO,12806,Vanuatu,Bachelor's Degree,6,85123.71,"Loss adjuster, chartered",Interviewing,Katherine Miranda
1453,2023-05-22,Jonathan,Hubbard,Other,20-01-1978,+1-987-616-2181x476,wwilliams@example.com,4461 Aguirre Wells Suite 192,North Jenniferbury,AS,24987,Anguilla,High School,5,55793.36,"Nurse, mental health",Rejected,Jonathan Hubbard
1454,2023-06-12,Brandy,Mitchell,Female,25-07-1989,963.644.1464x5213,lauren52@example.net,00397 Carlos Shoal,Robertaton,IL,58765,Guadeloupe,Master's Degree,7,80530.65,Tourism officer,Rejected,Brandy Mitchell
1455,2023-07-21,Becky,Le,Female,15-04-1997,556.516.4781x307,johnsonbenjamin@example.com,77361 Wilson Springs Suite 660,Riversside,SD,4324,Benin,Master's Degree,18,99676.26,"Administrator, sports",Rejected,Becky Le
1456,2023-06-05,Gabrielle,Russo,Other,20-01-2003,###############################################################################################################################################################################################################################################################,villarrealjames@example.org,7143 Kevin Meadow Apt. 701,Kristyfurt,AZ,89095,Ghana,Bachelor's Degree,13,55404.95,Writer,Applied,Gabrielle Russo
1457,2023-05-08,Ricky,Henderson,Male,23-10-1974,496.565.0390x1717,kimberlymitchell@example.net,14443 Barrett Fords,East Matthewfurt,NY,78050,Slovenia,High School,6,65224.86,Solicitor,Applied,Ricky Henderson
1458,2023-07-18,Kristen,Dawson,Other,05-03-1981,###############################################################################################################################################################################################################################################################,sean85@example.com,9291 Craig Road,West Susanfurt,CT,88328,Dominica,High School,10,77933.52,Barrister's clerk,In Review,Kristen Dawson
1459,2023-07-09,Kenneth,Good,Female,22-09-1993,###############################################################################################################################################################################################################################################################,qskinner@example.org,977 Watson Pike Apt. 971,East Dawnborough,RI,54256,Iraq,High School,8,87044.5,Chartered certified accountant,Offered,Kenneth Good
1460,2023-06-13,Steven,Willis,Other,17-10-2002,###############################################################################################################################################################################################################################################################,veronicaalvarez@example.net,3713 Timothy Cliff,Williamburgh,FL,76880,Qatar,High School,7,83612.87,Best boy,Interviewing,Steven Willis
1461,2023-05-12,Kyle,Lucas,Other,20-03-2004,(578)399-4592,jamesweber@example.org,9563 Amanda Common,West Suzanneside,LA,7972,Hong Kong,High School,12,49799.64,TEFL teacher,Offered,Kyle Lucas
1462,2023-07-13,John,Cunningham,Male,11-01-1970,+1-404-888-9427x942,twebster@example.net,6886 Sparks Drive Apt. 457,Jillstad,RI,5122,Zambia,PhD,9,33650.92,Engineering geologist,Interviewing,John Cunningham
1463,2023-07-15,Michael,Deleon,Other,01-12-1975,753-736-0889x30569,vayala@example.net,91568 Gillespie Ville,Lake Staceyland,NV,47112,Albania,High School,9,34903.98,Child psychotherapist,Interviewing,Michael Deleon
1464,2023-06-14,Sarah,Romero,Female,24-06-1964,989.817.3912x483,david46@example.org,132 Vargas Stream,North Ericview,NH,1347,Dominica,Master's Degree,17,87802.71,Contracting civil engineer,In Review,Sarah Romero
1465,2023-05-27,Felicia,Stephens,Other,16-09-1964,921-282-4816,mkaiser@example.com,76896 Joel Row Suite 574,Scotttown,SC,5698,Thailand,High School,20,96226.49,Forest/woodland manager,In Review,Felicia Stephens
1466,2023-07-15,Samantha,Wood,Female,06-01-2004,###############################################################################################################################################################################################################################################################,william50@example.org,05786 Jimmy Islands Suite 585,South Brenda,MO,86914,Chile,Bachelor's Degree,17,31118.99,Electronics engineer,Offered,Samantha Wood
1467,2023-06-30,Lisa,Smith,Male,14-04-1981,+1-813-441-2491x326,jesusflores@example.net,82735 Monique Spurs,North Paulville,TX,54481,Ireland,Bachelor's Degree,4,34177.86,"Engineer, water",In Review,Lisa Smith
1468,2023-05-15,Austin,Snyder,Male,02-09-1987,443.244.2711x524,tatepeter@example.net,3295 Nathan Points,West Eric,DC,14443,Papua New Guinea,PhD,6,99500.1,Chartered management accountant,Rejected,Austin Snyder
1469,2023-05-24,Stacy,Cunningham,Other,05-04-2003,001-767-867-0244x742,lmoore@example.net,14206 Anthony Mission Apt. 217,Martinmouth,PA,69148,Brunei Darussalam,High School,16,48307.63,Educational psychologist,Applied,Stacy Cunningham
1470,2023-06-20,Sophia,Sutton,Other,23-12-1974,+1-460-505-1581x7934,harmstrong@example.org,02359 Charles Spring Apt. 654,Bauertown,ID,51816,Sri Lanka,Master's Degree,5,51604.61,"Therapist, drama",Rejected,Sophia Sutton
1471,2023-07-07,Debra,Diaz,Male,10-09-2001,###############################################################################################################################################################################################################################################################,wgonzales@example.com,95931 Alexis Orchard Suite 434,Careyhaven,OK,15955,Iraq,PhD,7,86443.13,Product/process development scientist,Offered,Debra Diaz
1472,2023-07-10,Laura,Hodges,Male,27-05-1964,001-493-691-2287x994,fhicks@example.com,42187 Roger Wall,Lake Ashleyview,AS,70764,Syrian Arab Republic,High School,20,95297.86,Early years teacher,Applied,Laura Hodges
1473,2023-05-07,Lori,Miller,Male,09-04-1966,###############################################################################################################################################################################################################################################################,slane@example.net,6244 Nichole Gateway,Rileymouth,WA,70388,Honduras,High School,17,97712.77,Commissioning editor,Interviewing,Lori Miller
1474,2023-07-18,Patricia,George,Male,24-12-1964,001-205-417-0819,travisstone@example.com,986 Hobbs Via Suite 742,Scottside,ME,3386,Italy,Master's Degree,20,87511.79,Chartered public finance accountant,Interviewing,Patricia George
1475,2023-07-18,Rhonda,Pope,Female,08-07-1976,+1-820-887-3367x835,yateswilliam@example.net,912 Knapp Mall Suite 948,Williamsport,VI,21011,Bulgaria,Bachelor's Degree,8,60377.27,Contractor,Interviewing,Rhonda Pope
1476,2023-07-16,Charles,Fuentes,Male,20-05-1996,727.290.6757x3446,cjones@example.net,8001 Spencer Locks Apt. 022,East Emily,GA,19334,Latvia,PhD,17,86829.09,Occupational therapist,Rejected,Charles Fuentes
1477,2023-05-23,Joanna,Foley,Male,02-09-1996,001-302-442-8178,pparker@example.net,9910 Shaun Plains,Port Timothyhaven,DE,7754,Ireland,Bachelor's Degree,10,59026.57,Commissioning editor,Interviewing,Joanna Foley
1478,2023-05-24,Geoffrey,Jackson,Female,17-09-1973,(975)835-0744,zgarner@example.com,73902 Hayley Lodge Apt. 085,Hayesfurt,MS,87766,Aruba,Master's Degree,0,35069.7,Clothing/textile technologist,Offered,Geoffrey Jackson
1479,2023-07-18,Ashley,Lynch,Male,14-09-1998,001-303-785-4227,colejulie@example.com,0616 Smith Creek,Chadside,VA,44412,Timor-Leste,High School,19,66357.24,"Accountant, chartered public finance",Interviewing,Ashley Lynch
1480,2023-05-26,Kelsey,Richard,Other,13-09-1981,(861)755-1705x1639,gwright@example.org,95923 Bailey Inlet,Steintown,TN,76580,Guam,High School,8,77475.34,Television floor manager,Applied,Kelsey Richard
1481,2023-06-11,James,Franklin,Male,13-01-1997,###############################################################################################################################################################################################################################################################,tammy47@example.net,7668 Christopher Crest,Davidport,SC,46813,Cayman Islands,Bachelor's Degree,4,50659.91,Artist,Interviewing,James Franklin
1482,2023-06-28,Samantha,Bates,Male,19-03-1991,518-832-4113x2156,oballard@example.org,8002 Barajas Extensions,New Heather,TN,22950,Mauritania,Master's Degree,0,82042.87,Medical laboratory scientific officer,Applied,Samantha Bates
1483,2023-05-21,Shane,Barrera,Male,21-11-1969,+1-945-974-5765x580,anthonyrobinson@example.net,0531 Connie Mountains,North Michaelland,VA,1891,Turkmenistan,High School,3,53496.16,Firefighter,Applied,Shane Barrera
1484,2023-07-19,Madison,Hood,Male,23-10-1997,(923)514-8011,brownaaron@example.org,030 Snyder Rest,Tabithafort,VI,90127,Gibraltar,High School,20,95244.98,Colour technologist,Applied,Madison Hood
1485,2023-08-02,Andrea,Quinn,Female,20-04-1972,405-940-0093x3759,achapman@example.org,97026 Lance Camp Apt. 999,Robinsonburgh,NH,3018,Jordan,High School,6,36239.77,Barrister,In Review,Andrea Quinn
1486,2023-07-24,Caleb,Holden,Male,13-12-2004,(703)562-8451,baileyjames@example.com,5069 Kim Port,South Carolynstad,HI,94825,Taiwan,Master's Degree,0,79591.62,Exhibition designer,Applied,Caleb Holden
1487,2023-06-12,Patrick,Beck,Female,02-01-1987,725-765-2909,robert32@example.com,8205 Walsh Curve,East Victoriaville,WV,12635,Bangladesh,High School,9,86132.55,Barista,In Review,Patrick Beck
1488,2023-05-22,Kevin,Perez,Male,07-10-1995,###############################################################################################################################################################################################################################################################,evan03@example.org,318 Hall Squares Apt. 749,Michaelville,DE,75994,Iraq,Bachelor's Degree,0,39162.42,Sport and exercise psychologist,In Review,Kevin Perez
1489,2023-06-14,Amanda,Ortiz,Female,18-11-1993,001-445-246-0864x67877,timfarmer@example.org,9498 William Ports,Butlerland,PW,72969,Eritrea,High School,10,51615.52,Audiological scientist,In Review,Amanda Ortiz
1490,2023-05-14,Jenna,Chen,Female,14-12-1998,328.777.6530,samanthanewman@example.org,119 Smith Common,Davidport,AL,98068,Mongolia,Bachelor's Degree,18,97279.06,Sub,In Review,Jenna Chen
1491,2023-05-12,Sean,Ramos,Male,28-09-1980,776.934.7389x747,meaganwagner@example.net,11910 Lowe Square,New Tiffany,MT,83630,Australia,Master's Degree,4,74079.69,"Teacher, primary school",Interviewing,Sean Ramos
1492,2023-06-04,Angela,Gutierrez,Male,30-07-1987,(946)637-7359,obrock@example.com,89065 Alexandra Spur,Georgemouth,ND,51137,United Kingdom,High School,4,65356.05,Health visitor,Interviewing,Angela Gutierrez
1493,2023-07-28,Christopher,Kelly,Male,23-10-1982,###############################################################################################################################################################################################################################################################,nruiz@example.org,57691 Wagner Mountains,Hannaberg,SD,32375,Turkmenistan,PhD,0,44878.4,"Psychologist, occupational",Interviewing,Christopher Kelly
1494,2023-05-18,Elizabeth,Griffith,Female,09-05-1974,474-965-7265x53904,kelly93@example.org,4663 Stephanie Square,New Jamie,UT,31562,Guadeloupe,Master's Degree,3,42155.63,Haematologist,Rejected,Elizabeth Griffith
1495,2023-05-20,Christine,Ball,Female,25-03-2005,769.875.6336x798,eric84@example.org,006 Saunders Fields Suite 467,Mcgeechester,OR,65531,Tanzania,Bachelor's Degree,17,65756.41,"Surveyor, commercial/residential",Rejected,Christine Ball
1496,2023-06-25,Derrick,Brown,Other,19-04-1978,821-210-2790x70700,xmolina@example.com,512 Novak Cliffs Apt. 061,Riveratown,TX,12302,Gambia,High School,3,77188.2,"Sales professional, IT",Applied,Derrick Brown
1497,2023-07-03,Brian,Patterson,Male,07-08-1962,###############################################################################################################################################################################################################################################################,james64@example.com,55459 Schneider Gateway,Lake Seanmouth,MD,11896,Dominica,High School,16,31080.12,Landscape architect,Offered,Brian Patterson
1498,2023-07-13,Randy,Smith,Male,02-01-1994,001-314-240-5186x706,kathleenmorris@example.com,4557 Heather Mountains Apt. 442,Perrymouth,MT,80892,United Kingdom,Bachelor's Degree,2,71374.03,"Lighting technician, broadcasting/film/video",In Review,Randy Smith
1499,2023-07-16,Scott,Morgan,Male,08-12-1980,668.450.0105x6113,victoria95@example.com,842 Eric Mews Apt. 955,Port Gregory,HI,1693,Kiribati,Bachelor's Degree,12,70215.19,Dentist,Rejected,Scott Morgan
1500,2023-05-08,Patricia,Wood,Female,24-03-1998,###############################################################################################################################################################################################################################################################,hillalec@example.net,957 Amy Haven,Williamsmouth,AK,16490,North Macedonia,High School,10,58991.69,Colour technologist,Interviewing,Patricia Wood
1501,2023-06-14,Andre,Steele,Male,29-08-2004,001-940-753-3332x42218,madisonbarry@example.net,1761 Blake Pine Suite 119,Lake Kimchester,MA,66655,Nepal,High School,3,99443.83,Police officer,Offered,Andre Steele
1502,2023-06-08,Robert,Carpenter,Female,14-04-1975,###############################################################################################################################################################################################################################################################,tammy02@example.net,9214 Richards Mountain,West Stephanie,MS,13989,Australia,Bachelor's Degree,6,62168.91,"Engineer, manufacturing systems",Interviewing,Robert Carpenter
1503,2023-07-20,Amy,Wilson,Male,04-06-1976,+1-975-688-4126x31677,mstephens@example.org,06955 Wall Harbor Apt. 222,Port Steven,CA,7515,Macao,Bachelor's Degree,13,35110.44,Lexicographer,Interviewing,Amy Wilson
1504,2023-05-16,Stephanie,Zamora,Female,09-06-1975,001-708-230-1234x9256,brandonhill@example.org,711 Laura Hills,Khanberg,FM,99778,Solomon Islands,PhD,1,95628.97,"Solicitor, Scotland",Rejected,Stephanie Zamora
1505,2023-07-21,Kathryn,Medina,Male,10-10-1974,+1-386-870-4331x521,nturner@example.net,040 Courtney Grove Apt. 541,New Feliciastad,AL,92780,Malaysia,High School,14,71823.21,Printmaker,Rejected,Kathryn Medina
1506,2023-06-30,Ricky,Hernandez,Female,10-03-1987,(707)579-9185x23851,christinapham@example.net,60837 Sandra Glen,Amandaview,IA,73990,Jamaica,Bachelor's Degree,4,69526.04,Sports coach,Applied,Ricky Hernandez
1507,2023-05-18,Kim,Hooper,Other,22-01-1989,883-444-7817x8992,coreyfinley@example.org,4655 Fox Mill Suite 292,Greeneshire,IN,35015,Korea,Bachelor's Degree,2,99992.66,Translator,Offered,Kim Hooper
1508,2023-06-16,Suzanne,Howard,Other,13-05-1980,001-785-876-8079x8702,kbyrd@example.org,6087 Patricia Radial Suite 356,Martinezfurt,DC,9130,Eritrea,PhD,0,37727.46,"Scientist, research (life sciences)",Rejected,Suzanne Howard
1509,2023-05-17,Edward,Roth,Female,31-03-1964,001-302-501-5741x1119,obell@example.net,92691 Freeman Ferry Apt. 378,East James,KY,86080,Brunei Darussalam,PhD,15,65888.02,Tax inspector,Offered,Edward Roth
1510,2023-06-22,Lisa,Perry,Other,23-07-1976,(572)673-2129x4841,amurphy@example.com,27199 Huffman Circles Apt. 883,New Bryan,OR,87475,Bangladesh,High School,12,44595.86,"Engineer, aeronautical",Offered,Lisa Perry
1511,2023-05-29,Valerie,Alvarez,Male,06-08-1982,001-851-411-3636x2329,mcclainmike@example.com,793 Allen Forge Suite 466,Michaelmouth,MH,85353,Jordan,Master's Degree,15,72855.45,Mining engineer,In Review,Valerie Alvarez
1512,2023-05-23,Michael,Franco,Male,31-05-1999,###############################################################################################################################################################################################################################################################,avincent@example.org,18627 Jonathan Ridge Apt. 118,Port Rhonda,MS,75831,Croatia,Bachelor's Degree,20,67733.05,Counselling psychologist,In Review,Michael Franco
1513,2023-07-07,Jamie,Moore,Female,13-03-1967,317.390.5987x3684,clucas@example.org,49651 Holly Trail,North Dakota,CA,5413,Seychelles,Bachelor's Degree,9,52965.48,Television floor manager,Rejected,Jamie Moore
1514,2023-06-23,George,Jones,Female,18-06-1996,###############################################################################################################################################################################################################################################################,melissa63@example.org,260 Richard Turnpike,Port Jamesbury,MP,8380,Barbados,High School,14,67579.75,Games developer,Applied,George Jones
1515,2023-07-06,Frank,Lopez,Other,17-04-1965,001-563-513-1699x301,monica68@example.org,16031 Monica Lock,Port Brian,IL,24455,French Guiana,Master's Degree,12,54562.84,"Engineer, technical sales",Applied,Frank Lopez
1516,2023-07-10,Kendra,Wall,Male,03-06-2000,(419)277-7545,heather18@example.net,636 Mary Stravenue Apt. 713,Heidichester,MP,82074,Benin,Master's Degree,1,78171.28,Risk manager,Offered,Kendra Wall
1517,2023-05-06,Theresa,Harris,Other,19-06-1994,789.389.1495x120,markwarren@example.net,4337 Brooks Mountain Apt. 550,Port Rickyberg,OR,93623,Estonia,PhD,11,36403.56,Structural engineer,Offered,Theresa Harris
1518,2023-07-09,Cassidy,Bush,Female,25-12-1999,(399)515-4706,qwilliams@example.org,45831 Amy Parks,Blackview,SD,2909,El Salvador,Bachelor's Degree,17,67894.98,Site engineer,Rejected,Cassidy Bush
1519,2023-07-09,Joseph,Thomas,Male,06-12-1965,001-782-759-7533,alexandramontgomery@example.net,478 John Loop,Olsonhaven,GA,65695,Norway,High School,10,44371.46,Advice worker,Rejected,Joseph Thomas
1520,2023-07-15,Robert,Nash,Female,07-07-1970,575-883-7113x269,chasewilliams@example.org,474 Wolfe Mountains Apt. 317,Kyleville,PW,77604,Grenada,PhD,2,46600.9,Database administrator,Rejected,Robert Nash
1521,2023-06-16,Jeffrey,Olsen,Male,12-04-1975,979-204-0705x275,owilliams@example.com,17169 Peggy Station Suite 081,Hernandezside,UT,77948,Monaco,PhD,4,86528.02,Chief Marketing Officer,Interviewing,Jeffrey Olsen
1522,2023-07-22,Susan,Peters,Female,07-04-2003,362.914.2595x224,markharris@example.com,2083 James Island,Jasonberg,AL,57795,Guinea,High School,7,85794.28,Further education lecturer,In Review,Susan Peters
1523,2023-05-15,Anthony,Avila,Other,02-09-1987,###############################################################################################################################################################################################################################################################,martinstephen@example.org,10865 Todd Terrace,Margaretland,AK,74846,Guinea,PhD,15,35386.46,Community development worker,In Review,Anthony Avila
1524,2023-06-10,Marie,Goodman,Male,18-02-2005,001-559-261-6701,williamschristian@example.net,112 Jamie Mission Suite 696,North Hollyport,RI,5045,Samoa,PhD,17,72938.64,"Therapist, art",Interviewing,Marie Goodman
1525,2023-07-28,Susan,Marsh,Other,03-07-1975,634.406.0704,teresa95@example.org,1663 Brandon Springs,Lake Laurie,TX,93599,Malta,PhD,11,74605.34,International aid/development worker,Applied,Susan Marsh
1526,2023-08-01,Kelly,Stark,Male,09-05-1966,001-288-823-7170x287,taylorsteven@example.net,965 Park Coves,Port Stephenview,SC,39967,Haiti,PhD,4,60751.2,Firefighter,Applied,Kelly Stark
1527,2023-08-03,Ashley,Martinez,Female,12-11-1979,###############################################################################################################################################################################################################################################################,vanessa53@example.com,764 Brittney Viaduct,Johnsonview,MP,37346,United States Virgin Islands,Master's Degree,20,45890.45,Tourism officer,In Review,Ashley Martinez
1528,2023-07-13,Sabrina,Flynn,Female,13-02-1986,+1-889-953-5572x59124,hdavis@example.net,343 Morgan Locks,Nashland,WA,56806,United States of America,High School,6,33149.28,Emergency planning/management officer,In Review,Sabrina Flynn
1529,2023-07-02,Anthony,Rojas,Male,13-08-1986,248.205.7073x904,nelsonchristine@example.net,46313 Angela Ville,Lake James,VI,51362,Ghana,PhD,19,80308.57,Town planner,In Review,Anthony Rojas
1530,2023-05-28,Justin,Randolph,Other,17-05-2002,001-744-767-3498x253,elliottann@example.net,2335 Jennifer Shoal Suite 342,Lake Davidview,OH,85021,Saudi Arabia,PhD,19,30348.23,Software engineer,Rejected,Justin Randolph
1531,2023-07-16,Kristin,Roberts,Other,13-04-2003,321-784-5905x2088,erin72@example.com,0896 Garcia Route Apt. 910,Port Larrymouth,VT,56514,Saint Helena,Master's Degree,6,94407.22,Secretary/administrator,Offered,Kristin Roberts
1532,2023-05-13,Amanda,Ochoa,Female,13-01-1999,445-645-8485,steven59@example.net,06206 Karen Dam Suite 674,South Ryanmouth,PR,12405,Lao People's Democratic Republic,Bachelor's Degree,10,69556.84,Midwife,Applied,Amanda Ochoa
1533,2023-07-19,Joshua,Boyer,Female,27-10-1986,977.663.3567x9715,nochoa@example.com,8133 Smith Prairie,Lake Moniquefurt,WV,63183,Heard Island and McDonald Islands,Master's Degree,20,31202.69,Television camera operator,Offered,Joshua Boyer
1534,2023-07-17,David,Whitney,Other,13-06-1978,001-734-895-5733,irichardson@example.org,6672 Mcbride Springs Suite 906,Edwardsborough,VI,6795,Lebanon,Bachelor's Degree,15,53634.96,Pensions consultant,Interviewing,David Whitney
1535,2023-06-27,Anthony,Robinson,Other,08-09-1972,725-861-9443x896,jeremy01@example.net,76068 Jon Way Suite 235,Mooreville,FM,59822,Mauritius,PhD,17,52244.36,Quality manager,Rejected,Anthony Robinson
1536,2023-07-30,Richard,Huffman,Other,15-12-1971,001-544-624-4704x19729,tiffanysmith@example.org,89184 Mitchell Burg,West Maxwellside,MS,93501,Honduras,PhD,3,46634.19,Chief Strategy Officer,Offered,Richard Huffman
1537,2023-07-03,Sarah,Anderson,Female,27-11-1992,001-369-448-0618x7742,christopherbaxter@example.com,52349 Lara Mall Suite 578,New Alexandra,SD,23223,Swaziland,Bachelor's Degree,9,66545.17,Teaching laboratory technician,Applied,Sarah Anderson
1538,2023-06-06,Kathryn,Bates,Male,07-09-1992,+1-660-649-2089x623,johnsonfelicia@example.org,8738 Wolf Court,East Johnathanmouth,OK,59050,United Kingdom,Bachelor's Degree,18,72698.61,Geographical information systems officer,Rejected,Kathryn Bates
1539,2023-06-05,Donald,Espinoza,Other,05-10-1965,851.645.2348x25291,tonymills@example.com,981 Courtney Forks Suite 840,New Sarahshire,MD,57966,United States Virgin Islands,PhD,7,80345.1,"Engineer, production",In Review,Donald Espinoza
1540,2023-07-22,Christopher,Glenn,Other,10-05-1990,(765)476-7051,gonzalezryan@example.org,371 Michelle Centers Apt. 043,Lake Kelly,FM,76978,Ireland,PhD,0,93115.8,Tour manager,Applied,Christopher Glenn
1541,2023-07-27,Christopher,Chang,Female,04-04-1971,367-248-0535,jamesgarza@example.org,735 Gary View,Grantfurt,OR,76224,Reunion,High School,20,75524.47,"Psychologist, forensic",Applied,Christopher Chang
1542,2023-05-10,Mark,Pierce,Male,05-11-1975,785-831-5896x79706,christinemullen@example.com,089 Shawn Falls,South David,AR,78630,Portugal,PhD,5,40502.71,Contractor,Interviewing,Mark Pierce
1543,2023-07-15,Robert,Nichols,Female,11-06-1975,001-718-504-6335x753,samantha37@example.net,3202 Cook Court,Lake Kathleen,NJ,46795,Latvia,Bachelor's Degree,4,94416.89,Marketing executive,Interviewing,Robert Nichols
1544,2023-06-18,Jeffrey,Bennett,Male,04-01-1963,609-612-7696x1629,michael80@example.org,51569 Melanie Flats,New Tanner,NE,21856,Switzerland,Bachelor's Degree,17,51454.05,Data scientist,Applied,Jeffrey Bennett
1545,2023-06-10,Mark,Gordon,Female,28-08-1985,991.895.5322x2318,dquinn@example.com,999 Jensen Estate,North Anthony,HI,81999,Tanzania,PhD,12,33647.63,Transport planner,Applied,Mark Gordon
1546,2023-07-28,Kara,Henderson,Male,04-10-2004,+1-870-266-0549x278,ysmith@example.net,58313 Sydney Plain Apt. 828,Cynthiastad,MT,53254,Antigua and Barbuda,High School,11,30945.52,Outdoor activities/education manager,Offered,Kara Henderson
1547,2023-06-06,Alexandra,Silva,Female,05-06-1968,###############################################################################################################################################################################################################################################################,wardtracy@example.com,7547 Dylan Lights,Gomezfurt,TN,49852,Kyrgyz Republic,Master's Degree,10,92900.03,Therapeutic radiographer,Interviewing,Alexandra Silva
1548,2023-06-09,Jamie,Padilla,Male,19-04-1985,249.868.4798x981,mitchell04@example.com,47708 Ricky Wall Suite 652,North Teresa,GU,94290,Fiji,High School,18,63480.3,"Designer, graphic",Rejected,Jamie Padilla
1549,2023-07-11,Lisa,Torres,Male,21-11-2004,###############################################################################################################################################################################################################################################################,diazheather@example.com,573 Williams Isle Suite 335,Jessicaside,UT,77438,Nigeria,Master's Degree,19,42826.27,Air broker,Offered,Lisa Torres
1550,2023-05-17,Rebecca,Ferguson,Male,29-04-1966,001-873-390-1885x083,stevensmith@example.org,672 Laura Glens,West Heidi,ME,30970,Turks and Caicos Islands,Bachelor's Degree,13,62081.59,"Scientist, audiological",Applied,Rebecca Ferguson
1551,2023-05-15,Laura,Henderson,Other,01-08-2005,001-627-756-0445,tiffanythomas@example.com,1741 Arnold Track,West James,WI,1162,Cyprus,PhD,2,61567.12,"Surveyor, insurance",Offered,Laura Henderson
1552,2023-07-09,Michelle,Case,Female,13-11-1999,001-579-571-3154,wilsonwilliam@example.com,8508 Mcdonald Corners Suite 462,Vangview,GU,7742,British Indian Ocean Territory (Chagos Archipelago),Bachelor's Degree,0,98046.03,Comptroller,Interviewing,Michelle Case
1553,2023-06-22,Laura,Russell,Female,27-12-1975,319.988.1283x1132,barbererika@example.net,7402 Lisa Manor,Port Davidbury,HI,36745,Guernsey,PhD,20,78170.06,Accommodation manager,Applied,Laura Russell
1554,2023-07-05,William,Foster,Female,25-12-1998,942-518-0699x2488,justin15@example.com,293 Marsh Viaduct,South Crystalview,OR,20981,Eritrea,High School,16,81542.17,Prison officer,Offered,William Foster
1555,2023-05-31,Andrew,Smith,Female,19-12-1995,858.385.1872x876,youngcody@example.com,33280 Santiago Squares Apt. 718,Tracyton,OR,72966,Svalbard & Jan Mayen Islands,High School,0,82469.53,IT sales professional,Applied,Andrew Smith
1556,2023-05-14,James,Grant,Other,31-05-1986,548.464.1028,idiaz@example.org,63321 Keller Fork Apt. 627,New Jeffrey,MO,40007,Bouvet Island (Bouvetoya),PhD,13,47224.63,Metallurgist,Interviewing,James Grant
1557,2023-07-30,Adrian,Edwards,Female,06-04-1977,803-281-2136x7783,psilva@example.com,200 Sarah Isle Apt. 479,Beckyshire,OK,96887,Sao Tome and Principe,Master's Degree,0,58068.19,Stage manager,Interviewing,Adrian Edwards
1558,2023-05-14,Michael,Russell,Male,24-07-2000,###############################################################################################################################################################################################################################################################,kcolon@example.org,811 Caitlyn Fort Apt. 326,Smithberg,MH,9981,United States Virgin Islands,High School,7,76205.68,Physiological scientist,Interviewing,Michael Russell
1559,2023-05-12,Jennifer,Brooks,Male,20-03-1973,476.674.0859,iruiz@example.com,767 Garcia Islands Apt. 168,Lake Karenfurt,CA,98292,Vanuatu,PhD,2,55590.52,Marketing executive,Rejected,Jennifer Brooks
1560,2023-06-27,Michael,Williams,Male,22-11-1977,897.318.1962,james13@example.com,8410 Williams Fall Suite 285,Barnettberg,HI,52364,Tanzania,PhD,15,93166.6,"Designer, ceramics/pottery",In Review,Michael Williams
1561,2023-05-24,Sarah,White,Female,26-12-1977,###############################################################################################################################################################################################################################################################,rogersgina@example.org,037 Johnson Freeway,Brianberg,WA,53038,Turks and Caicos Islands,High School,16,73781.69,"Teacher, music",Interviewing,Sarah White
1562,2023-05-24,Michele,Brown,Other,08-04-1982,636-835-1511x60655,charles71@example.org,35789 Diane Vista Apt. 093,West Madisonhaven,CA,47405,Peru,PhD,3,64909.58,"Secretary, company",Applied,Michele Brown
1563,2023-07-06,Colton,Castro,Male,24-09-1998,(908)554-4909,pford@example.org,14430 Bennett Springs Apt. 998,Port Jeffchester,FL,14829,Angola,PhD,17,30792.15,Government social research officer,Applied,Colton Castro
1564,2023-07-06,Stephanie,Roberts,Female,08-08-1974,+1-765-372-9989x159,jo34@example.net,46332 Wade Court,New Jennifer,VI,53222,Wallis and Futuna,Master's Degree,0,99979.95,Sport and exercise psychologist,Offered,Stephanie Roberts
1565,2023-05-26,Lindsey,Oconnor,Male,21-10-1993,(718)700-9004,zblankenship@example.net,6158 Mayer Road Apt. 559,South Kurt,OR,75611,Sudan,Bachelor's Degree,13,90482.61,"Engineer, water",Applied,Lindsey Oconnor
1566,2023-06-22,William,Mayer,Male,25-09-1973,###############################################################################################################################################################################################################################################################,melissalambert@example.net,28076 Amy Island,Andrewton,NC,826,Italy,PhD,10,55610.47,Solicitor,In Review,William Mayer
1567,2023-07-22,Robert,Brady,Male,25-11-1980,+1-245-859-7529x94749,daniel68@example.net,3645 Cunningham Unions Apt. 619,Port Ray,IA,88248,Burundi,Bachelor's Degree,0,98064.33,Volunteer coordinator,Applied,Robert Brady
1568,2023-05-26,Richard,Greer,Male,15-01-1984,785-443-5234x0391,cordovachristina@example.org,463 Caroline Parkway Apt. 993,Elizabethshire,NC,54515,Guinea,Master's Degree,17,93214.79,Seismic interpreter,Interviewing,Richard Greer
1569,2023-06-21,Emily,Elliott,Female,28-01-1984,559-807-2738,xpatterson@example.org,44233 Hernandez Stravenue Suite 187,Millermouth,MH,97783,South Georgia and the South Sandwich Islands,Bachelor's Degree,17,34218.57,Commercial art gallery manager,Interviewing,Emily Elliott
1570,2023-06-15,Matthew,Torres,Female,02-05-2002,001-399-738-3506,amybowman@example.com,33106 Melissa Street Apt. 991,Melissaberg,IL,88366,Cameroon,Bachelor's Degree,18,90954.54,Writer,In Review,Matthew Torres
1571,2023-07-30,Victor,Anderson,Male,15-06-2001,001-469-816-4874x5796,collierphilip@example.net,1227 Antonio Street Apt. 222,New Kenneth,MN,57002,Kuwait,Master's Degree,7,32713.72,Furniture conservator/restorer,Rejected,Victor Anderson
1572,2023-05-22,Laura,Roman,Other,04-08-1965,338.847.2705x81873,oramos@example.net,93337 Hannah Ridges,Christinaside,NH,75702,Bouvet Island (Bouvetoya),PhD,17,52030.54,Risk manager,Applied,Laura Roman
1573,2023-07-04,Paul,Burke,Female,08-04-1968,+1-568-810-1122x24708,ojones@example.com,777 Wendy Rest,Millershire,NE,97022,Malawi,High School,6,65277.81,Psychotherapist,In Review,Paul Burke
1574,2023-06-10,Joseph,Lindsey,Female,23-10-1962,(624)873-3415,melissa11@example.org,00182 Darrell Pass Suite 925,New Amymouth,OR,87431,Bolivia,High School,0,38891.87,Petroleum engineer,Applied,Joseph Lindsey
1575,2023-06-04,Paula,Cruz,Male,24-01-2003,+1-521-993-1529x6255,timothyolson@example.org,076 Martinez Mountain Apt. 979,South Christina,NH,48268,China,Master's Degree,4,81022.8,Psychiatric nurse,Applied,Paula Cruz
1576,2023-06-15,Andrew,Jones,Male,12-09-1979,+1-918-404-2868x3202,milleramber@example.org,2411 Manuel Trail Apt. 260,New Rebeccaland,RI,24369,Reunion,Master's Degree,15,81375.34,Best boy,In Review,Andrew Jones
1577,2023-05-13,Angela,Martinez,Male,28-12-1963,+1-993-921-5780x860,sgarrett@example.net,233 John Pike Suite 604,Annside,IA,97520,New Caledonia,PhD,14,90876.99,Print production planner,Interviewing,Angela Martinez
1578,2023-05-07,Brooke,Stewart,Male,28-08-1977,+1-928-602-8594x74356,raymond04@example.net,472 Taylor Flats Apt. 752,Lake Whitneychester,AK,36638,Eritrea,PhD,19,91662.26,Copy,Offered,Brooke Stewart
1579,2023-06-14,Ryan,Allen,Male,10-11-1991,(271)586-0432,nicholasmiller@example.org,26745 Hall Ports Suite 312,Lisashire,VA,25709,Guyana,Master's Degree,2,44343.28,Management consultant,Offered,Ryan Allen
1580,2023-06-26,Stacy,Cole,Other,13-01-2004,###############################################################################################################################################################################################################################################################,michelle09@example.net,35495 Brown Mount Apt. 593,West Erika,GU,69402,Nauru,Bachelor's Degree,19,50427.87,Charity officer,In Review,Stacy Cole
1581,2023-05-20,Justin,Gomez,Male,17-02-1990,001-626-767-6207,rhondasmith@example.com,828 Hull Run,Susanborough,TN,5145,Egypt,High School,20,98103.76,Radiation protection practitioner,Offered,Justin Gomez
1582,2023-07-20,Taylor,Sanchez,Male,29-11-1963,(385)497-7326x75627,lowecarrie@example.org,5734 Peterson Green Apt. 818,Jenniferport,MO,59048,Singapore,Bachelor's Degree,15,88348.56,Armed forces operational officer,Rejected,Taylor Sanchez
1583,2023-07-02,Shawn,Day,Female,07-04-1985,(288)320-5797x9568,julie77@example.net,31322 Leslie Locks,Harperchester,NM,61468,Cocos (Keeling) Islands,High School,5,88927.7,Haematologist,In Review,Shawn Day
1584,2023-06-21,Jessica,Maldonado,Male,14-09-1986,(390)801-0744,kellimorgan@example.com,214 Brandi Plains,Griffinview,TX,27366,Macao,PhD,12,49198.17,Musician,In Review,Jessica Maldonado
1585,2023-07-26,Rose,Wallace,Male,13-03-1991,001-458-510-3249x0580,pgardner@example.org,32879 Lopez Lights,Andreaport,OK,5857,North Macedonia,Bachelor's Degree,12,77318.77,Interpreter,Interviewing,Rose Wallace
1586,2023-06-27,Michael,Johnson,Male,18-10-1986,(251)645-4091,sophiacollins@example.org,8315 Diaz Inlet Suite 749,North Brittany,NY,88490,Chile,Master's Degree,6,46426.93,Recycling officer,Interviewing,Michael Johnson
1587,2023-07-10,Jeffrey,Stone,Female,27-12-1964,(742)366-4392,sarah45@example.org,723 Laura Route,Robertside,VT,7549,Central African Republic,PhD,16,47085.46,Communications engineer,Interviewing,Jeffrey Stone
1588,2023-07-12,Michael,Gross,Female,20-09-1979,321.784.3299x233,aaron08@example.com,2226 Richard Centers Apt. 871,Burnettville,NE,8752,Greece,PhD,2,79808.66,"Nurse, children's",Applied,Michael Gross
1589,2023-06-29,Gerald,Terrell,Male,13-07-2001,230.221.0206x8150,jefferysmith@example.com,283 Jackson Meadows Apt. 020,Rhodesshire,NE,70857,Papua New Guinea,PhD,10,41208.83,Public librarian,Rejected,Gerald Terrell
1590,2023-06-22,Lisa,Cooke,Male,05-08-1974,395.936.3605x2450,samuelramirez@example.net,4232 Diane Square,Lake Bradley,GA,54657,Lao People's Democratic Republic,PhD,16,32612.42,Research scientist (maths),Offered,Lisa Cooke
1591,2023-06-04,Angela,Nichols,Other,22-02-1986,+1-388-403-5850x42683,baldwinjustin@example.org,7073 Rachel Trail,New Jason,NC,48108,Cuba,Bachelor's Degree,20,32624.34,Commissioning editor,Rejected,Angela Nichols
1592,2023-06-28,James,Mitchell,Female,23-01-1972,001-209-973-9651,robertbradley@example.net,798 John Key,Garciaview,NM,97097,Samoa,Bachelor's Degree,9,76570.07,Recruitment consultant,In Review,James Mitchell
1593,2023-07-29,Kelly,Wang,Female,20-01-1976,572-849-1616x4558,michaelrios@example.org,93602 Christopher Park Suite 699,Davisside,IL,16067,Ethiopia,PhD,17,94356.54,TEFL teacher,Interviewing,Kelly Wang
1594,2023-06-16,Christopher,Torres,Female,08-01-1973,+1-526-603-6899x59349,laura56@example.com,81000 Riley Estates,North Laurenside,NJ,79989,Uzbekistan,Bachelor's Degree,18,59290.82,Editorial assistant,Rejected,Christopher Torres
1595,2023-07-17,Christine,Morse,Male,06-02-1967,489.615.4665x80731,bowensara@example.org,3361 Ryan Spurs Suite 482,Fosterville,SC,56894,Iran,Bachelor's Degree,20,55695.54,Diplomatic Services operational officer,Applied,Christine Morse
1596,2023-06-01,Kimberly,Pugh,Female,02-07-1998,871.269.9289,markwhite@example.com,2322 Beverly Skyway,Lake Timothystad,WA,36392,Mauritius,Master's Degree,15,42296.33,Planning and development surveyor,Interviewing,Kimberly Pugh
1597,2023-07-19,Gabriel,Sanchez,Male,24-03-1965,(750)340-6674,amy01@example.org,5441 Madeline Extension Apt. 517,Anthonyton,GA,15807,Kazakhstan,Master's Degree,2,75724.33,"Accountant, chartered",Rejected,Gabriel Sanchez
1598,2023-05-31,Alexander,Thomas,Other,15-02-1973,001-701-688-4398x0517,vanessalee@example.net,84096 Spencer Union,North Saraborough,ME,48980,Mozambique,Master's Degree,11,93689.37,Illustrator,Interviewing,Alexander Thomas
1599,2023-05-15,Nicholas,Nelson,Female,13-06-1970,964.498.8447,collinscindy@example.com,1678 Jordan Locks Suite 733,Mcdanielland,WV,4261,Ireland,Master's Degree,8,88136.37,Best boy,Rejected,Nicholas Nelson
1600,2023-05-12,Susan,Martin,Male,13-01-1999,+1-440-384-7440x8121,danielle05@example.com,7925 Miller Circles Suite 710,Rasmussenhaven,MH,4545,Monaco,PhD,8,95157.61,"Civil engineer, consulting",In Review,Susan Martin
1601,2023-06-28,Yolanda,Jackson,Male,01-07-1997,###############################################################################################################################################################################################################################################################,kevin14@example.com,0024 Danielle Station Suite 952,Kayleeburgh,CO,87249,South Africa,High School,12,80918.97,Rural practice surveyor,Applied,Yolanda Jackson
1602,2023-05-09,Heather,Thompson,Other,12-06-1963,657-495-5646,maria44@example.net,954 Christensen Isle,East Joefort,CA,7714,Algeria,Master's Degree,15,55637.44,Building surveyor,Interviewing,Heather Thompson
1603,2023-06-03,Heather,Smith,Male,28-07-1999,###############################################################################################################################################################################################################################################################,combsbetty@example.net,8957 Christine Crest Apt. 756,Cervantesstad,FM,55776,Azerbaijan,Master's Degree,7,71666.04,Architectural technologist,Offered,Heather Smith
1604,2023-05-20,Erin,Garrett,Male,08-09-2001,721-357-0223,melissabowers@example.com,010 Desiree Street Suite 765,North Sabrinafurt,TX,59107,Poland,Master's Degree,9,55369.99,Civil Service administrator,Interviewing,Erin Garrett
1605,2023-08-05,Jeffrey,Mcmillan,Male,15-10-1970,856-497-7243x7381,ejohnson@example.net,5163 Ashley Parkway Suite 999,Andersonport,TX,98453,Sierra Leone,Master's Degree,2,78605.62,Architect,In Review,Jeffrey Mcmillan
1606,2023-06-17,Megan,Harris,Other,14-08-1989,(354)718-4827x15070,lewisallison@example.org,68155 Adam Spur Suite 343,Carriemouth,NM,37600,Bolivia,Bachelor's Degree,0,59990.67,Garment/textile technologist,In Review,Megan Harris
1607,2023-06-04,Molly,Vance,Male,04-10-1979,649.606.7342x69394,lkidd@example.org,56763 John Turnpike,South Richard,VI,4087,Nicaragua,PhD,1,93917.82,Data scientist,Applied,Molly Vance
1608,2023-06-30,Stephen,Campos,Male,11-07-1963,###############################################################################################################################################################################################################################################################,fmiller@example.com,639 Davis Skyway,Taylormouth,WA,69074,Isle of Man,Bachelor's Degree,6,90970.67,"Copywriter, advertising",In Review,Stephen Campos
1609,2023-07-09,Thomas,Page,Other,06-07-1971,###############################################################################################################################################################################################################################################################,rmoyer@example.org,885 Williams Lights,West Judithborough,NY,13254,Guernsey,PhD,2,93179.65,Forensic psychologist,Rejected,Thomas Page
1610,2023-06-15,Robert,Thomas,Male,18-08-1973,###############################################################################################################################################################################################################################################################,michaelgarcia@example.org,1733 Johnson Street,Johnsonberg,NJ,69875,Holy See (Vatican City State),High School,12,57019.45,"Designer, blown glass/stained glass",Interviewing,Robert Thomas
1611,2023-07-08,Ryan,Dixon,Other,28-02-1991,757.395.3179x04350,marissa02@example.com,76471 Aaron Extensions,West Carl,OH,38427,Cameroon,High School,11,89469.01,"Nurse, learning disability",Offered,Ryan Dixon
1612,2023-05-30,Shannon,Bolton,Male,16-05-1963,001-263-444-0058,christine59@example.com,650 Davis Pass,New Kyletown,WV,83740,Bouvet Island (Bouvetoya),Master's Degree,7,44665.91,Economist,In Review,Shannon Bolton
1613,2023-07-22,Cynthia,Torres,Other,05-05-1977,564-795-8058,amberjohnson@example.org,56575 Robinson Union,Elizabethland,OK,99711,Uzbekistan,High School,5,47756.21,Adult nurse,Offered,Cynthia Torres
1614,2023-07-03,Teresa,Mclaughlin,Other,08-11-1977,(274)736-0714x04412,james98@example.org,2466 Victoria Corner,South Thomasshire,WY,10996,Kyrgyz Republic,PhD,9,48737.41,"Surveyor, hydrographic",Applied,Teresa Mclaughlin
1615,2023-08-04,Brandon,Kelley,Male,05-05-1973,+1-995-266-6565x4601,jonathan84@example.org,3890 Young Light,Emilyport,IL,97089,Norway,High School,13,67836.37,Marine scientist,Applied,Brandon Kelley
1616,2023-05-23,Jonathan,Murray,Female,04-05-1995,001-604-674-2427x7014,psmith@example.net,9722 Taylor Mountains,Port Danielle,OK,48493,Malaysia,Master's Degree,3,66422.66,"Solicitor, Scotland",Interviewing,Jonathan Murray
1617,2023-07-27,Aaron,Green,Female,10-09-1995,839-890-2649x586,jacob55@example.com,32653 Russell Curve Suite 283,South Joyce,OH,29603,Kenya,Bachelor's Degree,13,65580.59,"Pharmacist, community",Rejected,Aaron Green
1618,2023-06-11,Johnny,Sanders,Female,07-05-1990,(796)491-8675x571,brendatrujillo@example.com,63794 Johnson Hill Suite 586,New Lisahaven,AR,28885,Philippines,High School,5,75972.53,Heritage manager,Applied,Johnny Sanders
1619,2023-06-19,Madison,Harris,Female,27-01-1975,375.897.7368x73579,uparker@example.org,57721 Gilbert Islands Suite 364,Glennhaven,FL,61401,Ukraine,Bachelor's Degree,13,65929.49,"Clinical scientist, histocompatibility and immunogenetics",In Review,Madison Harris
1620,2023-06-11,Kelly,Potts,Female,20-04-2001,739-259-4086x602,dickersonjeffrey@example.org,2207 Reese Lodge,North Randymouth,OR,66190,Holy See (Vatican City State),High School,18,69535.98,"Surveyor, mining",In Review,Kelly Potts
1621,2023-07-04,Brian,Berg,Other,01-05-2003,810.761.5553x6529,kingperry@example.com,01381 Anna Trail,Calebmouth,ND,10230,Trinidad and Tobago,Bachelor's Degree,17,85455.28,Engineering geologist,In Review,Brian Berg
1622,2023-07-27,Diane,Bullock,Male,14-09-1973,835-961-6262x127,matthewjohnson@example.net,433 Scott Curve Suite 740,Port Carlaburgh,MI,67729,Dominican Republic,Bachelor's Degree,13,40133.33,Radiation protection practitioner,Applied,Diane Bullock
1623,2023-06-24,Jennifer,Ramirez,Other,06-04-1988,(245)708-6551x7909,benjamin67@example.com,059 Stephanie Motorway,Hendersonport,OK,59091,Andorra,High School,13,78760.04,Fashion designer,In Review,Jennifer Ramirez
1624,2023-07-14,Tina,Andrews,Other,16-08-1986,526.826.4668x34910,ashleyjones@example.com,906 Carter Mews,New Carl,AZ,79645,Benin,PhD,18,90630.56,Art gallery manager,Interviewing,Tina Andrews
1625,2023-05-31,Nathaniel,Martin,Female,19-09-1976,293-609-5439x29123,tholloway@example.net,1505 Molina Field,Port Davidland,OH,60269,Comoros,Bachelor's Degree,11,93703.07,"Surveyor, land/geomatics",Offered,Nathaniel Martin
1626,2023-05-15,Rachel,Ward,Female,20-01-1985,(238)855-3045,ntaylor@example.net,71310 Hess Greens,Lake Nataliehaven,TX,50522,Switzerland,PhD,11,87035.35,"Designer, interior/spatial",Applied,Rachel Ward
1627,2023-07-12,Jennifer,Castillo,Other,16-05-1974,001-814-437-8638,kristinabullock@example.net,0665 Dawn Orchard Apt. 486,Espinozaport,WY,41530,Senegal,PhD,0,34058.0,"Engineer, manufacturing",Interviewing,Jennifer Castillo
1628,2023-07-29,Micheal,Wagner,Other,01-04-1964,###############################################################################################################################################################################################################################################################,warrendonald@example.org,46129 Hernandez Harbors,Lisaborough,IL,23617,Turkey,PhD,8,74436.66,Chemical engineer,Offered,Micheal Wagner
1629,2023-06-06,Joseph,Coleman,Male,16-06-1964,(329)751-0271,pruiz@example.org,257 Allen Port,Lake Caitlin,LA,825,Saint Barthelemy,PhD,6,88654.29,"Geneticist, molecular",In Review,Joseph Coleman
1630,2023-07-16,Alicia,Howell,Other,16-05-1974,712-691-9277,willisalison@example.net,252 Harris Squares,South Stephanie,MN,69453,Seychelles,Master's Degree,8,71894.14,Diagnostic radiographer,Applied,Alicia Howell
1631,2023-07-02,Thomas,Smith,Other,31-01-1986,001-348-313-3965x47791,daviskenneth@example.org,58624 Tammy Fort,Williamsborough,OK,7613,Pitcairn Islands,PhD,12,61146.47,"Buyer, industrial",Interviewing,Thomas Smith
1632,2023-07-06,Misty,Davenport,Other,17-01-1987,(597)737-2554x60271,whurley@example.org,042 Monique Crescent Suite 415,New Jennifer,OH,61556,Egypt,Bachelor's Degree,12,90935.76,Commercial/residential surveyor,Applied,Misty Davenport
1633,2023-06-02,Linda,Salazar,Other,20-11-2002,554-265-0981x58456,jamesparsons@example.org,90793 Garcia Extension,Michaelstad,LA,30448,Montserrat,Bachelor's Degree,12,41542.25,Air broker,Interviewing,Linda Salazar
1634,2023-08-02,Donald,Larson,Male,01-02-1993,001-674-241-2184x119,mary68@example.net,741 Dawn Stream,Marcoshire,VA,2467,Djibouti,PhD,18,66010.42,Land/geomatics surveyor,Interviewing,Donald Larson
1635,2023-05-22,Julia,Huynh,Female,08-07-1987,###############################################################################################################################################################################################################################################################,reyesdavid@example.net,478 Hoffman Run,West Diana,OH,1219,Guadeloupe,High School,17,32835.05,Forensic psychologist,Interviewing,Julia Huynh
1636,2023-07-18,Chris,Vega,Male,30-12-1978,247.361.0050,award@example.com,55416 Davis Estate Apt. 184,New Pamela,AR,61934,Georgia,PhD,2,89284.35,Furniture conservator/restorer,Rejected,Chris Vega
1637,2023-07-18,Scott,York,Other,16-12-1963,267.234.5678x77487,wwhite@example.org,28946 Jeremy Tunnel Apt. 579,South Thomas,CO,25051,Northern Mariana Islands,Bachelor's Degree,0,44736.17,"Research officer, government",Interviewing,Scott York
1638,2023-05-16,Julie,Williams,Male,23-02-1986,(766)906-1053x90692,hillmegan@example.org,587 Thomas Walks,Port Thomasview,IA,51000,Palau,Bachelor's Degree,13,30106.63,Camera operator,Rejected,Julie Williams
1639,2023-05-14,Christopher,Smith,Other,08-03-1977,906.519.8798x7866,patrick98@example.net,90740 George Mill,New Lisaview,SD,5015,Macao,PhD,1,84245.32,Building services engineer,Applied,Christopher Smith
1640,2023-05-07,Donald,Morales,Male,21-03-1975,001-233-352-0287x115,farrellsandra@example.org,665 Swanson Mountains Apt. 562,South Hannahville,HI,34567,Mozambique,Master's Degree,9,70794.82,"Surveyor, planning and development",Applied,Donald Morales
1641,2023-06-14,Dennis,Finley,Male,03-05-1999,561.379.6740,duncansheila@example.net,9002 Andrews Mews,New Melissafort,GU,34204,Aruba,High School,19,74539.61,"Teacher, music",Applied,Dennis Finley
1642,2023-05-31,Kenneth,Robinson,Male,24-06-1975,###############################################################################################################################################################################################################################################################,patrickarias@example.net,52763 Griffin Course Apt. 704,Lishire,DC,20011,French Guiana,High School,6,50741.33,Chartered legal executive (England and Wales),Interviewing,Kenneth Robinson
1643,2023-07-11,Stephanie,Stokes,Other,10-11-1975,###############################################################################################################################################################################################################################################################,melissa95@example.org,183 Erik Cliff Apt. 502,Savannahshire,FL,35679,Bosnia and Herzegovina,Bachelor's Degree,13,69567.27,Counsellor,Applied,Stephanie Stokes
1644,2023-06-02,Joshua,Perez,Other,27-10-1999,(871)736-3267,smithryan@example.org,07203 Hale Unions,West Andrew,PR,75961,Thailand,Bachelor's Degree,11,93184.48,Proofreader,Interviewing,Joshua Perez
1645,2023-06-05,William,Williams,Other,12-01-2001,357-222-3836x204,ogarner@example.net,065 Cindy Camp Apt. 972,Port Ryan,SC,13098,Saint Barthelemy,Master's Degree,13,79343.59,Probation officer,Offered,William Williams
1646,2023-07-16,Katherine,Bender,Other,29-02-2004,739.981.3158,william59@example.org,777 Brittany Plains,Lynnfurt,CT,62043,Peru,PhD,15,94629.35,"Pharmacist, hospital",Applied,Katherine Bender
1647,2023-05-25,Michael,Wood,Male,21-11-1978,###############################################################################################################################################################################################################################################################,scott29@example.com,9004 Barbara Freeway Suite 906,North Daniel,WV,26355,Lesotho,High School,5,49365.54,Brewing technologist,Rejected,Michael Wood
1648,2023-05-21,Kathy,Cook,Other,18-03-1990,416.828.5816,ipage@example.org,2872 Mendez Gateway,New Grace,IL,81102,Zimbabwe,Master's Degree,14,50539.1,Secretary/administrator,Offered,Kathy Cook
1649,2023-06-26,Jesse,Sanchez,Other,04-05-1968,584-834-7546x87241,christophercohen@example.com,2252 William Drives,Wilsonborough,NE,66838,Ukraine,High School,17,34695.53,Radio broadcast assistant,In Review,Jesse Sanchez
1650,2023-05-24,Kathleen,Roberts,Female,21-04-1999,(362)550-2426,wilsonstacy@example.com,0252 Miranda Glen Suite 916,Meganfurt,KS,59702,Cambodia,Master's Degree,14,85295.89,Training and development officer,Interviewing,Kathleen Roberts
1651,2023-05-27,Melinda,Young,Other,01-12-1986,627.481.9948x53987,carl04@example.org,4622 Dylan Inlet,East Melissafurt,MP,59314,United Arab Emirates,High School,8,77786.22,Environmental manager,Offered,Melinda Young
1652,2023-06-28,Dustin,Sutton,Other,29-06-1992,267.284.3842,traviswatson@example.net,837 Serrano Terrace Apt. 916,Parkfort,HI,65852,Falkland Islands (Malvinas),Bachelor's Degree,14,42622.91,Purchasing manager,Rejected,Dustin Sutton
1653,2023-07-14,Joshua,Gray,Other,18-12-2003,+1-279-547-7325x41956,christopherbowen@example.net,3136 Snyder Station,East Jeremy,UT,62936,Anguilla,Master's Degree,10,71688.57,Research scientist (medical),Rejected,Joshua Gray
1654,2023-07-24,Hannah,Jackson,Other,04-12-1963,001-285-612-1914x53264,susan27@example.org,1398 Johnson Isle,East Tyler,NM,72557,Uzbekistan,High School,17,98939.75,Charity officer,Offered,Hannah Jackson
1655,2023-05-14,Justin,Rowe,Male,22-03-1983,+1-288-566-6767x537,ecrawford@example.org,903 Hamilton Corner,Port Jamesview,WY,24678,Palau,High School,10,38719.82,Best boy,Interviewing,Justin Rowe
1656,2023-07-17,Curtis,Booth,Male,07-02-1981,+1-942-779-6269x298,casenathaniel@example.net,7125 Johnson Pines,Port Rebecca,DE,55642,Burundi,High School,1,76458.96,Clinical cytogeneticist,Interviewing,Curtis Booth
1657,2023-05-09,Andre,Smith,Other,14-07-1984,###############################################################################################################################################################################################################################################################,awoodward@example.net,00069 Fowler Shoals Apt. 928,Hunterstad,IL,28547,Malaysia,Master's Degree,2,94550.03,Health visitor,Offered,Andre Smith
1658,2023-06-21,Randall,Miller,Other,23-03-1986,+1-643-220-5146x694,ortizhannah@example.com,22967 Walsh Plains Suite 124,Port Courtneymouth,LA,64035,Saint Vincent and the Grenadines,PhD,1,33905.07,"Designer, furniture",Applied,Randall Miller
1659,2023-08-01,Stefanie,Moreno,Male,22-10-1982,550.478.0126,lori60@example.org,803 Maria Throughway Apt. 590,Lake Timothyside,NV,12536,Congo,PhD,18,48967.02,Purchasing manager,In Review,Stefanie Moreno
1660,2023-08-03,Dawn,Cowan,Male,28-09-1980,935.375.3695x280,david37@example.net,18958 Sally Court Apt. 126,Patriciashire,PR,14833,Tajikistan,Bachelor's Degree,9,99836.77,Therapeutic radiographer,Rejected,Dawn Cowan
1661,2023-06-22,Thomas,Gross,Female,10-03-1975,252-850-2732,nataliekrause@example.net,323 Powers Forest Apt. 594,Jonathanshire,ID,46732,Mauritius,PhD,1,74467.66,Therapeutic radiographer,Interviewing,Thomas Gross
1662,2023-05-29,Michael,Pena,Other,18-12-1993,###############################################################################################################################################################################################################################################################,jenkinskaren@example.com,80293 Parrish Plains,South Summerstad,ND,55287,Martinique,Master's Degree,8,71267.03,Firefighter,Interviewing,Michael Pena
1663,2023-05-24,Zachary,Proctor,Other,31-05-1969,(380)492-0159x5974,melissa61@example.com,7347 Donald Springs Apt. 900,South Cindy,GA,83753,Portugal,High School,1,39988.8,Operations geologist,Rejected,Zachary Proctor
1664,2023-06-14,Sandra,Church,Other,27-02-1963,417.422.8776,kendra39@example.com,61842 James Club Apt. 753,Baileyside,WY,98986,Belgium,Master's Degree,18,98984.26,Chief Marketing Officer,Interviewing,Sandra Church
1665,2023-07-01,Cheyenne,Murphy,Female,19-02-1969,###############################################################################################################################################################################################################################################################,staffordrachel@example.com,548 Cherry Loaf Apt. 183,North Brittany,IL,28153,Myanmar,PhD,3,99926.3,"Designer, multimedia",Offered,Cheyenne Murphy
1666,2023-05-10,Meredith,Rojas,Other,21-07-1967,505.273.1434x7064,annakaiser@example.org,649 Amber Turnpike,Baileyview,ND,92357,Jamaica,Master's Degree,11,37881.44,Government social research officer,In Review,Meredith Rojas
1667,2023-05-25,Bobby,Bailey,Other,17-01-1981,(922)612-3850x402,onewton@example.net,491 Jason Landing Suite 407,Masontown,ND,91782,Chile,High School,20,60907.1,Water quality scientist,Applied,Bobby Bailey
1668,2023-05-28,Teresa,Williams,Male,29-07-1991,001-944-292-2284,jneal@example.org,5961 Guerra Inlet Suite 707,Kimberlyhaven,IA,58446,Palau,High School,18,42031.99,Risk manager,In Review,Teresa Williams
1669,2023-05-18,Jordan,Gallegos,Male,26-02-1994,001-646-697-7831x302,angelarandall@example.com,676 Moore Plain Apt. 832,Leestad,AZ,44053,Tajikistan,High School,1,97990.92,Insurance risk surveyor,Offered,Jordan Gallegos
1670,2023-06-06,Samantha,Perez,Female,10-04-1987,466-814-9737x8656,franciscoturner@example.net,3876 Montgomery Bridge Apt. 190,North Zachary,LA,5451,Montserrat,Master's Degree,9,67460.8,Retail manager,Interviewing,Samantha Perez
1671,2023-05-24,Jimmy,Jones,Male,19-12-1986,+1-342-425-3925x1965,lisa22@example.org,11034 Cook Fields,Holtstad,FM,25905,Mauritania,Bachelor's Degree,13,50526.67,Printmaker,Interviewing,Jimmy Jones
1672,2023-06-24,Andrea,Allen,Other,13-04-1965,790.483.6943x649,qsantana@example.org,9993 Lopez Square,Haileytown,CT,81467,Seychelles,PhD,11,89062.24,Race relations officer,In Review,Andrea Allen
1673,2023-05-08,Cathy,Garner,Female,09-11-1995,555.705.8758,joseph78@example.org,1147 Rice Mills,South Scott,MH,73644,Nauru,High School,12,71227.2,Fitness centre manager,In Review,Cathy Garner
1674,2023-06-28,Linda,Myers,Male,08-05-1993,(221)215-6616x99267,williamsrandy@example.net,606 Hinton Rest,Markmouth,ID,47966,Malta,High School,18,92397.05,"Engineer, electrical",Applied,Linda Myers
1675,2023-07-29,Ryan,Martinez,Other,02-03-1988,001-824-617-3228,tfuller@example.org,0403 Nicole Neck,Port Stacey,KY,46028,Germany,Master's Degree,4,90734.53,Higher education lecturer,Offered,Ryan Martinez
1676,2023-06-12,Mary,Miles,Other,21-12-1994,+1-544-478-0775x8116,matthewmartin@example.org,3823 Tyler Tunnel,Lake Elizabethberg,RI,74118,Mongolia,PhD,17,50056.06,Passenger transport manager,In Review,Mary Miles
1677,2023-07-02,Lisa,Ellis,Male,27-06-1995,+1-588-912-7910x4978,woodardjane@example.net,116 Brittany Trail Apt. 131,North Stevenport,PA,63326,Dominican Republic,High School,1,57144.91,"Pharmacist, community",Interviewing,Lisa Ellis
1678,2023-05-13,Kelly,Williams,Other,30-08-1994,622-363-8501x90711,meganmckinney@example.org,2388 Garrison Loaf,New Tiffany,FL,6626,Austria,Master's Degree,13,93778.3,"Radiographer, diagnostic",Rejected,Kelly Williams
1679,2023-06-25,Lonnie,Garcia,Female,18-08-1983,(837)317-9351x504,philipburke@example.org,378 Joshua Brooks,Andersonview,SD,44738,Andorra,Bachelor's Degree,0,81740.68,Ophthalmologist,Applied,Lonnie Garcia
1680,2023-06-19,Victoria,Fletcher,Male,28-09-1980,+1-663-384-2551x072,achen@example.com,471 Kevin Field Apt. 802,Samanthatown,ND,83117,Maldives,PhD,2,62223.64,Agricultural engineer,In Review,Victoria Fletcher
1681,2023-05-31,George,Williams,Male,14-09-1998,001-466-833-4685x751,darrell04@example.com,437 Huff Greens,Mercerside,NV,49846,Cote d'Ivoire,PhD,6,64868.15,Biomedical engineer,Applied,George Williams
1682,2023-05-16,Laura,Smith,Male,24-08-2004,###############################################################################################################################################################################################################################################################,rangeltammy@example.net,314 Nelson Fort Apt. 977,South Susan,CA,37138,Lebanon,High School,3,30307.65,"Psychologist, counselling",Interviewing,Laura Smith
1683,2023-07-11,Monica,Murray,Male,25-12-1979,463.706.8934x71311,hgriffin@example.net,106 Angel Row Suite 822,Jacobsberg,PW,73542,Burundi,Bachelor's Degree,16,63814.1,Insurance claims handler,Applied,Monica Murray
1684,2023-06-15,Sarah,Peck,Male,18-05-1970,349-868-0192,steintom@example.com,366 Hernandez Lakes,Christophertown,KY,27623,Mongolia,Master's Degree,13,46107.5,Financial controller,Offered,Sarah Peck
1685,2023-05-22,David,Cook,Male,23-06-1966,###############################################################################################################################################################################################################################################################,luke17@example.net,2384 Anderson Key,Heathview,NY,91213,Somalia,PhD,11,96510.26,Charity officer,Offered,David Cook
1686,2023-05-09,Jennifer,Franklin,Female,10-09-1980,(776)417-5608,xpugh@example.net,0631 Cook Knolls Suite 623,Padillaland,AR,49659,Saint Martin,High School,20,94944.14,"Engineer, building services",Offered,Jennifer Franklin
1687,2023-07-20,Olivia,Sutton,Female,11-07-1963,001-659-300-6964x74451,brownjessica@example.net,58960 Shaun Extensions,Barnettside,ME,37106,Portugal,PhD,9,71409.15,Fast food restaurant manager,Applied,Olivia Sutton
1688,2023-07-27,Elizabeth,Ruiz,Female,05-11-1997,001-844-546-5996x542,mckayluis@example.com,1062 Benjamin Viaduct,North Ryanport,WV,91841,Rwanda,Bachelor's Degree,2,68000.06,Systems developer,Rejected,Elizabeth Ruiz
1689,2023-06-24,Laura,Anderson,Female,03-04-1973,+1-246-455-8002x10946,chelseajohnson@example.net,945 Jonathan Oval Suite 536,Port Stephen,NC,18109,Senegal,Master's Degree,7,99397.13,Medical technical officer,Offered,Laura Anderson
1690,2023-06-25,Kenneth,Wilson,Other,28-09-1966,731.826.8228x482,trollins@example.net,62543 Harris Island Apt. 156,Debrastad,VI,75129,Chad,PhD,20,41335.27,Fast food restaurant manager,Interviewing,Kenneth Wilson
1691,2023-07-19,Thomas,Allen,Female,29-07-1981,(344)910-2941,dsanders@example.org,79281 Robbins Road,Port Jenniferborough,UT,38317,Sudan,PhD,10,86897.69,Learning mentor,Applied,Thomas Allen
1692,2023-07-31,Ashley,Meyer,Other,16-05-1971,489-207-8552x497,jonathan35@example.net,495 Ashley Square,East Calebland,MD,62984,Gabon,PhD,9,44455.59,"Psychologist, occupational",In Review,Ashley Meyer
1693,2023-06-02,David,Hebert,Other,06-08-2000,(282)812-4914,lewistracy@example.net,071 Brett Crescent,West David,ID,6950,Solomon Islands,Bachelor's Degree,10,41924.87,Amenity horticulturist,In Review,David Hebert
1694,2023-05-09,Ruben,Waters,Female,26-05-1967,407-232-7406x19791,thamilton@example.org,918 Garza Roads Apt. 613,West Edwardborough,VI,5783,Hong Kong,Master's Degree,18,64706.57,Sports therapist,Applied,Ruben Waters
1695,2023-06-14,Nichole,Murphy,Other,17-04-1987,490.405.5998x193,vwilson@example.org,0294 Madison Ferry Apt. 797,Christineland,PR,17867,Colombia,PhD,6,76829.0,Chief Financial Officer,Offered,Nichole Murphy
1696,2023-05-13,Justin,Sanford,Male,26-10-1993,###############################################################################################################################################################################################################################################################,rachel95@example.org,93089 Bailey Pine,Brownchester,PW,75369,United States Virgin Islands,PhD,16,78267.16,Electrical engineer,In Review,Justin Sanford
1697,2023-05-14,Rachel,Gonzalez,Female,14-07-1967,246-516-8772x0071,claytonnancy@example.com,9751 Burgess Views,Abbottmouth,SD,86126,Seychelles,Master's Degree,7,96693.96,Surgeon,Applied,Rachel Gonzalez
1698,2023-07-30,Natalie,Williams,Female,01-02-1987,941-661-5833x00725,mooremegan@example.com,58113 Tony Square,Tiffanyfort,NV,98112,Albania,Bachelor's Degree,2,87777.24,Gaffer,Applied,Natalie Williams
1699,2023-05-27,Tina,Hurley,Female,07-10-1984,###############################################################################################################################################################################################################################################################,colleenblanchard@example.org,2494 Mcgee Port,Robertshire,NV,90782,Dominica,PhD,3,57174.57,Haematologist,In Review,Tina Hurley
1700,2023-06-20,Carol,Mitchell,Other,02-07-1997,001-302-476-9398x46024,gibsonshane@example.org,5078 Morris Mountains,Dustinberg,FL,99364,Nigeria,High School,5,82383.96,Publishing copy,Rejected,Carol Mitchell
1701,2023-07-17,Claudia,Bruce,Other,28-12-1965,(980)607-7611x131,smithstephanie@example.org,61405 Hawkins Burg Apt. 467,East Marcton,RI,76663,Tonga,High School,2,63790.03,Geographical information systems officer,Applied,Claudia Bruce
1702,2023-07-05,Patrick,Cruz,Male,05-11-2001,001-407-583-3563,thomas26@example.com,5573 Williams Flats Suite 824,Lake Laurenport,GU,10143,South Africa,Master's Degree,4,48722.76,"Programmer, multimedia",In Review,Patrick Cruz
1703,2023-07-22,Aaron,Caldwell,Female,16-12-1965,211.341.8143,andrew68@example.org,69096 Mitchell Squares,Port Christophermouth,SC,18209,Nepal,Bachelor's Degree,18,39953.67,Energy engineer,Offered,Aaron Caldwell
1704,2023-07-25,Elizabeth,Stanton,Male,04-11-1991,895-927-3997x4420,ebarber@example.org,71475 Rachel Parkway Suite 144,Geoffreyside,IL,51738,Saudi Arabia,Master's Degree,1,71390.57,Agricultural consultant,In Review,Elizabeth Stanton
1705,2023-07-02,Stephen,Fernandez,Female,10-09-1976,001-679-514-7550,belinda95@example.net,351 Rebecca Mountains,East Steven,NJ,98723,Saint Kitts and Nevis,Bachelor's Degree,19,44801.95,Clinical embryologist,In Review,Stephen Fernandez
1706,2023-07-06,Daniel,Marks,Female,31-08-1963,351.223.8895x692,jose99@example.org,93963 Michael Plain,Port Michael,GU,50042,Heard Island and McDonald Islands,Master's Degree,8,47418.65,Civil Service fast streamer,Rejected,Daniel Marks
1707,2023-05-23,Elizabeth,Jenkins,Female,13-12-1989,602.293.1550x18656,danielcummings@example.net,0805 Carter Turnpike,Ryanville,FL,9080,Nepal,High School,5,51577.76,"Lecturer, higher education",Interviewing,Elizabeth Jenkins
1708,2023-08-05,Deborah,Johnson,Male,03-05-1986,+1-922-238-5926x36193,pprice@example.com,87429 Daniel Circles Suite 747,New Whitney,NH,75407,Kuwait,Master's Degree,2,73136.4,Careers adviser,In Review,Deborah Johnson
1709,2023-06-18,Kristie,Moore,Female,20-07-1981,###############################################################################################################################################################################################################################################################,deleondebra@example.org,156 Gordon Neck Suite 208,Lake Sharonberg,MA,67470,Chile,PhD,1,59009.68,"Producer, television/film/video",Rejected,Kristie Moore
1710,2023-05-07,Brianna,Mitchell,Other,27-04-1998,+1-409-982-9297x021,meganlewis@example.net,44553 Terrell Ridges Apt. 264,Shannonmouth,ND,71134,Equatorial Guinea,Bachelor's Degree,16,89719.3,"Accountant, chartered public finance",Applied,Brianna Mitchell
1711,2023-07-31,David,Lewis,Other,29-07-2002,338.934.9216,etaylor@example.com,3907 Ford Burg Suite 990,Johnborough,OR,39114,Iraq,Bachelor's Degree,0,84492.57,Commissioning editor,Offered,David Lewis
1712,2023-07-17,James,Stanley,Female,09-07-1968,915.240.4302,ryangibson@example.net,467 Timothy Avenue Suite 770,New Jimmyfurt,KY,28974,New Caledonia,PhD,10,45876.72,Landscape architect,In Review,James Stanley
1713,2023-06-03,Susan,Wagner,Other,02-06-1985,001-985-696-9633,millersharon@example.com,1990 Haley Islands,Campbellbury,FM,78206,Djibouti,Master's Degree,11,83538.27,Clinical psychologist,Offered,Susan Wagner
1714,2023-07-16,Brandy,Paul,Male,19-06-1987,570-609-8420x270,bcruz@example.com,017 Rachel Hills,Clintonberg,ME,63479,Korea,High School,19,44522.68,Information officer,Applied,Brandy Paul
1715,2023-07-04,Kristin,Allen,Male,31-07-2002,362.536.3093x7106,murraydavid@example.net,69098 Bryan Club Apt. 368,West Kelly,NY,77865,Benin,Master's Degree,19,95257.39,Oceanographer,Applied,Kristin Allen
1716,2023-05-23,Jessica,Ferguson,Female,15-08-1962,+1-704-793-5012x6843,rgarcia@example.org,000 Chavez Landing,Port Anthonyview,WV,53446,Comoros,PhD,3,30713.13,"Production designer, theatre/television/film",Rejected,Jessica Ferguson
1717,2023-07-06,Gabrielle,Smith,Male,01-06-1999,+1-350-561-7155x0128,ybrown@example.org,418 Shawn Station Apt. 645,Robertsstad,LA,22233,Guernsey,Bachelor's Degree,19,39666.31,Publishing copy,Rejected,Gabrielle Smith
1718,2023-07-26,Todd,Huff,Female,15-01-1973,###############################################################################################################################################################################################################################################################,qthomas@example.net,3940 Gerald Stravenue Suite 971,South Michaelfort,VA,69183,Malawi,Bachelor's Degree,3,88328.71,"Engineer, chemical",Offered,Todd Huff
1719,2023-06-09,Jason,Hoffman,Female,07-05-1973,731-509-1863x7018,lewispamela@example.org,7493 Rivera Extension Suite 108,Richardtown,FM,51927,Comoros,PhD,12,30060.29,"Producer, television/film/video",In Review,Jason Hoffman
1720,2023-08-04,Sean,Robinson,Male,02-06-1974,001-360-892-6598x6952,uhuynh@example.com,01383 Gary Prairie Suite 505,Port David,IA,10370,Nigeria,Bachelor's Degree,0,57982.6,Product manager,Offered,Sean Robinson
1721,2023-05-08,Christopher,Jones,Male,25-10-1969,756-528-7081,ymartinez@example.net,20409 Perkins Wells,Gabrielstad,LA,43341,Central African Republic,Master's Degree,3,88774.59,"Psychotherapist, dance movement",Offered,Christopher Jones
1722,2023-08-02,Michael,Burgess,Female,22-10-1976,###############################################################################################################################################################################################################################################################,cathyburton@example.com,32465 Anderson Dale,New Jamesbury,AK,34142,British Indian Ocean Territory (Chagos Archipelago),Bachelor's Degree,4,98265.73,"Lecturer, further education",Rejected,Michael Burgess
1723,2023-05-26,Kevin,Reynolds,Male,04-06-1985,001-316-477-2153,hopkinsmichael@example.org,23850 Maxwell Mission,Fordville,AS,24463,Mexico,PhD,1,61384.13,Secretary/administrator,Interviewing,Kevin Reynolds
1724,2023-07-29,James,Boone,Female,08-07-1966,001-447-211-6784,efrench@example.com,06983 Washington Plains,West Danielle,MD,49448,Latvia,Bachelor's Degree,10,80630.35,"Engineer, electronics",Offered,James Boone
1725,2023-07-09,Kimberly,Carter,Female,16-12-1974,(961)710-8138,michaelsmith@example.net,41719 Aguilar Course Suite 714,North Derekshire,PA,55193,Fiji,Master's Degree,19,54646.9,Communications engineer,Offered,Kimberly Carter
1726,2023-07-14,Tiffany,Young,Female,08-11-1974,447.826.8533x53911,phines@example.com,10564 Peter Grove Apt. 105,West Melissaview,HI,52023,New Caledonia,High School,8,36378.18,Press photographer,Rejected,Tiffany Young
1727,2023-06-03,Kayla,James,Male,02-12-1999,###############################################################################################################################################################################################################################################################,alvareztracey@example.com,6712 Samuel Throughway,Blankenshipfurt,NY,87516,Liechtenstein,High School,8,78898.85,"Surveyor, building control",Offered,Kayla James
1728,2023-06-18,Mark,Gomez,Female,12-05-1970,+1-617-853-7900x9331,david02@example.com,685 Clinton Greens Apt. 949,North Christy,MD,17726,Myanmar,High School,15,78042.45,"Engineer, land",In Review,Mark Gomez
1729,2023-07-28,Jeffrey,Mclaughlin,Male,18-03-1969,657.449.5708x437,jenkinsjonathan@example.com,4388 Lewis Square Suite 099,Jamieside,SD,32510,Burkina Faso,PhD,0,75658.48,Chief Marketing Officer,In Review,Jeffrey Mclaughlin
1730,2023-06-05,Paul,Long,Male,02-09-1993,(998)356-6349x61249,stephanie06@example.com,5534 Jeffrey Viaduct,East Kimberlyberg,KY,21969,Comoros,PhD,18,41390.87,Advertising account planner,Interviewing,Paul Long
1731,2023-06-22,Gerald,Reed,Male,22-01-1966,###############################################################################################################################################################################################################################################################,mathissusan@example.org,1201 Nathaniel Trail Suite 537,Greenton,MO,94744,Switzerland,Master's Degree,7,49061.72,Petroleum engineer,In Review,Gerald Reed
1732,2023-06-21,James,Howard,Male,26-09-1999,+1-731-619-5375x28204,gsmith@example.com,364 Williams Road,Jennifermouth,VT,80551,Christmas Island,PhD,19,97290.19,Database administrator,Offered,James Howard
1733,2023-05-14,Cheryl,Rivera,Female,15-10-1998,850-401-5669,cnewton@example.net,566 Gordon Valley Apt. 170,Diazchester,NH,57328,Colombia,Bachelor's Degree,18,44203.17,Television production assistant,Rejected,Cheryl Rivera
1734,2023-07-16,Paul,Collins,Female,16-03-1995,416-480-1871x114,ygrimes@example.com,4509 Lisa Summit Apt. 419,Shannonshire,FM,58588,Djibouti,High School,9,30979.82,Clothing/textile technologist,Interviewing,Paul Collins
1735,2023-08-05,Shawn,Shepard,Other,23-08-1968,281-731-4144x12304,preston39@example.net,364 Calderon Station Suite 848,Charleshaven,NC,97768,Cameroon,High School,6,49102.73,Therapeutic radiographer,Interviewing,Shawn Shepard
1736,2023-05-19,Timothy,Rhodes,Male,24-08-1996,###############################################################################################################################################################################################################################################################,perickson@example.org,47995 Meyers River Suite 852,Roberthaven,NM,68793,Taiwan,PhD,1,82358.99,Sales executive,Applied,Timothy Rhodes
1737,2023-06-03,Joseph,Black,Female,20-08-1998,001-867-897-6591x7841,gabriel19@example.net,060 Michelle Station Apt. 915,Olsonfort,DE,48049,Mayotte,PhD,10,88199.55,Video editor,In Review,Joseph Black
1738,2023-06-07,Emily,Ward,Female,15-04-1989,001-852-512-6968x7968,martin18@example.org,015 Castillo Loaf Apt. 259,North Jared,HI,96174,Senegal,High School,9,80635.14,Insurance underwriter,Rejected,Emily Ward
1739,2023-07-31,Natalie,Castillo,Male,05-03-1993,511-900-5892x21899,jennifer29@example.net,98139 Koch Lake,Hallshire,CA,94822,Jordan,High School,1,48292.35,Rural practice surveyor,Rejected,Natalie Castillo
1740,2023-06-23,John,Davis,Other,01-09-1974,001-927-983-9457,harrisonjillian@example.com,8722 Mitchell Lake,Andrewberg,WA,13049,Trinidad and Tobago,Bachelor's Degree,7,50214.39,Animal nutritionist,Rejected,John Davis
1741,2023-05-07,Alex,Davis,Male,08-08-1989,+1-208-640-3947x668,johnjarvis@example.com,961 Michael Island Suite 329,Christopherburgh,TN,88995,Netherlands Antilles,PhD,7,33826.05,Patent examiner,Interviewing,Alex Davis
1742,2023-06-05,Derrick,Levy,Female,12-06-1987,782.281.2377x8170,salazarpeter@example.org,2013 Melton Trail Apt. 246,North Jerry,MH,41916,French Polynesia,PhD,16,33105.84,"Sound technician, broadcasting/film/video",Rejected,Derrick Levy
1743,2023-07-19,Jordan,Love,Other,16-10-1967,320-698-4208,becklindsey@example.org,05313 Micheal Port,Macdonaldview,WY,21332,Sudan,Master's Degree,4,50251.04,"Programmer, multimedia",In Review,Jordan Love
1744,2023-05-10,Tammy,Drake,Female,19-10-1962,(675)676-4704,chandlerwesley@example.org,531 Ramirez Harbors,Lauramouth,AK,76532,Equatorial Guinea,Bachelor's Degree,18,61289.08,"Engineer, energy",Interviewing,Tammy Drake
1745,2023-07-22,Joseph,Crane,Female,01-05-1974,###############################################################################################################################################################################################################################################################,nthomas@example.org,203 Brian Run Suite 695,Moranland,UT,12856,Slovenia,PhD,14,93023.34,"Journalist, magazine",Rejected,Joseph Crane
1746,2023-08-04,Carlos,Porter,Male,12-05-1980,###############################################################################################################################################################################################################################################################,clarkdebra@example.org,1699 Andrew Square,Johnbury,NM,53803,Lebanon,Bachelor's Degree,15,93104.03,Chief of Staff,Applied,Carlos Porter
1747,2023-07-24,Catherine,Griffith,Female,05-01-1998,(753)850-7103x0635,osharp@example.net,987 Christopher Well,Rachelton,MO,88214,Bouvet Island (Bouvetoya),Master's Degree,0,69150.04,Contractor,In Review,Catherine Griffith
1748,2023-06-19,Jennifer,Christensen,Other,15-06-1983,646-311-1424,hbaker@example.net,2671 Francis Square Suite 111,Port Jacobburgh,AK,87050,Cayman Islands,High School,18,98473.81,"Development worker, international aid",Offered,Jennifer Christensen
1749,2023-06-12,Charles,Marsh,Male,18-06-1968,(445)242-3457x8674,castillodiane@example.org,66593 Robertson Haven,Katherinefurt,UT,15469,Turkey,Master's Degree,15,96911.66,Arts development officer,Applied,Charles Marsh
1750,2023-07-23,Rachel,Salazar,Other,29-10-2003,###############################################################################################################################################################################################################################################################,robert77@example.com,643 Kenneth Union Suite 249,East Ashley,DE,51835,Taiwan,Master's Degree,12,56676.6,Ophthalmologist,Applied,Rachel Salazar
1751,2023-06-15,Gloria,Poole,Other,02-04-2005,(768)670-7071x452,rebekah55@example.org,56017 Margaret Mount,Nicoleton,NC,23345,Czech Republic,High School,7,30622.71,Radio broadcast assistant,In Review,Gloria Poole
1752,2023-05-25,Gabriel,Miller,Other,03-12-1964,(828)290-0923,jcortez@example.org,1429 Gallegos Roads Suite 341,South Amyport,AK,32964,Mongolia,PhD,15,53445.43,IT technical support officer,Offered,Gabriel Miller
1753,2023-06-09,Ashley,Bradley,Female,21-01-1986,743-330-3042x9235,perryemily@example.net,978 Beverly Springs,Bryanfurt,NE,12407,Kazakhstan,Bachelor's Degree,12,91705.23,Proofreader,Offered,Ashley Bradley
1754,2023-06-15,Shelly,Morris,Male,30-01-1989,933.352.2785x67024,smithbrittney@example.com,86419 Lisa Villages,Port Melissa,NE,87198,Taiwan,Bachelor's Degree,2,41209.72,"Pharmacist, community",Applied,Shelly Morris
1755,2023-05-14,Anthony,Black,Male,02-03-1998,001-579-344-8958x5932,edwardsandrea@example.com,876 Jones Coves Apt. 660,Burtonville,DC,45384,Bahrain,High School,13,74612.39,Lexicographer,Interviewing,Anthony Black
1756,2023-05-16,Cynthia,Burton,Other,27-02-1987,(699)308-7467x9888,denise42@example.com,143 Nicholas Lane Suite 917,Port Melindaville,IL,39187,Bhutan,Bachelor's Degree,16,91619.1,Chartered certified accountant,Rejected,Cynthia Burton
1757,2023-07-14,Aaron,Stanton,Female,23-09-1967,+1-801-687-7351x176,laura62@example.net,218 Park Drive,Lake Josephburgh,AZ,14235,Panama,Bachelor's Degree,13,65077.3,Arboriculturist,Rejected,Aaron Stanton
1758,2023-06-18,Lindsey,Rogers,Other,11-04-2002,(364)257-7646x056,jjordan@example.org,79639 Brandon Bypass Suite 096,North Jessica,HI,29450,Wallis and Futuna,High School,7,50412.2,Osteopath,In Review,Lindsey Rogers
1759,2023-05-29,Gregory,Cross,Female,18-05-1965,###############################################################################################################################################################################################################################################################,sandraevans@example.com,46791 Mason Lock Apt. 281,New Michael,PW,6925,Kyrgyz Republic,Bachelor's Degree,9,48103.94,"Programmer, applications",Rejected,Gregory Cross
1760,2023-07-30,Melissa,Cross,Female,19-05-1993,###############################################################################################################################################################################################################################################################,mooreandre@example.com,6620 Rodriguez Prairie,Smithstad,MP,54119,Niger,Master's Degree,10,45242.32,Neurosurgeon,Offered,Melissa Cross
1761,2023-05-25,Sara,Mccarthy,Male,23-09-1998,951-343-7830x0433,jsingleton@example.com,8562 Angela Haven Suite 858,West David,OK,41069,Romania,Master's Degree,18,32058.71,"Therapist, art",Applied,Sara Mccarthy
1762,2023-06-15,Amy,Williams,Male,18-12-1999,891-705-2200x7894,bridgesjoy@example.org,0092 David Parkway Suite 150,Lake Ashley,TN,37111,Honduras,Bachelor's Degree,11,76737.73,Tax inspector,Offered,Amy Williams
1763,2023-07-25,Amanda,Moore,Female,16-11-1976,+1-427-360-1230x12077,sara78@example.net,1362 Jensen Wall Apt. 145,East Brendaton,VA,83517,Burundi,Bachelor's Degree,6,34123.79,Automotive engineer,In Review,Amanda Moore
1764,2023-06-22,Sarah,Compton,Female,05-07-1994,883-449-4080,rebecca17@example.org,710 Patrick Plains,Lake Jesseland,ME,28350,Kenya,Bachelor's Degree,0,60811.14,"Buyer, retail",Interviewing,Sarah Compton
1765,2023-05-24,James,Mosley,Other,21-05-1971,362-334-3081,melaniejones@example.org,483 Ashley Mountains,Shannonfurt,GU,39507,Marshall Islands,High School,4,88627.14,Clinical molecular geneticist,In Review,James Mosley
1766,2023-07-05,Louis,Hall,Male,28-12-1991,654.674.3785,vmolina@example.org,7007 Zamora Divide Suite 301,Brewerview,LA,98481,Iran,Bachelor's Degree,11,73409.85,Clinical psychologist,Offered,Louis Hall
1767,2023-05-25,Alan,Ochoa,Male,14-10-1978,362-377-8035,nrose@example.net,112 Benjamin Rapid Suite 149,Port Daniellefurt,PW,71074,Djibouti,Bachelor's Degree,16,70203.58,"Engineer, broadcasting (operations)",In Review,Alan Ochoa
1768,2023-07-25,Shawn,Berry,Male,20-11-1970,(560)995-5974,james30@example.org,335 Ross Forest Suite 991,Lake Justinfort,GA,56720,Mozambique,Master's Degree,0,48910.13,"Surveyor, building",Offered,Shawn Berry
1769,2023-07-24,Vickie,Ramirez,Other,09-12-1975,###############################################################################################################################################################################################################################################################,elizabethromero@example.net,630 Angela Haven Suite 365,North Kellyhaven,IN,77666,Malaysia,Bachelor's Degree,9,40584.31,Comptroller,Applied,Vickie Ramirez
1770,2023-05-22,Nicholas,Richards,Male,16-01-2005,+1-231-883-6444x82979,christophermarshall@example.com,03448 Heather Station Suite 639,East William,SD,90053,China,Bachelor's Degree,14,75585.36,Cartographer,Offered,Nicholas Richards
1771,2023-06-12,Eddie,Lawson,Male,30-12-1999,775-325-7884,penatimothy@example.com,11318 Eric Loaf,North Rickyview,VI,89250,Cuba,High School,12,97818.65,Cytogeneticist,Applied,Eddie Lawson
1772,2023-07-18,Joseph,Carson,Female,28-03-1968,+1-200-327-3063x1946,fcooper@example.org,88864 Douglas Plaza Apt. 184,Smithtown,SD,56453,Mozambique,PhD,13,46327.55,"Psychotherapist, dance movement",In Review,Joseph Carson
1773,2023-07-23,Jessica,Rivera,Other,12-08-1994,###############################################################################################################################################################################################################################################################,kking@example.net,684 Fuller Streets,South Melissaport,AS,40601,Guam,Master's Degree,12,71853.04,Art gallery manager,Applied,Jessica Rivera
1774,2023-06-13,Justin,Richards,Male,30-08-1995,###############################################################################################################################################################################################################################################################,christopherhayes@example.org,25453 Brown Causeway,North Austin,RI,84391,Nicaragua,High School,17,83571.45,Engineering geologist,Applied,Justin Richards
1775,2023-07-10,Lawrence,Harris,Female,11-10-1983,684-419-9425,msmith@example.net,74219 Garrett Plain Apt. 261,West Traciland,NY,25080,Eritrea,Bachelor's Degree,15,45565.61,Communications engineer,Applied,Lawrence Harris
1776,2023-05-18,Laura,Brown,Male,21-03-1990,001-649-686-4001x341,katherine00@example.com,69071 Liu Crest Apt. 317,Shawmouth,IA,89746,Maldives,PhD,10,88635.48,Mechanical engineer,Applied,Laura Brown
1777,2023-07-12,Cindy,Collins,Male,09-12-1993,001-857-413-3608,tammy52@example.net,01842 Alexandra Rapids,South Lisaville,GU,7932,Iran,Master's Degree,10,38153.77,Estate manager/land agent,Interviewing,Cindy Collins
1778,2023-06-06,Brenda,Jones,Female,22-05-1965,668.265.8622,jnorman@example.org,1038 Molly Lights Suite 832,Owensmouth,IL,13731,Hong Kong,Master's Degree,2,46300.01,Film/video editor,Rejected,Brenda Jones
1779,2023-06-24,Mary,Fowler,Male,05-03-2003,(917)901-0914,dicksonsandra@example.org,90673 Wanda Wells Apt. 464,Bushtown,IN,27499,Czech Republic,Bachelor's Degree,18,96590.56,Network engineer,Interviewing,Mary Fowler
1780,2023-06-14,Alyssa,Rivers,Other,20-03-1975,(320)788-5710,williamsdanielle@example.org,935 Johnny Pass Suite 895,Mckinneyton,MI,90921,Montserrat,High School,3,62356.72,"Administrator, local government",In Review,Alyssa Rivers
1781,2023-06-06,Christine,Liu,Female,18-07-1972,###############################################################################################################################################################################################################################################################,angiecooley@example.org,127 Tapia Mountain Apt. 555,Gibsonburgh,CT,45142,Equatorial Guinea,Bachelor's Degree,9,89750.72,"Lighting technician, broadcasting/film/video",Applied,Christine Liu
1782,2023-05-28,Stacy,Morgan,Other,24-06-1967,(860)789-0845,susan08@example.com,0485 Erik Extensions,Lake Vanessa,UT,49537,Comoros,High School,20,84736.19,Academic librarian,Rejected,Stacy Morgan
1783,2023-07-02,Wesley,Olson,Other,05-01-1963,###############################################################################################################################################################################################################################################################,sean92@example.com,48910 Burnett Burgs,North Frederick,VT,62190,Cook Islands,Bachelor's Degree,6,69315.2,Clinical embryologist,Applied,Wesley Olson
1784,2023-08-05,Warren,Beck,Other,24-01-1969,+1-612-674-2502x65903,xavier88@example.com,6073 Gonzalez Port,Mariehaven,CA,53732,Jersey,PhD,13,54385.2,Equities trader,Applied,Warren Beck
1785,2023-05-18,William,Montoya,Other,13-03-1983,469.288.7238,haileyfreeman@example.net,0067 Beth Track Suite 302,Hillstad,HI,47634,Gabon,PhD,17,46864.25,Special educational needs teacher,Applied,William Montoya
1786,2023-05-26,Michael,Bell,Female,08-03-1986,001-443-689-2277,gutierrezbrandy@example.net,44030 Anderson Trail Suite 117,Lake Rebeccafort,ME,62302,Sweden,Master's Degree,5,76991.03,Meteorologist,Applied,Michael Bell
1787,2023-05-21,Jose,Fernandez,Other,20-09-1976,(298)550-1364,baileywesley@example.com,076 Shaffer Garden Apt. 759,Donaldshire,MP,45549,Lao People's Democratic Republic,PhD,19,48469.98,Economist,Rejected,Jose Fernandez
1788,2023-07-13,David,Cox,Other,07-04-1988,339.465.6238x460,clarkjeffrey@example.org,66829 Stephanie Branch,Hollyland,RI,28798,Maldives,Bachelor's Degree,11,80661.25,Insurance account manager,Offered,David Cox
1789,2023-08-02,Carlos,Edwards,Male,19-11-1975,+1-616-212-1311x196,qpetersen@example.com,2494 Jacob Stream Suite 659,Michaelmouth,MP,37171,Pakistan,High School,7,59477.17,"Scientist, research (life sciences)",Offered,Carlos Edwards
1790,2023-06-12,Tamara,Martinez,Female,22-05-1977,462.216.9399,cindy54@example.net,21902 Karen Stream,Coleburgh,IL,30432,Palestinian Territory,Bachelor's Degree,2,33359.18,"Horticulturist, amenity",In Review,Tamara Martinez
1791,2023-05-19,Elaine,Smith,Other,12-06-1996,664.315.8238x157,piercesara@example.org,2458 Pena Village,New Joshua,WV,98685,Ireland,High School,17,43251.59,Economist,Rejected,Elaine Smith
1792,2023-05-31,Caitlin,Garcia,Other,20-03-1981,(281)498-5598x050,zmorgan@example.net,450 Hood Union Suite 231,Gilesberg,CO,48500,Congo,Master's Degree,11,66749.83,"Producer, television/film/video",Applied,Caitlin Garcia
1793,2023-06-11,Joseph,Bennett,Male,21-08-1962,471.607.7739x99362,ricardopatterson@example.net,4636 Robert Hill,Lake Johntown,MP,30477,Indonesia,Bachelor's Degree,3,78005.34,Medical technical officer,Offered,Joseph Bennett
1794,2023-05-27,Sydney,Rocha,Other,23-06-1990,974-999-6754,trevormarshall@example.com,79239 Dale Burg Apt. 528,North Phillipmouth,NH,65382,Zimbabwe,Bachelor's Degree,6,30263.8,Chief Technology Officer,Applied,Sydney Rocha
1795,2023-06-11,Joshua,Hopkins,Female,15-03-1984,###############################################################################################################################################################################################################################################################,edwardlopez@example.com,05289 Liu Run,East Toddfort,MP,43551,China,PhD,1,73802.81,Nutritional therapist,Applied,Joshua Hopkins
1796,2023-05-26,Lance,Trujillo,Male,20-06-1970,(621)525-5129x3962,denise71@example.org,881 Samantha Crossroad,New Paulstad,PR,5040,Bulgaria,PhD,17,73975.64,Actuary,Offered,Lance Trujillo
1797,2023-06-02,Melissa,Smith,Male,26-06-2001,(826)862-7911x3655,emily16@example.net,26319 Williams Courts,Gracestad,CT,88506,Guinea-Bissau,High School,7,41289.24,Pharmacologist,In Review,Melissa Smith
1798,2023-06-16,Matthew,Wade,Female,21-01-2001,486-612-8081,davidgutierrez@example.net,96407 Elizabeth Plaza,Potterchester,WY,72527,Poland,Master's Degree,4,31178.56,Minerals surveyor,Interviewing,Matthew Wade
1799,2023-06-19,Jennifer,Rangel,Other,19-06-1994,+1-834-274-2067x766,wbrown@example.net,424 Christopher Fall,South Amandahaven,IA,23432,Slovakia (Slovak Republic),PhD,15,49721.32,Higher education lecturer,In Review,Jennifer Rangel
1800,2023-05-24,Donald,Yoder,Male,23-09-2004,583-605-2634x9851,dwhite@example.org,5784 James Meadow,East Debrafurt,DE,59883,Antarctica (the territory South of 60 deg S),High School,1,50172.24,Radio producer,Applied,Donald Yoder
1801,2023-05-09,Scott,Lane,Male,16-05-2005,001-603-688-5509x9540,annharmon@example.com,1645 Walker Bypass Suite 693,North Heatherfurt,MP,58972,Cuba,Master's Degree,7,42097.19,"Research officer, government",Rejected,Scott Lane
1802,2023-08-03,Ann,Higgins,Female,22-05-1991,(754)386-6338x4530,anthony35@example.com,22583 Lewis Spring Apt. 550,Patriciafort,AZ,4838,Zambia,High School,20,43058.16,Veterinary surgeon,Interviewing,Ann Higgins
1803,2023-08-04,Travis,Buchanan,Other,27-04-1990,+1-801-781-2452x507,mikejones@example.net,167 Sharon Mountain Apt. 367,South Susanville,IA,45865,Thailand,PhD,4,93358.13,Armed forces training and education officer,Rejected,Travis Buchanan
1804,2023-05-06,Jason,Bennett,Other,14-10-1966,001-322-940-4380x53610,clarence09@example.com,9607 Heather Cape Apt. 625,Fishermouth,MN,3876,Gabon,Master's Degree,2,94437.44,Data scientist,Interviewing,Jason Bennett
1805,2023-07-26,Rhonda,Alvarado,Male,23-01-1984,+1-648-854-1095x3419,rogerskaren@example.net,52529 Ray Ports,Susanport,TX,18354,Uzbekistan,Bachelor's Degree,13,42439.18,Futures trader,In Review,Rhonda Alvarado
1806,2023-06-09,Barbara,Long,Other,15-07-1966,(214)866-8767x2930,creynolds@example.org,56438 Shaffer Glen Apt. 973,Carmenside,AZ,49552,Botswana,Master's Degree,3,79345.99,Magazine journalist,In Review,Barbara Long
1807,2023-06-19,Tina,Anthony,Male,27-04-1963,(344)451-3389,debraharding@example.com,691 Burns Corners,East Jenniferhaven,MS,36037,Uruguay,PhD,3,62235.98,Armed forces training and education officer,In Review,Tina Anthony
1808,2023-07-03,Mary,Wheeler,Female,26-10-1977,(712)377-8874x93981,joshuajohnson@example.org,61097 David Mission Suite 770,Smithhaven,AK,87717,Burkina Faso,Bachelor's Degree,6,55406.85,"Engineer, structural",Applied,Mary Wheeler
1809,2023-06-17,Jonathan,Martinez,Other,07-09-1975,001-595-480-2243x115,johnmccarty@example.net,61082 Webster Cliffs Apt. 228,Petersonport,FL,26633,Timor-Leste,Bachelor's Degree,9,40848.35,Industrial buyer,Rejected,Jonathan Martinez
1810,2023-07-14,Ryan,Morales,Male,28-08-1998,660.758.9093x16937,rkim@example.com,626 Ortega Parkways,Lake Kevin,LA,48036,Sudan,PhD,11,51248.98,Environmental consultant,Offered,Ryan Morales
1811,2023-07-08,Kimberly,Grant,Female,07-11-1994,555.707.8748,csanford@example.org,90809 Delgado Meadow Suite 714,Lake Nathanport,WI,27553,Serbia,Bachelor's Degree,11,54499.96,Forensic scientist,Rejected,Kimberly Grant
1812,2023-06-30,Alex,Johnston,Male,30-06-1971,631.352.3168,robert10@example.net,69512 Taylor Crescent,Lake Dominic,IL,94762,Germany,PhD,18,56293.36,Aeronautical engineer,Interviewing,Alex Johnston
1813,2023-07-16,Victoria,Ball,Female,10-03-1979,312.872.4099x91909,snavarro@example.net,063 Alexa Squares Suite 645,Davidfort,CO,39202,France,High School,8,69065.9,IT sales professional,Offered,Victoria Ball
1814,2023-08-04,Monique,Cole,Male,19-05-1994,694.858.6148,lee08@example.org,5253 Joshua Mountain Suite 429,South Ian,IA,5498,Argentina,Master's Degree,18,73405.12,Aeronautical engineer,Offered,Monique Cole
1815,2023-05-21,Donald,King,Female,17-05-1973,###############################################################################################################################################################################################################################################################,tmassey@example.org,2173 Joan Course,East Carolineside,NY,98471,Burkina Faso,Bachelor's Degree,2,80671.04,"Restaurant manager, fast food",Applied,Donald King
1816,2023-06-30,Diana,Adkins,Male,13-07-1978,001-542-915-3123x181,sullivanmaurice@example.net,9248 Ross Keys,New Ricky,CT,98941,Lebanon,PhD,20,31417.67,Artist,Offered,Diana Adkins
1817,2023-06-10,Maria,Brown,Other,10-06-1993,606-215-6372,carterperry@example.com,4384 Robinson Green,Anthonystad,MH,59489,Yemen,Bachelor's Degree,4,83050.79,Field trials officer,Applied,Maria Brown
1818,2023-06-04,Mitchell,Collins,Female,05-12-1997,###############################################################################################################################################################################################################################################################,peaton@example.org,52255 Parker Mission,West Derrick,DE,68098,Taiwan,Bachelor's Degree,6,38489.68,"Teacher, music",Applied,Mitchell Collins
1819,2023-07-03,Amanda,Peters,Female,14-04-1977,727.495.6932,coxtony@example.org,5445 Mendoza Points,Nguyentown,PW,46200,Kyrgyz Republic,Master's Degree,1,78462.13,Manufacturing systems engineer,Rejected,Amanda Peters
1820,2023-06-01,Jeffrey,Wells,Other,24-03-1995,###############################################################################################################################################################################################################################################################,cprice@example.net,8260 Christopher Mountains,Christineburgh,AS,94731,Paraguay,Bachelor's Degree,18,46589.51,Musician,Rejected,Jeffrey Wells
1821,2023-06-16,Amy,Mahoney,Female,28-10-1985,284.321.1329x706,kswanson@example.com,414 Stone Throughway,South Scottburgh,NH,52585,Namibia,High School,20,88965.43,Historic buildings inspector/conservation officer,Applied,Amy Mahoney
1822,2023-07-09,Sabrina,Greene,Male,20-10-1977,001-485-433-9840,michael80@example.org,4406 Sandoval Islands Apt. 715,South Joelland,WA,48489,Palau,PhD,15,65949.83,Restaurant manager,In Review,Sabrina Greene
1823,2023-07-04,John,Rogers,Other,03-09-1978,+1-293-496-5866x89864,melvinmiller@example.com,79454 Sullivan Route,Donaldbury,AZ,58480,Montserrat,High School,8,70086.21,Pathologist,Interviewing,John Rogers
1824,2023-05-06,Michael,Davis,Female,25-07-1992,001-969-642-3532,yzamora@example.com,3891 David Viaduct Suite 247,Lake Brandonstad,SC,98229,Paraguay,High School,3,99104.1,Training and development officer,Interviewing,Michael Davis
1825,2023-05-21,Stacey,Hunt,Other,21-11-1966,001-775-993-4206x03504,stevenharrison@example.com,1348 Sara Shores,Garystad,IA,86640,Norfolk Island,Bachelor's Degree,11,67459.56,Professor Emeritus,Interviewing,Stacey Hunt
1826,2023-07-31,John,Green,Female,11-06-1969,(513)576-2651x927,dawnmitchell@example.com,4220 Mark View Suite 079,West Benjamin,VI,87910,Switzerland,Bachelor's Degree,16,86993.22,"Geologist, engineering",In Review,John Green
1827,2023-06-29,Heather,Ellis,Male,25-02-1982,(411)888-1536x5596,proctorsean@example.org,74432 Diana Mountains Apt. 618,Erinmouth,MD,9708,Netherlands,High School,1,49825.65,"Psychologist, educational",In Review,Heather Ellis
1828,2023-05-12,Edward,Hart,Male,23-07-1989,(331)293-8047,shermantammy@example.org,1986 Kerr Burg Suite 407,Mcmahonside,AK,78454,Greenland,Master's Degree,8,84628.62,Psychiatrist,Interviewing,Edward Hart
1829,2023-05-15,Isaac,Taylor,Female,23-12-1992,###############################################################################################################################################################################################################################################################,lisa82@example.org,014 Daniel Lodge,Lake Samuel,IA,55346,Zimbabwe,Master's Degree,12,79169.26,Bookseller,Offered,Isaac Taylor
1830,2023-06-09,Michelle,Gallagher,Male,03-01-1970,976.525.3928,shelbyjones@example.org,03632 Stephen Light Suite 865,Montoyaberg,MP,71822,Japan,PhD,4,82860.76,"Scientist, research (medical)",Applied,Michelle Gallagher
1831,2023-07-08,Janice,Tyler,Female,06-06-1963,(885)967-2890x565,irussell@example.com,2004 James Cape Suite 039,Port Tinaport,CA,75371,Cuba,Bachelor's Degree,6,60490.53,Data processing manager,Interviewing,Janice Tyler
1832,2023-05-12,Dustin,Wolfe,Female,04-02-1974,+1-478-414-3888x936,luke63@example.com,242 Patrick Green,Port Mariaside,VA,53335,Finland,High School,2,85751.29,Technical sales engineer,Interviewing,Dustin Wolfe
1833,2023-05-30,Diana,Durham,Female,08-08-1969,001-821-970-0700x825,nguyenstuart@example.com,2923 Harris Mill Apt. 263,New Antonio,ID,45433,Brunei Darussalam,Master's Degree,0,59824.34,Careers information officer,Interviewing,Diana Durham
1834,2023-08-05,Fred,Lopez,Male,09-07-2001,775-366-7118x4706,joellewis@example.org,54115 Cruz Mall,Port Ronaldburgh,AS,28741,Djibouti,Master's Degree,20,64658.65,Geophysical data processor,In Review,Fred Lopez
1835,2023-05-14,Kevin,Benson,Other,06-09-1975,672-409-1627x536,joshua16@example.com,19569 Bryant Mall Suite 585,North Mike,WY,53389,Netherlands,Bachelor's Degree,10,56179.11,Forest/woodland manager,Offered,Kevin Benson
1836,2023-06-01,Maureen,Bates,Female,19-11-1977,###############################################################################################################################################################################################################################################################,lwoods@example.org,85534 Levy Mount,Murraystad,PA,29175,United States Minor Outlying Islands,Master's Degree,20,75463.44,Location manager,Rejected,Maureen Bates
1837,2023-08-04,James,Robinson,Male,15-04-1998,+1-521-432-8214x002,briannaking@example.org,88635 Andrew Mission,Port Nathanielshire,WI,55794,China,Master's Degree,10,30822.85,Plant breeder/geneticist,Rejected,James Robinson
1838,2023-07-17,Lydia,Williams,Other,29-11-1990,355.634.0650x89206,andersonpreston@example.com,888 Barbara Walks Suite 372,Port Kurtville,VI,34848,Italy,Bachelor's Degree,13,48800.24,Community development worker,In Review,Lydia Williams
1839,2023-08-01,Nicholas,Stone,Male,22-10-1963,334.919.6261,richard34@example.org,4209 Stephens Corners,Jeffreyberg,MA,7248,United Arab Emirates,Master's Degree,4,57412.74,Chief Financial Officer,In Review,Nicholas Stone
1840,2023-07-19,Debra,Schwartz,Other,11-10-1987,001-535-866-0894x0266,emily55@example.net,24251 Steven Station,North James,MN,76994,Honduras,Master's Degree,9,45637.93,"Therapist, music",Interviewing,Debra Schwartz
1841,2023-06-12,Kyle,Kerr,Male,06-05-1991,975-926-0714x5794,john85@example.net,6940 Ramos Pine,South Henry,MT,99576,Moldova,High School,5,34735.12,Ambulance person,Applied,Kyle Kerr
1842,2023-07-14,Elizabeth,Crawford,Male,12-05-1971,###############################################################################################################################################################################################################################################################,austinburnett@example.org,8027 Brandon Dam Suite 616,Stephenbury,AZ,70974,Qatar,High School,17,92207.39,Visual merchandiser,Interviewing,Elizabeth Crawford
1843,2023-05-29,Sarah,Young,Male,01-03-1999,817.275.8856x95849,colemanmatthew@example.net,407 Roger Village Suite 382,Richardville,KS,30979,Morocco,PhD,10,69584.11,Magazine features editor,Interviewing,Sarah Young
1844,2023-05-11,Thomas,Webster,Male,14-02-2002,001-834-619-1172x849,lelliott@example.net,36196 Holmes Springs Apt. 025,Whitneytown,VA,33191,Solomon Islands,Bachelor's Degree,3,36403.08,Water quality scientist,Applied,Thomas Webster
1845,2023-05-12,Kevin,Rose,Female,04-06-1979,933.551.7205x792,margaret37@example.com,5956 Crystal Forges,North Julie,OH,64939,Montenegro,PhD,1,81398.3,Sales executive,Rejected,Kevin Rose
1846,2023-05-31,William,Cervantes,Female,01-11-1964,###############################################################################################################################################################################################################################################################,fitzgeraldpatricia@example.net,81353 Christopher Haven,Jessicaburgh,ME,59357,Guam,Bachelor's Degree,1,91468.8,Gaffer,In Review,William Cervantes
1847,2023-05-14,James,Greer,Female,02-03-1985,001-929-805-9207x5026,urogers@example.net,4711 Cruz Meadows Apt. 978,Zimmermanton,NE,63182,Algeria,Bachelor's Degree,1,90734.33,Sports therapist,Offered,James Greer
1848,2023-07-19,Vanessa,Martin,Female,25-09-1982,519.889.8324x95746,adamsashley@example.com,6698 Lee Hills Apt. 068,Porterton,WV,84149,Northern Mariana Islands,Bachelor's Degree,9,51655.31,Museum/gallery conservator,Interviewing,Vanessa Martin
1849,2023-05-12,Melanie,Anderson,Female,25-01-2005,(511)357-3673x291,peter83@example.net,8135 Amy Course,Briannaburgh,OH,90914,Cote d'Ivoire,High School,16,51604.54,"Engineer, electrical",Interviewing,Melanie Anderson
1850,2023-06-25,Eric,Johnson,Other,15-08-1966,(877)270-0743x21140,lawrence65@example.org,39166 Andrew Common,North Jeremy,SC,51076,Tonga,Master's Degree,4,59639.16,Colour technologist,Applied,Eric Johnson
1851,2023-08-04,Melissa,Mann,Female,16-02-1973,422-360-5838x0174,millerrandy@example.net,740 Jody Plaza Suite 444,Lake Joelbury,MT,53241,Korea,Bachelor's Degree,8,72605.04,Chief Executive Officer,Rejected,Melissa Mann
1852,2023-05-21,Christina,Ramos,Male,19-09-2003,(541)583-4727,smithwilliam@example.org,3112 Fitzgerald Stream,Harpermouth,VT,22456,San Marino,Bachelor's Degree,20,42175.51,Race relations officer,In Review,Christina Ramos
1853,2023-07-25,Christian,Montgomery,Female,13-05-1985,407-851-6761x38146,bbrown@example.net,8473 Laura Square Apt. 459,West Julieview,OR,4320,Bulgaria,High School,11,90454.45,Sports development officer,In Review,Christian Montgomery
1854,2023-06-09,Joshua,King,Male,17-09-1964,860.671.8824,jjackson@example.org,728 Martin Gardens Apt. 242,East Dawn,IL,6182,Finland,High School,7,39770.89,Travel agency manager,In Review,Joshua King
1855,2023-05-21,Sharon,Gomez,Other,18-06-1992,783-254-9068,nicolewhite@example.com,3156 Sean Canyon Suite 588,Port Andrewside,MH,10578,Nigeria,High School,4,55462.63,"Surveyor, insurance",In Review,Sharon Gomez
1856,2023-05-11,Tiffany,Snow,Male,13-01-1976,850-640-2660,jjohnson@example.org,416 Smith Road,Lake Christopher,MH,51315,Antarctica (the territory South of 60 deg S),Master's Degree,15,93160.47,Marketing executive,In Review,Tiffany Snow
1857,2023-06-30,Ryan,Stein,Male,18-09-1973,###############################################################################################################################################################################################################################################################,shaunford@example.net,400 Paula Plain Apt. 623,Port Amanda,LA,77392,Nicaragua,Master's Degree,6,70100.64,Passenger transport manager,Rejected,Ryan Stein
1858,2023-07-11,Brittney,Bray,Female,28-11-1993,771.533.5357x8738,lisa92@example.org,1829 Ramirez Flats,Charlesfurt,WY,10633,Martinique,Bachelor's Degree,6,66608.37,Media buyer,Applied,Brittney Bray
1859,2023-05-28,Bryan,Moreno,Female,08-06-2004,879-977-6438x48403,jacobmiller@example.com,545 Lisa Land,West Brenda,NH,27975,Israel,High School,3,78011.76,Building control surveyor,Offered,Bryan Moreno
1860,2023-05-18,Natalie,Carlson,Other,31-12-1982,(602)712-9749,karen37@example.org,263 Fleming Vista Suite 018,East Bonnieberg,MO,48856,Korea,PhD,6,71866.88,"Administrator, sports",Interviewing,Natalie Carlson
1861,2023-07-17,Jordan,Wright,Other,27-09-1989,(686)675-9481x0316,lisa20@example.org,018 Vasquez Dam Suite 003,East Willietown,VT,90996,Togo,Master's Degree,0,55133.57,"Pharmacist, hospital",Applied,Jordan Wright
1862,2023-07-31,Alicia,Scott,Male,15-03-1966,(876)471-7205x783,warrenjesse@example.com,061 Cynthia Field,Oliverburgh,CO,68928,Syrian Arab Republic,High School,1,96710.97,"Research officer, trade union",Applied,Alicia Scott
1863,2023-05-24,Robert,Rice,Male,10-05-1977,(497)692-6648x63687,thomasweiss@example.org,14939 Margaret Passage,East Jerryhaven,RI,57218,Guatemala,High School,12,83450.03,"Engineer, civil (contracting)",Interviewing,Robert Rice
1864,2023-05-15,Victoria,Lambert,Other,14-07-1992,831-781-3735x74057,johnsmall@example.com,146 Jackson Lights Suite 293,Bestside,VA,79242,Peru,PhD,10,45969.7,Chief Operating Officer,Rejected,Victoria Lambert
1865,2023-07-07,Dawn,Jennings,Female,01-04-1999,###############################################################################################################################################################################################################################################################,jacksonmicheal@example.net,253 Sandra Cliff,East Chelsea,MD,32064,Senegal,Master's Degree,7,35014.99,"Engineer, civil (consulting)",Offered,Dawn Jennings
1866,2023-05-25,Cindy,Jordan,Other,11-02-1986,758.457.9064x06711,whitney86@example.com,9127 Fernandez Manor,Port Bradleyborough,OR,54892,Holy See (Vatican City State),High School,2,48533.32,Cytogeneticist,Rejected,Cindy Jordan
1867,2023-05-23,Beth,Patterson,Other,09-05-1991,###############################################################################################################################################################################################################################################################,dpark@example.net,8695 Antonio Parkways,Alexhaven,MH,31223,Korea,Master's Degree,0,76293.76,Building control surveyor,Applied,Beth Patterson
1868,2023-05-22,Amy,Lopez,Female,07-11-1991,672-226-5010,amycox@example.org,402 Bailey Locks Suite 215,South Annastad,NH,57178,Cocos (Keeling) Islands,PhD,16,89449.32,Illustrator,Offered,Amy Lopez
1869,2023-07-22,Anna,Lynch,Male,14-03-1981,810-218-9972x115,alvin12@example.org,9066 Catherine Isle Suite 271,Gonzalezchester,IN,82062,Austria,Master's Degree,10,48772.97,"Development worker, international aid",Offered,Anna Lynch
1870,2023-06-06,Samantha,Mccall,Other,23-02-1989,664.811.1282,florescarla@example.org,9875 Lauren Ferry Apt. 634,East Derrickville,AZ,40734,Saint Helena,PhD,5,71127.14,Translator,Rejected,Samantha Mccall
1871,2023-06-10,Brian,Jordan,Female,27-01-1966,508-235-7043,ashley06@example.com,2967 Shawn Motorway Suite 324,Lake Karen,AK,19914,Trinidad and Tobago,High School,3,87033.35,"Optician, dispensing",Offered,Brian Jordan
1872,2023-05-15,John,Sullivan,Female,30-07-1994,322.224.1153x14168,alexisbruce@example.com,40626 Ricky Squares,Jamesmouth,OK,16889,Liechtenstein,PhD,7,97069.99,Ergonomist,Applied,John Sullivan
1873,2023-06-20,Kristen,Thomas,Male,03-07-1975,665.405.6906,darren39@example.org,950 Daniel Lodge,Amandashire,GA,19345,Korea,PhD,12,65835.33,Museum education officer,Interviewing,Kristen Thomas
1874,2023-07-24,Christian,Mcintosh,Female,13-07-1991,+1-745-776-0465x11226,matthew48@example.net,5201 Jason Mission,Port Andrew,IN,86899,Saint Vincent and the Grenadines,Bachelor's Degree,6,82968.4,"Conservation officer, historic buildings",Offered,Christian Mcintosh
1875,2023-06-26,Jennifer,Gomez,Male,17-07-1988,(881)921-6841x02804,hfritz@example.org,403 Jones Skyway Suite 751,Gabrielleside,WI,91015,Central African Republic,PhD,0,96278.33,Sales executive,In Review,Jennifer Gomez
1876,2023-05-08,Rhonda,Valdez,Female,14-11-1982,316.287.6207x8605,johnbrady@example.com,107 Pierce Flat,West Autumnberg,AZ,60732,Marshall Islands,High School,1,94791.93,Museum education officer,Applied,Rhonda Valdez
1877,2023-06-21,Jesus,Miller,Female,19-10-1978,###############################################################################################################################################################################################################################################################,kimberlyjackson@example.org,23231 Wood Oval,Weissmouth,WI,5281,Kenya,PhD,10,74663.6,Community pharmacist,Interviewing,Jesus Miller
1878,2023-05-28,Deborah,Holden,Other,05-03-1993,785-529-7953x598,heatherkelly@example.org,185 Jo Trace Suite 329,Lake Suzanne,IA,64015,Argentina,Master's Degree,6,70341.54,"Engineer, electronics",Applied,Deborah Holden
1879,2023-07-30,Victoria,George,Female,07-06-1970,714.424.2354,john44@example.com,2828 Palmer Spurs,Robertberg,AZ,21253,Chile,Bachelor's Degree,8,62644.34,"Psychotherapist, child",In Review,Victoria George
1880,2023-08-01,Leslie,Webb,Male,30-10-1984,863-986-8326,fsmith@example.org,23909 Dixon Streets,Bassmouth,NY,34507,Hungary,Bachelor's Degree,7,39590.6,Energy manager,Applied,Leslie Webb
1881,2023-06-29,Heather,Davis,Male,16-05-1975,(641)899-1870x4263,angela93@example.org,831 Julie Camp,Port Angela,NH,80991,Turkey,PhD,1,36301.28,"Scientist, forensic",In Review,Heather Davis
1882,2023-06-29,Gwendolyn,Cruz,Female,03-11-1976,421-227-1129x3240,colemanmeagan@example.net,05852 Lee Views,Lake Jasonstad,IL,2869,Mali,Bachelor's Degree,6,44580.04,"Research officer, trade union",Applied,Gwendolyn Cruz
1883,2023-05-29,James,Schultz,Female,04-03-1973,+1-849-872-3266x2762,petersonangela@example.com,3797 Norman Ridge Apt. 448,Fostermouth,PR,36465,Vanuatu,PhD,0,57034.88,"Conservator, furniture",In Review,James Schultz
1884,2023-07-05,Andrew,Fuentes,Female,22-01-1969,313.686.5868,castrojonathan@example.com,211 Joel Station Suite 283,Colemanburgh,DE,75842,Canada,High School,10,61481.92,Community education officer,Rejected,Andrew Fuentes
1885,2023-06-27,Jacob,Hunt,Female,13-08-1998,(619)623-0985,robert63@example.com,1429 Frost Estates,Markland,IN,85264,Tajikistan,Master's Degree,18,63664.16,Legal executive,Offered,Jacob Hunt
1886,2023-07-24,Warren,Sanders,Female,26-04-1982,001-760-529-3168x430,walkercharlene@example.net,763 Sutton Land Apt. 719,Frenchside,WY,46498,El Salvador,Bachelor's Degree,17,45440.38,"Therapist, nutritional",In Review,Warren Sanders
1887,2023-07-01,Michael,Cain,Male,13-04-1985,###############################################################################################################################################################################################################################################################,chardin@example.net,962 Parsons Fall,Maryview,FM,74089,Guatemala,Master's Degree,9,31173.66,Adult nurse,Offered,Michael Cain
1888,2023-05-25,Jeffrey,Brown,Male,22-07-1982,(833)429-7330,alexanderamy@example.com,8228 Boone Views Suite 693,West Robert,WI,38870,Trinidad and Tobago,Master's Degree,0,42671.09,Hospital pharmacist,Offered,Jeffrey Brown
1889,2023-05-20,Cassandra,Barnett,Male,19-11-1999,612.378.2138,munozarthur@example.org,3943 Chandler Points,North Maryville,KY,83373,Serbia,PhD,20,69190.76,Tax inspector,Offered,Cassandra Barnett
1890,2023-07-08,Lauren,Thomas,Female,18-03-1964,001-695-626-8774x48566,deanna28@example.org,128 Brandon Road Suite 069,West Thomas,ID,70178,Colombia,High School,9,90886.43,Chief Strategy Officer,In Review,Lauren Thomas
1891,2023-06-13,Amy,Frazier,Other,20-09-1976,+1-736-733-5900x38739,parkerbarbara@example.net,2690 Elizabeth Burg,Thomasmouth,GA,80676,Martinique,PhD,13,53974.06,Architect,Interviewing,Amy Frazier
1892,2023-08-01,Jennifer,Martinez,Other,12-08-1995,(683)778-8202x1538,christopher61@example.net,21201 Amber Roads,Carneymouth,NC,69043,Argentina,High School,20,93212.06,Scientific laboratory technician,Applied,Jennifer Martinez
1893,2023-07-02,Robert,Rodriguez,Other,22-08-1978,###############################################################################################################################################################################################################################################################,pmckenzie@example.com,22033 Jessica Orchard Apt. 875,Deanborough,UT,66282,Pitcairn Islands,Master's Degree,12,45412.63,Clinical cytogeneticist,In Review,Robert Rodriguez
1894,2023-06-24,Anthony,Mccarthy,Other,26-02-1993,696.986.2532x846,ramirezmargaret@example.com,1181 Brown Manor Suite 800,West Mary,GA,8326,Egypt,PhD,0,48631.68,Barista,Offered,Anthony Mccarthy
1895,2023-06-24,Janice,Combs,Female,15-06-1995,001-485-540-4575x208,yujennifer@example.org,709 Kristy Village Suite 292,Port Craig,AK,77038,Svalbard & Jan Mayen Islands,Master's Degree,18,89942.72,Environmental manager,In Review,Janice Combs
1896,2023-07-05,Jennifer,Lawrence,Male,27-06-1972,(390)702-9629x260,jennifer56@example.org,877 Barnes Crest Apt. 474,Popeberg,OR,10456,Bosnia and Herzegovina,High School,11,79507.35,Sport and exercise psychologist,Applied,Jennifer Lawrence
1897,2023-05-14,Angel,Jensen,Male,14-08-1970,001-413-831-8728,wardkristen@example.com,744 Thornton Branch Apt. 538,Markview,NH,58278,Togo,High School,12,60227.75,Child psychotherapist,In Review,Angel Jensen
1898,2023-06-25,Jessica,Walker,Male,13-11-2002,518.285.4021x38479,stephen85@example.org,6123 Stevens Curve,North James,CT,14183,United States of America,Bachelor's Degree,19,70903.23,Chartered public finance accountant,Rejected,Jessica Walker
1899,2023-07-14,Pamela,Barton,Other,26-07-1990,433.700.2926,edwardslauren@example.net,6248 Jeremy Underpass Apt. 213,Jonesfort,PA,66723,Kyrgyz Republic,Bachelor's Degree,9,66589.24,Publishing copy,Interviewing,Pamela Barton
1900,2023-06-29,Ronald,Barnes,Other,12-08-1976,001-452-249-6982x9288,allisonbailey@example.net,61621 Young Junctions,New Gregory,MI,34312,Benin,Master's Degree,7,81732.99,Licensed conveyancer,In Review,Ronald Barnes
1901,2023-05-22,Chad,Baker,Male,25-10-1975,(651)754-6861x415,jonathanmcbride@example.net,751 Smith Tunnel Apt. 611,South Jerry,KS,48465,Costa Rica,High School,12,42006.77,Research scientist (physical sciences),Interviewing,Chad Baker
1902,2023-07-19,Gloria,Gomez,Male,08-07-1977,+1-561-958-9533x3531,ywest@example.net,110 Michelle Springs Apt. 342,Lake Mary,PW,81026,Suriname,Bachelor's Degree,13,75466.94,Chief Marketing Officer,Applied,Gloria Gomez
1903,2023-06-08,Kristina,Nguyen,Female,20-02-1979,(379)515-8047x9669,zcampos@example.com,627 Smith Unions,Port Jamesland,NM,29996,Italy,Master's Degree,18,68776.01,Psychiatric nurse,Applied,Kristina Nguyen
1904,2023-05-20,Phillip,Barnes,Female,03-10-1967,(403)934-7555,kingwilliam@example.org,608 Cox Lakes Suite 766,Dixonberg,MO,38379,French Guiana,Master's Degree,4,67598.04,Copy,Offered,Phillip Barnes
1905,2023-06-23,Jason,Brown,Male,19-06-1983,###############################################################################################################################################################################################################################################################,longwendy@example.org,8831 Romero Plaza,New Jamie,NH,20703,Slovakia (Slovak Republic),High School,14,84990.52,English as a foreign language teacher,Rejected,Jason Brown
1906,2023-05-21,Kim,Callahan,Female,28-11-1990,227-418-4964,bstephens@example.net,4233 Wilson Branch,West Cynthia,CT,51569,Falkland Islands (Malvinas),High School,13,76443.79,"Scientist, research (maths)",Offered,Kim Callahan
1907,2023-05-30,Michael,Brown,Male,20-04-1985,(655)207-1892x7596,bhoward@example.net,91885 Judith Trail,Hoganstad,PR,70519,Mauritania,High School,20,93068.8,Catering manager,Offered,Michael Brown
1908,2023-07-03,Evelyn,Wheeler,Male,04-12-2002,###############################################################################################################################################################################################################################################################,denniswilliams@example.org,10980 Jerry Ridge,Rossmouth,TX,32714,Cyprus,Master's Degree,6,74347.68,Herpetologist,Rejected,Evelyn Wheeler
1909,2023-07-28,Robert,Thomas,Female,23-08-2004,(451)940-6001x4132,rebeccabennett@example.org,3215 William Parkway,Wallerstad,ND,33581,Iran,PhD,5,43911.64,Product manager,Offered,Robert Thomas
1910,2023-05-06,Brian,Navarro,Other,31-01-1973,598.472.2020,samantha78@example.net,26245 Cheryl Mountains Apt. 130,Port Williamfurt,NJ,48896,Bosnia and Herzegovina,PhD,15,82977.6,"Librarian, public",Offered,Brian Navarro
1911,2023-06-27,Ronald,Nichols,Female,20-06-1969,(489)494-9663x784,walshdavid@example.org,32254 Lam Mountain Suite 860,Marychester,CT,25224,Ghana,Bachelor's Degree,17,59080.2,Herpetologist,Offered,Ronald Nichols
1912,2023-06-23,Steven,King,Other,12-08-1972,643.570.3600,vstone@example.net,078 Angela Creek Apt. 710,East Christineburgh,OR,39388,Romania,PhD,17,83971.16,Administrator,Offered,Steven King
1913,2023-05-30,Catherine,Ware,Male,01-11-2004,466-418-5785x211,boydlisa@example.com,28584 Steven Dam Apt. 822,East Brendahaven,NY,87007,Korea,Bachelor's Degree,2,46674.71,"Pharmacist, hospital",Offered,Catherine Ware
1914,2023-06-09,Justin,Brock,Other,24-09-1965,001-314-636-5162x6675,megan58@example.net,89633 Summers Estate Suite 849,West Tracy,MI,94892,French Polynesia,High School,9,53163.93,Cabin crew,Offered,Justin Brock
1915,2023-07-10,Kevin,Kramer,Female,25-07-1977,+1-555-480-0401x717,jreed@example.com,019 Wilson Knolls,South Laura,MP,20710,Ecuador,Master's Degree,19,43641.62,Freight forwarder,Offered,Kevin Kramer
1916,2023-07-31,Kelsey,Wood,Male,02-11-1988,902.836.1250,seanandrews@example.org,08839 Bridget Mission Suite 785,Mooremouth,NC,89984,Northern Mariana Islands,High School,1,37329.34,Training and development officer,Applied,Kelsey Wood
1917,2023-07-19,Kent,Martin,Male,30-10-1992,527.588.4134x706,jessicahoover@example.com,10109 Walker Mews,North Ian,AS,79581,Lithuania,PhD,16,41338.87,"Scientist, research (medical)",Rejected,Kent Martin
1918,2023-05-28,Sabrina,Roberts,Male,10-09-2001,(951)299-4272,simonrussell@example.org,7868 Todd Lakes,Gailport,DC,73383,Jordan,Master's Degree,16,68214.67,Economist,Rejected,Sabrina Roberts
1919,2023-05-26,Patricia,Lane,Male,14-09-1982,+1-923-729-1869x5872,luis71@example.net,5786 Dan Circle Apt. 883,South Lisa,AZ,30295,Guinea,PhD,6,42891.99,Armed forces logistics/support/administrative officer,In Review,Patricia Lane
1920,2023-07-22,Dale,Garcia,Other,30-08-1996,001-598-762-9610,mathewsmegan@example.org,6060 Walls Underpass Suite 258,Vickimouth,MS,47945,Argentina,Master's Degree,10,82657.56,Textile designer,Offered,Dale Garcia
1921,2023-05-29,Christine,Martinez,Male,07-10-1988,625.877.1392x4147,mark19@example.net,825 Collins Passage Suite 652,Julieborough,VA,87453,Guam,High School,18,42227.64,"Nurse, adult",Interviewing,Christine Martinez
1922,2023-06-05,Michael,Nelson,Male,15-05-1969,+1-573-223-3297x63484,esolis@example.com,015 Moss Squares Suite 951,Tanyaberg,AR,9692,Gambia,Master's Degree,20,49899.57,Advertising art director,Applied,Michael Nelson
1923,2023-06-05,Ashley,Stephens,Other,15-08-1977,001-222-228-1074,samuelrichards@example.org,57419 Aguirre Port,East Chad,SC,89203,Georgia,PhD,4,65902.27,Senior tax professional/tax inspector,Interviewing,Ashley Stephens
1924,2023-06-20,Katherine,Wilson,Other,23-01-1988,(317)769-1848,sarahharper@example.com,46260 Duncan Shores Suite 861,Danaland,NH,58717,Iran,Bachelor's Degree,19,70734.43,"Conservation officer, nature",Interviewing,Katherine Wilson
1925,2023-06-29,George,Thomas,Female,24-07-1980,###############################################################################################################################################################################################################################################################,curryjennifer@example.org,688 Cardenas Valleys Apt. 499,South Patriciahaven,PA,36309,Denmark,PhD,13,41438.92,Arboriculturist,Rejected,George Thomas
1926,2023-07-26,Traci,Francis,Female,19-08-1968,(689)580-5810x2837,cnewton@example.net,7662 Smith Stravenue Suite 058,Lake Shawnchester,NC,86680,Montenegro,PhD,19,91577.45,"Engineer, structural",Applied,Traci Francis
1927,2023-05-28,Madeline,Mckinney,Female,22-04-1998,###############################################################################################################################################################################################################################################################,destinyrivera@example.org,22862 Nancy Mill Apt. 701,Janicehaven,CT,85714,Belize,Bachelor's Degree,19,35146.25,Airline pilot,Interviewing,Madeline Mckinney
1928,2023-07-14,Joshua,Walsh,Other,17-06-1991,367.365.4638x337,valeriecantrell@example.org,007 Darlene Flats,East Alicia,PW,75936,Kenya,Master's Degree,15,74857.3,Biomedical engineer,Rejected,Joshua Walsh
1929,2023-05-14,Natalie,Garcia,Other,21-05-1997,203-664-7513x031,michaelshort@example.net,67891 Heather Throughway Apt. 247,Tinamouth,VT,22713,Brazil,High School,11,65776.07,Pension scheme manager,Rejected,Natalie Garcia
1930,2023-06-23,Elizabeth,Hill,Female,13-02-1978,+1-530-382-4580x7810,griffinsonia@example.com,91337 Ward Key Suite 915,Carolineside,IN,78932,Kenya,High School,12,45041.51,Hotel manager,In Review,Elizabeth Hill
1931,2023-06-13,Walter,Mathis,Female,12-09-1999,001-855-999-7667,deanpaige@example.org,921 Taylor Shore Suite 041,Martinchester,GU,13179,South Georgia and the South Sandwich Islands,Master's Degree,10,36380.35,Primary school teacher,In Review,Walter Mathis
1932,2023-08-03,Misty,Cook,Other,14-01-1994,(933)459-5312x1057,weberdebra@example.com,46696 Mark Turnpike,Carolynview,NM,88176,Eritrea,PhD,1,69191.75,Patent attorney,Offered,Misty Cook
1933,2023-05-24,Kayla,Edwards,Other,19-05-1969,(395)331-7771,angela63@example.com,2815 Devon Forge,North Jorgehaven,IA,72867,Russian Federation,PhD,17,44968.46,"Surveyor, rural practice",Rejected,Kayla Edwards
1934,2023-05-17,Michael,Miller,Other,02-04-2003,001-858-654-2144,christophermullen@example.org,1693 Hamilton Mall,East Rita,GU,17858,Sweden,Bachelor's Degree,18,78238.91,"Administrator, local government",Applied,Michael Miller
1935,2023-06-10,Corey,Torres,Female,18-07-1967,001-458-469-2179x09348,joshuamorales@example.org,965 Rebecca Spur Apt. 423,Reynoldsburgh,HI,74752,Bhutan,PhD,12,74426.26,"Surveyor, planning and development",In Review,Corey Torres
1936,2023-05-14,Bethany,Lee,Other,12-11-2001,799-765-8350x4235,dfischer@example.com,53375 Kelly Motorway Suite 790,Alexatown,KY,17813,Benin,PhD,4,66097.15,"Geneticist, molecular",Interviewing,Bethany Lee
1937,2023-05-29,Joel,Cobb,Female,09-10-2004,001-432-703-2820,joshua28@example.org,6667 Velasquez Neck,Lake Julietown,WI,66601,Sao Tome and Principe,Bachelor's Degree,4,59486.15,Fashion designer,Applied,Joel Cobb
1938,2023-05-14,Jacob,Mcconnell,Male,17-08-2004,348-901-6074x9017,josephsanchez@example.net,11345 Eric Trace,Rodriguezhaven,FL,96175,Kiribati,Bachelor's Degree,7,69573.37,"Civil engineer, consulting",Offered,Jacob Mcconnell
1939,2023-07-02,Melanie,Miller,Other,08-01-1988,353-872-4697,hernandezlauren@example.com,62146 Clark Drive,Whiteport,IN,50134,Zambia,PhD,19,82550.22,Mudlogger,Offered,Melanie Miller
1940,2023-07-26,Tammy,Anderson,Female,31-12-1980,(706)361-0283x9355,martinezholly@example.com,093 James View Apt. 193,South Davidville,WA,48970,Micronesia,PhD,19,30047.22,"Teacher, music",Interviewing,Tammy Anderson
1941,2023-07-01,Julie,Conley,Female,16-03-1981,###############################################################################################################################################################################################################################################################,cindy12@example.org,8715 Kimberly Harbor Apt. 780,Hannahtown,LA,729,Macao,PhD,12,35726.56,Video editor,Offered,Julie Conley
1942,2023-07-01,Richard,Cantrell,Other,31-05-1966,539-379-8746,jason39@example.com,923 Barbara Tunnel,Torresbury,AZ,1487,United Arab Emirates,Master's Degree,10,35917.77,Fast food restaurant manager,Applied,Richard Cantrell
1943,2023-07-01,Daniel,Pugh,Female,16-08-1964,###############################################################################################################################################################################################################################################################,zwatts@example.org,8058 Katie Ranch,Boltonberg,MT,37980,China,Master's Degree,14,64496.41,Bookseller,Rejected,Daniel Pugh
1944,2023-06-30,Karen,Ewing,Female,29-01-1971,(986)382-7776x804,larsendeborah@example.org,496 Spencer Port,Lindseyborough,AL,26152,Zambia,Master's Degree,4,58779.94,"Surveyor, minerals",Offered,Karen Ewing
1945,2023-07-01,Matthew,Wright,Male,11-09-1995,888.200.3444,timothybryant@example.com,1826 Carla Island,Port Craigland,ND,2899,Iran,Bachelor's Degree,13,63195.5,Health and safety inspector,Rejected,Matthew Wright
1946,2023-07-30,James,Waters,Female,25-12-1994,+1-949-511-6624x23936,linda84@example.org,409 Sara Mission Apt. 707,Davidside,MI,64592,Korea,Master's Degree,8,86467.91,Audiological scientist,Interviewing,James Waters
1947,2023-07-18,Kathryn,Davis,Female,27-04-1978,001-347-783-6728x03697,mitchellmatthew@example.com,2391 James Extensions Apt. 774,New Robertoview,WY,72434,Cocos (Keeling) Islands,Master's Degree,8,90001.43,General practice doctor,Applied,Kathryn Davis
1948,2023-06-21,Robert,Castillo,Female,19-07-1990,###############################################################################################################################################################################################################################################################,rsmith@example.org,143 Ruiz Port Apt. 134,Fosterfort,CT,2288,Tunisia,PhD,5,45778.13,TEFL teacher,Rejected,Robert Castillo
1949,2023-06-19,Jessica,Reed,Female,16-08-2000,859.876.7009x0196,jon40@example.net,9753 Conner Roads Apt. 409,New Judy,MT,63005,British Virgin Islands,High School,19,78582.15,Research scientist (life sciences),Offered,Jessica Reed
1950,2023-06-16,Rodney,Thomas,Male,06-10-1984,###############################################################################################################################################################################################################################################################,deborahcarter@example.net,52963 Pineda Island,Burtonbury,OR,91322,Angola,Bachelor's Degree,7,32404.89,Mining engineer,Applied,Rodney Thomas
1951,2023-06-22,Lisa,Todd,Male,09-08-1978,001-765-844-5096x270,mortonkelly@example.org,38865 Corey Squares Apt. 005,Adamsborough,MI,25279,Korea,High School,8,36305.81,Multimedia programmer,In Review,Lisa Todd
1952,2023-06-24,Angela,Sullivan,Female,26-08-1974,993.715.9996,ajoseph@example.net,396 Ali Rest Apt. 684,Lake Derek,CT,94842,Turkey,Bachelor's Degree,18,59897.97,"Biochemist, clinical",Interviewing,Angela Sullivan
1953,2023-06-21,Brittany,Jones,Other,16-12-2004,+1-791-441-5346x724,rduran@example.net,26918 Barbara Turnpike Suite 308,Salazarmouth,IA,6151,Bouvet Island (Bouvetoya),Bachelor's Degree,12,74164.47,Professor Emeritus,Offered,Brittany Jones
1954,2023-07-03,Christopher,Jackson,Other,03-10-1972,+1-882-521-9544x76847,fernandezemily@example.org,74570 Kyle Brook,Davidbury,AL,14957,Ecuador,Master's Degree,1,80888.28,Medical sales representative,Offered,Christopher Jackson
1955,2023-08-04,Frank,Arroyo,Other,24-10-2000,###############################################################################################################################################################################################################################################################,gailford@example.org,1650 Castaneda Port Apt. 854,Leonardshire,MT,5826,Tonga,High School,0,31933.13,"Social research officer, government",In Review,Frank Arroyo
1956,2023-07-15,Amber,Torres,Female,15-08-1992,556-990-0385,keithclark@example.com,522 David Pike Suite 327,Dorothybury,MT,47062,Saint Kitts and Nevis,Master's Degree,11,86273.47,Communications engineer,In Review,Amber Torres
1957,2023-08-04,Brittany,Garcia,Female,28-03-2004,(823)340-7077,jacqueline39@example.org,17091 Barbara Points,Jessicamouth,WI,56284,Japan,PhD,8,95118.87,"Scientist, biomedical",Applied,Brittany Garcia
1958,2023-07-11,Destiny,Curry,Male,07-09-1987,###############################################################################################################################################################################################################################################################,ckelley@example.org,1894 Cohen Brooks Apt. 530,Kingburgh,NM,69688,North Macedonia,Master's Degree,18,89154.78,Social worker,Applied,Destiny Curry
1959,2023-06-29,Kenneth,Figueroa,Other,08-03-2001,216-202-8065x7345,robin71@example.net,23152 Brandon Village Apt. 105,Port Rachel,UT,14393,Czech Republic,High School,6,81549.53,"Scientist, clinical (histocompatibility and immunogenetics)",Interviewing,Kenneth Figueroa
1960,2023-05-18,Brian,Garcia,Other,20-02-1983,###############################################################################################################################################################################################################################################################,hernandezwalter@example.com,3525 Frye Valley,Port Kaylaside,MN,90958,Guernsey,Bachelor's Degree,16,45799.59,"Scientist, research (life sciences)",In Review,Brian Garcia
1961,2023-06-09,Valerie,Steele,Male,05-12-1981,###############################################################################################################################################################################################################################################################,martinezdeanna@example.org,3865 Jones Drive Suite 090,South Mary,UT,14283,Thailand,PhD,19,47085.13,Land/geomatics surveyor,In Review,Valerie Steele
1962,2023-05-21,Patrick,Doyle,Female,07-03-1978,907-827-4778x4318,austinhunt@example.com,4588 Lee Court Apt. 924,Ruthmouth,AK,41662,Germany,Bachelor's Degree,3,32867.94,IT technical support officer,In Review,Patrick Doyle
1963,2023-06-24,Matthew,Baldwin,Male,20-07-1974,+1-671-842-9367x313,brianbarber@example.org,38038 Catherine Park,Port Christopherchester,IL,96823,Poland,High School,6,63241.58,"Designer, graphic",In Review,Matthew Baldwin
1964,2023-06-18,Aaron,Bryan,Female,28-12-1982,792-752-8615,christopherrogers@example.net,03914 Gutierrez Inlet Apt. 296,Lake Nathanielton,WA,50670,Canada,High School,4,53562.31,Amenity horticulturist,Applied,Aaron Bryan
1965,2023-07-22,Maurice,Dominguez,Other,17-01-1973,001-905-354-2148x0790,cindy79@example.com,864 James Road,Lake Leah,IL,63268,Tonga,Bachelor's Degree,19,50926.17,Ambulance person,In Review,Maurice Dominguez
1966,2023-06-28,Travis,Robinson,Other,19-12-1982,001-735-427-5733,vmyers@example.org,17427 Allen Track Apt. 171,Dennishaven,TN,90930,Singapore,Master's Degree,6,75331.4,"Administrator, arts",Applied,Travis Robinson
1967,2023-08-01,Gregory,Williams,Female,30-07-1971,376.200.1064,jamie51@example.org,39367 Janet Spring,North Samantha,MI,2670,Saint Kitts and Nevis,High School,1,51581.24,Maintenance engineer,Applied,Gregory Williams
1968,2023-06-15,Deborah,Dudley,Female,29-07-1964,570.419.3725,coxkathy@example.net,858 Davila Island,Mcintyrestad,TN,55305,Madagascar,High School,11,51177.36,IT consultant,Rejected,Deborah Dudley
1969,2023-07-23,Dana,Wong,Female,16-11-1973,###############################################################################################################################################################################################################################################################,betty71@example.net,4282 Arnold Circles,Robertborough,NV,32295,Macao,Bachelor's Degree,19,78907.97,Television production assistant,Offered,Dana Wong
1970,2023-07-18,Christopher,Gonzalez,Female,30-11-1991,(294)491-2549,petersonangelica@example.org,18919 Owens Spurs Apt. 124,North Christopher,MS,49478,Cambodia,High School,14,55927.72,Educational psychologist,Applied,Christopher Gonzalez
1971,2023-06-25,Nicholas,Terrell,Female,16-06-1998,(234)477-2895x5641,denise22@example.net,83825 Kristen Street Suite 530,North Vanessa,MT,11829,Cape Verde,Bachelor's Degree,20,86955.12,Horticultural consultant,Rejected,Nicholas Terrell
1972,2023-05-28,Wendy,Strong,Other,20-07-1984,(391)216-5963x2801,hoffmanshawna@example.com,682 Cynthia Shoals,Abigailburgh,AZ,22234,Tokelau,Bachelor's Degree,15,80001.57,Environmental consultant,Interviewing,Wendy Strong
1973,2023-08-03,Amanda,Martin,Female,05-07-1966,+1-742-646-1231x4922,john48@example.net,59364 West Avenue,North Jamesfurt,AS,89053,Martinique,Master's Degree,2,89447.93,"Engineer, manufacturing",In Review,Amanda Martin
1974,2023-07-01,Samantha,Soto,Male,06-05-2005,(207)891-2189,nathan07@example.net,59120 Hines Roads Suite 383,Lake Bailey,TX,44307,Christmas Island,Bachelor's Degree,5,37769.32,Hydrographic surveyor,In Review,Samantha Soto
1975,2023-07-05,Sherri,Lopez,Female,30-05-1990,929-294-3133x473,coreycook@example.org,3533 Byrd Center Suite 518,Jeffreytown,DC,91998,Jersey,Master's Degree,18,87093.13,Dietitian,Interviewing,Sherri Lopez
1976,2023-07-07,Brenda,Russell,Other,20-08-1993,###############################################################################################################################################################################################################################################################,ostein@example.com,33209 Moore Bypass,Lehaven,OK,89320,Guinea-Bissau,Bachelor's Degree,20,50472.08,Warden/ranger,Interviewing,Brenda Russell
1977,2023-07-01,Jesus,Rodriguez,Other,26-09-1975,(527)853-9661x32949,luke09@example.net,29710 Neal Club,Dawnberg,AS,76831,Cambodia,Master's Degree,16,47885.04,Recycling officer,Interviewing,Jesus Rodriguez
1978,2023-06-07,Kyle,Scott,Male,01-02-1984,+1-479-379-6845x52553,wburgess@example.org,29374 Samantha Squares,West Jaclynmouth,NV,20925,Italy,Master's Degree,10,54631.58,Clinical psychologist,Rejected,Kyle Scott
1979,2023-05-14,Kristen,Hernandez,Female,29-01-1973,274-938-9569x674,nicholas22@example.net,64130 Adriana Mount,Horneborough,MT,17196,Heard Island and McDonald Islands,PhD,10,95891.65,Best boy,Applied,Kristen Hernandez
1980,2023-06-03,Margaret,Perez,Male,16-06-1992,(702)539-4887x1464,xstrickland@example.com,055 Matthew Brook,North Nathanmouth,ID,34862,Anguilla,Bachelor's Degree,16,78323.99,Call centre manager,In Review,Margaret Perez
1981,2023-06-27,Shane,Patterson,Male,10-09-1987,(381)590-0699,angelamartinez@example.com,97657 Cervantes Tunnel,Jeremymouth,SC,4407,Ecuador,Master's Degree,17,34612.9,"Administrator, sports",Applied,Shane Patterson
1982,2023-06-04,Betty,Miller,Female,06-04-1996,001-405-803-4016x821,aclark@example.com,451 Wallace Station Suite 815,West Sylviastad,WI,73834,Cocos (Keeling) Islands,PhD,18,79111.83,"Production designer, theatre/television/film",Applied,Betty Miller
1983,2023-06-04,Morgan,Welch,Other,29-11-1995,217.262.8692,laurabates@example.com,9304 Susan Causeway Apt. 851,Christopherburgh,IN,60843,France,Bachelor's Degree,10,33871.78,"Designer, industrial/product",Offered,Morgan Welch
1984,2023-08-04,Alex,Diaz,Female,11-10-1972,+1-505-950-9308x01650,wgreen@example.org,603 John Neck Apt. 679,Kellystad,SD,70244,Niger,Master's Degree,12,87373.08,Games developer,Rejected,Alex Diaz
1985,2023-07-25,Nicole,Molina,Other,09-07-2005,597-838-1568,cummingsdonna@example.net,505 Marissa Springs Apt. 410,North Diana,NY,40240,Papua New Guinea,High School,19,74049.48,"Education officer, museum",Rejected,Nicole Molina
1986,2023-06-03,Keith,Kelly,Male,05-06-1974,257-555-0891x58202,medinaandrew@example.net,58729 Tran Islands,West Kaylashire,GA,20744,Costa Rica,High School,4,48885.72,Health service manager,In Review,Keith Kelly
1987,2023-05-30,Samantha,Stewart,Male,14-06-1969,481-948-4631x143,daychristopher@example.org,3415 Chapman Roads,Lake Codyborough,WY,90154,South Africa,Bachelor's Degree,6,57423.55,Scientific laboratory technician,Applied,Samantha Stewart
1988,2023-06-24,Laura,Bailey,Female,26-11-1982,+1-473-949-8498x77594,hugheslisa@example.com,1799 Gallagher Cliffs,Morganhaven,OR,73981,Isle of Man,Master's Degree,4,55497.2,Lexicographer,Applied,Laura Bailey
1989,2023-07-18,Megan,Evans,Other,01-04-1984,001-637-966-6619,qfowler@example.org,64734 Brewer Pines Apt. 850,Perryview,NY,94999,Belarus,Bachelor's Degree,17,98069.96,Set designer,Rejected,Megan Evans
1990,2023-05-10,Amber,Zuniga,Other,10-04-1986,411-365-6386x299,xcross@example.com,82916 Keith Courts,New Tyler,ND,60284,Iceland,Master's Degree,6,35358.18,Land/geomatics surveyor,Rejected,Amber Zuniga
1991,2023-05-21,Cynthia,Sullivan,Male,10-06-1987,588-328-8628x615,ljohnson@example.net,123 Horton Valley Suite 924,Wellshaven,GU,10664,Kyrgyz Republic,High School,13,58701.5,"Engineer, building services",In Review,Cynthia Sullivan
1992,2023-07-25,Anthony,Simpson,Other,12-09-1985,467.500.5707x4550,robertbraun@example.net,2431 Smith Points Apt. 771,Christopherton,ID,55653,Belgium,High School,3,91872.66,"Presenter, broadcasting",Rejected,Anthony Simpson
1993,2023-07-17,Daniel,Chaney,Male,22-04-1980,+1-278-796-2896x08149,vincent04@example.net,34703 Cisneros Valleys,Andrewmouth,ND,57954,Russian Federation,High School,20,52126.95,Theatre director,In Review,Daniel Chaney
1994,2023-06-14,Amanda,Henderson,Male,26-07-1991,(875)490-6919x69808,fallen@example.org,3939 Amanda Lake,North Kyleview,KY,92538,Peru,PhD,20,37879.19,"Production assistant, radio",Interviewing,Amanda Henderson
1995,2023-05-14,Ronnie,Juarez,Male,22-10-1969,###############################################################################################################################################################################################################################################################,wmurray@example.com,03297 Becky Parks,Marissaberg,AL,87128,French Polynesia,Bachelor's Degree,2,38428.74,Ship broker,In Review,Ronnie Juarez
1996,2023-07-09,Debra,Ellis,Male,17-03-1979,385-868-1235x045,michaelingram@example.com,3203 Nelson Branch,East Susanchester,MO,33222,Faroe Islands,High School,11,64424.69,"Programmer, multimedia",Applied,Debra Ellis
1997,2023-07-16,Shelby,Thompson,Other,10-10-1966,(834)826-6299,frank96@example.com,35398 Gibson Pine Apt. 260,Port Leon,DE,76399,Iceland,Bachelor's Degree,2,45666.83,"Designer, furniture",In Review,Shelby Thompson
1998,2023-06-04,Amber,Snow,Other,23-01-2005,626.839.0708,sabrinamoore@example.com,0096 Danny Dale Suite 594,Melissastad,MH,70373,Cuba,PhD,8,32213.14,IT technical support officer,In Review,Amber Snow
1999,2023-07-30,Charles,Anderson,Male,29-04-1999,###############################################################################################################################################################################################################################################################,pfischer@example.net,133 Hays Parkways,Tashamouth,IL,62059,Estonia,High School,13,59240.03,Theatre manager,Rejected,Charles Anderson
2000,2023-07-30,Carol,Moon,Male,23-03-1967,001-972-226-6579x9314,dorseycharles@example.net,244 Leonard Fork,Bowersmouth,ME,44838,United Arab Emirates,Master's Degree,9,83504.87,Commercial horticulturist,Rejected,Carol Moon
2001,2023-05-19,John,Holt,Other,21-09-1975,(555)378-9780x6321,edwardvasquez@example.com,0310 Jackson Orchard Apt. 234,North Annettemouth,ME,95513,Chad,PhD,13,33257.61,Oncologist,Rejected,John Holt
2002,2023-06-17,Hannah,Curry,Other,07-11-1994,###############################################################################################################################################################################################################################################################,grice@example.com,20271 Wesley Highway Apt. 437,Daltonshire,DC,82842,North Macedonia,Master's Degree,20,38473.92,"Psychologist, prison and probation services",Offered,Hannah Curry
2003,2023-05-23,Bethany,Sherman,Other,03-06-1963,(893)995-5495x11357,amandamitchell@example.net,9042 Rivera Spurs,Chenberg,VT,87319,Saint Pierre and Miquelon,High School,2,35301.21,Sports therapist,Interviewing,Bethany Sherman
2004,2023-06-12,Christopher,Jackson,Other,05-05-1996,+1-696-362-3784x329,silvaangela@example.com,037 Miller Circles Suite 038,Jeremiahmouth,OK,25803,Venezuela,Master's Degree,11,55950.12,Actor,Interviewing,Christopher Jackson
2005,2023-07-27,Clinton,Ortiz,Other,14-04-1976,+1-894-456-1156x183,urosario@example.net,9319 Johnny Junction,Jonestown,NJ,92147,Northern Mariana Islands,Master's Degree,7,74714.9,Podiatrist,Applied,Clinton Ortiz
2006,2023-05-11,Kaitlyn,Branch,Male,29-11-1977,+1-411-756-1500x157,rwilson@example.com,2738 Sweeney Greens,Nathanburgh,IA,77374,Cook Islands,Bachelor's Degree,7,65698.4,Dentist,Rejected,Kaitlyn Branch
2007,2023-07-29,Christy,Chambers,Male,30-04-1978,928.572.0391,jonesadrian@example.org,056 White Summit Apt. 394,Masonmouth,SD,26094,Uruguay,High School,14,38043.69,Police officer,Rejected,Christy Chambers
2008,2023-06-20,Jessica,Wilson,Female,04-08-1967,001-560-837-0612,jjohnston@example.org,6098 Green View Suite 649,Batesside,ND,69758,Paraguay,Bachelor's Degree,7,72675.94,"Embryologist, clinical",Interviewing,Jessica Wilson
2009,2023-07-07,Daniel,Gallegos,Female,15-12-1992,(591)923-4246,tbrown@example.org,770 Mullins Flats,Stevenhaven,RI,7792,Egypt,PhD,15,97268.04,"Engineer, control and instrumentation",Rejected,Daniel Gallegos
2010,2023-06-08,Daniel,Rogers,Female,03-10-1980,958-648-0771,hmartinez@example.org,332 Teresa Mountains Suite 914,Danielfort,NH,55239,Canada,Master's Degree,18,53943.2,Nutritional therapist,Rejected,Daniel Rogers
2011,2023-05-22,Amy,Wilson,Female,03-11-1998,001-224-931-2233x94105,clinton93@example.com,26608 Joseph Tunnel Apt. 201,South Hollyberg,RI,38900,Albania,PhD,6,41436.57,Web designer,Rejected,Amy Wilson
2012,2023-07-05,John,Kirk,Female,31-05-1999,(281)691-8449x725,cmeyer@example.com,73145 Mann Viaduct Suite 729,Watkinsfort,MI,83672,Palestinian Territory,High School,16,84987.84,IT sales professional,Offered,John Kirk
2013,2023-06-18,Michelle,White,Other,24-05-1974,+1-740-584-7344x8427,pearsondiane@example.net,58774 Derek Square Suite 290,South Rhondabury,MD,59406,Lao People's Democratic Republic,PhD,2,62021.48,Data scientist,In Review,Michelle White
2014,2023-08-02,Jermaine,White,Other,09-12-1988,622-660-5708,smckee@example.com,28513 Sullivan Hill,North Cynthia,NV,33166,United States of America,PhD,0,38384.6,Publishing rights manager,Applied,Jermaine White
2015,2023-06-04,Aimee,Gomez,Other,03-10-1991,+1-307-714-4967x9818,choichristian@example.net,51385 Tran Loaf,Port Kimberlyfort,HI,84959,Maldives,High School,7,65542.25,Radio producer,Applied,Aimee Gomez
2016,2023-06-23,Micheal,Russell,Other,28-03-1986,738.770.5832x39009,watsondiane@example.com,94783 Brandon Rest,Garrisonchester,IN,60972,Georgia,PhD,20,82520.33,"Surveyor, quantity",Rejected,Micheal Russell
2017,2023-05-27,Connie,Powers,Female,08-11-1977,001-676-277-1580,jasonmeyer@example.org,090 Martin Fall,Lake Meghanmouth,VT,48942,Seychelles,High School,19,87976.22,"Research officer, trade union",In Review,Connie Powers
2018,2023-06-11,Lorraine,Friedman,Male,30-05-2002,737-602-4770x573,savannahduncan@example.com,810 Preston Underpass Apt. 613,Gomezhaven,IN,38732,Benin,PhD,0,87674.23,Retail buyer,Applied,Lorraine Friedman
2019,2023-05-23,Carl,Johnson,Female,10-10-1969,+1-806-477-7324x60796,joseph45@example.org,9567 Pierce Radial,Kimberlyburgh,FM,19303,Bulgaria,Master's Degree,13,52037.75,Actor,Offered,Carl Johnson
2020,2023-05-08,Christopher,Gonzalez,Other,14-12-1994,222-560-1284x23657,howardharold@example.com,6037 Potter Junctions Suite 175,East Carrie,OR,50915,Cayman Islands,PhD,16,40507.53,Film/video editor,In Review,Christopher Gonzalez
2021,2023-06-12,Lisa,Mueller,Female,17-04-1974,###############################################################################################################################################################################################################################################################,bbarnett@example.org,496 Lucas Drive Suite 240,East Vickiview,SC,17419,Tanzania,Bachelor's Degree,4,97391.75,Media planner,Interviewing,Lisa Mueller
2022,2023-07-22,Sarah,Stephens,Male,16-07-1968,(503)298-6419,knightjimmy@example.org,236 Harris Estate,Smithbury,AK,13150,Yemen,High School,11,79716.64,Academic librarian,Rejected,Sarah Stephens
2023,2023-05-19,Charles,Richards,Other,09-06-1978,320.666.1449x491,harrellamanda@example.org,55247 Williams Plain,Hansonfort,NC,51907,Thailand,PhD,6,48505.12,Broadcast presenter,Rejected,Charles Richards
2024,2023-07-05,Corey,Harris,Male,18-05-1981,+1-573-485-2533x0506,thomasjody@example.org,5510 Chen Well Suite 660,West Patricia,WY,96357,Congo,Master's Degree,5,87463.27,"Investment banker, corporate",In Review,Corey Harris
2025,2023-05-29,Derrick,Cherry,Other,17-02-2004,001-234-482-6582x9123,romeromichelle@example.com,226 Wheeler Pines,New Aaronberg,OK,89502,North Macedonia,PhD,9,52016.01,Corporate investment banker,In Review,Derrick Cherry
2026,2023-07-01,Chelsea,Watts,Female,16-07-1994,541.760.4626x60812,smithjeremy@example.net,722 Webb Fords Suite 543,Melendeztown,NY,26506,Micronesia,High School,10,56020.68,"Journalist, magazine",Rejected,Chelsea Watts
2027,2023-07-09,Aaron,Hunt,Female,20-09-1986,(794)805-9498x28544,xperez@example.org,3619 Rocha Harbor,Warrenfort,VI,3128,Rwanda,Master's Degree,12,72486.53,"Engineer, production",Applied,Aaron Hunt
2028,2023-06-28,Justin,Roth,Other,30-01-1993,797-255-0587,xpeterson@example.com,15585 Joseph Row,Shahton,HI,64623,Hungary,PhD,11,86527.15,Sport and exercise psychologist,Interviewing,Justin Roth
2029,2023-07-16,Emily,Rose,Other,27-12-1986,(821)203-0368,franklinkatherine@example.net,66052 Klein Mill,Merrittfort,SD,74960,Congo,Bachelor's Degree,14,72783.22,Claims inspector/assessor,Interviewing,Emily Rose
2030,2023-05-25,Jessica,Paul,Other,28-04-1973,532.214.1064x21289,terrellryan@example.net,53951 Gordon Locks Apt. 412,Port Jerry,MS,33351,Jordan,Master's Degree,3,92814.3,Museum education officer,Offered,Jessica Paul
2031,2023-08-04,Amy,Miller,Male,02-09-1995,001-901-775-1864x4192,michael93@example.org,03068 James Junction,South Tonya,MA,59043,Palestinian Territory,High School,16,61958.05,Data scientist,Applied,Amy Miller
2032,2023-05-29,Tracy,Lee,Male,07-04-2000,001-559-451-8111x556,jordantammy@example.org,90209 Kelly Fields Suite 124,Lake Kenneth,TN,95533,Turkmenistan,PhD,2,62336.01,Purchasing manager,Rejected,Tracy Lee
2033,2023-07-29,Brent,Summers,Male,30-10-1983,###############################################################################################################################################################################################################################################################,grodriguez@example.org,035 Kelly Light,Lake Joe,CA,36417,Luxembourg,Bachelor's Degree,11,56285.7,Stage manager,Offered,Brent Summers
2034,2023-06-10,Angela,Daniels,Female,10-01-1968,001-519-523-5516x626,jose11@example.net,854 Hunter Island Suite 060,East Paul,CA,51985,Mongolia,Master's Degree,20,33735.24,Public relations officer,Offered,Angela Daniels
2035,2023-05-17,Alicia,Collier,Other,19-05-1976,951.335.0873x57178,varellano@example.org,5783 Cisneros Freeway,Cohenside,CA,38086,Germany,Master's Degree,5,34592.46,Drilling engineer,Applied,Alicia Collier
2036,2023-06-06,John,Morales,Male,08-05-1999,(305)466-9771,donaldcervantes@example.com,4111 Jonathan Causeway,Nielsenfort,RI,71536,Israel,Bachelor's Degree,2,76024.4,Data processing manager,Interviewing,John Morales
2037,2023-05-18,Crystal,Holmes,Female,04-12-1985,+1-633-222-6850x051,maysusan@example.org,0763 Alicia Burgs,West Ryan,TX,22560,Togo,Bachelor's Degree,2,99415.19,"Education officer, community",Rejected,Crystal Holmes
2038,2023-06-05,Marisa,Murray,Male,26-04-1995,001-986-355-1747x25139,abigailchandler@example.org,42856 Hale Coves Apt. 884,New Steven,MN,97316,Bulgaria,Master's Degree,19,55719.83,Town planner,Applied,Marisa Murray
2039,2023-07-27,Ashley,Willis,Female,11-12-1989,905.491.3518x13280,holmesjessica@example.org,0421 Shaffer Mountains Suite 854,New Justinstad,HI,69367,Cameroon,High School,1,84990.23,Equality and diversity officer,In Review,Ashley Willis
2040,2023-06-16,Margaret,Reyes,Other,23-10-1963,302.401.2958,jwallace@example.net,601 Taylor Fort,Freemanfort,PA,45430,Saint Barthelemy,Bachelor's Degree,2,90148.16,Theme park manager,Interviewing,Margaret Reyes
2041,2023-05-15,Amy,Alexander,Male,01-04-1992,(572)393-4713,rmathews@example.net,5994 Martha Place Apt. 766,Richardsonmouth,MO,55758,Vietnam,PhD,7,75929.57,Energy engineer,In Review,Amy Alexander
2042,2023-07-04,Betty,Hall,Other,17-10-1970,###############################################################################################################################################################################################################################################################,ythompson@example.org,34573 Lopez Rapids,Christopherfurt,RI,58576,Korea,Master's Degree,6,60879.86,Heritage manager,Applied,Betty Hall
2043,2023-05-15,Rebecca,Bishop,Female,10-06-1964,+1-262-900-3657x287,cordovaelizabeth@example.com,57497 Brooke Village Apt. 328,Joshuafurt,MI,54939,United States Minor Outlying Islands,Master's Degree,8,73869.93,"Secretary, company",Rejected,Rebecca Bishop
2044,2023-06-09,Karen,Anthony,Male,15-03-1965,+1-466-981-3929x05593,nbarton@example.com,3460 Alexandra Course,West Matthewfort,OH,87451,Tonga,Bachelor's Degree,18,91478.51,"Accountant, chartered public finance",Offered,Karen Anthony
2045,2023-07-05,Samuel,Hays,Male,16-02-1971,001-931-783-1511x9806,melissa69@example.org,3063 Maria Gardens,Jamesmouth,DE,89433,Central African Republic,Bachelor's Degree,12,45839.35,Operations geologist,Rejected,Samuel Hays
2046,2023-07-19,Michelle,Perez,Male,20-03-2002,(555)744-0949x73356,shepherdtracey@example.com,99318 Eric Loop,East Scott,SC,87369,New Caledonia,Master's Degree,8,93723.71,Control and instrumentation engineer,In Review,Michelle Perez
2047,2023-06-09,Zachary,Davis,Other,06-12-1987,499.407.4001x58531,gary09@example.net,7490 Yvette Locks,East Kimberly,MP,87905,Libyan Arab Jamahiriya,PhD,0,44177.08,Counselling psychologist,Applied,Zachary Davis
2048,2023-06-09,Mario,Murray,Female,25-09-1974,912.574.8911x1904,amy01@example.net,507 Sylvia Inlet,East Brittneymouth,AL,29951,Saint Lucia,PhD,16,97715.17,Horticultural consultant,Rejected,Mario Murray
2049,2023-08-02,Stephanie,Costa,Male,23-10-1967,###############################################################################################################################################################################################################################################################,jamesshari@example.net,6008 Reyes Ports,South Jane,AK,89275,Cayman Islands,High School,1,79185.25,Occupational therapist,In Review,Stephanie Costa
2050,2023-07-16,Christy,Johnson,Female,18-03-1986,658-961-5727x718,zachary78@example.net,429 King Lane,North Thomas,NY,66363,Mozambique,Bachelor's Degree,0,86134.23,Make,Interviewing,Christy Johnson
2051,2023-07-27,Carrie,Pena,Other,14-04-2005,001-534-550-8108x6539,rachelclark@example.net,8316 Ana Crescent,Melissafort,VT,57060,Somalia,Master's Degree,11,34708.5,"Investment banker, operational",In Review,Carrie Pena
2052,2023-05-24,Jose,Palmer,Other,26-08-2002,###############################################################################################################################################################################################################################################################,fhawkins@example.org,324 Roberson Centers Apt. 181,New Thomastown,WV,84070,Niue,Master's Degree,5,53386.57,Industrial/product designer,In Review,Jose Palmer
2053,2023-06-18,Jeffrey,Hayes,Other,19-04-1997,(288)803-6105x08211,grimesrobin@example.com,116 Wilson Hill Suite 001,Jamestown,CO,15784,Oman,PhD,19,79762.4,"Surveyor, building",Applied,Jeffrey Hayes
2054,2023-07-16,Christopher,Harris,Other,23-09-2000,+1-877-931-4317x138,abigail98@example.org,677 Nguyen Lights Suite 737,West Brett,PW,63187,North Macedonia,PhD,18,46135.55,Purchasing manager,In Review,Christopher Harris
2055,2023-07-12,Mark,Anderson,Male,07-05-1993,###############################################################################################################################################################################################################################################################,michael89@example.net,27751 Bailey Street,West Virginiaton,KY,34793,Jordan,Master's Degree,18,86384.43,"Production assistant, television",Rejected,Mark Anderson
2056,2023-07-17,Jim,Petty,Male,10-08-1963,001-556-580-2622x791,wball@example.com,676 Wright Pine,South Kari,SD,31208,Armenia,Bachelor's Degree,10,33561.76,Toxicologist,In Review,Jim Petty
2057,2023-06-30,Rachael,Brewer,Other,26-09-1988,001-495-299-7319x16260,cthomas@example.org,2129 Emily Lodge Suite 869,Josephchester,MI,1967,Senegal,PhD,4,34684.63,Production manager,Interviewing,Rachael Brewer
2058,2023-07-18,Scott,Floyd,Male,22-10-2003,+1-647-914-4798x27869,ortizpatricia@example.net,10274 Robert Trafficway Apt. 261,Pamelaland,TN,55572,Saudi Arabia,Master's Degree,17,94591.36,Radio producer,Applied,Scott Floyd
2059,2023-05-10,Cheryl,Wells,Other,15-01-1966,+1-502-913-8644x58349,heather03@example.com,2656 Alexander Road,Lake Garyshire,ID,72878,Antigua and Barbuda,PhD,20,41111.83,Operational investment banker,In Review,Cheryl Wells
2060,2023-05-18,Brandon,Williams,Male,31-01-1999,+1-788-619-1282x80834,gphillips@example.com,5422 Ashley Turnpike,Pagetown,VI,95664,Serbia,Master's Degree,2,46834.53,Politician's assistant,Interviewing,Brandon Williams
2061,2023-05-18,Alicia,Avila,Female,05-07-1999,252.981.7163,jodiwright@example.com,2904 Sims Corners Suite 099,Port Duane,AS,86679,Belgium,Master's Degree,0,56917.55,Geoscientist,Interviewing,Alicia Avila
2062,2023-05-23,Todd,Diaz,Male,03-08-1996,706-763-1115x15737,fsmith@example.org,565 Lindsey Parks Apt. 266,East Ricardoshire,NM,43518,Western Sahara,PhD,8,42425.57,"Engineer, structural",Interviewing,Todd Diaz
2063,2023-05-29,Amy,Gomez,Male,18-03-1995,###############################################################################################################################################################################################################################################################,josesmith@example.net,7408 Thomas Spur,Stewartstad,KY,63847,Tonga,High School,15,30944.85,Paediatric nurse,Rejected,Amy Gomez
2064,2023-06-03,Caitlyn,Valentine,Female,26-03-1975,+1-376-228-7701x20815,beth87@example.com,7386 David Canyon Apt. 094,Jimenezstad,KY,37348,Sweden,PhD,3,93725.87,Travel agency manager,In Review,Caitlyn Valentine
2065,2023-06-10,Patty,Peters,Other,25-12-2003,(528)306-8606,qmiller@example.org,8599 Anderson Center Apt. 254,New Brad,RI,70905,Vietnam,Bachelor's Degree,0,46899.8,Hospital pharmacist,Rejected,Patty Peters
2066,2023-06-20,Alyssa,Kirby,Female,01-11-1976,347.820.6969x2796,ujenkins@example.net,4457 Lopez Station,East Jesse,GA,61127,Iraq,Bachelor's Degree,15,91934.43,Adult guidance worker,In Review,Alyssa Kirby
2067,2023-07-14,Patricia,Moore,Other,30-01-2005,(512)625-2491x3939,hillpamela@example.net,08097 Anthony Plain Suite 546,Melissatown,TN,86629,Botswana,Master's Degree,10,79023.64,"Engineer, control and instrumentation",Rejected,Patricia Moore
2068,2023-07-06,Paul,Perez,Other,18-12-2003,(685)662-1278x181,calvin83@example.com,611 Martinez Lodge,Garciashire,KS,42358,Singapore,Bachelor's Degree,4,59236.55,"Teacher, music",In Review,Paul Perez
2069,2023-06-20,Pamela,Schwartz,Female,28-06-1969,###############################################################################################################################################################################################################################################################,zcarpenter@example.com,925 Hill Crest Suite 359,Curtisburgh,IA,98336,Slovakia (Slovak Republic),PhD,9,73440.53,Health and safety inspector,Applied,Pamela Schwartz
2070,2023-07-23,Krista,Clark,Male,03-03-1970,001-449-222-3921x26121,kristina27@example.net,208 Price Forge Suite 063,East Edwardtown,WY,96742,Guatemala,High School,17,69167.3,"Scientist, water quality",Rejected,Krista Clark
2071,2023-07-17,Patricia,Williams,Other,05-04-1970,(849)213-7756x00631,judybrown@example.com,98902 Jeffery Neck Apt. 482,Robertsonmouth,GA,17509,Seychelles,High School,19,71290.46,Energy manager,Interviewing,Patricia Williams
2072,2023-06-11,Sarah,Wolfe,Other,23-07-2001,###############################################################################################################################################################################################################################################################,wendybolton@example.org,308 Walter Squares Apt. 394,Adamsmouth,DC,81377,North Macedonia,High School,8,38843.2,Research scientist (physical sciences),Offered,Sarah Wolfe
2073,2023-05-12,James,Ellis,Other,25-04-1991,953.318.6515x4160,alisonmorgan@example.org,16828 Blake Loaf,South Jillmouth,WV,31555,El Salvador,PhD,13,69745.45,Petroleum engineer,In Review,James Ellis
2074,2023-07-07,Michael,Brown,Female,15-03-1968,###############################################################################################################################################################################################################################################################,branchjason@example.org,04896 Elizabeth Lock,Lake Annetteport,NY,45180,Georgia,Master's Degree,4,36778.12,Energy manager,In Review,Michael Brown
2075,2023-06-03,Daniel,Davis,Female,10-04-1989,528.648.6860,pchapman@example.com,755 Deborah Junctions Apt. 720,Woodmouth,RI,4567,Brazil,Bachelor's Degree,17,47061.44,"Administrator, Civil Service",Interviewing,Daniel Davis
2076,2023-07-03,Deborah,Thompson,Male,26-04-1974,866-957-3921x03252,charleshowe@example.com,58429 Courtney Gateway,Lake Vanessashire,NJ,75815,Georgia,High School,19,69778.08,Location manager,Applied,Deborah Thompson
2077,2023-05-07,Vicki,Krause,Female,21-08-2001,001-621-904-8379x55872,ccox@example.org,11755 Jessica Mountain,North Rachelville,HI,50323,Croatia,PhD,5,36032.53,Banker,Rejected,Vicki Krause
2078,2023-06-17,Melissa,Oconnor,Female,17-11-1997,340-601-9486,gloriafoster@example.org,9197 Rivera Alley Suite 084,East Kelsey,AL,90087,Thailand,Master's Degree,9,33599.48,Lawyer,In Review,Melissa Oconnor
2079,2023-06-20,Benjamin,Huber,Other,17-05-1985,(963)594-4772x16504,michael77@example.org,835 Walker Spur,Rebeccafort,RI,44467,New Zealand,Master's Degree,10,76255.66,"Engineer, automotive",Rejected,Benjamin Huber
2080,2023-07-06,Kaitlyn,Barnes,Other,01-02-1970,908-978-1997,shanebentley@example.org,0462 Eaton Oval,Pachecoburgh,MO,77124,Solomon Islands,High School,11,70884.53,Medical sales representative,Rejected,Kaitlyn Barnes
2081,2023-05-14,Ronald,Walker,Male,19-10-1969,+1-867-616-1049x864,lopezmatthew@example.net,05222 Alexander Rapid Apt. 341,Murphymouth,SD,97402,Hong Kong,Bachelor's Degree,11,92285.53,Special effects artist,In Review,Ronald Walker
2082,2023-06-03,Michelle,Bryant,Other,17-09-1970,(903)769-7614x0970,jennifer72@example.org,23986 Rios Drives Suite 341,Bryanstad,NH,15124,San Marino,Bachelor's Degree,13,65966.31,"Psychologist, educational",In Review,Michelle Bryant
2083,2023-08-04,Jennifer,Drake,Female,05-07-1969,(866)680-3729,ratkinson@example.org,975 Mark Cape Apt. 378,East Maryview,RI,58106,Yemen,High School,7,43142.14,"Designer, jewellery",Offered,Jennifer Drake
2084,2023-06-29,Brenda,Aguilar,Other,12-04-1970,951-778-3877x50652,yolandawilson@example.com,4380 Joseph Mountain,Weaverborough,NY,8176,Nauru,Bachelor's Degree,6,81655.51,Haematologist,Applied,Brenda Aguilar
2085,2023-06-09,David,Contreras,Other,20-02-1967,001-422-212-0582,ocohen@example.com,219 Olson Crossroad,Nicolemouth,ND,71651,Germany,Bachelor's Degree,6,50896.59,"Doctor, hospital",Applied,David Contreras
2086,2023-06-23,Darrell,Harper,Male,18-01-1999,(755)572-9877x2461,greenenicole@example.org,44910 Robinson Hill Suite 952,North Joannchester,DC,48829,Ghana,Bachelor's Degree,20,34296.1,"Geneticist, molecular",Rejected,Darrell Harper
2087,2023-05-06,Brittany,Krueger,Male,09-12-1988,823.429.9482,jennifer16@example.net,404 Montoya Divide,Jennifermouth,FM,17667,Grenada,PhD,8,83354.56,Regulatory affairs officer,In Review,Brittany Krueger
2088,2023-05-17,Eric,Graham,Other,26-10-1974,625.411.2892x411,lori46@example.net,44339 Phillips Pike Apt. 418,Quinnburgh,IL,77474,Ecuador,Master's Degree,20,57534.43,Quarry manager,Applied,Eric Graham
2089,2023-05-21,Bruce,Rios,Female,13-08-1978,001-450-680-8985x9997,teresaryan@example.com,3147 Roberts Brook Apt. 758,Stevenstad,NE,2258,Barbados,Bachelor's Degree,6,46496.36,"Horticulturist, commercial",Interviewing,Bruce Rios
2090,2023-06-19,Matthew,Turner,Male,21-10-2003,001-298-248-2579x82525,deckersusan@example.net,9864 Rodriguez Views Apt. 374,Port Justin,VI,51840,Russian Federation,Master's Degree,6,46768.59,Furniture conservator/restorer,Interviewing,Matthew Turner
2091,2023-07-16,Michael,Walker,Other,19-04-1993,665-342-5590,drogers@example.com,580 Johnson Route Suite 791,Michaelport,NH,48417,Falkland Islands (Malvinas),PhD,6,86157.24,Biomedical scientist,Offered,Michael Walker
2092,2023-05-12,Melissa,Dunn,Female,21-08-1968,204-610-3377,keith33@example.net,177 Joanne Center Suite 757,New Jacob,DC,49358,Paraguay,Master's Degree,15,65257.02,Actor,Applied,Melissa Dunn
2093,2023-07-28,Nichole,Barrett,Female,01-04-1965,(493)288-9917,michaellarson@example.com,125 Stevens Fall Suite 284,South Alexander,AK,65863,Bermuda,PhD,7,85804.7,Musician,In Review,Nichole Barrett
2094,2023-07-04,Nicole,Brown,Other,12-11-2001,831-512-4777x424,moyeramy@example.com,4629 Kelly Corner,South Kellyberg,FM,66512,Kazakhstan,Master's Degree,16,57048.05,Operations geologist,Applied,Nicole Brown
2095,2023-07-17,Jeremy,Fisher,Female,25-01-1968,932.986.3494x235,robertcruz@example.com,1539 Montgomery Knoll,Laratown,VA,40829,British Virgin Islands,High School,10,41123.85,Government social research officer,Rejected,Jeremy Fisher
2096,2023-07-06,Patricia,Smith,Male,06-07-1998,747.668.1076x70386,rachel56@example.org,4384 Pamela Light,Port Jackson,MD,40674,Svalbard & Jan Mayen Islands,Master's Degree,9,97972.61,Broadcast presenter,Interviewing,Patricia Smith
2097,2023-06-04,James,Poole,Female,05-05-1974,623-867-7329,gailtownsend@example.net,027 Williams Neck,Kennedybury,ME,99678,Sierra Leone,Bachelor's Degree,17,82877.56,"Designer, exhibition/display",In Review,James Poole
2098,2023-06-11,Joshua,Miller,Other,06-11-1979,+1-625-566-9829x26443,simsmichael@example.org,9164 Russell Island Suite 179,Andersonmouth,FM,19871,Azerbaijan,PhD,13,47539.84,"Conservation officer, historic buildings",Offered,Joshua Miller
2099,2023-07-13,Richard,Hoover,Other,16-03-1970,633.392.8895x235,bradleyalvarado@example.org,82666 Campbell Mews Suite 019,South Raymondton,IA,36011,Turkmenistan,High School,2,69919.82,Risk manager,Applied,Richard Hoover
2100,2023-05-07,Jennifer,Harrell,Female,02-08-1996,(878)941-8307,leemichael@example.net,90061 Veronica Manor,Wernerton,MD,87996,Holy See (Vatican City State),PhD,16,94821.7,Biomedical engineer,Offered,Jennifer Harrell
2101,2023-07-20,Ashley,Wheeler,Female,05-04-1988,285-876-7965x616,wjones@example.com,687 Jessica Light Suite 301,Wellsshire,WV,51534,Saint Lucia,Bachelor's Degree,20,94220.86,Public affairs consultant,In Review,Ashley Wheeler
2102,2023-07-26,Erin,Jones,Male,23-01-1978,752-466-7577x0964,charles24@example.com,12728 Moore Mountains Suite 383,Matthewberg,FL,50528,British Virgin Islands,PhD,16,80349.04,Hydrologist,Rejected,Erin Jones
2103,2023-06-28,Christopher,Beasley,Male,04-07-2000,(392)835-0454x72760,fordjason@example.net,31498 Ronald Village,West Bradleystad,NM,48716,Honduras,PhD,1,49252.92,Mechanical engineer,Offered,Christopher Beasley
2104,2023-05-19,Nancy,Boyd,Male,30-11-1991,939.654.5644x043,elizabethsmith@example.org,835 Rachel Views Apt. 804,Lisastad,GA,45464,Antarctica (the territory South of 60 deg S),Master's Degree,7,72461.2,"Pilot, airline",Interviewing,Nancy Boyd
2105,2023-05-23,Matthew,Thompson,Other,09-06-2002,374.670.1602x46774,halvarez@example.net,38767 David Fields Apt. 635,Priceburgh,MI,55306,Bosnia and Herzegovina,PhD,4,43976.23,Sports therapist,Interviewing,Matthew Thompson
2106,2023-07-05,Brandon,Foster,Female,22-03-1964,(322)424-1866x09062,nwilson@example.com,0633 Evan Cape,New Michelle,TN,11146,Poland,Master's Degree,11,87921.98,Police officer,In Review,Brandon Foster
2107,2023-05-17,Adam,Price,Other,28-04-1968,###############################################################################################################################################################################################################################################################,tina64@example.org,364 Sean Throughway Suite 761,New Travisland,NV,62371,Suriname,High School,14,93471.66,Chief Financial Officer,In Review,Adam Price
2108,2023-05-16,Tara,Gardner,Female,29-11-1963,552.274.7624,nguyendawn@example.net,83214 Thomas Parks Suite 909,New Brandy,VA,50126,Comoros,PhD,14,82809.09,Broadcast presenter,Applied,Tara Gardner
2109,2023-06-13,Jeffrey,Crane,Male,02-06-1999,001-788-478-1910x1364,joseph77@example.net,72727 Anthony Harbors Suite 568,Timothybury,AK,72110,Cuba,Master's Degree,1,75852.15,"Engineer, production",Rejected,Jeffrey Crane
2110,2023-06-09,Nancy,Williams,Male,29-06-1975,676-745-1338,martha52@example.org,4014 Mcbride Trace,West Alexandra,FL,98677,Faroe Islands,PhD,16,82623.07,Surgeon,Rejected,Nancy Williams
2111,2023-07-11,Richard,Lawson,Female,19-06-1982,+1-755-597-8754x73516,claytonschmidt@example.com,79818 Laura Grove,North Williamhaven,DE,13813,Georgia,PhD,11,73513.63,Merchant navy officer,Offered,Richard Lawson
2112,2023-05-19,Jennifer,Kerr,Female,02-12-1997,001-219-205-4599x284,ballbarbara@example.net,731 Roger Place,Loriberg,LA,30933,Malaysia,Bachelor's Degree,20,69471.31,Plant breeder/geneticist,Interviewing,Jennifer Kerr
2113,2023-08-03,Edward,Turner,Male,27-03-2004,730.919.8214x4559,matthewramirez@example.org,1511 Brian Crossroad Apt. 565,Elizabethside,UT,78521,Syrian Arab Republic,Bachelor's Degree,14,63648.21,Medical illustrator,Rejected,Edward Turner
2114,2023-07-04,Amy,Gonzales,Male,25-11-1980,(833)638-3650,stephanieingram@example.net,163 Pamela Key,New Susan,WI,23595,Poland,Master's Degree,3,68290.83,Commercial/residential surveyor,Offered,Amy Gonzales
2115,2023-05-14,Briana,Sparks,Male,28-02-1985,001-448-661-0117x2389,isaacjones@example.com,156 Christopher Mission,Gaystad,IN,51492,Liechtenstein,High School,6,33946.91,Civil Service fast streamer,Offered,Briana Sparks
2116,2023-07-04,Cindy,Morris,Male,15-04-1999,282.702.5026,jessica66@example.org,9396 Jordan Lodge,New Phillipville,NY,98240,Latvia,High School,10,46878.75,Commercial/residential surveyor,Offered,Cindy Morris
2117,2023-06-07,Alan,Keith,Female,03-02-1976,385.292.6561,bradleyperkins@example.net,158 Wayne Knoll,Christopherberg,SC,77485,Peru,Bachelor's Degree,13,99442.76,"Investment banker, corporate",Offered,Alan Keith
2118,2023-07-31,Bonnie,Cruz,Other,25-04-1964,+1-462-766-7824x719,orozcoregina@example.com,8677 Latoya Harbors Suite 084,East Hannah,MA,85594,Angola,Master's Degree,15,59026.67,Occupational hygienist,Interviewing,Bonnie Cruz
2119,2023-06-04,Ronald,Scott,Other,26-05-1987,592.514.2827x23548,brandi29@example.com,11568 Harrington Inlet Apt. 402,Jacksonmouth,VA,87019,Antigua and Barbuda,Bachelor's Degree,16,31327.85,Health service manager,In Review,Ronald Scott
2120,2023-07-31,Jonathan,Miller,Female,26-10-1996,+1-553-609-1032x786,tiffanygamble@example.org,6845 Lang Orchard Apt. 260,Lake Ronald,CA,12894,Micronesia,PhD,20,40913.55,Advertising account executive,In Review,Jonathan Miller
2121,2023-06-20,Susan,Fleming,Female,01-02-1982,001-250-355-2663x75968,phillip67@example.net,1446 Vickie Lock Suite 823,Lake Thomas,AL,61337,Faroe Islands,Bachelor's Degree,15,76210.48,Wellsite geologist,Offered,Susan Fleming
2122,2023-06-08,Dana,Pham,Male,23-07-1998,(721)528-2218x54566,allen60@example.com,2232 Meza Village,Kirbyborough,ND,76293,Saudi Arabia,PhD,15,56862.16,Dietitian,Interviewing,Dana Pham
2123,2023-05-12,Kevin,Johnson,Female,20-07-2004,###############################################################################################################################################################################################################################################################,danielle04@example.com,573 Matthew Mills,South Kristenview,HI,53404,San Marino,Master's Degree,4,97614.74,Race relations officer,In Review,Kevin Johnson
2124,2023-05-20,Andrew,Ball,Female,03-10-1964,(642)512-3875x34277,kfisher@example.net,74516 Small Row,North Monica,UT,52236,Malawi,High School,4,41455.41,General practice doctor,Rejected,Andrew Ball
2125,2023-07-03,Sarah,Williams,Other,10-12-1995,001-850-234-4336x5239,leeseth@example.net,75618 Roman Spur Apt. 263,Lake Gabriela,DC,94743,Albania,Bachelor's Degree,2,76673.78,Web designer,In Review,Sarah Williams
2126,2023-06-30,Elizabeth,Burke,Other,13-08-1962,(689)653-2297x2264,gkoch@example.org,7020 Nicholas Shoal Suite 877,Lake Laura,FL,52987,Costa Rica,High School,20,88828.51,"Engineer, materials",Interviewing,Elizabeth Burke
2127,2023-06-24,Stacey,Fuller,Female,22-04-1967,+1-903-488-0840x54999,operez@example.com,327 Carey Road Apt. 022,South Lindsay,MD,8372,Falkland Islands (Malvinas),Bachelor's Degree,5,89847.55,Network engineer,Offered,Stacey Fuller
2128,2023-05-14,April,Pratt,Female,02-02-1984,+1-888-907-6917x51184,ayalatony@example.org,32128 Rice Neck,Leahmouth,MH,30150,Macao,PhD,17,59120.54,Health service manager,Offered,April Pratt
2129,2023-05-29,Tracy,French,Female,24-05-1995,970-454-4585,greenmichael@example.org,164 Jacqueline Ports Apt. 654,Jasonville,PA,95351,Saint Kitts and Nevis,Bachelor's Degree,5,80124.25,Translator,Interviewing,Tracy French
2130,2023-08-02,Lisa,Dominguez,Other,12-09-1969,001-923-567-1196x8388,jwilliams@example.org,387 Hardy Loaf Suite 784,East Adrian,OH,10583,Sierra Leone,PhD,16,67902.32,English as a foreign language teacher,Interviewing,Lisa Dominguez
2131,2023-05-08,Amanda,Thomas,Female,19-01-2000,001-653-484-9889,michael60@example.net,000 Morales Knoll Suite 741,Baileyberg,NH,79609,Falkland Islands (Malvinas),High School,13,40237.83,Physiotherapist,In Review,Amanda Thomas
2132,2023-07-19,Kevin,Cain,Female,11-12-2000,+1-453-321-2793x245,kristaclarke@example.net,866 Fuller Shoal,Henryfort,FL,76140,French Polynesia,Bachelor's Degree,2,56740.92,Public affairs consultant,Applied,Kevin Cain
2133,2023-07-15,Melissa,Meyers,Male,31-03-1974,291.649.2449x166,johnpatton@example.org,6175 Rivas Squares,Lake Ryan,PR,10395,Croatia,High School,17,69585.25,Research scientist (medical),In Review,Melissa Meyers
2134,2023-07-08,Brooke,Torres,Male,02-03-1978,001-846-749-8123x8669,claudia05@example.com,91845 May Fork Apt. 567,Marquezburgh,VT,80812,Belarus,Master's Degree,11,67287.27,Theatre manager,Rejected,Brooke Torres
2135,2023-07-10,Jonathan,Craig,Male,27-02-1985,451-404-0497,laurencoleman@example.com,1673 Michael Valley Suite 345,Roseshire,MN,5579,Czech Republic,PhD,8,71787.98,Event organiser,Offered,Jonathan Craig
2136,2023-05-07,James,Lee,Male,10-05-1970,###############################################################################################################################################################################################################################################################,iescobar@example.net,25993 Dunn Port Apt. 238,Richardmouth,NE,47894,Heard Island and McDonald Islands,Master's Degree,16,86864.47,Energy manager,Offered,James Lee
2137,2023-05-31,Amber,Hughes,Other,17-10-1965,(695)885-3054,kenneth60@example.net,030 Atkinson Throughway,Kellyland,PR,69035,Zimbabwe,Bachelor's Degree,12,33966.39,"Designer, textile",Rejected,Amber Hughes
2138,2023-05-23,Kyle,Lawrence,Male,31-10-1985,###############################################################################################################################################################################################################################################################,dmiller@example.com,3106 James Overpass,Joeltown,PW,18794,Belarus,Master's Degree,18,66199.0,Building surveyor,Offered,Kyle Lawrence
2139,2023-08-02,Amy,Moreno,Male,02-02-1982,+1-307-442-5905x8288,rodriguezbarbara@example.net,11889 Aaron Ford Suite 480,Cooperton,CA,86503,Indonesia,Master's Degree,6,43080.51,Careers adviser,Interviewing,Amy Moreno
2140,2023-05-18,Kelly,Stanley,Other,29-11-1963,###############################################################################################################################################################################################################################################################,qperez@example.com,8184 Kayla Flat Suite 928,North Sabrina,NE,56930,Anguilla,Master's Degree,2,82427.1,Counselling psychologist,Applied,Kelly Stanley
2141,2023-07-30,Laura,Richardson,Female,11-04-1982,829-770-0098,pingram@example.net,477 Fernando Plaza Apt. 634,South Catherine,AZ,1553,Chad,Master's Degree,0,74836.96,Sports development officer,Rejected,Laura Richardson
2142,2023-06-27,Linda,Gillespie,Female,29-03-1990,(783)878-1653,afisher@example.org,54390 Timothy Port Suite 228,Liberg,OR,60942,Kyrgyz Republic,High School,15,91846.11,"Engineer, electronics",Rejected,Linda Gillespie
2143,2023-07-22,Richard,Murphy,Other,21-08-1998,574.924.1145x6887,david95@example.com,74665 Kyle Mews,North Victoria,WY,25492,Senegal,Bachelor's Degree,19,58908.97,Web designer,Rejected,Richard Murphy
2144,2023-06-29,John,Phillips,Male,27-05-1973,291-535-7067,barnesbenjamin@example.net,20732 Drew Radial Apt. 441,Port Jennifer,CT,10378,Pitcairn Islands,Master's Degree,5,38006.08,Equities trader,Rejected,John Phillips
2145,2023-05-20,Matthew,Trujillo,Other,23-11-1974,(916)631-4811x300,ralphgilbert@example.org,480 Johnson Shore,South Robert,NJ,86691,Mozambique,Master's Degree,17,93679.14,Meteorologist,Interviewing,Matthew Trujillo
2146,2023-07-28,Nicholas,Mendoza,Male,05-04-2005,621.322.3139x2462,webbryan@example.net,8544 Jones Islands,South Roberthaven,FM,83142,Cyprus,PhD,11,38281.72,Arts administrator,Offered,Nicholas Mendoza
2147,2023-06-29,Brandon,Miller,Male,04-08-1976,468-335-0374,harrisjesus@example.org,76623 Ruth Springs Apt. 164,New Michaelberg,IA,41709,Martinique,Bachelor's Degree,3,93748.45,Armed forces training and education officer,Interviewing,Brandon Miller
2148,2023-05-09,Stephen,Hardy,Male,11-07-1987,587.668.5430x325,shunt@example.org,60839 Jimmy Route Apt. 041,East Stephenstad,MO,60486,Trinidad and Tobago,PhD,17,90163.31,Media buyer,Interviewing,Stephen Hardy
2149,2023-06-20,Jaime,Butler,Female,27-04-1979,###############################################################################################################################################################################################################################################################,aaronmoore@example.com,132 Nathaniel Bypass Apt. 993,New Jeremy,AS,23082,Russian Federation,High School,17,44319.59,"Engineer, communications",In Review,Jaime Butler
2150,2023-05-28,Michael,Wade,Female,15-12-1976,909-952-3416,lewisbrenda@example.org,11271 Aaron Land Suite 211,Christopherstad,GU,3345,Falkland Islands (Malvinas),Bachelor's Degree,9,95892.68,Licensed conveyancer,Offered,Michael Wade
2151,2023-07-12,Reginald,Nelson,Male,07-11-1997,001-381-730-5911x78925,mayerhayden@example.net,65182 Brewer Curve,Cindymouth,VI,29984,Norfolk Island,Master's Degree,3,62520.01,Arts administrator,Rejected,Reginald Nelson
2152,2023-06-25,Susan,Flores,Male,18-02-1984,(616)213-8239x8788,catherinemiller@example.org,59959 Harris Route Apt. 194,New Craigburgh,IN,30945,Iran,Master's Degree,17,79952.86,"Engineer, manufacturing systems",Applied,Susan Flores
2153,2023-06-14,Holly,Perez,Other,13-06-1989,972.790.6097x62540,whitney58@example.org,000 Jennifer River Apt. 324,South Seth,PA,24284,Mauritania,Master's Degree,19,68580.46,Commissioning editor,Offered,Holly Perez
2154,2023-05-23,Lindsey,Clark,Other,09-01-1965,001-846-527-4072x68337,larrywilson@example.org,40592 Jennings Forge Suite 924,Lukeview,IN,20046,North Macedonia,Master's Degree,20,55443.45,Arts administrator,Offered,Lindsey Clark
2155,2023-06-13,Kevin,Smith,Male,04-03-1979,240.657.2141,barry36@example.org,2537 Jack Wells Suite 187,Bartonstad,NY,58979,Iraq,Bachelor's Degree,18,93018.24,Counselling psychologist,Applied,Kevin Smith
2156,2023-07-14,Darius,Stevenson,Male,27-07-1973,664-406-4217x23378,aaronwright@example.org,4921 Alan Lock Suite 204,New Davidfurt,CA,45241,Andorra,PhD,17,46008.35,"Engineer, manufacturing systems",In Review,Darius Stevenson
2157,2023-06-01,Wanda,Stein,Other,28-08-1995,+1-730-362-9047x2974,ahatfield@example.org,0517 Stacie River,Matthewshire,NM,40639,Luxembourg,Bachelor's Degree,5,44274.31,Toxicologist,Applied,Wanda Stein
2158,2023-07-21,Victoria,Ballard,Male,16-05-1998,###############################################################################################################################################################################################################################################################,brooke10@example.net,2893 Pope Trail Apt. 403,East Kathryn,IL,34096,Pakistan,High School,15,79650.16,Information officer,Offered,Victoria Ballard
2159,2023-08-03,Deborah,Cook,Other,21-09-1975,+1-528-928-8679x108,fbridges@example.com,97938 Ray Port Apt. 698,East Codychester,IN,12405,Micronesia,Bachelor's Degree,16,39232.34,Commissioning editor,In Review,Deborah Cook
2160,2023-06-20,Sylvia,Church,Female,07-02-1995,001-205-762-8515,nicholasschmidt@example.com,332 Garner Course Apt. 118,East Jerome,PR,55556,Sao Tome and Principe,Bachelor's Degree,0,91283.11,Counsellor,Rejected,Sylvia Church
2161,2023-07-03,Erica,Kelly,Other,22-08-2002,233-885-4114,boltonlisa@example.net,70681 Perry Overpass Suite 083,Port Austinport,AL,33044,Tunisia,PhD,6,57524.75,Sub,In Review,Erica Kelly
2162,2023-07-17,Anthony,Beck,Other,08-11-1967,+1-774-204-2539x59317,allen76@example.com,746 Shelby Expressway Apt. 376,Amandashire,OR,90311,Madagascar,Bachelor's Degree,20,75447.76,Chief of Staff,Applied,Anthony Beck
2163,2023-07-12,Donald,Kelly,Male,03-06-1967,413-567-6992,vschneider@example.com,372 Sheena Turnpike Apt. 118,North Judy,VT,71656,Moldova,Bachelor's Degree,5,90832.63,Film/video editor,Interviewing,Donald Kelly
2164,2023-07-16,Carolyn,Preston,Other,18-07-1975,351.880.7431,yclarke@example.org,6983 Adriana Circles,Williamschester,ID,85497,Uruguay,Master's Degree,9,99371.03,Associate Professor,Offered,Carolyn Preston
2165,2023-05-28,Kristi,Robertson,Male,03-08-1987,001-754-656-9986,jessicawillis@example.net,365 Stark Meadow,Moodyville,CA,28880,Turkmenistan,Bachelor's Degree,1,32491.56,Chief Strategy Officer,Applied,Kristi Robertson
2166,2023-05-09,Andrew,Allen,Other,21-09-1984,(743)449-7788x870,howellcraig@example.org,24004 Charles Square,East Jacobmouth,MS,78421,Andorra,Bachelor's Degree,11,56703.82,Patent attorney,Rejected,Andrew Allen
2167,2023-07-24,Amy,Nielsen,Male,23-08-2004,919-455-9177x41651,katrina58@example.org,769 King Rapids Suite 358,Michaelfort,UT,32997,Switzerland,High School,10,51604.57,Museum/gallery curator,Interviewing,Amy Nielsen
2168,2023-06-16,Mark,Ray,Other,08-10-2002,(751)863-3159x9828,edward34@example.net,220 Wise Row Apt. 499,Port William,NM,29748,Germany,Bachelor's Degree,12,44477.57,Landscape architect,In Review,Mark Ray
2169,2023-08-02,Thomas,Irwin,Other,05-06-1972,+1-933-698-7217x2622,xmyers@example.org,28883 Henderson Flats,North Oscar,PW,25301,New Zealand,Master's Degree,8,64710.85,Land,In Review,Thomas Irwin
2170,2023-06-09,Gerald,Gregory,Female,10-02-2001,+1-683-870-7994x36817,jennifershea@example.net,318 Kimberly Crescent,New Victoria,HI,93574,Antarctica (the territory South of 60 deg S),High School,8,83493.47,Chief Executive Officer,Offered,Gerald Gregory
2171,2023-06-27,Corey,Miller,Male,21-09-1977,###############################################################################################################################################################################################################################################################,vargassonya@example.net,53473 Munoz Street,North Brandiside,DC,54711,Gabon,PhD,10,67681.91,Video editor,Rejected,Corey Miller
2172,2023-07-24,Amanda,Thompson,Male,26-10-1974,(408)862-2621,karen88@example.net,511 Harris Mission Apt. 691,North Lisa,PA,93493,Congo,Master's Degree,2,81840.62,Marketing executive,In Review,Amanda Thompson
2173,2023-06-12,Jennifer,Clark,Male,09-05-1963,509.480.0318,mark85@example.net,90174 Graves Turnpike,West Amymouth,AL,41631,Kenya,Bachelor's Degree,3,79340.69,"Surveyor, quantity",Offered,Jennifer Clark
2174,2023-07-11,Kimberly,Hernandez,Other,16-02-1977,422.853.9079x195,kimberlyrodgers@example.net,361 Michelle Roads Apt. 337,East Troymouth,NC,56257,Pakistan,Master's Degree,1,53318.88,Web designer,Offered,Kimberly Hernandez
2175,2023-08-05,William,Daugherty,Female,22-04-1979,249.486.1199x737,dli@example.org,10178 Tracey Isle Suite 945,North Robert,PA,69242,Czech Republic,PhD,5,67858.09,Sports therapist,Rejected,William Daugherty
2176,2023-05-08,Joann,Jennings,Female,28-10-1977,###############################################################################################################################################################################################################################################################,johnsongregory@example.org,23450 Wagner Track,East Michaelfort,AK,16866,Canada,PhD,10,49648.21,"Designer, blown glass/stained glass",Applied,Joann Jennings
2177,2023-07-22,Leah,Evans,Male,22-05-2001,455.661.3698x57363,james71@example.org,061 Hernandez Springs Apt. 416,South Nathanielland,NY,76584,Turkmenistan,PhD,6,99073.62,"Surveyor, building",Applied,Leah Evans
2178,2023-07-29,Michelle,Rivera,Female,05-02-1967,874-411-5206x12792,dylan12@example.com,3410 Lewis Highway,North Herbertfort,LA,78817,Guernsey,Master's Degree,1,80590.11,Psychiatrist,Interviewing,Michelle Rivera
2179,2023-06-22,Brendan,May,Female,27-09-1989,642.580.8471x65207,vgreen@example.net,553 Hess Port,Kimberlyburgh,MN,74642,Egypt,Bachelor's Degree,11,50411.33,Contracting civil engineer,Applied,Brendan May
2180,2023-05-13,Colton,Hartman,Other,30-09-1971,001-438-473-9623x97504,ujohnson@example.org,058 Rush Trace Apt. 391,Port Stacy,OK,6204,Turkmenistan,High School,15,73346.74,Retail manager,Rejected,Colton Hartman
2181,2023-07-18,Ronald,Beard,Other,23-08-1971,001-937-828-4720,vbryant@example.net,1910 Jennifer Summit Apt. 484,East Susanborough,ND,31181,Saudi Arabia,Bachelor's Degree,11,92776.47,"Journalist, newspaper",Applied,Ronald Beard
2182,2023-06-04,Henry,Browning,Male,29-11-1992,(825)762-0978x107,krausetimothy@example.com,41309 Alexander Union Suite 729,North Claudiaborough,PA,17692,Zimbabwe,PhD,1,75932.21,IT technical support officer,Applied,Henry Browning
2183,2023-06-16,Tanya,Zamora,Other,19-09-1986,497-887-6090,john00@example.net,48745 Brooke Mountains,North Robertville,HI,68735,Isle of Man,PhD,2,64737.7,Ergonomist,In Review,Tanya Zamora
2184,2023-05-23,Mike,Gibson,Female,03-06-1998,(642)937-2572x0935,brhodes@example.net,196 Justin Views,Bartonmouth,PW,74453,Burundi,Master's Degree,15,55195.24,Tree surgeon,Interviewing,Mike Gibson
2185,2023-06-24,Olivia,George,Male,06-05-1987,001-301-751-4009x75606,terriphillips@example.org,6680 Fernando Ramp,East Kelly,MS,11424,Montenegro,High School,15,95075.23,Management consultant,Rejected,Olivia George
2186,2023-06-02,Jeffrey,Daniel,Female,02-04-1984,202.413.6072x5405,alozano@example.com,058 Leslie Ferry,Wallhaven,NC,49921,Turkmenistan,PhD,12,68213.77,"Psychologist, prison and probation services",Interviewing,Jeffrey Daniel
2187,2023-05-19,Jennifer,Webster,Male,19-01-1970,245-302-8658,deborah54@example.net,038 Todd Trail,New Franciscoburgh,UT,26775,Malawi,High School,11,62378.49,Farm manager,Applied,Jennifer Webster
2188,2023-06-20,Jasmine,Carey,Female,29-01-2004,987.361.7787,ngates@example.org,219 Lewis Drives,Braunland,NH,73264,Holy See (Vatican City State),Bachelor's Degree,9,83821.72,Herbalist,Interviewing,Jasmine Carey
2189,2023-06-15,Bradley,Lindsey,Female,08-05-1976,###############################################################################################################################################################################################################################################################,kochlaura@example.net,1004 Pena Plaza Suite 562,West Susan,PW,23714,Zimbabwe,High School,9,75383.39,Systems developer,Interviewing,Bradley Lindsey
2190,2023-07-10,Lisa,Martin,Female,30-08-1994,625.950.4774x82938,vbrooks@example.net,35963 Kimberly Burg Suite 253,West Jennifer,OH,71838,Morocco,High School,7,44054.37,Chiropractor,Offered,Lisa Martin
2191,2023-05-13,Cynthia,Harris,Other,15-06-1984,443.246.0618,ashley38@example.org,2447 Martinez Points,Port Joshua,AL,31134,Liberia,Bachelor's Degree,14,40581.89,"Engineer, drilling",Interviewing,Cynthia Harris
2192,2023-06-17,Charles,Roberts,Male,02-09-1983,###############################################################################################################################################################################################################################################################,smithamy@example.org,19665 Leah Spur,Ortizport,AR,16743,Peru,High School,16,64862.7,Armed forces technical officer,Offered,Charles Roberts
2193,2023-05-09,Kathleen,Mcneil,Other,23-10-2002,(489)904-8594x178,rose32@example.com,83828 Todd Mission,South Jennifer,CT,14896,Korea,Master's Degree,5,89745.77,Race relations officer,Interviewing,Kathleen Mcneil
2194,2023-08-01,Mathew,Smith,Male,29-06-1996,001-887-688-8747x92902,ryan78@example.net,239 Jennifer Extensions Apt. 586,Port Pamelafurt,NM,26858,Saint Barthelemy,High School,16,83468.16,IT consultant,Interviewing,Mathew Smith
2195,2023-07-03,Ashley,Gibson,Male,06-12-1966,001-325-315-6370x012,powellcarrie@example.net,881 Simon Turnpike Suite 080,Foxshire,MT,60505,Mali,Bachelor's Degree,14,56268.95,Bonds trader,Interviewing,Ashley Gibson
2196,2023-05-18,Amy,Olsen,Male,07-10-1993,600-690-6161,johnperry@example.com,8788 Garcia Shores,Lisaberg,MN,29932,United Arab Emirates,Bachelor's Degree,0,36644.99,Games developer,Offered,Amy Olsen
2197,2023-07-22,Mitchell,Farley,Female,15-10-1962,270-757-0046x4613,judith95@example.com,55480 Michael Spurs,Littleview,AK,59735,Tonga,High School,16,68842.62,Armed forces logistics/support/administrative officer,Offered,Mitchell Farley
2198,2023-06-08,Amanda,Waters,Male,18-05-1980,466-550-0389x4810,garymartinez@example.net,9735 Grant Valley,Robertfurt,VA,24929,Lesotho,PhD,20,92353.27,Freight forwarder,Offered,Amanda Waters
2199,2023-07-08,Donna,Hahn,Male,18-12-1973,745-449-5112,vtaylor@example.net,9939 Gould Dale Apt. 360,Sharonside,PA,87888,Pitcairn Islands,Bachelor's Degree,7,55958.69,Cartographer,Applied,Donna Hahn
2200,2023-06-07,Jean,Schneider,Male,23-07-1970,###############################################################################################################################################################################################################################################################,rmiller@example.org,1139 Sherry Curve,Franklinfort,VT,99194,Kazakhstan,PhD,16,65253.41,Architect,Offered,Jean Schneider
2201,2023-06-04,Ryan,Garcia,Female,20-01-1975,+1-752-992-5558x80690,ronaldmolina@example.org,1727 Ashley Dam Suite 605,South Ronnie,SD,92393,Pakistan,Master's Degree,9,97501.92,Exercise physiologist,In Review,Ryan Garcia
2202,2023-07-28,Mark,Shaw,Female,15-09-1999,+1-259-823-0289x8066,elizabeth12@example.org,73173 Reynolds Mission Suite 603,West Daniel,MI,83683,Christmas Island,Bachelor's Degree,10,53527.01,Planning and development surveyor,Rejected,Mark Shaw
2203,2023-07-14,Ryan,Ortega,Male,10-11-1979,001-821-951-4672x44123,anthonygeorge@example.org,12303 Eric Rapid,Lisabury,MO,38663,El Salvador,Master's Degree,0,71407.69,Theatre stage manager,Applied,Ryan Ortega
2204,2023-05-23,Brian,Marks,Female,07-09-1984,881.966.8148x89619,cindycastro@example.org,9484 Ray Brooks Apt. 194,Anabury,NC,92270,Belize,Bachelor's Degree,19,54826.12,Intelligence analyst,Rejected,Brian Marks
2205,2023-07-12,Richard,Joseph,Female,18-08-1997,756-303-5174x663,ucharles@example.com,478 Carson Unions Apt. 790,Port Bryan,PR,9708,Poland,Master's Degree,13,87346.98,Editorial assistant,Offered,Richard Joseph
2206,2023-06-01,Benjamin,Serrano,Male,28-02-1991,522.230.8890x867,staylor@example.com,8888 Crystal Parkways Apt. 225,Williamsonburgh,FM,26438,Montenegro,High School,1,36153.94,Television/film/video producer,Rejected,Benjamin Serrano
2207,2023-07-02,Tracy,Davidson,Male,10-08-2003,626-677-4504,anthony72@example.net,895 Cindy Burg Suite 163,West Gloria,WY,83444,Cook Islands,High School,3,45836.2,"Engineer, agricultural",In Review,Tracy Davidson
2208,2023-05-08,Christina,Arellano,Female,12-06-1977,753.238.7454x15614,haynesheidi@example.com,071 Ernest Trace,East Jessicaberg,KS,49334,Mexico,High School,20,95325.97,"Sales professional, IT",In Review,Christina Arellano
2209,2023-06-23,Luis,Cuevas,Female,21-05-1967,+1-342-673-7908x1115,eugene25@example.org,356 Smith Way,South Joelton,IN,15833,Greenland,Bachelor's Degree,8,83732.77,Air broker,In Review,Luis Cuevas
2210,2023-05-09,Elizabeth,Massey,Female,08-03-2001,+1-994-570-8748x340,clarkjordan@example.org,16425 Kelly Light,Samuelmouth,CO,32055,Costa Rica,PhD,14,64942.87,Commercial art gallery manager,Offered,Elizabeth Massey
2211,2023-06-22,Shawn,Fitzpatrick,Male,29-11-2000,+1-653-445-5478x82313,christopher90@example.net,080 Ryan Creek,Gordonville,WY,70023,Montserrat,Bachelor's Degree,0,32846.1,Medical sales representative,Rejected,Shawn Fitzpatrick
2212,2023-06-23,Margaret,Stephenson,Male,12-07-1965,802.355.9790x1762,seanwashington@example.org,50313 Angela Freeway Suite 048,Gutierrezville,OK,70077,Mayotte,High School,4,46776.0,"Loss adjuster, chartered",In Review,Margaret Stephenson
2213,2023-05-14,Shelby,Romero,Male,14-06-1994,353-404-2585,greg18@example.org,764 Henry Brook Suite 295,Michaelview,IL,32319,Angola,Master's Degree,9,72050.36,"Nurse, mental health",Offered,Shelby Romero
2214,2023-07-17,Robert,Hurley,Other,17-09-1977,738-868-2259x532,davidlindsey@example.com,356 Allen Manors Suite 547,Jenniferburgh,RI,94661,Portugal,Bachelor's Degree,10,46548.24,Publishing rights manager,Applied,Robert Hurley
2215,2023-07-16,Jeffrey,Becker,Female,29-07-2004,001-435-662-7470x9446,bjohnson@example.com,975 Clark Stream,West Jessica,WA,48881,Poland,High School,4,99800.41,"Doctor, hospital",Offered,Jeffrey Becker
2216,2023-05-18,John,Maxwell,Male,27-12-1977,(350)894-1621,ngray@example.net,5746 Angela Knoll Suite 660,Estradabury,MA,25699,Sao Tome and Principe,High School,18,44145.33,"Surveyor, land/geomatics",Rejected,John Maxwell
2217,2023-05-29,Andrea,Ray,Male,28-03-2004,862-938-6088x2139,woodskyle@example.org,97700 Ashley Fields,South Benjaminstad,KS,55689,Cocos (Keeling) Islands,High School,9,97594.08,Facilities manager,Rejected,Andrea Ray
2218,2023-06-01,Amanda,Franklin,Other,09-09-1970,###############################################################################################################################################################################################################################################################,jamesshaw@example.org,7095 Lynch Route,North Kevin,OR,49903,Macao,Master's Degree,16,74567.69,Scientific laboratory technician,In Review,Amanda Franklin
2219,2023-07-20,Gina,Thomas,Other,29-02-1984,(353)430-2955,mccormickmichael@example.org,9747 Angela Manors,Youngstad,AK,14310,Palestinian Territory,PhD,2,37072.34,Chemical engineer,Interviewing,Gina Thomas
2220,2023-06-11,Cheryl,Miller,Male,12-12-1988,406-565-8654x141,jamie34@example.org,92199 Daniel Ports Suite 633,Holdenland,CO,3709,Georgia,Master's Degree,1,70918.87,Human resources officer,Interviewing,Cheryl Miller
2221,2023-05-09,Kimberly,Jensen,Male,22-11-2002,566.564.5366,scottmary@example.net,0728 James Pine Apt. 530,Earlfort,AL,58275,Somalia,High School,13,47147.17,Passenger transport manager,Offered,Kimberly Jensen
2222,2023-05-31,Jason,Sanders,Female,19-03-1984,###############################################################################################################################################################################################################################################################,qfarrell@example.org,91410 Snyder Islands,Port Seanborough,NM,64313,Saint Vincent and the Grenadines,PhD,9,77730.86,Corporate investment banker,In Review,Jason Sanders
2223,2023-07-23,Victoria,Adams,Other,18-01-2001,(623)602-3240x73680,glasscatherine@example.com,720 Brenda Passage,Bateshaven,MD,61735,Holy See (Vatican City State),Bachelor's Degree,4,69508.26,"Doctor, hospital",Applied,Victoria Adams
2224,2023-07-19,Susan,Donovan,Other,17-09-1968,(749)312-1253,carpenterjeffrey@example.org,2395 Brooke Meadow,Danielchester,CA,25129,Guam,PhD,6,34850.41,Fish farm manager,Applied,Susan Donovan
2225,2023-05-31,Isabel,Long,Male,19-12-2002,###############################################################################################################################################################################################################################################################,moralesjanice@example.org,9681 Darrell Ville,Kathrynstad,FM,57730,Congo,High School,14,30187.59,"Surveyor, mining",Offered,Isabel Long
2226,2023-07-27,Kelly,Lewis,Female,08-05-2003,862-628-0815,reneeflores@example.org,01166 Lisa Vista,Joanneport,ME,16889,Switzerland,High School,9,59036.14,"Doctor, general practice",Interviewing,Kelly Lewis
2227,2023-05-24,Carolyn,Moreno,Female,01-05-1990,(705)660-4697x2599,miguelpeters@example.com,851 Lori Junctions,Port Dawn,VA,83251,Azerbaijan,Master's Degree,19,95466.08,Social researcher,Rejected,Carolyn Moreno
2228,2023-07-17,Charles,Robertson,Female,19-09-1975,001-588-632-0438,xford@example.net,2665 Fowler Burg,Parksborough,OK,24500,Bolivia,Bachelor's Degree,3,67188.22,Translator,Interviewing,Charles Robertson
2229,2023-07-21,Joseph,Williams,Female,01-02-1971,260-903-3133x08970,ibaker@example.net,19436 Andrew Shoal Apt. 100,Linview,IA,87174,Burundi,Master's Degree,17,56409.35,Event organiser,Interviewing,Joseph Williams
2230,2023-07-29,Christopher,Kelly,Male,05-11-1967,779.463.5077x80554,heather45@example.org,5867 Melton Station Apt. 824,Tiffanyside,AK,34927,Belarus,Bachelor's Degree,4,97861.16,Call centre manager,Interviewing,Christopher Kelly
2231,2023-07-17,David,Hill,Other,07-04-1984,838.509.2737x28533,christina11@example.org,4437 Tucker Circles Suite 276,Lake Jacqueline,WI,75027,Russian Federation,Master's Degree,13,90210.78,"Designer, interior/spatial",Interviewing,David Hill
2232,2023-06-24,Alexander,Edwards,Female,13-05-1973,(966)697-9845,dwilson@example.org,826 Chavez Circles,Kirbytown,KY,26569,Lithuania,High School,9,83808.76,"Civil engineer, contracting",In Review,Alexander Edwards
2233,2023-06-25,Jacob,Gilbert,Female,03-06-2004,001-899-496-2560x579,belldustin@example.net,01707 Hess Way,Jacksonchester,MT,40127,Uganda,Bachelor's Degree,7,78218.58,Chartered legal executive (England and Wales),Applied,Jacob Gilbert
2234,2023-07-28,Laura,Hooper,Male,14-01-1999,+1-353-677-6079x8744,wlittle@example.net,030 Phillip Dale Suite 273,Daniellefort,NJ,39873,Western Sahara,High School,10,94976.46,Environmental education officer,Applied,Laura Hooper
2235,2023-06-27,Angelica,Scott,Male,31-08-1975,(353)377-0622x3235,gmartin@example.com,11696 Barbara View Suite 167,Carpenterbury,NC,42902,Egypt,Bachelor's Degree,17,50619.89,Youth worker,Rejected,Angelica Scott
2236,2023-05-23,Kristie,Hull,Female,15-10-1997,###############################################################################################################################################################################################################################################################,olsonmichelle@example.org,350 Henry Viaduct Apt. 657,Stephanieburgh,RI,74583,Kuwait,High School,11,58023.8,Paramedic,In Review,Kristie Hull
2237,2023-05-19,Gloria,Burns,Other,29-01-1995,(516)571-6494x65980,alvarezrobert@example.org,63677 Aimee Plaza,Dicksonberg,MN,34691,Lesotho,PhD,7,45270.03,Water engineer,Rejected,Gloria Burns
2238,2023-06-02,Breanna,Clark,Female,16-02-1997,001-256-906-7387,ingramangela@example.net,07660 Hammond Overpass,New Raymondchester,AL,93258,Togo,Bachelor's Degree,13,52876.3,"Scientist, clinical (histocompatibility and immunogenetics)",Interviewing,Breanna Clark
2239,2023-06-09,Michael,Morales,Male,23-01-1971,(637)558-4426,blackwellgina@example.net,76078 Cardenas Brook,East Robertchester,PR,2605,Costa Rica,Master's Degree,11,70831.27,Ranger/warden,Rejected,Michael Morales
2240,2023-05-06,Kaitlin,Lopez,Other,26-12-1978,+1-511-776-6970x708,adam74@example.com,51526 Roberts Roads,East Julia,OR,32457,Mauritania,Master's Degree,13,39732.27,Furniture designer,Applied,Kaitlin Lopez
2241,2023-07-20,Robert,Salazar,Other,25-03-2003,883.523.2829x45980,perezjason@example.com,031 Walls Corner,Leemouth,LA,56097,Lesotho,Master's Degree,1,53231.69,Community development worker,Offered,Robert Salazar
2242,2023-06-24,Jason,Reynolds,Male,03-07-1995,001-992-332-9986,janice66@example.com,97352 Rogers Summit,Erinfort,KY,68655,Congo,Bachelor's Degree,8,52628.14,"Runner, broadcasting/film/video",In Review,Jason Reynolds
2243,2023-06-18,Cristina,Lucas,Female,04-06-1975,951.934.4877,georgecasey@example.org,13810 Ruth Stream,Yvonnestad,VI,35281,Bahrain,Bachelor's Degree,0,46785.78,Nature conservation officer,In Review,Cristina Lucas
2244,2023-07-18,Lisa,Daniels,Other,14-02-1976,(396)675-4356,rhodesbrittany@example.net,1618 Erika Divide,Emilytown,MA,19681,Gambia,PhD,4,73633.26,Administrator,In Review,Lisa Daniels
2245,2023-06-06,Tammy,Williams,Male,24-09-1972,###############################################################################################################################################################################################################################################################,masonlogan@example.net,5359 Carr Shoals Apt. 865,South Robert,NC,29723,Mayotte,PhD,18,90985.26,Physiological scientist,Rejected,Tammy Williams
2246,2023-07-14,Marcus,Williams,Other,06-12-1993,445.864.9001x205,kylehaley@example.com,07434 Jones Shoal Suite 627,South Nicholas,IN,84777,Armenia,High School,7,81196.78,"Engineer, land",Offered,Marcus Williams
2247,2023-06-22,John,Peterson,Female,22-10-1972,(454)611-2010,caseykevin@example.com,63309 Brent Fort,West Kim,IL,70916,South Africa,High School,5,83330.24,"Development worker, community",Applied,John Peterson
2248,2023-07-01,Jennifer,Schneider,Other,25-09-1986,468.660.1088,shermanseth@example.net,623 Vance Roads,Joelshire,GU,91777,Korea,Bachelor's Degree,12,34462.56,"Conservation officer, nature",Interviewing,Jennifer Schneider
2249,2023-07-18,Sandra,Smith,Female,24-10-1999,001-671-703-1261x20251,virginia54@example.org,231 Debbie Ramp,North Chris,WI,6463,Pakistan,PhD,18,94118.42,Politician's assistant,Interviewing,Sandra Smith
2250,2023-05-17,Elizabeth,Williams,Male,06-09-1978,###############################################################################################################################################################################################################################################################,robertreed@example.org,597 Alexander Spring Suite 695,Harristown,NV,76931,Monaco,PhD,4,85184.1,Accommodation manager,Offered,Elizabeth Williams
2251,2023-06-18,Amanda,Rubio,Male,23-10-1991,526.478.0121x97042,herrerasamantha@example.org,849 Myers Fall Suite 695,Johnsonstad,FL,30367,Libyan Arab Jamahiriya,Master's Degree,18,44076.38,"Journalist, magazine",Applied,Amanda Rubio
2252,2023-06-21,Patrick,Lopez,Other,28-01-1963,001-645-719-1963x06949,joan85@example.com,582 Carrillo Vista,South Staceyville,PW,5313,Canada,High School,8,43151.54,Architectural technologist,In Review,Patrick Lopez
2253,2023-05-23,Christina,Rivera,Other,07-11-1996,(387)905-5347x82816,nathanwilliams@example.com,31404 Caitlyn Burg,East Juliaburgh,OH,78936,Haiti,Master's Degree,6,42472.45,"Teacher, early years/pre",Offered,Christina Rivera
2254,2023-07-16,Shirley,Patton,Male,14-08-1973,###############################################################################################################################################################################################################################################################,wendydavis@example.com,02987 Stark Island Apt. 648,Craigbury,GA,21665,Netherlands Antilles,PhD,3,47361.27,Health visitor,In Review,Shirley Patton
2255,2023-06-17,Paula,Wilson,Male,28-05-1968,(367)624-4960,kristenmcintyre@example.org,84638 Shawn Lights,Ronaldton,PR,57243,Western Sahara,PhD,15,67246.82,Medical secretary,In Review,Paula Wilson
2256,2023-06-01,Carol,Johnson,Female,01-09-1995,+1-339-586-9565x37064,julie81@example.com,3450 Anderson Freeway Apt. 780,West Michaelville,FL,882,Guernsey,PhD,3,49109.63,Interior and spatial designer,Offered,Carol Johnson
2257,2023-07-18,Stephanie,Castaneda,Male,20-03-1979,(681)237-8417x1381,stephanie60@example.net,29762 Julian Lodge Suite 738,East Maryborough,ME,13086,Equatorial Guinea,Master's Degree,11,38360.62,"Engineer, civil (consulting)",Offered,Stephanie Castaneda
2258,2023-05-23,Melissa,Walker,Male,02-01-1989,###############################################################################################################################################################################################################################################################,ikennedy@example.org,758 Mitchell Cliffs,New Adam,MS,36057,Palau,Bachelor's Degree,14,75733.04,Restaurant manager,Offered,Melissa Walker
2259,2023-07-20,Kimberly,Brewer,Female,21-07-1990,232.220.6350,nthompson@example.net,52375 Victoria Island Apt. 063,West Eric,MP,33666,Lao People's Democratic Republic,Bachelor's Degree,10,70167.5,Colour technologist,Applied,Kimberly Brewer
2260,2023-07-23,Paige,Lopez,Female,20-02-1979,+1-816-876-0716x3541,vasquezshane@example.org,52620 Cameron Inlet,Hughesfort,PW,30152,Bermuda,PhD,18,40265.09,Astronomer,Offered,Paige Lopez
2261,2023-07-04,Robert,Johnson,Other,03-10-1964,760.697.9905x27637,wreynolds@example.net,734 Carolyn Causeway Suite 976,Hebertside,TN,6401,Slovenia,High School,12,80551.69,"Surveyor, land/geomatics",In Review,Robert Johnson
2262,2023-05-16,Jim,Carter,Female,12-05-1969,755-450-4807,harmonkatherine@example.org,6246 Arellano Canyon Apt. 226,Andreaview,FM,67637,Costa Rica,Bachelor's Degree,13,32692.44,"Sound technician, broadcasting/film/video",Offered,Jim Carter
2263,2023-07-15,Steve,Haas,Male,07-05-1967,(679)612-8607x39129,amyburns@example.com,722 Vasquez Common,West Kathrynstad,PA,78833,Saudi Arabia,High School,6,68114.51,English as a second language teacher,Interviewing,Steve Haas
2264,2023-06-20,Ashley,Knight,Other,08-03-1984,624.610.9574x96486,oward@example.net,557 Melissa Ford Suite 780,Carlsonshire,GU,45579,Thailand,High School,13,41818.89,Rural practice surveyor,Interviewing,Ashley Knight
2265,2023-06-22,Rachel,Galvan,Male,09-11-1969,###############################################################################################################################################################################################################################################################,jthompson@example.net,843 Kimberly Spur,Dyermouth,MT,9697,Ethiopia,High School,2,92349.32,"Radiographer, diagnostic",In Review,Rachel Galvan
2266,2023-07-14,Christina,Moyer,Male,16-09-1968,###############################################################################################################################################################################################################################################################,kimberlysmith@example.net,654 Larry Villages,Lake Jennifer,LA,13580,New Zealand,PhD,14,73456.2,Educational psychologist,Rejected,Christina Moyer
2267,2023-07-10,Kenneth,Brown,Other,17-09-1979,(271)715-7533x863,olivia30@example.org,58186 Amanda Gardens Suite 149,Lake Michael,IN,66954,New Caledonia,Master's Degree,1,47852.19,Industrial/product designer,In Review,Kenneth Brown
2268,2023-05-22,Tammy,Perry,Female,28-07-1983,001-376-563-9773x1648,heatherstewart@example.org,629 Devon Cliff,Bretttown,NJ,79688,Cote d'Ivoire,High School,8,42280.34,Information officer,Offered,Tammy Perry
2269,2023-07-30,Gloria,Perez,Other,11-07-1966,734.211.6685,andreaobrien@example.com,555 Travis Hollow Suite 611,Nguyenborough,ME,61111,Lesotho,Master's Degree,11,54212.21,"Teacher, early years/pre",In Review,Gloria Perez
2270,2023-05-11,Matthew,Tucker,Male,29-09-1977,+1-744-638-8122x757,fburton@example.net,535 Holloway Ridges Apt. 904,Toddville,MP,7424,Belarus,High School,20,41630.17,Recycling officer,Offered,Matthew Tucker
2271,2023-07-03,Mary,Rodriguez,Male,25-12-2001,864-903-7066,teresamiller@example.net,3794 Diaz Flat Apt. 274,Zamoraside,OH,80086,Lebanon,High School,4,92654.57,Chief Executive Officer,Applied,Mary Rodriguez
2272,2023-07-02,Amy,Montgomery,Male,22-02-1968,001-838-391-0519,woodspatrick@example.net,60711 Emily Parks,Jodimouth,MT,67367,Chile,Master's Degree,16,30894.75,"Designer, multimedia",Interviewing,Amy Montgomery
2273,2023-06-13,Michael,Nelson,Female,11-02-1982,532.411.2767,clove@example.org,85981 Tracy Burgs Apt. 226,Warrenview,CO,49624,Solomon Islands,Master's Degree,19,95267.13,Fashion designer,Rejected,Michael Nelson
2274,2023-06-30,William,Garcia,Other,14-02-1977,(942)337-2661x3579,wcantrell@example.net,695 Gallagher Lock,Brownberg,MT,48742,Colombia,High School,19,65611.15,Interpreter,Interviewing,William Garcia
2275,2023-05-29,David,James,Other,20-06-1968,817-212-4955x379,xphillips@example.org,4215 Cook Garden,Teresashire,AZ,31469,United States of America,Master's Degree,4,55454.37,Science writer,Interviewing,David James
2276,2023-06-25,James,Bowen,Female,29-06-1963,720-981-1091x1318,jason72@example.com,5387 Decker Bridge,Coreyland,MP,89430,Sudan,High School,10,73782.46,Energy engineer,Interviewing,James Bowen
2277,2023-05-21,Tammy,Martinez,Male,02-06-1994,001-825-361-5274,henrycervantes@example.net,9097 Frye Island Apt. 920,Wigginsfort,WV,16080,Palestinian Territory,Master's Degree,13,49065.92,"Psychologist, occupational",Interviewing,Tammy Martinez
2278,2023-06-11,Shane,Thornton,Male,12-02-2005,(784)371-4696x5632,savannah67@example.com,6148 Curry Tunnel Apt. 713,New Kevin,AK,25278,Saint Kitts and Nevis,PhD,16,68940.0,"Teacher, early years/pre",In Review,Shane Thornton
2279,2023-06-22,Dominique,Welch,Other,27-01-2001,001-850-233-5569x31894,edelgado@example.net,28273 Valenzuela Walk Suite 475,New Bettyborough,KS,81264,British Indian Ocean Territory (Chagos Archipelago),Master's Degree,18,75508.68,"Therapist, drama",In Review,Dominique Welch
2280,2023-07-09,Kelsey,Watson,Female,25-02-1996,001-527-389-9890x5261,nathanmcguire@example.net,26316 Ewing Motorway,West Bradleyburgh,PW,39002,Russian Federation,PhD,6,83788.24,Arts development officer,Interviewing,Kelsey Watson
2281,2023-05-07,Craig,Ross,Female,06-05-1991,(483)759-5087,lowemanuel@example.org,1587 Everett Bridge,Littletown,MA,71809,Sao Tome and Principe,High School,7,32655.25,Television camera operator,Interviewing,Craig Ross
2282,2023-05-25,Sean,Long,Male,25-06-1998,(903)274-6833x448,xjoseph@example.com,58589 Amy Passage,New Kyleborough,RI,57261,Palestinian Territory,Master's Degree,5,65514.96,"Social research officer, government",Rejected,Sean Long
2283,2023-05-28,Jamie,Martin,Female,07-09-1983,459-529-5802,frussell@example.net,232 Anthony Plains Apt. 030,Mannstad,OR,55274,Panama,High School,6,43365.64,Analytical chemist,In Review,Jamie Martin
2284,2023-05-21,David,Martin,Female,11-09-1998,(707)882-2925x711,whenry@example.com,40652 James Light,New Joshua,VA,77992,Seychelles,High School,12,94489.13,Hydrographic surveyor,Applied,David Martin
2285,2023-05-08,Taylor,Baldwin,Female,14-09-1975,###############################################################################################################################################################################################################################################################,bautistaroger@example.net,41249 Howell Grove Suite 864,New Kenneth,IL,67032,Taiwan,High School,6,70114.41,"Teacher, secondary school",Rejected,Taylor Baldwin
2286,2023-07-25,Charles,Gilbert,Other,18-05-2003,561-494-6179x0261,swillis@example.com,359 Taylor Stravenue,Sanchezbury,NM,47846,Guam,Bachelor's Degree,11,62825.98,Museum/gallery curator,Rejected,Charles Gilbert
2287,2023-05-23,Courtney,Jackson,Other,06-03-1986,(336)549-3036,kfox@example.com,1317 Audrey Estates Suite 375,Sancheztown,NY,63287,Papua New Guinea,Bachelor's Degree,14,72828.0,Building control surveyor,In Review,Courtney Jackson
2288,2023-07-06,Angela,Carson,Female,27-07-1982,001-416-973-2171,gdelgado@example.org,087 Clark Drive,South Johntown,ID,70996,Moldova,Bachelor's Degree,15,40970.03,Naval architect,In Review,Angela Carson
2289,2023-05-12,Thomas,Shields,Male,30-12-1982,983-830-6744,barbertina@example.net,83459 Scott Plaza,New Patricia,HI,78730,Chad,High School,1,82593.23,"Education officer, museum",Offered,Thomas Shields
2290,2023-05-20,Haley,Hawkins,Other,31-07-2003,(302)397-8862x998,sean22@example.net,816 Monroe Forges Apt. 547,Harrisfort,MA,56942,Trinidad and Tobago,PhD,14,44881.25,Public librarian,Rejected,Haley Hawkins
2291,2023-07-15,Bradley,Richardson,Female,20-03-1981,001-831-310-5840,thomastaylor@example.net,6581 Matthew Mountain,North Pamela,WV,16108,Martinique,Master's Degree,4,36426.76,Industrial buyer,Interviewing,Bradley Richardson
2292,2023-05-08,Crystal,Douglas,Male,14-05-1979,798-885-2464x0238,shawapril@example.com,3506 Berry Parkways Suite 547,West Victoriafort,LA,87829,Tuvalu,PhD,13,33976.98,Furniture conservator/restorer,Offered,Crystal Douglas
2293,2023-06-10,John,Smith,Male,18-12-1986,(604)783-2285x1452,crystal51@example.net,7991 Susan Drives,Kaylatown,AR,76963,Nauru,Master's Degree,4,82232.0,Ambulance person,Rejected,John Smith
2294,2023-07-15,Janice,Reese,Female,09-05-1990,(903)420-1343x82489,caldwellbreanna@example.org,66019 Lopez Vista Suite 123,South Jeffery,MS,27292,Brunei Darussalam,High School,9,48021.35,Fashion designer,In Review,Janice Reese
2295,2023-06-27,Kaitlyn,Arnold,Female,27-04-2000,(666)485-3108x301,shelbybeck@example.net,7866 Walker Estate,New Donaldside,IA,47392,Hong Kong,PhD,7,58435.9,Illustrator,Applied,Kaitlyn Arnold
2296,2023-05-30,Matthew,Alvarez,Male,05-05-1975,306.237.4262x162,wesley97@example.org,90658 Michelle View,Port Paigefurt,PA,51956,Belarus,Master's Degree,19,33754.26,"Psychologist, forensic",In Review,Matthew Alvarez
2297,2023-07-24,Christopher,Davis,Male,28-03-1980,001-718-440-2573x67664,cameronamy@example.net,738 Price Islands Suite 386,Burkemouth,WV,98827,Reunion,Master's Degree,4,78909.45,Chief Marketing Officer,Applied,Christopher Davis
2298,2023-05-24,Aaron,Diaz,Male,14-11-1976,436-715-4967,taylorpatrick@example.org,2873 Wright Roads,Gonzalezview,IA,40750,Kiribati,Master's Degree,13,49477.92,Management consultant,Interviewing,Aaron Diaz
2299,2023-07-23,Sheena,Miller,Other,21-08-1973,881.405.7043x5347,rpeterson@example.net,97887 Hancock Forges,Ellisshire,MS,66706,Lebanon,High School,17,88951.21,Careers information officer,Rejected,Sheena Miller
2300,2023-07-10,Christopher,Flores,Female,14-04-1985,215-243-6056x778,christinamoran@example.org,3106 Long Crest Apt. 826,South Charles,ND,92559,Morocco,Master's Degree,6,38490.83,"Teacher, secondary school",Applied,Christopher Flores
2301,2023-08-04,Brianna,Anderson,Male,05-02-1973,458.831.2636x9449,zphillips@example.com,14962 Catherine Skyway,Danielview,AK,38634,Cook Islands,High School,14,82732.9,"Psychologist, occupational",In Review,Brianna Anderson
2302,2023-07-28,Veronica,West,Other,20-06-1988,###############################################################################################################################################################################################################################################################,brianmartin@example.org,337 Orozco Pass,East Sandra,KY,88126,Afghanistan,Bachelor's Degree,19,93292.68,Industrial/product designer,Applied,Veronica West
2303,2023-05-09,Jessica,Newton,Male,22-05-1992,882.852.2854,bpope@example.org,6784 Lopez Parkways,Loganstad,HI,48771,Comoros,Master's Degree,7,88537.64,Gaffer,In Review,Jessica Newton
2304,2023-08-03,James,Mckinney,Female,12-09-1994,001-945-226-2738x89067,campbellchristina@example.net,2960 Johnson Loaf Suite 603,Elizabethburgh,CT,61179,Tuvalu,Master's Degree,6,82015.03,Special effects artist,In Review,James Mckinney
2305,2023-05-06,Luke,King,Other,07-07-1989,+1-413-917-0516x46053,msmith@example.org,6733 Mary Via,Changbury,KS,76780,Palau,High School,11,82658.58,Landscape architect,Offered,Luke King
2306,2023-06-24,Stephanie,Montgomery,Male,10-06-1967,537-696-6243x12468,scott40@example.net,5941 Ross Park Suite 645,Sandrafort,HI,93996,Guinea,PhD,9,93306.41,Engineering geologist,Applied,Stephanie Montgomery
2307,2023-08-02,John,Beck,Male,05-05-1976,(237)288-0464x262,jgarcia@example.org,36383 Conrad Alley Suite 998,North James,CA,94356,Cambodia,High School,8,74338.25,"Administrator, local government",Offered,John Beck
2308,2023-07-19,Kimberly,Davis,Other,03-05-1967,+1-785-242-5331x008,bwright@example.net,209 James Valley Suite 628,East Rebeccashire,ID,15151,Belarus,PhD,4,72465.47,Metallurgist,Offered,Kimberly Davis
2309,2023-05-07,Brandon,Evans,Other,17-09-1973,918.986.3494,fbeard@example.com,3341 April Valleys Apt. 876,South Crystal,ME,11394,Libyan Arab Jamahiriya,PhD,6,62447.55,Chiropodist,Offered,Brandon Evans
2310,2023-05-24,Kimberly,Henderson,Other,17-06-1988,(486)440-7834x2599,ihughes@example.org,932 Seth Dam,Stephanieport,LA,58910,New Zealand,Master's Degree,13,35742.79,Toxicologist,Rejected,Kimberly Henderson
2311,2023-06-26,Alexander,Ingram,Other,30-06-1980,###############################################################################################################################################################################################################################################################,gmiller@example.org,154 Jeffrey Tunnel,Williamhaven,WI,21525,Bhutan,PhD,9,84257.33,"Scientist, research (medical)",Interviewing,Alexander Ingram
2312,2023-07-19,Christopher,Martin,Male,21-10-2000,290.532.2396x8766,jimenezjoseph@example.org,08772 Cristian Row Suite 067,Reneeport,TN,6502,Antarctica (the territory South of 60 deg S),High School,8,69563.12,"Psychologist, sport and exercise",Interviewing,Christopher Martin
2313,2023-06-24,Mark,Price,Other,25-09-1993,001-385-994-5057x92474,chloemiller@example.com,11697 Johnny Mountain,Martinmouth,KS,96833,Turks and Caicos Islands,High School,5,46458.84,Landscape architect,In Review,Mark Price
2314,2023-07-17,Gregory,Johnson,Other,14-03-1989,588.304.8509x4039,richard93@example.com,856 Marie Dam Suite 729,Lake Shellyshire,IA,43919,Greece,Master's Degree,8,52526.17,Furniture conservator/restorer,In Review,Gregory Johnson
2315,2023-07-09,Joshua,Diaz,Male,15-03-1987,(740)344-1390,smithjessica@example.net,351 Marcus Ramp,Port Tiffany,NM,71401,Barbados,High School,1,47625.83,"Engineer, maintenance (IT)",Rejected,Joshua Diaz
2316,2023-07-01,Sheila,Marquez,Male,19-12-1963,+1-646-545-4332x0047,kharris@example.com,3897 Christopher Drives,North Jordanton,MA,37163,Guam,Master's Degree,7,47744.25,"Producer, radio",Interviewing,Sheila Marquez
2317,2023-05-29,Eric,Powell,Other,06-12-1964,554-413-9811x54346,michaelayers@example.net,85292 Chad Flats Suite 910,South John,DC,62917,Myanmar,PhD,7,44780.84,"Programmer, multimedia",Offered,Eric Powell
2318,2023-06-12,Mark,Holland,Male,02-07-1996,001-334-673-8591,careyjoseph@example.com,91586 Hernandez Orchard Suite 317,Fishermouth,DC,11593,Angola,PhD,0,72048.61,Press sub,Rejected,Mark Holland
2319,2023-07-05,Austin,Clark,Female,21-03-2002,001-364-904-8954x58041,ubarnes@example.org,729 Jennings Common,Sydneyton,KY,21214,Gibraltar,High School,20,93030.41,"Psychologist, sport and exercise",Offered,Austin Clark
2320,2023-05-18,Christian,Woods,Female,14-07-1975,454.200.0297x164,xalexander@example.net,5882 James Cape,Martinshire,MH,70842,Denmark,Master's Degree,12,68016.78,"Pharmacist, community",Applied,Christian Woods
2321,2023-06-09,Breanna,Baker,Female,12-05-1972,###############################################################################################################################################################################################################################################################,qobrien@example.com,5552 Thompson Lakes,Penastad,WI,13060,Guernsey,Bachelor's Degree,7,87813.74,Tax adviser,In Review,Breanna Baker
2322,2023-07-13,Rachel,Price,Female,13-04-1992,(970)605-2941,whitethomas@example.net,4645 Foley Well Apt. 974,Smithfort,IL,15249,Lesotho,Bachelor's Degree,6,74583.84,Risk manager,In Review,Rachel Price
2323,2023-06-08,Elizabeth,Johnson,Male,09-01-2000,001-827-263-8672,juan00@example.com,85527 Ryan Rest Apt. 399,New Raymond,GU,20203,Jordan,Bachelor's Degree,13,92835.39,Charity fundraiser,Rejected,Elizabeth Johnson
2324,2023-06-24,Victoria,Lopez,Female,31-12-1995,+1-835-283-0506x41632,bcarter@example.net,6972 Parrish Greens Apt. 623,Elizabethmouth,ND,34254,Finland,High School,18,98049.61,Cabin crew,Offered,Victoria Lopez
2325,2023-06-28,Julie,Ford,Male,03-07-1977,001-453-806-1841x6915,kristen59@example.com,175 Wade Plaza,Wangfurt,NY,34820,San Marino,Master's Degree,19,72526.06,Immunologist,Applied,Julie Ford
2326,2023-06-29,Dawn,Martinez,Female,04-11-1997,911-894-7264,dlane@example.net,77151 Escobar Glen Suite 710,Jenniferhaven,NY,76985,Argentina,Bachelor's Degree,1,34488.59,Medical physicist,Applied,Dawn Martinez
2327,2023-06-26,Marissa,Garcia,Male,10-01-1997,802-432-7130x131,cnash@example.org,6588 Davies Island Suite 468,North Jeffrey,FL,43832,Philippines,Master's Degree,3,48273.45,Human resources officer,Interviewing,Marissa Garcia
2328,2023-06-10,Christopher,Clark,Male,17-07-1971,+1-917-678-4121x58864,huntscott@example.org,684 Morgan Manors Apt. 845,Willisland,MA,42705,Anguilla,Master's Degree,5,35880.83,Technical author,In Review,Christopher Clark
2329,2023-06-12,Kevin,Thomas,Female,17-06-1969,+1-590-937-0457x98811,sterry@example.org,06216 James Streets Apt. 399,Port Carlfort,ME,54171,Malaysia,Master's Degree,19,82347.95,Brewing technologist,Rejected,Kevin Thomas
2330,2023-05-14,Ashley,Fuller,Male,16-05-2004,958-656-4712,scott47@example.com,955 Richardson Tunnel Suite 156,West Michael,MT,91152,Mayotte,High School,17,42331.64,Science writer,Rejected,Ashley Fuller
2331,2023-06-27,Stephen,Baxter,Female,17-01-2000,(689)288-8091x340,eross@example.com,137 Avery Route,Thomasmouth,FL,83701,Anguilla,High School,5,75518.26,"Biochemist, clinical",Offered,Stephen Baxter
2332,2023-07-10,Barbara,Stephenson,Male,31-03-1963,001-665-495-5366,george84@example.net,4010 Natalie Inlet Apt. 884,East Michele,ND,37724,Georgia,Bachelor's Degree,13,57780.66,Ceramics designer,Offered,Barbara Stephenson
2333,2023-05-10,James,Moore,Female,01-07-1992,793.396.4982x8460,fsmith@example.org,330 James Falls,New Elizabeth,OH,90695,Luxembourg,High School,1,57288.64,Management consultant,Rejected,James Moore
2334,2023-05-13,Lorraine,Fernandez,Female,11-07-2004,001-946-960-1447x984,perryjames@example.org,5024 Walsh Pine Apt. 893,Beckermouth,MI,9878,Cayman Islands,PhD,18,93978.75,"Physicist, medical",Rejected,Lorraine Fernandez
2335,2023-05-22,Joseph,Gray,Female,21-11-1981,(276)671-9381x239,codyjefferson@example.com,88944 Kristen Cove Apt. 276,Markmouth,WY,64263,Sri Lanka,High School,7,33717.64,Higher education careers adviser,In Review,Joseph Gray
2336,2023-06-27,Joshua,Sanders,Other,29-04-1963,233.676.3939x93141,eclark@example.net,541 Katherine Brook,Hillside,SC,69753,Taiwan,Master's Degree,20,98450.22,Publishing copy,Applied,Joshua Sanders
2337,2023-06-27,Tonya,Foster,Male,11-05-2001,(609)416-9487x585,williamsdaniel@example.com,24575 Munoz Falls Suite 335,West Glenn,MI,35636,Botswana,High School,20,66444.88,"Teacher, special educational needs",Rejected,Tonya Foster
2338,2023-07-30,Erin,Long,Female,29-03-2003,671-796-2000x88609,matthewbriggs@example.com,5734 Terri Throughway,Lake Regina,WY,94548,San Marino,PhD,8,54716.42,Pharmacologist,In Review,Erin Long
2339,2023-07-11,Wendy,Travis,Female,10-03-1965,(527)649-8211,michellejones@example.org,0921 Reid Cliff,South Connor,CO,96572,France,Master's Degree,11,54691.71,"Teacher, adult education",Rejected,Wendy Travis
2340,2023-06-13,Stephanie,Stewart,Other,16-09-1997,772.654.7499,loriyoung@example.com,086 Mary Viaduct Suite 614,Christophermouth,PA,45419,China,Master's Degree,9,89893.09,Government social research officer,Interviewing,Stephanie Stewart
2341,2023-05-20,Tammy,Marquez,Other,04-04-1983,###############################################################################################################################################################################################################################################################,gcarlson@example.org,684 Joseph Cove Suite 882,West Andrea,PR,22393,Chile,PhD,20,30958.41,Architectural technologist,Rejected,Tammy Marquez
2342,2023-06-25,Kendra,Hayes,Male,22-07-2001,001-637-883-9646x078,zsullivan@example.org,82351 Richard Rapids,Castroport,NE,40668,Brazil,PhD,5,51114.61,Drilling engineer,Rejected,Kendra Hayes
2343,2023-07-20,Jennifer,Curtis,Male,08-07-1996,360-205-2560x034,anthony71@example.net,3603 Joshua Oval,Stephaniemouth,NM,46888,Brunei Darussalam,PhD,5,88363.33,"Engineer, control and instrumentation",Offered,Jennifer Curtis
2344,2023-07-25,Kathleen,Houston,Male,14-07-1993,(643)815-1145x134,ortizshane@example.com,585 Stephanie Fort Suite 667,Robertland,TN,95329,Croatia,Bachelor's Degree,15,74422.86,Leisure centre manager,Rejected,Kathleen Houston
2345,2023-05-19,Penny,Rocha,Other,01-06-1970,595.444.8426x7635,darrell43@example.com,723 Monica Islands,West Jorge,LA,58054,Cape Verde,Master's Degree,2,70091.98,Electrical engineer,Applied,Penny Rocha
2346,2023-05-07,Tina,Bishop,Male,01-03-1998,001-902-902-2219x71681,eatonamy@example.net,86767 Odom Vista,Abigailhaven,NV,20847,Cote d'Ivoire,Master's Degree,5,32428.84,"Civil engineer, contracting",In Review,Tina Bishop
2347,2023-07-13,Carol,Ramirez,Female,22-06-1963,271.550.2326,daviddavis@example.com,462 Garcia Garden,Michaelton,OH,78418,Jordan,Master's Degree,7,39235.07,"Administrator, sports",Rejected,Carol Ramirez
2348,2023-07-06,Lisa,Brown,Female,31-03-1990,###############################################################################################################################################################################################################################################################,whayes@example.net,689 Whitney Gardens,North Thomas,OR,58316,Japan,High School,18,46316.6,Tree surgeon,In Review,Lisa Brown
2349,2023-06-20,Cynthia,Sherman,Male,09-09-1983,001-345-239-6885,kayla58@example.net,180 Allen Circles,Mariaview,KY,20952,Mauritius,High School,9,85290.14,Tourist information centre manager,Applied,Cynthia Sherman
2350,2023-07-04,Jessica,Flores,Other,06-07-1991,###############################################################################################################################################################################################################################################################,steven62@example.net,100 Banks Flats,Mcdanielfurt,MO,58673,Saint Lucia,Bachelor's Degree,8,57479.49,"Journalist, newspaper",Interviewing,Jessica Flores
2351,2023-06-09,Brandy,Morgan,Male,02-03-1992,001-251-550-2321x5551,hollandfranklin@example.net,813 Dennis Path,Crystalmouth,CT,75771,Latvia,PhD,11,34146.97,Solicitor,In Review,Brandy Morgan
2352,2023-07-20,Kathryn,Diaz,Female,23-07-1971,###############################################################################################################################################################################################################################################################,heather93@example.net,023 Manning Expressway,Jamesmouth,FM,53333,Jersey,Bachelor's Degree,4,42870.1,Dancer,In Review,Kathryn Diaz
2353,2023-07-25,Eric,Padilla,Male,08-07-1993,(861)554-6196x162,kathleen51@example.net,5171 Kelly Manor,South Frank,NC,23264,Syrian Arab Republic,PhD,19,64755.41,Special educational needs teacher,In Review,Eric Padilla
2354,2023-05-10,Emily,Carter,Male,02-12-1984,###############################################################################################################################################################################################################################################################,beckyharrison@example.com,170 Kathryn Rue,Donaldfurt,AS,44646,Kiribati,PhD,1,78329.27,Communications engineer,Applied,Emily Carter
2355,2023-06-04,Shelby,Pacheco,Male,26-03-1982,346.986.1160,sking@example.com,81490 Tiffany Crest,Masonside,AL,68865,Grenada,Bachelor's Degree,0,95078.03,"Production assistant, radio",In Review,Shelby Pacheco
2356,2023-06-09,Michael,Taylor,Other,25-06-1993,392-813-7084x722,aarmstrong@example.org,83823 Duke Pass,Leborough,MN,89346,French Southern Territories,Master's Degree,1,52326.57,Physiological scientist,In Review,Michael Taylor
2357,2023-06-24,Christina,Cardenas,Male,29-12-1992,(744)326-5504x8910,aaronanderson@example.com,4827 Collins Crossroad,West Roberthaven,ID,9359,Cook Islands,PhD,7,81275.66,Primary school teacher,Interviewing,Christina Cardenas
2358,2023-05-15,Brandon,Atkins,Male,08-08-1997,###############################################################################################################################################################################################################################################################,odavis@example.net,893 Stephanie Glen Suite 997,East Stephanieton,AS,9170,Bouvet Island (Bouvetoya),High School,16,74932.63,Forest/woodland manager,Applied,Brandon Atkins
2359,2023-06-20,Samantha,Dunn,Female,31-07-1964,880-383-5004,baldwinangela@example.com,561 Stephanie Parkways Apt. 969,Brianshire,IN,74735,Romania,Bachelor's Degree,3,72790.97,"Sales professional, IT",Offered,Samantha Dunn
2360,2023-05-18,Jesse,Barnes,Female,05-07-1980,920-770-4090,rodney34@example.net,207 Ian Fall Suite 286,Lake Hannahfort,CO,97971,Cyprus,Bachelor's Degree,20,40594.52,"Engineer, maintenance (IT)",Applied,Jesse Barnes
2361,2023-07-12,Daniel,House,Male,30-05-1997,466.593.6090,gillcrystal@example.com,67798 Clark Loaf Suite 515,Elizabethshire,NY,5128,Botswana,Master's Degree,14,46532.23,"Teacher, English as a foreign language",In Review,Daniel House
2362,2023-07-25,Casey,Richardson,Other,28-05-1988,(733)247-7104x366,harrisyesenia@example.net,419 Cody Shores,Lake Stevenview,VI,25759,Egypt,PhD,8,65747.92,Armed forces technical officer,In Review,Casey Richardson
2363,2023-05-27,Philip,Clarke,Female,18-12-2000,(373)365-2357,odavies@example.org,1485 Juan Parks Suite 011,Hectortown,CO,59300,Namibia,Bachelor's Degree,16,37646.59,"Secretary, company",Offered,Philip Clarke
2364,2023-07-04,Jesse,Bernard,Other,19-12-1989,(336)765-4756,davidvillarreal@example.net,57109 Paul Forge,North Markville,MD,70986,Djibouti,Bachelor's Degree,13,97856.9,"Nurse, mental health",Rejected,Jesse Bernard
2365,2023-07-02,Robert,Delgado,Female,24-09-1964,(402)999-0419x72543,christiangreen@example.org,91235 Porter Trafficway,Floydchester,OH,44075,Mali,Bachelor's Degree,1,78445.48,Tourist information centre manager,Offered,Robert Delgado
2366,2023-05-07,Natasha,Schroeder,Male,01-08-1983,300.516.8544,david27@example.com,410 David Pines Suite 313,North Jeanettechester,FM,2002,Mayotte,Master's Degree,5,63812.07,Housing manager/officer,Offered,Natasha Schroeder
2367,2023-05-27,John,Moon,Male,02-03-1979,(946)599-7384x91409,justinwright@example.net,875 Bradford River,Lake Masonfurt,SC,43199,Togo,High School,12,43894.55,Administrator,Offered,John Moon
2368,2023-06-11,Karen,Torres,Female,22-04-1982,+1-432-554-2885x46888,cgraham@example.net,29689 Matthew Parks Apt. 904,Port Justin,GU,48127,Sri Lanka,Master's Degree,15,95051.58,Charity fundraiser,In Review,Karen Torres
2369,2023-07-02,James,Stanley,Female,04-05-2004,001-828-662-3676x590,chadsmith@example.net,858 Sarah Prairie,Williamsmouth,NY,62147,Algeria,Master's Degree,5,68463.26,"Designer, graphic",Offered,James Stanley
2370,2023-08-05,Ryan,Sanchez,Female,22-08-1976,001-859-627-1389x29597,jamie07@example.net,4485 Mitchell Roads,Alexandraberg,MP,62426,Anguilla,High School,9,90486.71,Market researcher,Rejected,Ryan Sanchez
2371,2023-06-09,Christina,Melendez,Other,29-09-2000,(247)521-9728x682,floydadam@example.com,59751 Martinez Fall,Mendezland,PW,5127,Kyrgyz Republic,High School,10,66035.79,Investment analyst,In Review,Christina Melendez
2372,2023-05-30,Douglas,Ross,Female,25-09-1974,494-422-2916x9089,lopezkimberly@example.org,85603 Robinson Ramp Apt. 769,Port Vanessaland,FM,97813,Niger,High School,6,58648.0,Copy,In Review,Douglas Ross
2373,2023-07-19,Jennifer,Freeman,Other,25-08-1986,001-206-765-9733x2568,melissa30@example.com,73283 Kevin Grove,South Brian,HI,89937,Central African Republic,Bachelor's Degree,18,87003.06,Insurance claims handler,Applied,Jennifer Freeman
2374,2023-05-08,Brandi,Monroe,Female,07-03-1971,+1-936-651-5657x735,halexander@example.net,64868 Ashley Islands Suite 531,Ramosland,NM,83458,Northern Mariana Islands,Bachelor's Degree,4,62619.48,Secretary/administrator,Offered,Brandi Monroe
2375,2023-05-31,Sheena,Smith,Male,19-06-1966,298.873.4484x33907,wgibson@example.net,36847 Amy Courts,Gonzalezborough,KS,97430,Guatemala,Bachelor's Degree,17,37252.4,"Therapist, art",Applied,Sheena Smith
2376,2023-05-08,Jennifer,Stanley,Male,18-03-1997,389.288.7988,chaneydonna@example.com,79529 Hull Drive Apt. 064,Kathrynton,TX,2875,Timor-Leste,High School,11,59128.79,Education administrator,Applied,Jennifer Stanley
2377,2023-07-19,Douglas,Smith,Other,16-02-1998,606-631-0039,aaronmerritt@example.net,2377 Sarah Skyway Suite 156,South Brianshire,IL,87012,Jordan,Bachelor's Degree,10,69855.26,Occupational therapist,Applied,Douglas Smith
2378,2023-07-22,Julie,Garcia,Other,09-12-1973,(623)215-0869,blackregina@example.org,75122 Timothy Motorway Apt. 278,Cameronbury,MS,81489,Barbados,High School,13,92627.33,Communications engineer,In Review,Julie Garcia
2379,2023-07-06,James,Carr,Female,01-07-1964,430.465.7969x8334,mayerkendra@example.org,48363 Townsend Mews,Port Amanda,FM,22748,Guam,Master's Degree,20,91095.28,Regulatory affairs officer,Interviewing,James Carr
2380,2023-05-21,Kevin,Spencer,Male,01-07-1970,(862)378-4367,kendramoore@example.net,4543 Alexander Centers,Lake Laurabury,AK,79151,Pakistan,PhD,4,71886.77,Astronomer,Rejected,Kevin Spencer
2381,2023-05-29,Terri,Smith,Male,17-12-1989,(494)622-5158x30449,gibsonanna@example.net,2789 Tara River,Michaelton,CT,10952,Honduras,Bachelor's Degree,14,96920.31,"Education officer, community",Interviewing,Terri Smith
2382,2023-06-07,Heather,Smith,Male,14-11-1976,543.790.5439,glenda84@example.com,23945 Bennett Shore Suite 257,Lake Lisaside,PA,7537,Uganda,PhD,7,57616.06,"Scientist, audiological",Offered,Heather Smith
2383,2023-06-16,Heather,Thomas,Female,19-09-1994,(869)696-0139x917,kennethwise@example.com,608 Antonio Trafficway Suite 713,Clarkmouth,PW,29564,Cocos (Keeling) Islands,Master's Degree,5,61418.68,Field trials officer,Rejected,Heather Thomas
2384,2023-05-22,Sheri,Price,Other,21-10-1990,###############################################################################################################################################################################################################################################################,osmith@example.org,99396 Skinner Pass,Port Anna,FL,786,Venezuela,PhD,9,64524.96,Chief Executive Officer,Interviewing,Sheri Price
2385,2023-05-27,Yvonne,Munoz,Other,19-08-1982,248.520.5604,krystal56@example.org,833 Taylor Coves Apt. 733,Moorestad,CT,93008,Niger,High School,10,65251.78,Transport planner,Rejected,Yvonne Munoz
2386,2023-07-19,Cassandra,Shields,Female,27-11-1976,001-502-823-7382x5439,levydiane@example.com,68729 Walker Trail Apt. 513,Freemanfort,KS,6564,Ukraine,PhD,13,97284.72,Maintenance engineer,Offered,Cassandra Shields
2387,2023-06-13,Jennifer,Riley,Other,13-02-1976,394.990.1849,sheltonmichael@example.net,6049 Jennifer Route,Roymouth,NE,61030,British Indian Ocean Territory (Chagos Archipelago),High School,13,51949.02,Photographer,In Review,Jennifer Riley
2388,2023-06-22,Emily,Diaz,Other,02-12-1969,001-377-326-0002,michaelhamilton@example.com,254 Rubio Stravenue Suite 675,West Coreyborough,GU,10408,Swaziland,Bachelor's Degree,0,49682.33,"Programme researcher, broadcasting/film/video",In Review,Emily Diaz
2389,2023-05-24,Monique,Wright,Male,26-05-1981,(380)294-4900,laurie97@example.com,46732 Roberts Rest Suite 450,West Garrett,MN,97843,Kuwait,Bachelor's Degree,2,75010.37,"Sound technician, broadcasting/film/video",Interviewing,Monique Wright
2390,2023-07-04,Kerri,Williams,Female,30-04-2003,(621)527-9053x5565,melissamorrison@example.com,19736 Jay Unions Suite 315,East Sandraport,OR,63918,Jordan,Master's Degree,9,99801.49,"Psychologist, clinical",Interviewing,Kerri Williams
2391,2023-06-05,Ethan,Howard,Other,18-01-1983,(499)211-4828x00032,scottjames@example.net,339 Erica Well,South Jasonport,HI,92000,French Guiana,Bachelor's Degree,14,62361.87,Quarry manager,Interviewing,Ethan Howard
2392,2023-05-16,William,Gray,Other,20-05-1986,416-833-6055x616,zjones@example.com,176 Nelson Plaza,Paigechester,HI,6259,United States Virgin Islands,Master's Degree,14,35568.21,Secondary school teacher,Interviewing,William Gray
2393,2023-06-08,Dana,Mcguire,Female,19-07-2001,(705)862-5649x857,troysampson@example.com,12561 Danielle Shoal,Nancyside,WI,63812,Solomon Islands,Master's Degree,8,78368.5,Bookseller,Interviewing,Dana Mcguire
2394,2023-06-27,Anna,White,Other,20-04-1964,855.810.0324x0704,davidsmith@example.com,454 Morrison Plaza Suite 344,New Derrickville,ND,57959,Lebanon,High School,4,91555.91,Soil scientist,Offered,Anna White
2395,2023-05-28,Tyler,Anderson,Other,31-08-1981,001-508-514-6885x4685,ewilson@example.com,084 Harrell Ranch,Colemanhaven,IL,37608,Finland,Master's Degree,18,58019.39,Land,Applied,Tyler Anderson
2396,2023-05-07,Jennifer,Cooper,Male,14-10-1975,+1-285-940-1227x7328,peterserin@example.net,778 Jennifer Mountains Suite 513,North John,SD,42445,Martinique,PhD,15,90486.16,Charity officer,In Review,Jennifer Cooper
2397,2023-05-26,Kristen,Jones,Other,16-06-1968,845-783-1615,nicholsadam@example.org,96590 Wong Shores Apt. 945,North Emilyside,KS,98961,Morocco,PhD,2,43906.22,Lexicographer,In Review,Kristen Jones
2398,2023-06-30,Neil,Bullock,Other,15-04-1981,866-551-3369,tgonzalez@example.org,59146 John Extension Suite 630,South Johnville,VA,8544,Lao People's Democratic Republic,PhD,3,95730.81,"Designer, furniture",In Review,Neil Bullock
2399,2023-07-27,Megan,Harmon,Other,04-09-1968,001-777-607-2983x7918,andrew43@example.com,84456 Campbell Crossroad Suite 603,East Reginald,MA,39925,Gibraltar,Bachelor's Degree,10,39110.62,Chiropractor,Interviewing,Megan Harmon
2400,2023-05-19,Kristen,Reynolds,Other,22-02-1996,305-659-6420,mayerdavid@example.com,67255 Kathryn Landing,Valdeztown,WV,71347,Iran,Bachelor's Degree,18,71260.15,"Producer, television/film/video",Applied,Kristen Reynolds
2401,2023-05-23,Edward,Richardson,Female,02-06-1965,773.861.0892x15446,roblesbenjamin@example.com,544 Haynes Lake Suite 364,Jamesburgh,NJ,36474,Thailand,High School,1,43607.75,"Nurse, children's",Interviewing,Edward Richardson
2402,2023-06-17,Todd,Clay,Female,22-01-1970,001-531-685-6295x5267,stephanie51@example.net,3093 Poole Grove,Lake Ashleychester,SC,82715,Guatemala,High School,11,95262.49,Personal assistant,Applied,Todd Clay
2403,2023-05-21,Tyler,Clark,Female,11-03-1988,###############################################################################################################################################################################################################################################################,zbranch@example.org,7363 Smith Pike Suite 229,South Patty,AL,21175,French Polynesia,High School,6,47694.2,Control and instrumentation engineer,Applied,Tyler Clark
2404,2023-06-04,David,Pennington,Other,04-02-1967,###############################################################################################################################################################################################################################################################,susan15@example.com,42469 Gay View Suite 653,Jenniferbury,VI,33546,Iran,High School,2,89092.24,Oceanographer,Interviewing,David Pennington
2405,2023-08-05,Jason,Vaughan,Male,17-08-2002,(776)983-1410x004,jessica54@example.net,0143 James Stream,South Franciscoton,WI,62320,Reunion,High School,16,76979.31,Facilities manager,Offered,Jason Vaughan
2406,2023-06-23,Carlos,Gonzalez,Male,07-11-1984,###############################################################################################################################################################################################################################################################,qandrade@example.org,6733 Amanda Mount,Leeborough,AR,24616,Cape Verde,PhD,15,76418.07,"Teacher, primary school",In Review,Carlos Gonzalez
2407,2023-06-27,Jason,Gallegos,Male,04-09-2003,329-674-1205x53518,ddaniel@example.com,4668 Anderson Motorway Apt. 267,Gordonberg,MO,96357,Cote d'Ivoire,Master's Degree,12,50577.66,Colour technologist,Applied,Jason Gallegos
2408,2023-05-08,Maria,Glenn,Female,29-01-1982,551.552.3507,igriffin@example.com,05116 Darrell River,Tonibury,KY,57062,Kazakhstan,PhD,17,71980.39,Mining engineer,Offered,Maria Glenn
2409,2023-05-12,Joshua,Clark,Female,11-05-1988,(353)847-4963x5871,dannyeaton@example.net,097 Dixon Divide Apt. 152,East Dorothymouth,MA,21660,Senegal,Bachelor's Degree,4,47773.67,Airline pilot,Rejected,Joshua Clark
2410,2023-07-12,Edward,Conley,Male,22-12-1983,001-212-354-7320,susanwilliams@example.org,2331 Calderon Hill,Port Antonioshire,PA,31340,Gambia,PhD,13,98700.31,"Psychologist, educational",Applied,Edward Conley
2411,2023-06-04,Anita,Hartman,Female,03-09-1983,(260)208-5706x4550,joanna31@example.org,76735 Travis Summit,Laurenfort,WI,72674,Netherlands Antilles,High School,2,93989.54,Trading standards officer,Rejected,Anita Hartman
2412,2023-07-29,James,Rodriguez,Male,16-12-2000,761-987-8178,mary66@example.com,6878 Kimberly Valleys Apt. 592,Leslieland,VI,91595,Gambia,Master's Degree,12,55104.34,Glass blower/designer,Offered,James Rodriguez
2413,2023-07-20,Michelle,Bowen,Female,16-11-1986,(380)906-9232x860,james03@example.org,23877 Jason Drive Apt. 294,West Billyborough,VT,63863,Vanuatu,PhD,12,94478.61,Games developer,Offered,Michelle Bowen
2414,2023-07-31,Zachary,Walsh,Female,20-04-1963,(729)680-9904x130,deanna57@example.net,99657 Perez Prairie,Khanshire,NV,97314,Jamaica,PhD,1,78859.92,Chiropodist,Offered,Zachary Walsh
2415,2023-07-14,Catherine,Chavez,Male,18-10-1991,(780)943-9255,gjordan@example.com,9616 Fitzpatrick Crescent Apt. 796,Wrighthaven,ID,3216,Syrian Arab Republic,Bachelor's Degree,14,57109.53,"Chemist, analytical",In Review,Catherine Chavez
2416,2023-07-30,Brandon,Reeves,Male,12-04-1981,+1-683-350-9572x0294,jasondawson@example.org,44394 Thomas Via,Robertshire,PR,3731,Norway,Bachelor's Degree,19,64146.69,Trade mark attorney,Offered,Brandon Reeves
2417,2023-07-24,Matthew,Bush,Other,18-05-1982,001-972-314-7939,ulewis@example.com,516 David Mountains Suite 532,East Heathermouth,CA,83660,Cook Islands,PhD,12,31111.51,Intelligence analyst,Applied,Matthew Bush
2418,2023-06-30,Laura,Fletcher,Other,19-06-1998,729-634-4192x24231,david58@example.com,2939 Kelly Estate Suite 831,North Eduardohaven,PR,86500,Cuba,PhD,0,42270.14,Careers adviser,Applied,Laura Fletcher
2419,2023-05-21,James,Butler,Other,09-05-1967,740.492.1804x9799,wilsongrant@example.org,37833 Johnson Ramp,Richardmouth,TN,87360,Senegal,Master's Degree,17,87278.58,"Solicitor, Scotland",In Review,James Butler
2420,2023-06-25,Michelle,Collins,Female,23-08-1985,(505)702-9689,michaelnolan@example.com,96588 Linda Forks Apt. 790,New Valeriefurt,WI,51900,Russian Federation,PhD,5,88005.67,"Surveyor, land/geomatics",Offered,Michelle Collins
2421,2023-07-29,Cassie,Alvarado,Other,05-08-1984,###############################################################################################################################################################################################################################################################,jacksonrobert@example.net,6389 Jarvis Mountain Apt. 323,Amandaland,KY,38469,Western Sahara,Bachelor's Degree,11,38623.03,Comptroller,Rejected,Cassie Alvarado
2422,2023-06-13,Courtney,Mayo,Other,04-01-1965,###############################################################################################################################################################################################################################################################,edwardsilva@example.net,747 Alexander Ports,Martinezchester,NJ,87680,Morocco,Bachelor's Degree,5,64290.18,"Programmer, applications",Applied,Courtney Mayo
2423,2023-06-28,Theodore,Howell,Other,28-01-1989,###############################################################################################################################################################################################################################################################,joshuamontgomery@example.com,939 Maria Islands Suite 346,North Samantha,ME,22801,Netherlands,High School,10,79153.98,Clinical embryologist,Applied,Theodore Howell
2424,2023-05-24,Charles,Barber,Male,20-07-1969,001-794-465-5403x61956,dodsoncindy@example.org,81074 Rachel Cape Apt. 638,Emilyhaven,VA,88267,Cocos (Keeling) Islands,Bachelor's Degree,11,46978.45,Commercial art gallery manager,Offered,Charles Barber
2425,2023-06-22,Paul,Tucker,Other,25-07-2003,732-652-6651x62514,michelleharper@example.org,806 Rodney Fort,South Ruben,MT,38521,Palau,High School,9,71269.22,Building services engineer,Applied,Paul Tucker
2426,2023-07-25,Ruth,Williams,Other,19-07-1994,(485)476-7239x927,sotohenry@example.net,946 Hernandez Island,Davisview,FM,91092,Guyana,PhD,3,68458.34,Public affairs consultant,Rejected,Ruth Williams
2427,2023-07-13,Travis,Francis,Male,05-10-1995,539.203.7203,moorelaurie@example.net,884 Michael Station Apt. 295,South Joshuaton,AS,4505,Reunion,PhD,6,81095.89,Advertising account executive,Applied,Travis Francis
2428,2023-06-11,Matthew,Gomez,Male,18-04-1978,+1-302-688-8245x7676,emilymorris@example.org,223 Kimberly Courts Suite 029,New Jessica,MD,70258,Iraq,Master's Degree,15,44149.27,Freight forwarder,In Review,Matthew Gomez
2429,2023-07-01,Sarah,Conley,Male,12-07-1969,(779)959-2374x8454,james84@example.net,324 Thomas Land Suite 963,Brooketown,VT,11726,Saint Martin,Bachelor's Degree,19,49789.89,"Journalist, broadcasting",Offered,Sarah Conley
2430,2023-06-12,Thomas,Riley,Other,05-06-1987,001-339-737-0613x56894,davidbush@example.org,3359 Miller Fields Apt. 700,New Kristen,MD,59502,Swaziland,Master's Degree,8,74709.78,Teaching laboratory technician,In Review,Thomas Riley
2431,2023-06-21,Crystal,Miller,Other,13-03-1987,(809)965-9908,dherrera@example.com,3089 Maldonado Corner,South Cody,MT,39587,Nepal,PhD,14,93325.91,Commercial horticulturist,Interviewing,Crystal Miller
2432,2023-06-08,Catherine,Lang,Other,15-02-1998,464-535-4653x5050,jonathan24@example.net,575 Gloria Mill,Petersenborough,DE,90191,Iraq,Master's Degree,4,50824.75,Charity fundraiser,In Review,Catherine Lang
2433,2023-05-07,Joseph,Forbes,Other,29-06-1986,###############################################################################################################################################################################################################################################################,bhobbs@example.org,2779 Christina Harbors,Port Jenniferport,IA,51745,Korea,PhD,17,73560.09,Legal secretary,Rejected,Joseph Forbes
2434,2023-05-14,Laura,Miller,Male,17-01-1978,697-722-3759x060,michaelmeyer@example.org,47458 Taylor Station,East Ashley,IN,49274,Mexico,PhD,8,48566.14,Television/film/video producer,Interviewing,Laura Miller
2435,2023-06-17,Angela,Diaz,Female,08-09-1990,001-434-522-7583x240,slee@example.com,0152 Gomez Crescent,New Justin,MO,34488,Guinea-Bissau,High School,3,30313.31,"Programmer, systems",Interviewing,Angela Diaz
2436,2023-06-11,Justin,Hill,Female,11-03-1996,314-714-6188x0946,tthomas@example.com,0121 Davis Mountain Suite 989,Port Cynthia,ME,42145,Bahrain,Master's Degree,8,67961.12,IT consultant,Interviewing,Justin Hill
2437,2023-07-27,Melissa,Lyons,Other,27-05-1997,590.669.8563x05524,zacharyhendricks@example.net,76505 Angela Manor Apt. 371,Hermanville,NJ,63935,Malawi,Master's Degree,11,94364.87,"Scientist, physiological",Interviewing,Melissa Lyons
2438,2023-06-23,David,Sweeney,Male,05-10-2000,+1-312-438-4442x0878,jamesmason@example.org,12274 Jason Summit Suite 451,Gonzalezshire,NC,56634,United Kingdom,Bachelor's Degree,5,85589.33,Interior and spatial designer,Offered,David Sweeney
2439,2023-06-30,Jason,Chavez,Other,30-01-1965,317-724-8645,amullins@example.org,1951 Doyle Bypass,Lake Joshua,TX,37824,Azerbaijan,High School,16,74502.24,Housing manager/officer,In Review,Jason Chavez
2440,2023-06-04,Zachary,Kent,Male,30-09-1980,(756)494-1259x0892,ericksonleslie@example.com,14377 Griffith Motorway Apt. 184,Lesterchester,ME,57685,Albania,Bachelor's Degree,17,59504.41,Translator,Interviewing,Zachary Kent
2441,2023-07-05,Lucas,Hernandez,Other,11-04-1974,001-894-440-1774x0914,mitchell07@example.com,45864 Richard Crescent Suite 335,Robertsshire,IL,43702,United States Virgin Islands,Master's Degree,15,67154.49,"Engineer, water",Applied,Lucas Hernandez
2442,2023-06-03,Valerie,Mullen,Female,17-03-1988,555-643-0190,ewingashley@example.com,110 Payne Summit,New Jessicaberg,VI,38860,Kiribati,Bachelor's Degree,9,72372.25,Geoscientist,In Review,Valerie Mullen
2443,2023-06-02,Sydney,Brown,Other,31-03-1968,(706)875-0433x36539,madisonlamb@example.com,152 Stephanie Well,Stantonland,CT,15864,Dominican Republic,Bachelor's Degree,14,90059.69,"Designer, blown glass/stained glass",Applied,Sydney Brown
2444,2023-06-07,Kimberly,Cameron,Other,07-05-1985,+1-799-373-1797x0621,rgarner@example.net,09098 Bell Meadows,North Joseph,PW,65435,Seychelles,PhD,14,97666.81,Academic librarian,Offered,Kimberly Cameron
2445,2023-07-13,Clayton,Fields,Female,23-10-1963,###############################################################################################################################################################################################################################################################,dawncarter@example.com,4890 Carolyn Estates,Kramerville,IA,21946,Cameroon,Master's Degree,13,32194.07,Forensic scientist,Offered,Clayton Fields
2446,2023-07-23,Yolanda,Stephens,Male,07-03-1987,###############################################################################################################################################################################################################################################################,amber18@example.net,0755 Mark Villages Apt. 697,Evanshaven,MS,17029,Lesotho,High School,6,41031.29,"Engineer, automotive",Offered,Yolanda Stephens
2447,2023-08-04,Adrienne,Allen,Female,04-07-1967,672-360-4061x29419,tina56@example.org,5150 Stacy Union,East Linda,OR,48488,Sri Lanka,Master's Degree,16,82286.74,Ophthalmologist,Rejected,Adrienne Allen
2448,2023-08-01,Christopher,Hill,Male,04-03-1988,904.396.7783x76953,bergerlaura@example.net,58862 Graham Orchard,West Madisontown,PA,54888,Ethiopia,Master's Degree,1,37877.03,Financial adviser,In Review,Christopher Hill
2449,2023-06-28,Brandi,Barber,Other,07-03-1989,(900)764-0166x159,susan25@example.net,439 Kent Cove,South Davidside,ID,23374,Poland,PhD,11,97029.6,Architectural technologist,In Review,Brandi Barber
2450,2023-07-23,Monica,Edwards,Female,31-05-2000,(202)862-0962,josephgriffith@example.net,36415 Nancy Garden Suite 405,North Danielle,MO,31026,Madagascar,Master's Degree,11,66595.82,Financial controller,Rejected,Monica Edwards
2451,2023-06-05,Michael,Wiley,Other,26-08-1967,+1-721-925-1329x5773,ann07@example.com,712 Farmer Ports,Sandraborough,WA,61117,Tanzania,PhD,0,94536.08,Sales promotion account executive,Applied,Michael Wiley
2452,2023-08-02,Dan,Salinas,Male,26-08-1993,+1-902-617-5576x712,sydneycruz@example.net,98379 Torres Forest Apt. 373,Port Traceyberg,WA,43864,Latvia,Master's Degree,18,61723.25,"Teacher, early years/pre",Applied,Dan Salinas
2453,2023-05-18,Stephanie,King,Other,04-09-1970,578-622-7149,williamvalencia@example.net,95080 Cooper River Apt. 009,Garyport,ND,59156,Cape Verde,Bachelor's Degree,14,62643.89,"Journalist, broadcasting",Applied,Stephanie King
2454,2023-06-17,Donald,Smith,Other,23-07-2001,718.854.1161,mccormickphillip@example.com,89087 Jonathan Valley,New Amanda,PR,49166,Guam,Master's Degree,5,54986.93,Farm manager,Applied,Donald Smith
2455,2023-05-14,Teresa,Garcia,Male,26-10-1992,001-788-221-0493,robert15@example.org,847 Timothy Extensions,Wolfeborough,ID,54702,Kenya,Bachelor's Degree,17,88998.16,"Therapist, drama",Rejected,Teresa Garcia
2456,2023-06-10,Jeremy,Flowers,Male,15-01-1977,001-894-514-0945,oochoa@example.com,644 Tina Forge,Stephenbury,DE,82275,Israel,PhD,17,43434.48,Optometrist,Offered,Jeremy Flowers
2457,2023-07-15,Douglas,Perez,Female,16-03-1967,765-341-7542,yking@example.com,8708 Rebecca Junctions Apt. 413,South Alicia,PA,23390,Gabon,PhD,4,58571.7,Customer service manager,Interviewing,Douglas Perez
2458,2023-05-25,Adam,Spencer,Male,04-06-1986,469.922.9307,cynthia70@example.com,0544 Paul Crossroad,East Sarahmouth,WY,60094,United Arab Emirates,PhD,4,75921.88,Museum/gallery conservator,Applied,Adam Spencer
2459,2023-07-27,Carla,King,Other,13-12-1985,+1-817-958-5214x7414,sthompson@example.net,59687 Steven Summit,Joneshaven,IL,13403,Tanzania,High School,9,43459.65,"Engineer, petroleum",Applied,Carla King
2460,2023-05-10,Micheal,Hayes,Female,24-03-1976,790-586-6242x20577,stevenskara@example.org,59439 Carney Gateway Suite 437,East Cindychester,RI,28123,Pakistan,Bachelor's Degree,16,32010.25,Transport planner,Interviewing,Micheal Hayes
2461,2023-05-23,Briana,Johnson,Male,26-04-1998,364.276.7561x55508,ijackson@example.net,07083 Rodriguez Light,New Lindaton,CT,55761,Uganda,Bachelor's Degree,11,96034.62,Insurance account manager,Applied,Briana Johnson
2462,2023-07-21,Tiffany,Flores,Male,12-10-1974,+1-422-962-6599x65576,zmoore@example.net,23761 Natalie Plaza Apt. 321,Shermanshire,OK,55354,Hungary,PhD,4,96659.25,Purchasing manager,Offered,Tiffany Flores
2463,2023-06-13,Debra,Johnson,Female,21-09-2002,001-260-798-6582x94692,loringuyen@example.com,084 Jason Pike,Moralesview,NH,62516,Cambodia,PhD,20,64789.73,Theatre manager,Rejected,Debra Johnson
2464,2023-07-30,Kathy,Burch,Male,19-02-1987,+1-337-476-7247x92916,cschmidt@example.net,0593 Mario Mill,Ballhaven,MS,85865,Netherlands Antilles,Master's Degree,6,61370.24,Health visitor,Interviewing,Kathy Burch
2465,2023-07-21,Paula,Hall,Female,23-10-1967,+1-492-619-7805x89251,lisa45@example.net,8345 Barnett Radial,Lake Sandra,MP,20984,Yemen,PhD,14,97811.25,Patent attorney,Rejected,Paula Hall
2466,2023-06-27,James,Gill,Male,10-01-1965,001-668-618-1261x60389,andrewanderson@example.org,9496 John Expressway Suite 677,Alexanderhaven,AR,19859,Christmas Island,Bachelor's Degree,19,37348.18,Land,Rejected,James Gill
2467,2023-07-27,Isaiah,Mcneil,Other,03-07-1978,001-277-732-1416x89617,watsonkenneth@example.net,24176 Griffin Forks,New Thomasport,CT,89979,China,Master's Degree,6,41279.02,"Designer, furniture",Offered,Isaiah Mcneil
2468,2023-06-28,Amanda,Brewer,Other,25-08-2001,(373)903-7280x8441,frodriguez@example.com,484 Brewer Fort,Lake Alan,MA,17315,Bolivia,Master's Degree,0,72894.88,Landscape architect,Rejected,Amanda Brewer
2469,2023-07-09,Nancy,Gonzalez,Female,30-06-1971,795.809.5844x906,mistygardner@example.com,2259 Fitzpatrick Corners,West Codyfort,NY,99685,Burkina Faso,PhD,14,30883.65,Computer games developer,Offered,Nancy Gonzalez
2470,2023-07-23,Chase,Clark,Male,07-07-1979,823-241-2505,john14@example.com,140 Andrea Mountain,Kellerview,RI,3043,Finland,Master's Degree,3,79865.1,Hospital pharmacist,Interviewing,Chase Clark
2471,2023-05-10,Isaiah,Smith,Other,28-10-1980,001-874-531-6281,courtneybarnes@example.org,74652 Amy Ramp,Ramirezland,IL,99384,Fiji,PhD,6,80658.88,Quantity surveyor,Offered,Isaiah Smith
2472,2023-06-08,Austin,Taylor,Female,15-01-1980,420.489.1350,sarahnguyen@example.com,69188 Preston Point,Jennifermouth,KS,7886,Suriname,Master's Degree,8,74131.21,Travel agency manager,Interviewing,Austin Taylor
2473,2023-06-12,Susan,Chaney,Other,07-11-1967,723-335-7713x24672,franceserickson@example.org,910 Lindsey Ports,Lake Carolchester,WV,73394,Lithuania,PhD,1,50984.55,Advice worker,In Review,Susan Chaney
2474,2023-05-18,Madeline,Bailey,Female,13-09-1978,808.847.9829x19269,ronaldwalker@example.net,13704 Estrada Prairie,Walkerhaven,MN,11770,Burundi,PhD,0,57461.63,"Administrator, education",Offered,Madeline Bailey
2475,2023-06-01,Emily,Hill,Female,04-03-2001,724.590.5585x9628,lisarogers@example.net,667 Tommy Ville,Smithchester,AS,54991,Angola,Master's Degree,9,61169.54,Health promotion specialist,Offered,Emily Hill
2476,2023-05-30,Katherine,Brewer,Male,01-01-1991,327-566-9654,frostjillian@example.org,548 Gonzalez Glens,New Jill,DE,66555,Azerbaijan,PhD,7,44348.44,Chief of Staff,Offered,Katherine Brewer
2477,2023-05-14,Joseph,Holmes,Male,25-02-1979,(369)870-9351x161,madison61@example.com,8281 Jessica Course Apt. 148,New Carol,KS,98930,Togo,High School,7,54831.03,Interpreter,Rejected,Joseph Holmes
2478,2023-05-19,Annette,Price,Other,13-01-1989,586.662.9286x96467,bferguson@example.org,8664 Griffin Key Apt. 577,Villarrealtown,KY,30162,United States Minor Outlying Islands,Master's Degree,20,54012.66,Speech and language therapist,Offered,Annette Price
2479,2023-06-29,Mark,Sparks,Male,24-05-1981,924.484.9172,davisdouglas@example.org,088 Hall Spur,Georgebury,CT,90677,Barbados,Bachelor's Degree,11,45585.37,Special educational needs teacher,Offered,Mark Sparks
2480,2023-07-29,Travis,Hickman,Female,21-08-2000,+1-819-618-0575x93964,nathanbutler@example.com,707 Martinez Prairie,Brooksside,AR,83504,Pitcairn Islands,High School,16,98616.15,Actor,Applied,Travis Hickman
2481,2023-05-14,Kenneth,Simmons,Male,01-10-1981,520-452-7847,philip80@example.net,1709 Rachel Cove Suite 147,Rogersside,MO,63233,Cape Verde,High School,17,56482.5,"Psychologist, sport and exercise",Applied,Kenneth Simmons
2482,2023-07-26,Jason,Williams,Other,08-01-1999,779-373-2832x2747,wendygomez@example.org,60747 John Heights,Port William,MN,58861,Zambia,Master's Degree,19,61150.04,Higher education careers adviser,In Review,Jason Williams
2483,2023-05-12,Charles,Hull,Other,26-02-1966,001-279-588-4551,gtaylor@example.com,61906 Robertson Greens Suite 359,West Normanside,UT,66703,Uzbekistan,High School,4,42464.57,Database administrator,In Review,Charles Hull
2484,2023-06-17,Patrick,Tucker,Female,19-11-1997,(875)472-8945,zwebster@example.org,080 Joseph Station Suite 917,Mitchellfurt,OH,69254,Mayotte,PhD,5,76669.09,"Pharmacist, hospital",Rejected,Patrick Tucker
2485,2023-06-19,Robert,Murray,Male,03-04-1997,###############################################################################################################################################################################################################################################################,debbiebridges@example.com,15859 Rachel Rue,West Corey,KS,32126,Brunei Darussalam,High School,14,90496.03,"Research officer, political party",Interviewing,Robert Murray
2486,2023-08-04,James,Horn,Male,24-07-1991,871.539.3150x826,frankbeasley@example.org,1278 William Drive,Jamesland,RI,13164,Albania,High School,4,37538.16,"Administrator, local government",In Review,James Horn
2487,2023-05-28,Kenneth,Smith,Other,02-12-1982,(457)541-4859x919,simsjohn@example.net,02253 Daniels Lights Suite 520,East Denise,AK,17040,Martinique,High School,0,31518.97,"Engineer, building services",Rejected,Kenneth Smith
2488,2023-06-11,Kimberly,Morgan,Male,20-01-1976,###############################################################################################################################################################################################################################################################,ibenson@example.net,950 Tammy Springs,Jamestown,HI,4684,Bhutan,PhD,6,59098.16,Chemical engineer,Interviewing,Kimberly Morgan
2489,2023-06-08,Shannon,Boyd,Male,08-11-1966,306-456-1140,deanna05@example.com,87912 Pruitt Roads,West Teresa,PR,55559,Yemen,Bachelor's Degree,7,99564.78,Health and safety adviser,Offered,Shannon Boyd
2490,2023-07-17,Jessica,Taylor,Other,25-01-1996,(554)552-6827,careyalicia@example.com,13376 Karen Station,Millertown,CO,41569,Afghanistan,Master's Degree,7,86755.7,Market researcher,Interviewing,Jessica Taylor
2491,2023-07-18,Luke,Wilson,Other,26-01-1999,+1-221-542-5047x78972,vknox@example.com,41169 Davis Shores,Moralesland,ND,76331,Palau,Master's Degree,17,48011.9,Graphic designer,Rejected,Luke Wilson
2492,2023-07-17,Christopher,Morgan,Female,10-06-1967,929.662.0068,dianesmith@example.com,5639 Roberto Hills Apt. 429,Jenkinsport,PR,44433,Germany,Bachelor's Degree,17,55079.94,Manufacturing engineer,Interviewing,Christopher Morgan
2493,2023-05-23,Daniel,Newton,Other,21-08-1966,001-748-638-6323,nhoover@example.com,958 Aaron Spur,West Lisamouth,FM,64849,Bosnia and Herzegovina,Bachelor's Degree,7,92582.01,Further education lecturer,Rejected,Daniel Newton
2494,2023-06-23,Terry,Davis,Female,19-11-1987,420-607-7502x213,derrickbaker@example.org,0932 Rodney Passage Apt. 877,Danielsborough,PW,78159,Moldova,PhD,2,64793.93,Advertising art director,In Review,Terry Davis
2495,2023-05-24,Jacqueline,Carter,Female,14-05-1996,485.549.2859x14001,paul77@example.org,538 Victor Cliff,New Roy,TN,69711,Netherlands Antilles,Master's Degree,9,77758.53,"Conservation officer, historic buildings",Applied,Jacqueline Carter
2496,2023-06-28,Matthew,Hale,Other,05-03-1998,###############################################################################################################################################################################################################################################################,savannah58@example.org,4335 Thomas Springs,Staceyburgh,MA,69096,Hong Kong,PhD,2,43032.97,Stage manager,Applied,Matthew Hale
2497,2023-07-24,Olivia,Soto,Male,10-12-1992,(354)263-0632,angelarobertson@example.net,161 Nathan Estate Suite 576,Leroyview,AK,87961,Malaysia,PhD,3,71465.14,Herbalist,In Review,Olivia Soto
2498,2023-07-21,Teresa,Ortiz,Other,24-11-1962,001-434-907-4839,eclarke@example.com,6670 Andrew Village,Catherinemouth,FL,21922,Spain,Master's Degree,3,31756.49,Private music teacher,In Review,Teresa Ortiz
2499,2023-06-25,Lori,Russell,Male,18-05-1976,405.955.7725,elizabeth70@example.net,596 Lacey Mount Suite 088,Jacobborough,NV,20929,Papua New Guinea,PhD,5,38396.28,Tree surgeon,Interviewing,Lori Russell
2500,2023-05-10,Jessica,Clark,Other,12-07-1996,363.816.5049x4432,evan17@example.net,599 Patricia Expressway,Martinezmouth,IN,61267,Cyprus,Master's Degree,9,78551.89,Financial controller,Interviewing,Jessica Clark
2501,2023-06-21,Kathleen,Evans,Female,01-03-2001,(792)918-7203x47588,joelallen@example.org,7967 Alexander Ridges Apt. 207,Haleybury,NM,8290,South Africa,Master's Degree,6,86416.44,"Designer, furniture",Applied,Kathleen Evans
2502,2023-06-23,Larry,Compton,Other,15-03-1986,###############################################################################################################################################################################################################################################################,bmunoz@example.org,04128 Rhodes Trail Apt. 038,Shortport,GU,57851,Congo,PhD,16,75071.78,"Social research officer, government",Rejected,Larry Compton
2503,2023-07-29,Wendy,Spencer,Other,26-12-2003,###############################################################################################################################################################################################################################################################,sbutler@example.com,234 Cox Manors,Molinafurt,GA,93028,Canada,Master's Degree,16,80587.81,Surgeon,Applied,Wendy Spencer
2504,2023-06-12,Johnny,Pacheco,Male,03-07-1977,+1-582-333-9523x468,carolynpatterson@example.org,6046 Patricia Dam Apt. 688,Tylerland,MD,37561,Uzbekistan,PhD,20,95220.6,Network engineer,Rejected,Johnny Pacheco
2505,2023-06-01,Stephanie,Coleman,Female,06-02-1963,001-699-882-1660x558,bobby40@example.com,18343 Tanner Heights,Meganview,GU,37021,China,Master's Degree,3,74833.17,Nutritional therapist,Applied,Stephanie Coleman
2506,2023-05-31,Kayla,Howell,Other,15-12-1982,(895)206-7803x612,johnsonadrian@example.net,93366 Amber Coves Apt. 935,Meyermouth,WI,76793,Liberia,High School,18,87886.48,"Accountant, chartered public finance",Applied,Kayla Howell
2507,2023-08-01,Joel,Bell,Other,21-01-1969,001-214-831-6486x23863,moyerjames@example.com,31613 Moore Valleys,Kellyberg,ME,10700,Seychelles,High School,9,44667.34,Civil Service fast streamer,Offered,Joel Bell
2508,2023-05-06,Ryan,Hall,Male,24-02-1989,(950)573-7492x227,colerebekah@example.com,7717 Wagner Lodge,West Staceytown,ND,25608,Kuwait,Master's Degree,12,44792.89,Insurance broker,Rejected,Ryan Hall
2509,2023-07-02,Robert,Graham,Other,02-03-1989,###############################################################################################################################################################################################################################################################,rmcdaniel@example.org,65529 Richardson Greens Suite 393,East Michaelstad,VT,61861,Nauru,Bachelor's Degree,7,97647.57,"Scientist, physiological",Applied,Robert Graham
2510,2023-06-24,Robert,Carter,Female,27-01-2005,(695)837-3704x6052,williamsmith@example.net,413 Turner Orchard,Sarahview,NE,55919,Singapore,High School,6,69300.93,Health and safety adviser,Offered,Robert Carter
2511,2023-06-12,Jacqueline,Fuller,Other,11-09-1972,+1-909-659-4450x1941,robertcasey@example.org,48720 Arellano Crossroad Apt. 142,Saundersport,MT,29068,Belarus,High School,7,35900.99,Race relations officer,Applied,Jacqueline Fuller
2512,2023-07-26,Blake,Lawrence,Female,16-07-1983,###############################################################################################################################################################################################################################################################,michelleanderson@example.net,12187 Christine Drives,Lake Douglas,SC,40927,North Macedonia,Master's Degree,17,85421.11,Dentist,Offered,Blake Lawrence
2513,2023-08-01,Kathy,Morales,Female,25-01-1980,(593)628-3348,wallacedarlene@example.net,516 Austin Garden Apt. 281,Lake Bailey,MH,9139,Comoros,High School,12,75654.27,Civil Service fast streamer,Offered,Kathy Morales
2514,2023-07-13,Christopher,Ayers,Male,02-04-1968,917.201.1220x652,hillelizabeth@example.net,191 David Court Apt. 552,Crystalmouth,KS,67146,Bulgaria,Bachelor's Degree,10,94251.75,Pharmacologist,Offered,Christopher Ayers
2515,2023-07-15,Christopher,Velazquez,Other,15-10-1985,(965)286-3688x54363,wcalderon@example.net,8925 Smith Throughway Apt. 365,South Monica,FL,97123,Colombia,Master's Degree,1,61330.12,Clothing/textile technologist,Applied,Christopher Velazquez
2516,2023-05-11,Kristen,Johnston,Male,03-01-1972,+1-927-738-4803x227,heatherjohnson@example.org,37845 Christopher Grove,Port Tommyton,NE,49356,Nicaragua,High School,14,86962.17,Radio producer,Offered,Kristen Johnston
2517,2023-05-24,Sylvia,Saunders,Male,28-07-1968,+1-658-704-1431x023,nrichards@example.net,1800 Miller Crossing Apt. 046,Johnview,GU,50487,Equatorial Guinea,High School,7,76363.24,"Administrator, Civil Service",Interviewing,Sylvia Saunders
2518,2023-07-29,Thomas,Wood,Male,15-10-1963,(702)380-1577x9811,davidallison@example.com,422 Jonathan Summit,Alisonland,AK,5498,Burundi,Master's Degree,11,38557.57,Chemical engineer,Offered,Thomas Wood
2519,2023-07-11,Danielle,Garcia,Male,06-10-2002,705-307-4315x438,steven56@example.net,0684 Taylor Key Apt. 803,Phillipsfort,MA,23991,Kyrgyz Republic,Bachelor's Degree,8,50894.7,Health promotion specialist,Offered,Danielle Garcia
2520,2023-05-17,Patricia,Patton,Other,28-12-1998,563-701-8435,katiebaker@example.net,506 Rosales Motorway,Robertland,PA,88520,Saint Lucia,Bachelor's Degree,15,83603.12,Learning mentor,Rejected,Patricia Patton
2521,2023-06-05,Michael,Payne,Other,01-06-1992,636.599.5695,alvarezstephanie@example.net,34399 Dustin Spurs,Frankton,TX,42352,Yemen,Bachelor's Degree,14,92348.96,"Administrator, sports",Rejected,Michael Payne
2522,2023-06-30,Chad,Lopez,Other,23-01-1965,(384)988-3981,qstokes@example.net,429 Martinez Junctions Suite 975,North Meagan,MI,72957,Liechtenstein,PhD,19,69175.81,Community education officer,In Review,Chad Lopez
2523,2023-06-08,Kendra,Love,Female,30-01-1973,(996)843-7170x3702,lanedavid@example.com,5068 Daniel Forks,Port Williambury,DE,6365,Colombia,Master's Degree,1,52833.49,"Surveyor, building control",Rejected,Kendra Love
2524,2023-06-03,Richard,Hampton,Other,23-12-1963,001-998-752-4464x039,nicholas28@example.net,1948 Michael Ports Apt. 995,Leemouth,WA,49064,Vietnam,Bachelor's Degree,5,30599.95,Visual merchandiser,Rejected,Richard Hampton
2525,2023-05-10,Leah,Wallace,Male,16-10-1974,686-670-9856x490,morrisgabriel@example.net,5478 Schroeder Hollow Suite 952,New Brittany,MA,3406,Guatemala,High School,3,66849.36,"Psychologist, clinical",In Review,Leah Wallace
2526,2023-07-05,Tammy,Mason,Female,02-05-1987,322.471.0901,jcarroll@example.net,7266 Justin Fort,Lake Sarahchester,GU,4296,Gambia,Bachelor's Degree,6,88016.16,"Psychologist, prison and probation services",Applied,Tammy Mason
2527,2023-07-02,Monica,Lozano,Male,06-11-1993,931-674-0309x42030,bartletthunter@example.net,68387 Gross Highway Suite 099,Wrightburgh,PW,22191,Gibraltar,Master's Degree,19,44666.34,Operational researcher,Offered,Monica Lozano
2528,2023-07-06,Sarah,Woods,Male,23-08-1976,773.655.4154x24464,rrodriguez@example.com,008 Crystal Island Apt. 628,North Katherine,SC,25716,British Indian Ocean Territory (Chagos Archipelago),Master's Degree,2,35782.76,Cytogeneticist,Interviewing,Sarah Woods
2529,2023-07-20,Benjamin,Sharp,Female,06-09-1967,###############################################################################################################################################################################################################################################################,ucameron@example.com,003 Fry Street Suite 155,Lake Bonniemouth,AL,94701,Turkey,High School,5,52861.69,Personal assistant,Applied,Benjamin Sharp
2530,2023-05-12,Tiffany,Smith,Male,25-09-1985,001-739-836-6921x335,kmyers@example.net,361 Wade Flats,Christopherchester,RI,68423,Costa Rica,High School,7,34736.32,Press photographer,Interviewing,Tiffany Smith
2531,2023-07-15,James,Holmes,Male,14-05-2004,+1-247-900-2968x0811,peterholder@example.net,21150 Johnny Port Apt. 184,Williamside,OK,59460,Sao Tome and Principe,PhD,11,58683.47,Music tutor,Rejected,James Holmes
2532,2023-07-31,Tiffany,Calderon,Female,07-05-1981,###############################################################################################################################################################################################################################################################,nicholaswatkins@example.org,9401 Bryant Underpass Apt. 638,East Lisafort,VT,39006,Sweden,Bachelor's Degree,3,97549.93,Museum/gallery curator,Offered,Tiffany Calderon
2533,2023-07-13,Joy,Walton,Other,06-08-1999,739-438-8133,rick64@example.org,4708 Patrick Spurs Apt. 311,Garychester,ID,17554,Isle of Man,High School,11,44369.82,"Psychologist, sport and exercise",Interviewing,Joy Walton
2534,2023-06-22,Stephen,Gardner,Male,04-12-1970,255-288-3828,sharpbrett@example.org,775 Adkins Trail,Lake Megan,WI,56858,Costa Rica,PhD,6,76824.04,Research scientist (medical),Rejected,Stephen Gardner
2535,2023-07-30,Amanda,Schmitt,Male,18-09-1982,719.201.7315x6985,erictucker@example.net,380 Danielle Valleys,East Tonyabury,WA,43277,United States Virgin Islands,Master's Degree,11,71445.62,"Scientist, audiological",Offered,Amanda Schmitt
2536,2023-05-14,Abigail,Welch,Male,03-12-1963,+1-798-311-7832x8565,jamesthomas@example.com,56234 Beck Mills,Simsburgh,NY,31223,Vanuatu,Master's Degree,8,74999.95,General practice doctor,Interviewing,Abigail Welch
2537,2023-05-15,Judith,Lopez,Other,17-09-1981,###############################################################################################################################################################################################################################################################,amanda20@example.org,03316 Daniel Passage,Johnsonstad,WY,39357,New Caledonia,High School,9,57589.05,Arts development officer,Applied,Judith Lopez
2538,2023-06-13,Juan,Alvarez,Male,16-07-2004,001-655-967-3465x3823,cynthia51@example.com,83479 Hicks Meadow Suite 923,South Pamelaborough,WA,15819,Maldives,Master's Degree,12,38678.11,Health promotion specialist,In Review,Juan Alvarez
2539,2023-06-26,Donna,Abbott,Female,10-10-1974,###############################################################################################################################################################################################################################################################,pwilkerson@example.com,35170 Wilkerson Trace Suite 050,Brownville,HI,64808,Bahamas,High School,9,55172.5,"Education officer, museum",Applied,Donna Abbott
2540,2023-07-27,Lori,Alvarez,Male,10-07-2005,(846)549-8370x17808,xmercer@example.org,4242 Pam Station,South Melissa,NH,74280,Mongolia,Master's Degree,17,55437.89,"Psychologist, forensic",Rejected,Lori Alvarez
2541,2023-07-14,Jason,Williams,Male,23-09-2000,###############################################################################################################################################################################################################################################################,uparker@example.net,343 Smith Plaza Suite 378,Sanderstown,MA,94306,Luxembourg,Bachelor's Degree,1,97588.42,Retail banker,Interviewing,Jason Williams
2542,2023-06-24,John,Byrd,Other,16-06-1975,001-347-613-0813x238,marilyn97@example.net,2612 Andrew Camp Suite 712,North Charlesville,HI,94043,Kenya,High School,8,36557.62,Air traffic controller,Applied,John Byrd
2543,2023-07-25,Edward,Campbell,Female,01-02-1964,(602)948-1873,kjohnson@example.com,7538 Walker Coves Suite 360,Isabellachester,LA,47122,Aruba,PhD,10,35024.54,Tree surgeon,Interviewing,Edward Campbell
2544,2023-06-08,Nicole,Roach,Male,25-12-1975,699-662-8447x718,rflores@example.com,204 Ashley Mews Apt. 436,Coopertown,MS,4711,Iceland,Master's Degree,9,44796.29,Theatre director,In Review,Nicole Roach
2545,2023-07-15,Kevin,Wiggins,Female,25-03-1983,001-284-444-1677,gina07@example.net,41703 Spencer Coves,New John,NJ,21401,Liechtenstein,PhD,0,78243.73,Television/film/video producer,In Review,Kevin Wiggins
2546,2023-06-01,Daniel,Smith,Male,10-05-1969,643.673.1844,michael95@example.net,4543 Timothy Curve Apt. 094,Rodriguezburgh,WA,13351,Cambodia,Master's Degree,20,93253.18,Petroleum engineer,Applied,Daniel Smith
2547,2023-07-17,Theresa,Harper,Female,01-09-1997,(617)836-2925,andreaphillips@example.net,3515 Gray Island,New Sherry,FM,90202,Uzbekistan,Bachelor's Degree,6,92167.96,"Scientist, research (life sciences)",Rejected,Theresa Harper
2548,2023-07-30,Lawrence,Gibson,Male,02-11-1966,001-562-648-6941x940,masonkaren@example.net,688 Sean Shoal,North Andrewhaven,PW,74067,Azerbaijan,PhD,9,92180.56,Insurance risk surveyor,Interviewing,Lawrence Gibson
2549,2023-06-02,Christopher,Ballard,Female,15-08-1999,(519)489-3928x9196,andrew50@example.org,035 Kimberly Via,Cassandrashire,MD,86283,Antigua and Barbuda,Bachelor's Degree,17,60902.94,Warehouse manager,Interviewing,Christopher Ballard
2550,2023-07-24,Daniel,Palmer,Female,13-04-1964,001-992-223-8039x52778,webbaaron@example.net,650 Gutierrez Canyon Apt. 788,Lake Kristenport,MS,76626,Turkmenistan,Bachelor's Degree,4,31076.43,Research scientist (maths),Interviewing,Daniel Palmer
2551,2023-05-29,Travis,Osborne,Other,13-07-1994,001-927-608-2938x28787,sarah35@example.net,9462 Johnson Estates Apt. 649,New Christopher,OH,51441,Venezuela,PhD,17,77744.86,"Conservator, museum/gallery",In Review,Travis Osborne
2552,2023-06-16,Frank,Lewis,Female,04-09-1970,###############################################################################################################################################################################################################################################################,shamilton@example.net,383 Zachary Lake Suite 360,Staceyton,WV,98022,Saint Martin,Master's Degree,17,82220.7,Tax inspector,Interviewing,Frank Lewis
2553,2023-06-04,John,Yang,Female,25-04-2000,###############################################################################################################################################################################################################################################################,dmendoza@example.org,89282 Victor Spring Suite 397,East Allenland,OR,43667,Cocos (Keeling) Islands,High School,4,47896.05,"Geologist, wellsite",Interviewing,John Yang
2554,2023-05-16,William,Nash,Other,22-01-1976,973.706.2089,amydeleon@example.org,788 Elaine Skyway Suite 792,South Rebecca,SC,98173,Serbia,High School,2,96806.39,Logistics and distribution manager,In Review,William Nash
2555,2023-05-20,Danielle,Snow,Other,08-07-1963,###############################################################################################################################################################################################################################################################,kellyscott@example.org,175 Perry Pass,Port Bryanbury,AR,52176,Cayman Islands,Bachelor's Degree,6,83367.67,Brewing technologist,In Review,Danielle Snow
2556,2023-06-06,Emily,Herring,Other,22-05-1964,804-331-5386x91849,ann97@example.net,27568 Morrow Center,Haasbury,DE,37359,Tonga,Bachelor's Degree,4,98950.3,"Scientist, physiological",Applied,Emily Herring
2557,2023-07-13,Lee,Hanson,Male,05-11-1976,(263)815-1229x7096,srogers@example.com,9051 Justin Estate,East Amber,IL,36006,Panama,Bachelor's Degree,0,97342.87,Cartographer,Offered,Lee Hanson
2558,2023-07-21,Brian,Torres,Male,23-05-1980,437-894-2715x76571,moralesaaron@example.com,2209 Morris Plains,Gregoryland,AK,82657,Papua New Guinea,High School,13,67469.58,Geochemist,Rejected,Brian Torres
2559,2023-07-11,Philip,Johnson,Female,03-06-1979,001-705-424-1185x5862,nchang@example.net,1052 Chase Park Suite 805,New Kyliemouth,AZ,30946,Liberia,Bachelor's Degree,5,40801.36,Legal executive,Applied,Philip Johnson
2560,2023-05-13,Robert,Mitchell,Other,24-05-1982,748-375-8827,gabriellewarren@example.net,1371 Hill Ranch Apt. 009,Lake Davidmouth,PR,12532,Chile,Bachelor's Degree,6,66930.59,Probation officer,Offered,Robert Mitchell
2561,2023-05-27,Tracey,Aguirre,Male,17-09-2004,945-827-1378x3033,stevenrichards@example.org,0027 Morgan Union Apt. 822,South Susan,MN,4266,Romania,Bachelor's Degree,4,73171.02,Tax adviser,Applied,Tracey Aguirre
2562,2023-07-11,Micheal,Wright,Female,07-11-1996,001-297-268-7270x300,nicholasmiller@example.org,535 Mendoza Ways,East Ryan,AK,98963,Burundi,High School,7,62402.43,"Teacher, secondary school",Offered,Micheal Wright
2563,2023-07-01,Mike,Chase,Male,02-02-1987,390.936.4822x49498,reidtimothy@example.com,4216 Misty Drive Suite 834,Lake Kimberly,VT,72503,Benin,High School,0,72347.68,Charity officer,Applied,Mike Chase
2564,2023-05-29,Jonathan,Brooks,Male,27-06-1987,###############################################################################################################################################################################################################################################################,eric57@example.org,313 Robertson Estates Apt. 412,South Kathychester,HI,83059,United States of America,Bachelor's Degree,3,94862.87,Chief Operating Officer,Applied,Jonathan Brooks
2565,2023-05-30,Candace,Moore,Other,07-01-2002,(577)874-4182,hollanddana@example.net,5740 Bennett Cove,Matthewburgh,ND,49461,Jersey,Bachelor's Degree,16,47382.82,Land,Interviewing,Candace Moore
2566,2023-05-15,Edward,Tate,Male,10-04-1996,001-271-900-1858x337,kevinwashington@example.org,43937 Harrington Passage,Staffordborough,WI,39688,Guyana,Master's Degree,10,96265.12,"Lecturer, higher education",Offered,Edward Tate
2567,2023-05-08,Sarah,Berry,Other,10-02-1997,768.701.2495x67860,abowman@example.com,107 Rivera Pike Apt. 246,South Robert,GA,11421,South Africa,PhD,11,83622.11,Building control surveyor,Offered,Sarah Berry
2568,2023-07-08,Eric,Graves,Other,08-04-1964,(214)407-6384x43068,guzmanjoyce@example.com,37157 Morgan Ports Apt. 740,South Robertview,MS,65045,Ghana,PhD,15,77807.73,Estate manager/land agent,Interviewing,Eric Graves
2569,2023-06-03,Emily,Morris,Other,28-12-1995,001-814-557-9106x78733,greenjared@example.com,37650 Oconnell Glens,New Jessica,SC,9419,United States Minor Outlying Islands,Master's Degree,20,82232.6,Charity fundraiser,Offered,Emily Morris
2570,2023-05-31,Donald,Figueroa,Other,22-07-1970,710-977-6425,thompsonjohn@example.net,609 Mccoy Locks,Morrisside,MD,60218,Tajikistan,Bachelor's Degree,19,75593.89,"Production assistant, radio",Offered,Donald Figueroa
2571,2023-06-20,David,Garcia,Female,14-11-1988,780.208.5746x5821,rnelson@example.net,4353 Kaiser Mill Apt. 123,Brownville,WV,77925,Malawi,Master's Degree,14,93217.79,Broadcast journalist,In Review,David Garcia
2572,2023-08-01,Brandon,Levy,Male,24-04-1980,754.536.3674,matthewgrant@example.net,52348 Miller Branch,Fordshire,SD,10568,San Marino,Master's Degree,9,78453.54,Textile designer,Rejected,Brandon Levy
2573,2023-05-26,Jennifer,Howard,Male,11-10-2000,(311)687-1678,solisjose@example.org,4654 Stewart Mount,Brownfurt,NM,34116,Togo,Bachelor's Degree,17,74684.18,Purchasing manager,Offered,Jennifer Howard
2574,2023-07-08,Mckenzie,Ellis,Other,11-02-1986,+1-768-570-0389x35023,rachelmcdonald@example.com,5209 King Plains Suite 412,East Rebecca,KY,82793,Bahrain,Master's Degree,16,42530.75,Records manager,In Review,Mckenzie Ellis
2575,2023-07-23,Annette,Chang,Male,01-02-1999,(513)523-2298,edward16@example.com,1434 Gardner Village,Port Nancy,IN,79956,Mexico,Master's Degree,12,85650.74,"Sound technician, broadcasting/film/video",Offered,Annette Chang
2576,2023-08-03,Robert,Kim,Male,20-03-1969,###############################################################################################################################################################################################################################################################,marshallnicholas@example.org,140 Terry Turnpike,North Kevin,ND,85395,Sao Tome and Principe,PhD,12,86136.59,Youth worker,Interviewing,Robert Kim
2577,2023-07-06,George,Blake,Male,09-12-1971,###############################################################################################################################################################################################################################################################,shelby81@example.org,75819 Le Rue Suite 936,South Michellefort,VI,51560,Aruba,PhD,17,96829.01,Printmaker,Interviewing,George Blake
2578,2023-05-10,Christian,Fletcher,Female,23-02-1964,484-782-5358x749,zcampbell@example.com,8368 Shah Stream Apt. 946,New Leroy,AR,87360,Sierra Leone,High School,16,39648.38,Immunologist,Applied,Christian Fletcher
2579,2023-07-14,Kimberly,Ramirez,Female,12-11-1979,+1-789-902-5708x8335,johnsonjennifer@example.com,25220 Julie Groves Suite 089,Jordanbury,ND,16737,Botswana,Master's Degree,1,70555.39,Exhibition designer,Rejected,Kimberly Ramirez
2580,2023-05-22,James,Cardenas,Male,13-08-1969,887.879.4154x905,helenyoung@example.org,25862 Jennifer Plaza Suite 639,Smithbury,PA,97462,Slovakia (Slovak Republic),PhD,2,33780.3,Electrical engineer,Offered,James Cardenas
2581,2023-07-04,Jamie,Schmitt,Female,27-12-1990,(751)429-7054x342,ashleyklein@example.com,66846 Shelton Wall,North Bradhaven,AZ,37800,Mozambique,Master's Degree,1,45351.12,"Restaurant manager, fast food",Interviewing,Jamie Schmitt
2582,2023-06-01,Heidi,Blanchard,Female,15-01-1967,(870)694-0045,tiffanydavis@example.com,962 Richard Crest,Stephenfort,TN,85145,Iraq,Bachelor's Degree,12,39475.39,Phytotherapist,Interviewing,Heidi Blanchard
2583,2023-06-29,Frances,Rhodes,Female,28-03-1967,001-828-344-2380x74820,cookchristopher@example.net,864 Newton Views Suite 834,South Pamelamouth,KS,22847,Antigua and Barbuda,PhD,14,75725.76,"Solicitor, Scotland",In Review,Frances Rhodes
2584,2023-06-15,Kristine,Carlson,Male,08-12-1998,###############################################################################################################################################################################################################################################################,lindsay58@example.net,008 Brian Rue,East Theresa,RI,91088,Cayman Islands,High School,19,64591.47,Arts administrator,Rejected,Kristine Carlson
2585,2023-06-19,Thomas,Cline,Male,08-07-1968,(607)293-0455,alexisgrant@example.com,829 Ross Ranch,West Steven,FL,84135,North Macedonia,PhD,2,50114.72,Architect,Offered,Thomas Cline
2586,2023-06-12,Jeffrey,Martinez,Male,17-02-1984,(393)868-3757,imoon@example.org,142 Linda Fields Suite 799,Millerfort,HI,94345,Colombia,High School,18,86025.11,Chartered management accountant,Rejected,Jeffrey Martinez
2587,2023-05-28,Stephen,Davis,Other,22-06-1993,313.870.2328x956,joneslori@example.org,9201 Smith Forge,Lake Charles,OH,26946,British Virgin Islands,Bachelor's Degree,4,62015.04,Orthoptist,Offered,Stephen Davis
2588,2023-06-04,Jasmine,Gibson,Other,05-04-1999,(824)392-8827x4856,olee@example.net,1810 David Loaf Suite 486,Port Saraland,NH,17756,Saint Kitts and Nevis,Master's Degree,19,71926.88,Herbalist,Rejected,Jasmine Gibson
2589,2023-07-12,Keith,Nichols,Female,29-01-1973,###############################################################################################################################################################################################################################################################,vwalker@example.net,255 Logan Path,Jacksontown,PA,47854,Venezuela,High School,0,62567.26,"Geologist, wellsite",In Review,Keith Nichols
2590,2023-05-06,Vincent,Oliver,Female,30-03-1975,001-705-602-6475x014,nwilliams@example.com,1565 Noble Forges Suite 701,Curtisland,ME,28623,Sudan,Bachelor's Degree,17,56951.51,Proofreader,Interviewing,Vincent Oliver
2591,2023-06-15,Vicki,Cook,Male,10-01-1981,(254)321-7230,omcclain@example.org,6992 Hicks Inlet Apt. 497,South Samanthaland,KS,45811,Suriname,Bachelor's Degree,8,84572.49,Comptroller,In Review,Vicki Cook
2592,2023-07-26,Lisa,Oliver,Other,06-01-1998,001-688-797-8638x763,laura28@example.org,7986 Turner Plains,Lake Jacob,SC,59002,Faroe Islands,Bachelor's Degree,10,79070.17,Microbiologist,Interviewing,Lisa Oliver
2593,2023-05-15,Grant,Johnson,Other,11-11-1978,759-495-4023,jeffreyfernandez@example.net,21370 John Square,Moramouth,NE,53445,Lithuania,Master's Degree,4,87605.61,Dispensing optician,In Review,Grant Johnson
2594,2023-06-08,Jack,Montes,Other,31-07-1965,+1-353-530-3549x84684,averyjason@example.com,05354 Welch Keys,East Gilbertland,VT,18407,Malaysia,PhD,20,61509.91,Mining engineer,Interviewing,Jack Montes
2595,2023-07-04,Timothy,Larson,Male,19-09-1971,(692)935-2182,larrysmith@example.com,8932 James Cove,New Hannah,MA,5075,Sweden,High School,13,41376.97,Telecommunications researcher,In Review,Timothy Larson
2596,2023-05-19,Kenneth,Kaiser,Female,05-08-1996,+1-751-818-0078x11955,amyspencer@example.org,6522 Patrick Mission,Whiteside,FM,36005,Tuvalu,High School,7,63786.34,Tax inspector,Offered,Kenneth Kaiser
2597,2023-07-19,Patrick,Brown,Female,23-06-1971,001-779-784-5720,john91@example.com,67995 Jonathan Fields Suite 539,Kevinshire,GA,34763,Eritrea,High School,13,33714.16,Patent attorney,Rejected,Patrick Brown
2598,2023-06-30,Rachael,Bates,Female,14-07-1979,###############################################################################################################################################################################################################################################################,cynthia38@example.org,083 Griffin Brook,West Lisafort,NC,73682,Ukraine,High School,8,48018.31,"Engineer, production",Interviewing,Rachael Bates
2599,2023-06-11,Christine,Horne,Male,01-11-1966,###############################################################################################################################################################################################################################################################,michael18@example.net,7891 Austin Track Apt. 833,Lindaland,NJ,94871,Luxembourg,Bachelor's Degree,10,41193.39,"Buyer, retail",Rejected,Christine Horne
2600,2023-07-21,Amanda,Thomas,Male,28-10-1988,765.318.9921,erica26@example.net,4528 Joanna Summit Apt. 729,East Alexander,IN,40216,Falkland Islands (Malvinas),Master's Degree,19,89885.37,"Geologist, engineering",Applied,Amanda Thomas
2601,2023-05-12,Theresa,Boyle,Female,06-03-1991,(301)565-6509x665,lhansen@example.net,30934 Carlson Village,Rodriguezberg,AZ,72894,Switzerland,High School,11,38988.74,"Designer, jewellery",In Review,Theresa Boyle
2602,2023-07-31,Donna,Tyler,Male,22-04-1963,730.959.5272,connor47@example.org,993 Amanda Squares,New Tamaratown,MO,7638,Azerbaijan,PhD,0,76835.22,"Sound technician, broadcasting/film/video",Applied,Donna Tyler
2603,2023-06-16,Darrell,Luna,Female,28-01-1996,454-711-4224x1114,elizabethmartin@example.net,768 Mary Orchard Suite 880,Sawyerport,WI,72797,Australia,Bachelor's Degree,0,54520.8,Advertising account planner,Offered,Darrell Luna
2604,2023-07-13,Cheryl,Gutierrez,Other,15-01-1995,###############################################################################################################################################################################################################################################################,katherine46@example.net,341 Amber Street Apt. 200,South Brian,WY,93073,Swaziland,Master's Degree,1,58748.52,Meteorologist,In Review,Cheryl Gutierrez
2605,2023-07-04,Mary,Smith,Other,18-01-1979,(467)895-3748x72576,michealgriffith@example.com,83025 Andrew Island,South Erinmouth,ME,84440,Canada,High School,20,57100.06,Applications developer,Offered,Mary Smith
2606,2023-05-11,Danielle,Bowers,Male,25-12-1976,649-380-1661,vbaldwin@example.com,32055 Williamson Crest Suite 956,East Reneeton,CO,24724,Cuba,PhD,13,37560.16,Publishing rights manager,Offered,Danielle Bowers
2607,2023-06-11,Laura,Kent,Male,23-06-2005,###############################################################################################################################################################################################################################################################,mullinscarol@example.net,4591 Allen Canyon Apt. 492,South Ashleymouth,KS,49062,Slovenia,Bachelor's Degree,13,59403.54,Equality and diversity officer,Interviewing,Laura Kent
2608,2023-07-22,Virginia,Ramirez,Male,29-04-1978,001-586-363-4650x8451,iantucker@example.com,52469 West Prairie Apt. 363,East Ashleyfurt,NV,10372,Fiji,High School,14,45261.92,Intelligence analyst,Applied,Virginia Ramirez
2609,2023-06-05,Connor,Hudson,Male,03-01-2002,+1-445-522-4053x951,lori07@example.net,2148 Walker Inlet,East Debra,FL,541,Tuvalu,Master's Degree,16,34199.62,Diplomatic Services operational officer,In Review,Connor Hudson
2610,2023-05-09,Kenneth,Salas,Other,30-05-1978,001-398-822-4210,blucas@example.com,68191 Gardner Forge,North Linda,GU,68863,Congo,Master's Degree,5,81765.9,Air traffic controller,Rejected,Kenneth Salas
2611,2023-08-02,Elizabeth,Porter,Other,09-09-1984,651.222.6842,apowers@example.com,6269 Reed Mills,Lake Tiffany,NJ,46861,Netherlands,Bachelor's Degree,4,98642.13,"Lecturer, higher education",Rejected,Elizabeth Porter
2612,2023-05-10,Donna,Jones,Male,29-08-1996,388.551.5266,christopher84@example.org,0076 Petersen Ridges,West Katherine,KS,28326,Malta,High School,12,41959.06,International aid/development worker,Interviewing,Donna Jones
2613,2023-06-16,Harry,Johnson,Male,08-12-1972,001-364-571-7020,yhorne@example.net,242 Moses Lake Suite 232,Cummingsbury,OH,10791,Uzbekistan,Bachelor's Degree,0,61660.38,Health promotion specialist,Rejected,Harry Johnson
2614,2023-07-24,Janet,Valdez,Male,27-03-1970,+1-774-561-0339x071,twong@example.net,84129 Johnson Orchard Apt. 971,Kristinamouth,NC,46870,San Marino,Master's Degree,13,50172.68,Forensic scientist,Applied,Janet Valdez
2615,2023-07-14,Donna,Harris,Female,01-03-1987,###############################################################################################################################################################################################################################################################,rhodesjohn@example.net,125 Adrian Valley,Katelynshire,SD,28429,Cambodia,High School,7,42874.86,Multimedia specialist,In Review,Donna Harris
2616,2023-07-29,Carol,Martin,Other,23-05-1987,898-949-2366x0936,smithscott@example.net,746 Herman Lodge,West Amanda,SC,21389,Honduras,PhD,16,58899.01,Legal secretary,Applied,Carol Martin
2617,2023-07-02,Valerie,Johnson,Female,08-04-1990,220.763.6706x82308,foneal@example.org,518 Brenda Passage,Stephanieton,OH,12622,Solomon Islands,Bachelor's Degree,18,72046.93,Amenity horticulturist,Interviewing,Valerie Johnson
2618,2023-05-19,Crystal,Stone,Female,05-01-1978,616.949.7897x263,rachel81@example.org,72389 Burnett Manor Suite 359,Larsenmouth,VT,91235,United States of America,PhD,13,87734.72,Ergonomist,Interviewing,Crystal Stone
2619,2023-07-10,Justin,Hardy,Other,19-01-2001,001-567-703-9131x427,wgutierrez@example.com,41855 Emily Street Apt. 739,East Corey,OK,56617,Svalbard & Jan Mayen Islands,Bachelor's Degree,17,84530.75,Editorial assistant,Offered,Justin Hardy
2620,2023-06-11,Angela,Nash,Female,25-12-1981,778.333.1315,ssheppard@example.net,1280 Hoffman Canyon Suite 876,North Katelyn,ND,1230,Western Sahara,Bachelor's Degree,5,82893.12,Banker,Offered,Angela Nash
2621,2023-07-19,Taylor,Mcdonald,Male,29-11-1995,001-304-769-1026x2858,dennisgibbs@example.org,63551 John Cliffs Apt. 578,Pughshire,MO,97723,Sri Lanka,PhD,4,39293.06,Environmental manager,Interviewing,Taylor Mcdonald
2622,2023-06-20,Jason,Clark,Female,05-05-2005,(441)944-4340x50106,matthewcollins@example.com,95039 Melissa Stravenue Suite 268,Keithville,IN,39035,Martinique,PhD,14,73880.45,Audiological scientist,Interviewing,Jason Clark
2623,2023-06-21,Christina,Goodman,Female,05-05-1997,(544)581-7357,cwalker@example.org,4733 Kim Avenue,West Williamport,VT,32063,Martinique,High School,8,33291.08,"Social research officer, government",Interviewing,Christina Goodman
2624,2023-07-11,David,Fletcher,Other,06-07-1967,385-942-9704x939,heather55@example.net,239 Gregory Shore,South Gregorybury,VI,96751,Gibraltar,Master's Degree,14,37755.28,"Librarian, public",Rejected,David Fletcher
2625,2023-06-13,William,Turner,Female,09-09-1985,714-571-7614,zachary74@example.net,76812 Carolyn Fall,Brettshire,AL,51377,Ireland,Master's Degree,18,63104.29,"Teacher, early years/pre",Rejected,William Turner
2626,2023-07-18,Tyler,Andersen,Female,15-08-2003,929.881.7474,ruthjensen@example.com,84748 Jeffrey Square Apt. 562,East Anthonyville,OR,17967,British Virgin Islands,Master's Degree,13,41062.54,Dramatherapist,Offered,Tyler Andersen
2627,2023-06-04,Benjamin,Drake,Female,25-03-1983,(968)381-0299,jessica12@example.com,502 Danielle Forge Suite 322,Kellyborough,FM,38873,Kazakhstan,High School,14,83460.22,IT technical support officer,Applied,Benjamin Drake
2628,2023-07-13,James,Nolan,Female,07-07-1963,445.982.2348,wisebrian@example.org,75067 Stephanie Parkways,North Brandon,PW,85584,Tanzania,Bachelor's Degree,17,51684.81,"Teacher, English as a foreign language",Rejected,James Nolan
2629,2023-07-10,Christopher,Foster,Other,19-03-1993,429.890.7510x2864,myersmary@example.org,87583 James Meadows Apt. 410,Riceside,WY,45503,Sweden,PhD,2,45057.47,Advertising account executive,Rejected,Christopher Foster
2630,2023-05-13,Juan,Craig,Male,03-11-1998,689.237.3327x5207,orichardson@example.com,965 Pollard Hill,Rogersport,DC,3323,Trinidad and Tobago,Master's Degree,8,45633.26,"Surveyor, rural practice",Offered,Juan Craig
2631,2023-07-07,Anna,Woods,Male,12-10-1979,+1-943-944-5725x0994,sydneybarton@example.net,773 Cooper Lane,Brownbury,DC,66774,United Kingdom,PhD,6,94564.17,Mental health nurse,In Review,Anna Woods
2632,2023-05-10,Leslie,Reynolds,Female,17-04-1971,(801)916-6749,martinezbrian@example.net,693 Moore Mews Apt. 551,South Bobby,VI,55956,Georgia,Master's Degree,7,30186.87,"Teacher, primary school",In Review,Leslie Reynolds
2633,2023-06-14,Shelly,Bean,Other,07-09-1984,001-337-857-3693x18067,starkronald@example.net,729 Evans Walks Suite 707,New Sabrina,UT,91310,Papua New Guinea,PhD,0,71510.68,"Scientist, research (physical sciences)",Interviewing,Shelly Bean
2634,2023-05-12,Christina,Weaver,Female,22-10-1997,(512)411-1622,yatesjoann@example.org,198 White Meadows,Port Jeffrey,VI,83345,Saint Kitts and Nevis,Bachelor's Degree,12,65237.11,"Education officer, community",Rejected,Christina Weaver
2635,2023-05-19,Hailey,Alvarado,Other,30-05-2001,+1-210-380-7920x1826,pughjenny@example.net,4021 Michelle Locks,West Jessica,MH,60985,Philippines,High School,2,64353.82,Legal secretary,Offered,Hailey Alvarado
2636,2023-07-20,Melissa,Santos,Female,25-09-1986,+1-702-805-8241x593,markcollins@example.com,18366 Hood Port,Kellerfort,CT,60686,South Africa,High School,4,97003.52,Electrical engineer,Interviewing,Melissa Santos
2637,2023-06-21,Michelle,Burke,Female,03-06-2004,###############################################################################################################################################################################################################################################################,jacob78@example.com,21650 Hoover Track,Changstad,NC,99767,Aruba,Master's Degree,13,68500.33,Mudlogger,Applied,Michelle Burke
2638,2023-06-02,Zachary,Green,Other,21-10-1996,+1-805-317-7743x8661,kristina84@example.net,989 Deborah Lock,East Jessicafurt,WY,66256,Maldives,Master's Degree,0,45352.81,Land,In Review,Zachary Green
2639,2023-06-23,Michael,Bullock,Male,24-09-1977,717.297.3082,thomashoward@example.net,739 Davis Keys Apt. 128,Danielmouth,LA,99476,Montenegro,PhD,7,77874.06,Legal executive,Applied,Michael Bullock
2640,2023-06-28,Jody,Brown,Male,11-02-1992,449-773-0949,whitneycole@example.com,509 Brendan Fords Apt. 352,Lake Kristin,MT,63682,Gibraltar,High School,15,46389.96,Animator,Offered,Jody Brown
2641,2023-06-01,Brooke,Peters,Female,25-09-1977,001-869-437-3391,martinalexandra@example.org,67870 Woods Pass,Andersonside,DE,69676,Comoros,High School,1,54396.79,Field trials officer,Rejected,Brooke Peters
2642,2023-07-17,Jamie,Aguilar,Female,09-11-2004,(514)372-5725x1475,clarknancy@example.net,683 Collins Orchard Apt. 143,Grimeschester,RI,75159,Bahamas,Bachelor's Degree,9,45433.45,"Accountant, chartered certified",Rejected,Jamie Aguilar
2643,2023-07-24,Vanessa,Mcdaniel,Male,08-11-1978,###############################################################################################################################################################################################################################################################,zedwards@example.org,618 Edward Burgs Suite 164,Austintown,UT,35100,Fiji,High School,13,51770.5,Personal assistant,In Review,Vanessa Mcdaniel
2644,2023-07-25,Shawn,Stafford,Other,16-05-1981,310.963.1717x59905,sarahfuller@example.com,7634 Diaz Dale,New Keithtown,MI,68365,Kyrgyz Republic,Bachelor's Degree,13,39657.1,Retail merchandiser,Offered,Shawn Stafford
2645,2023-07-18,Eric,West,Other,12-11-1981,915-758-8558,yweaver@example.com,455 Jessica Mews Apt. 712,West Joseton,ND,75360,Maldives,Master's Degree,5,55064.49,Diagnostic radiographer,Applied,Eric West
2646,2023-05-26,Andrew,James,Other,25-04-1977,484-260-7391,kellymiller@example.com,95210 Daniel Greens Suite 737,Port Christopher,GU,67873,Lesotho,Bachelor's Degree,19,80776.57,Records manager,Rejected,Andrew James
2647,2023-06-07,Michelle,Herrera,Other,04-03-2001,001-563-753-9997x61691,wsandoval@example.org,04239 Cassidy Mall Suite 496,Lake Aaron,WA,31651,Malta,Master's Degree,7,78839.02,"Nurse, children's",Interviewing,Michelle Herrera
2648,2023-05-22,Justin,Moore,Other,24-06-1964,+1-838-647-9006x025,brandonsweeney@example.net,405 Wright Court Apt. 331,South James,KY,21049,Russian Federation,High School,5,68063.28,"Designer, interior/spatial",Applied,Justin Moore
2649,2023-06-30,George,Kirby,Other,05-08-1992,(889)342-5398,robin66@example.org,085 Webb Place,Danielberg,MD,90844,Cyprus,Master's Degree,10,99774.51,Psychiatrist,Rejected,George Kirby
2650,2023-06-30,John,King,Male,29-03-1994,+1-912-336-7702x0084,vwebster@example.com,11325 Courtney Camp,Bakerborough,VA,3464,Bangladesh,PhD,11,60393.78,Race relations officer,Rejected,John King
2651,2023-07-03,Donald,Schmidt,Female,14-06-1982,###############################################################################################################################################################################################################################################################,mitchell78@example.com,583 Lisa Fords Suite 971,North Feliciashire,WI,47424,Faroe Islands,Bachelor's Degree,6,66528.49,Careers information officer,Rejected,Donald Schmidt
2652,2023-07-25,Kelly,Zhang,Other,16-11-1974,(800)314-2244,dawn95@example.net,113 Green Centers,Tonyachester,MT,40638,Greece,PhD,2,92781.33,Health promotion specialist,In Review,Kelly Zhang
2653,2023-07-31,Samantha,Lamb,Female,03-04-1964,(768)534-7457,sarahsalazar@example.org,87495 Caitlin Flat,Chavezstad,DC,75065,Portugal,PhD,17,89216.55,Hydrogeologist,In Review,Samantha Lamb
2654,2023-07-27,Kristopher,Smith,Male,17-09-1982,453.279.1504x8293,hallkelli@example.net,763 Jennifer Mill Apt. 688,West Paige,VI,717,Reunion,High School,12,56796.83,Oncologist,Applied,Kristopher Smith
2655,2023-07-16,Lindsay,Hutchinson,Female,25-05-1993,528-918-3380x2848,tbennett@example.org,668 Amanda Court Suite 481,Port Erica,OR,32182,France,Bachelor's Degree,6,61124.63,Film/video editor,Applied,Lindsay Hutchinson
2656,2023-06-06,Rachel,Pierce,Other,15-05-1963,310.479.2228x473,shawnsmith@example.org,41172 Elizabeth Mall Suite 303,New Samantha,LA,97738,Niger,PhD,7,34251.69,"Conservator, furniture",Interviewing,Rachel Pierce
2657,2023-06-22,Amanda,Moore,Male,14-02-1994,201-366-0103,davishannah@example.org,861 Tucker Well Apt. 692,South Melissamouth,SC,63181,Taiwan,Master's Degree,1,58322.23,Corporate investment banker,Rejected,Amanda Moore
2658,2023-07-06,Joel,Brennan,Male,02-08-2002,381-357-1875x20845,brittanysmith@example.com,548 David Ports Suite 125,Kyleshire,AZ,2505,British Indian Ocean Territory (Chagos Archipelago),Bachelor's Degree,12,38444.12,Catering manager,Applied,Joel Brennan
2659,2023-05-16,Shannon,Simmons,Male,22-09-1966,001-736-572-3126x188,arroyomary@example.org,962 Powers Bridge Apt. 800,Mccartyborough,AL,47305,Norway,Bachelor's Degree,10,74964.82,Retail buyer,In Review,Shannon Simmons
2660,2023-06-02,Shaun,Chavez,Male,05-12-2000,001-400-705-0245x213,reedsean@example.com,7270 Elizabeth Meadows,Port Dennis,OK,98470,Tunisia,Master's Degree,5,39919.9,"Designer, multimedia",In Review,Shaun Chavez
2661,2023-06-22,Charles,Freeman,Other,15-03-1998,377.893.9219x214,kerrrobert@example.com,034 Stacy Throughway,Lorimouth,IN,87833,Equatorial Guinea,Bachelor's Degree,12,57484.31,Chartered legal executive (England and Wales),In Review,Charles Freeman
2662,2023-05-29,Brian,Martin,Female,24-08-1967,+1-233-530-7173x5655,hharmon@example.net,88395 Susan Streets,West Olivia,ND,32384,Svalbard & Jan Mayen Islands,Bachelor's Degree,16,67633.67,Tax inspector,Offered,Brian Martin
2663,2023-06-02,Kristin,Morse,Female,11-11-2003,###############################################################################################################################################################################################################################################################,umorrison@example.org,98893 Michelle Station,Joanneland,WV,81377,Denmark,PhD,3,97344.28,"Scientist, clinical (histocompatibility and immunogenetics)",Offered,Kristin Morse
2664,2023-05-08,David,Thompson,Female,18-04-1973,366-487-1012,raymondparker@example.com,32099 Ashley Village Suite 907,New Traceyfurt,UT,13827,Maldives,Master's Degree,15,61109.81,"Designer, furniture",Rejected,David Thompson
2665,2023-07-23,Jonathan,Reynolds,Other,28-06-1964,(938)676-8240x1437,adam60@example.com,16641 Miller Mount,Corytown,GA,17634,Georgia,Bachelor's Degree,14,82349.96,"Education officer, community",Rejected,Jonathan Reynolds
2666,2023-05-07,Amanda,Heath,Female,16-05-1968,(984)730-7535x561,gaguirre@example.com,8873 Dougherty View Apt. 431,Kingshire,WY,34255,Greenland,Master's Degree,5,41301.13,"Exhibitions officer, museum/gallery",Rejected,Amanda Heath
2667,2023-06-15,Lisa,Hudson,Other,04-07-1976,(464)480-9869x801,juanhumphrey@example.net,32274 Robinson Forks,Rodriguezberg,KY,32252,Serbia,Bachelor's Degree,19,47690.58,Statistician,Rejected,Lisa Hudson
2668,2023-07-24,Linda,Parsons,Other,31-03-1966,(899)796-2814x679,youngchelsea@example.net,8165 Sarah Overpass Suite 790,Jessicaville,FM,73867,India,Master's Degree,0,40727.96,Insurance underwriter,Offered,Linda Parsons
2669,2023-05-21,Tracy,Bean,Male,17-11-1974,(995)656-7400x705,briannapreston@example.com,1052 Meagan Square Suite 303,North Matthew,WV,86487,Yemen,Bachelor's Degree,18,79434.44,Diagnostic radiographer,Offered,Tracy Bean
2670,2023-07-07,Bryan,Zamora,Female,20-11-1964,(442)719-1222x414,kenneth61@example.com,5793 Wilcox Terrace Suite 023,Susanborough,TN,52770,Northern Mariana Islands,Master's Degree,18,41839.58,Public relations account executive,In Review,Bryan Zamora
2671,2023-05-09,Joseph,Carr,Male,13-09-1982,###############################################################################################################################################################################################################################################################,kelliwheeler@example.net,22580 Boone Rapids Suite 250,Lake Stevenport,NE,7255,Martinique,High School,7,70675.41,Multimedia specialist,Applied,Joseph Carr
2672,2023-05-12,Caroline,Holland,Female,19-05-1972,518.533.2048,candacefowler@example.net,37190 Rodriguez Ferry Apt. 948,Lauraport,IL,62380,Bermuda,High School,20,73004.1,Museum/gallery curator,Interviewing,Caroline Holland
2673,2023-07-25,Philip,Cohen,Other,24-05-1975,###############################################################################################################################################################################################################################################################,ashley42@example.com,415 Brandy Vista Apt. 804,Port Tiffanytown,MN,55880,Russian Federation,High School,4,94665.18,"Accountant, chartered",In Review,Philip Cohen
2674,2023-05-14,Tanya,Garcia,Female,24-12-1967,373-803-1760x9590,jo73@example.net,0478 Michelle Islands Suite 304,Nguyenside,NE,2589,Maldives,PhD,3,41445.75,"Engineer, petroleum",Applied,Tanya Garcia
2675,2023-07-21,Katie,Jefferson,Other,08-02-1982,204-275-1963x13097,johnvaughan@example.com,507 Martin Branch Suite 847,Laurastad,NC,76893,Saint Vincent and the Grenadines,PhD,20,32905.53,Pensions consultant,Rejected,Katie Jefferson
2676,2023-07-05,Anita,Neal,Other,18-10-1962,001-836-216-3254x88107,alexanderchristina@example.org,397 Miranda Wall,East Juliamouth,GA,89591,Azerbaijan,High School,16,51158.46,Music therapist,Interviewing,Anita Neal
2677,2023-05-22,Thomas,Clark,Male,11-02-2002,(879)499-7918x0724,priceheather@example.net,09827 Kristin Fall,Millershire,IL,74353,Bouvet Island (Bouvetoya),Master's Degree,18,55422.89,Textile designer,Offered,Thomas Clark
2678,2023-05-24,Darlene,Jones,Male,24-08-1984,647.518.7902x01045,careygary@example.com,376 Garcia Ridges,Port Tami,OR,21698,Namibia,Master's Degree,17,84957.48,Trade union research officer,Rejected,Darlene Jones
2679,2023-05-18,Christine,Ray,Other,12-08-1994,(416)682-9428x2193,thomasjustin@example.org,6446 Willis Square Apt. 912,East Alexandra,ND,87585,Poland,Master's Degree,0,45938.15,Exhibition designer,Offered,Christine Ray
2680,2023-07-10,Terrance,Holloway,Female,15-12-1983,875-728-8395,eric70@example.com,0776 Brown Fork Apt. 169,Port Kristiehaven,SD,61795,Faroe Islands,Bachelor's Degree,6,35324.11,Equality and diversity officer,Applied,Terrance Holloway
2681,2023-05-11,Kristen,Rose,Other,10-04-1979,556.215.4605x789,jenna69@example.com,82941 Bell Cliffs,New Jamesshire,WV,86567,Nauru,High School,17,91041.02,Press sub,Applied,Kristen Rose
2682,2023-07-31,Kenneth,Morgan,Male,03-08-1983,505-593-8373x986,uwhite@example.org,77754 Carroll Ferry,Port Amanda,IA,77016,Saint Lucia,PhD,18,94280.22,"Physicist, medical",Interviewing,Kenneth Morgan
2683,2023-05-15,Jose,Ramirez,Other,11-04-1998,(457)901-2381x6219,nicolewest@example.net,6338 Michael Wells Apt. 131,Michaelbury,WV,53397,Serbia,PhD,9,35334.01,Insurance underwriter,Applied,Jose Ramirez
2684,2023-07-02,Nathan,Mullins,Male,22-12-1965,###############################################################################################################################################################################################################################################################,lauragarrison@example.com,822 Clark Curve,Jessicahaven,WA,17956,North Macedonia,High School,10,63752.9,"Designer, blown glass/stained glass",Interviewing,Nathan Mullins
2685,2023-05-27,Michelle,Luna,Other,27-03-1979,725.460.4017,jordanjason@example.com,813 Heather Lock,New Joseph,RI,80577,Macao,Master's Degree,10,44447.21,Secretary/administrator,Offered,Michelle Luna
2686,2023-06-20,Ashley,Castaneda,Female,30-07-1988,718-667-2329,torreschristy@example.net,1967 Stark Ridge,Lake Johnview,FL,75579,Taiwan,High School,10,43874.59,"Accountant, chartered certified",Interviewing,Ashley Castaneda
2687,2023-07-18,William,Hines,Male,02-04-1978,###############################################################################################################################################################################################################################################################,greenjennifer@example.com,77400 Lisa Avenue Apt. 140,Lake Patricia,PW,51515,Greenland,Master's Degree,2,80462.1,IT trainer,Applied,William Hines
2688,2023-07-11,Cristina,Jordan,Male,13-03-2005,287.335.0363,makayla52@example.net,486 Ryan Union Apt. 154,East Ryanborough,TX,18580,Cuba,Master's Degree,9,38623.25,"Accountant, chartered public finance",Applied,Cristina Jordan
2689,2023-05-15,Steven,Palmer,Female,04-02-1966,+1-978-677-8712x76250,josephrivera@example.net,278 Hayes Unions Apt. 219,East Nicholemouth,FL,24987,Iraq,PhD,13,92248.92,"Physicist, medical",Interviewing,Steven Palmer
2690,2023-06-21,Jason,Zimmerman,Other,15-08-1995,667-948-5877,spearson@example.com,07405 Adam Fords Apt. 074,New Kaitlynton,WV,46736,South Africa,PhD,3,39031.9,Tourism officer,Offered,Jason Zimmerman
2691,2023-06-14,Laura,Brown,Other,30-10-1964,831-411-5990,gregoryryan@example.net,6097 Davis Isle,Joshuafurt,NH,12533,Zambia,High School,13,60829.39,"Engineer, maintenance",Interviewing,Laura Brown
2692,2023-06-28,Laurie,Foster,Female,02-01-1967,###############################################################################################################################################################################################################################################################,kayla04@example.org,55724 Fernandez Inlet,Nicholasburgh,MT,32122,Gambia,High School,11,68641.2,Regulatory affairs officer,Applied,Laurie Foster
2693,2023-06-17,Nicole,King,Male,15-04-1965,+1-421-479-1490x999,jeanetteburgess@example.com,090 Rodriguez Rest,New Breanna,VT,99305,Saint Vincent and the Grenadines,Master's Degree,18,90100.28,Housing manager/officer,Rejected,Nicole King
2694,2023-07-29,Lori,Nichols,Other,28-11-2001,###############################################################################################################################################################################################################################################################,knappsabrina@example.com,00095 Stephanie Forks Apt. 801,Kimmouth,DC,2072,Cape Verde,High School,15,31355.84,Dealer,Rejected,Lori Nichols
2695,2023-07-10,Peggy,Watkins,Female,12-06-1996,548.797.7006,mia09@example.com,992 Doris Extensions Apt. 998,Timothyfort,MS,24670,Guinea-Bissau,High School,7,54373.71,Licensed conveyancer,Interviewing,Peggy Watkins
2696,2023-07-17,Michael,Henderson,Female,03-11-1988,+1-539-670-5450x4742,williamayala@example.org,27199 Diane Rest Apt. 716,Howardland,OR,10169,Falkland Islands (Malvinas),High School,19,96884.07,Chartered management accountant,Interviewing,Michael Henderson
2697,2023-06-03,Richard,Jones,Other,08-08-1968,001-765-702-9419x3759,jonesandrea@example.com,5087 Thompson Ridges Apt. 138,East Jenniferton,AS,37300,Latvia,Master's Degree,20,94228.67,Lawyer,Applied,Richard Jones
2698,2023-07-30,Leonard,Acosta,Male,30-12-2000,(799)472-6173,brownwilliam@example.com,9869 Gross Islands Suite 543,Timothyview,PR,86252,Cote d'Ivoire,High School,19,34970.37,Management consultant,Offered,Leonard Acosta
2699,2023-05-06,Nancy,Coleman,Female,12-05-1972,471.244.0382,suttonronnie@example.com,431 Steven Walks,Taylorberg,CA,82724,Malaysia,PhD,17,85159.26,Operations geologist,Interviewing,Nancy Coleman
2700,2023-05-10,Jennifer,Perez,Male,15-06-1970,390-652-6989x296,parkcynthia@example.com,150 Smith Tunnel Apt. 591,East Lori,MP,53474,Iceland,Bachelor's Degree,14,70883.09,Management consultant,Offered,Jennifer Perez
2701,2023-07-21,Jason,Bowman,Other,04-08-1985,001-747-961-9391,glenn56@example.net,131 Amy Mills,Kevinburgh,AS,19098,Sierra Leone,Master's Degree,20,31974.85,Counselling psychologist,Rejected,Jason Bowman
2702,2023-05-29,Andrew,Rodriguez,Other,06-04-2002,387-531-7957x0936,joshuadaniels@example.net,80787 Ronald Glen Apt. 338,Trevorfurt,UT,87186,Anguilla,Bachelor's Degree,11,77391.11,Research scientist (maths),Interviewing,Andrew Rodriguez
2703,2023-08-03,Katherine,Baker,Other,04-01-1992,###############################################################################################################################################################################################################################################################,sandra94@example.net,953 Gallegos Port,Port Amyview,WA,91092,Korea,PhD,7,68247.59,"Programmer, multimedia",Interviewing,Katherine Baker
2704,2023-07-27,Michelle,Miller,Other,30-04-1967,001-995-865-8551x567,grace45@example.net,24270 Gutierrez Corners Apt. 702,Haynesport,HI,18005,Croatia,Master's Degree,0,98836.32,Barrister's clerk,Rejected,Michelle Miller
2705,2023-05-07,Vanessa,Jones,Other,09-06-1974,+1-840-602-7899x56977,mtorres@example.org,207 Jennifer Plain Apt. 768,Osbornefurt,LA,97787,United Arab Emirates,Master's Degree,7,31960.19,Arts development officer,Rejected,Vanessa Jones
2706,2023-06-30,Eric,Carpenter,Female,28-05-2003,315-461-3939x619,cchung@example.org,1758 Isaiah Burgs,West David,MN,56468,Israel,Master's Degree,7,90945.77,"Optician, dispensing",Applied,Eric Carpenter
2707,2023-06-02,Joel,Schmidt,Female,11-02-1998,847.690.8675,jenningschristopher@example.com,9948 Gardner Course,Parsonsville,HI,30374,Andorra,High School,10,72669.26,Air broker,Rejected,Joel Schmidt
2708,2023-06-27,Kimberly,Mcintyre,Other,30-09-1984,915-975-1759,danielsmith@example.org,744 Long Prairie Suite 511,Phillipsbury,MS,4652,Sao Tome and Principe,Master's Degree,15,82828.05,Gaffer,Applied,Kimberly Mcintyre
2709,2023-07-31,Faith,Brown,Male,20-05-1973,###############################################################################################################################################################################################################################################################,belllinda@example.net,77245 Kevin Station Suite 811,Port Vanessaton,PR,12226,Dominica,Master's Degree,7,72322.55,"Engineer, agricultural",Interviewing,Faith Brown
2710,2023-07-18,Mindy,Lee,Male,08-02-1997,508.388.3848,travisannette@example.org,938 Donna Spur,Gardnerside,HI,77931,Niger,High School,9,91286.38,Minerals surveyor,Offered,Mindy Lee
2711,2023-07-10,James,White,Male,15-04-1970,337-500-7485,chernandez@example.com,63484 Martin Mission,Danielburgh,PA,26850,Costa Rica,High School,20,97496.41,Food technologist,Interviewing,James White
2712,2023-06-20,Mary,Miller,Female,18-11-1997,353-535-6257x8268,scott02@example.com,3847 Velazquez Forks Apt. 083,Port Eric,AS,50820,Ethiopia,Bachelor's Degree,18,30549.21,Quantity surveyor,Applied,Mary Miller
2713,2023-05-29,Emily,Alvarez,Female,17-03-1991,###############################################################################################################################################################################################################################################################,bradsmith@example.org,026 Newton Run,West James,NE,19720,Benin,Master's Degree,16,32211.21,Medical technical officer,In Review,Emily Alvarez
2714,2023-06-11,Jessica,Davis,Male,14-04-1991,438-595-4686x425,rollinsamy@example.net,0637 Zimmerman Harbors Apt. 342,Andrewsview,PW,71471,Mauritius,PhD,9,73177.82,"Development worker, international aid",Interviewing,Jessica Davis
2715,2023-07-11,Courtney,Castillo,Female,09-03-1968,235-761-5360x375,kharris@example.com,255 Blake Motorway Suite 506,West Michael,NJ,63640,Kenya,High School,3,95822.48,Archivist,Applied,Courtney Castillo
2716,2023-06-05,Jeremy,Douglas,Other,16-01-1963,+1-845-265-2817x863,sheila34@example.com,314 Bullock Mountains Apt. 417,Rochaside,VI,31161,Pitcairn Islands,PhD,19,33895.75,Building services engineer,Offered,Jeremy Douglas
2717,2023-05-30,Jose,Gomez,Other,30-08-1989,(904)624-3171,lorihughes@example.com,9130 Carr Vista,Mannhaven,PA,63014,Senegal,High School,16,72783.84,Trading standards officer,Rejected,Jose Gomez
2718,2023-06-17,Eric,Rivera,Other,26-09-1980,001-414-773-9899x8200,hensonconnie@example.com,942 Brian Fields Suite 747,Carriechester,NM,10494,Uganda,Bachelor's Degree,16,81131.8,"Scientist, research (medical)",Interviewing,Eric Rivera
2719,2023-07-20,Steven,Brown,Male,11-01-1973,(889)866-1934,shortelizabeth@example.org,717 Miller Centers,Port Brandonburgh,ID,53489,South Africa,PhD,12,97349.46,Brewing technologist,Rejected,Steven Brown
2720,2023-05-10,Lauren,Adams,Male,27-05-1967,(761)755-2013,april93@example.com,3919 Nguyen Highway,South Anthonyfurt,KY,5996,Bulgaria,Bachelor's Degree,4,44480.53,Clinical molecular geneticist,Interviewing,Lauren Adams
2721,2023-07-14,Heather,Cochran,Male,05-07-1968,280-632-2041x556,millerdavid@example.com,7036 Jordan Summit,Port Margaret,RI,96433,Pakistan,Bachelor's Degree,19,97922.99,Electrical engineer,Offered,Heather Cochran
2722,2023-07-27,Bryan,Hodges,Male,02-10-2004,001-319-694-4394x9995,jason57@example.net,4476 White Causeway Suite 187,Nguyenberg,NV,59795,Thailand,High School,2,54154.23,Archaeologist,Applied,Bryan Hodges
2723,2023-07-20,Shane,Hall,Male,19-08-1996,670-581-5662,theresa29@example.org,23056 Cheryl Village Suite 219,North Christopherfort,ME,23723,Niger,PhD,16,94837.87,Restaurant manager,Applied,Shane Hall
2724,2023-06-03,Laura,Barber,Female,21-10-1989,624-831-3358x58040,jferguson@example.com,34987 Brown Crossroad,West Brandon,UT,69139,Djibouti,Master's Degree,2,38396.57,Cabin crew,Rejected,Laura Barber
2725,2023-07-16,Jennifer,Ward,Male,20-05-1969,+1-717-431-1122x61822,brenda05@example.org,989 Shane Prairie Apt. 000,Hernandezberg,WV,29206,Cuba,Bachelor's Degree,9,65584.03,English as a second language teacher,Offered,Jennifer Ward
2726,2023-06-27,Taylor,Kelley,Other,05-03-2005,(932)259-0662x2752,reyesgrace@example.net,607 Evelyn Hill Suite 526,Anthonyhaven,TN,98248,Mexico,PhD,19,87329.34,"Teacher, secondary school",Offered,Taylor Kelley
2727,2023-08-05,Elizabeth,Martinez,Female,21-04-2004,952-575-4535x0030,gabriellamcknight@example.com,605 Zhang Summit Suite 114,Brownville,SC,40997,United Arab Emirates,PhD,8,34867.71,Historic buildings inspector/conservation officer,Interviewing,Elizabeth Martinez
2728,2023-05-29,Anthony,Jennings,Other,02-07-1969,+1-811-453-0536x200,jenniferrose@example.org,574 Victoria Roads,New Tylertown,WI,16758,Nigeria,Bachelor's Degree,17,71959.02,Trade mark attorney,Applied,Anthony Jennings
2729,2023-07-15,Michael,Pittman,Female,08-11-1977,513.264.2350x98105,phillipsjeffrey@example.net,7794 Donna Lakes Apt. 299,East Kevinside,WV,7910,Guinea,Bachelor's Degree,3,65948.75,Ship broker,Applied,Michael Pittman
2730,2023-07-31,Crystal,Rice,Other,20-12-1986,982.309.4406x50071,emoore@example.org,19243 Sarah Lights,Kaitlyntown,CT,13426,San Marino,Master's Degree,6,82493.05,Operational researcher,Offered,Crystal Rice
2731,2023-08-04,Lucas,Huffman,Other,14-07-1964,001-448-319-9053x2676,griffinjose@example.com,2983 Kim Rapids,Scottville,WI,86213,Holy See (Vatican City State),PhD,17,41125.14,Energy manager,Rejected,Lucas Huffman
2732,2023-05-29,Alexander,Martin,Male,19-04-1970,+1-430-670-4436x17251,gregory83@example.net,2584 Gary Trail,Cynthiatown,TN,67081,Oman,High School,2,31013.38,Operational researcher,Rejected,Alexander Martin
2733,2023-06-29,David,Holland,Female,26-03-2002,909.433.8089,milleramanda@example.org,511 Joshua Turnpike Suite 479,East Michael,TX,88190,French Guiana,PhD,12,52827.58,Immunologist,Applied,David Holland
2734,2023-05-28,Angela,Smith,Other,04-04-1984,+1-552-561-7631x537,brownanthony@example.org,27832 Matthew Ranch Apt. 423,Melissastad,SD,38502,Yemen,PhD,17,33857.61,Tax inspector,Interviewing,Angela Smith
2735,2023-05-29,Emily,Cordova,Female,19-05-1992,231.400.7615x47428,andrewmora@example.org,899 Ferguson Prairie,Jasminechester,DC,80813,France,Master's Degree,14,59119.67,Midwife,Offered,Emily Cordova
2736,2023-07-20,Jose,Hunter,Other,13-05-1998,001-995-279-1262x7337,ruben95@example.net,44656 Michelle Light Apt. 541,South Jamesshire,ID,96141,Ireland,Master's Degree,20,70043.42,Psychotherapist,Rejected,Jose Hunter
2737,2023-06-15,Kayla,Allen,Female,23-01-1969,969.935.4839,kimberly62@example.net,125 Rodriguez Loop Suite 548,New Catherine,VT,16074,Cayman Islands,Bachelor's Degree,0,99703.29,"Engineer, land",In Review,Kayla Allen
2738,2023-06-03,Adam,Thompson,Male,30-08-1983,###############################################################################################################################################################################################################################################################,poolesabrina@example.net,6568 Gregory Spring,Nelsonborough,SC,42795,Moldova,Master's Degree,12,49413.24,"Surveyor, land/geomatics",Rejected,Adam Thompson
2739,2023-05-15,Anna,Romero,Other,06-01-1975,694-385-3352,marvin07@example.org,810 Adams Stravenue Apt. 584,West Barryfurt,MP,89689,Austria,Master's Degree,6,55976.87,Seismic interpreter,Rejected,Anna Romero
2740,2023-06-16,Karen,Morton,Other,31-08-1964,740-461-4184x979,rachel93@example.net,143 Lisa Stream,Manningview,KS,37365,French Guiana,Master's Degree,20,95328.05,"Engineer, land",Offered,Karen Morton
2741,2023-05-24,Christian,Richards,Male,29-11-1983,(524)252-4071x6238,perezcarol@example.com,96606 Hall Viaduct,Smithbury,ID,51128,Croatia,High School,10,95299.78,Orthoptist,In Review,Christian Richards
2742,2023-08-02,Lauren,Ross,Male,02-07-1989,915.478.9671,erin06@example.org,27682 Katrina Crossroad,Reillymouth,MP,39206,Kazakhstan,High School,16,88841.67,"Teacher, adult education",Rejected,Lauren Ross
2743,2023-07-19,Gregory,Bailey,Other,06-01-1976,306.899.1464x599,moseskurt@example.com,57272 Davis View Apt. 797,Millerfurt,FL,10866,Czech Republic,High School,2,57533.0,Training and development officer,Offered,Gregory Bailey
2744,2023-05-09,Jonathan,Thompson,Other,08-05-1991,+1-401-866-4757x501,zfriedman@example.net,386 Cody River,East Anthonyport,NE,81217,Germany,PhD,10,51882.36,"Geologist, wellsite",Applied,Jonathan Thompson
2745,2023-05-09,Daniel,Butler,Female,20-10-1981,001-841-579-6939,jonesjulie@example.com,833 Patrick Forks,Lake Gina,PW,25246,Mozambique,Bachelor's Degree,19,61442.05,Chartered loss adjuster,Interviewing,Daniel Butler
2746,2023-06-26,Barbara,Cruz,Male,06-04-1998,(403)508-7174,james75@example.org,651 Stewart Brooks Suite 093,Meyerberg,PR,69058,Timor-Leste,High School,10,47195.1,Music therapist,Rejected,Barbara Cruz
2747,2023-06-08,Tammy,Wallace,Other,23-09-1998,###############################################################################################################################################################################################################################################################,davidgriffin@example.net,221 Michelle Common,Richardsonmouth,PR,88493,Gambia,Bachelor's Degree,2,90858.18,Barrister,Interviewing,Tammy Wallace
2748,2023-05-16,Michael,Jenkins,Female,11-08-1968,001-874-238-6578x419,dickersoncharles@example.net,3498 Manuel Mills Apt. 974,Sanchezburgh,TN,91167,Austria,Bachelor's Degree,1,70572.87,IT consultant,Offered,Michael Jenkins
2749,2023-07-22,Bradley,Chandler,Other,08-05-1976,+1-999-827-9265x367,craigdiaz@example.net,8448 Edwards Green,Lake Jean,WY,69076,Turks and Caicos Islands,Bachelor's Degree,19,41144.47,Analytical chemist,In Review,Bradley Chandler
2750,2023-07-20,Kayla,Collins,Male,16-09-1994,253-673-0084,wheelersabrina@example.net,98755 Jo Mews Suite 806,Williehaven,PR,59300,Maldives,PhD,17,35860.37,Associate Professor,Rejected,Kayla Collins
2751,2023-06-11,Jason,White,Female,08-03-1969,001-630-633-9933x160,morgan59@example.org,6458 Linda Valley,Liuchester,MO,3068,Sweden,Master's Degree,18,52639.79,"Programmer, systems",In Review,Jason White
2752,2023-05-10,Amy,Knight,Other,22-10-1994,001-722-599-3515x4329,bruceherring@example.net,7938 Timothy Dale Apt. 932,Welchtown,ME,11874,Brunei Darussalam,Master's Degree,19,46967.05,Interpreter,Interviewing,Amy Knight
2753,2023-07-10,Francisco,Moore,Other,14-10-1970,001-339-764-4701x841,danabest@example.net,00539 Lee Ville Apt. 081,Jenniferville,GU,30680,Tanzania,Bachelor's Degree,11,93609.3,Pension scheme manager,Rejected,Francisco Moore
2754,2023-06-29,Jeremiah,Gonzalez,Female,23-04-1972,518-564-2296x941,davispamela@example.org,928 Gabriel Walk,Jonesborough,OR,68968,Samoa,High School,8,33145.22,Conference centre manager,Offered,Jeremiah Gonzalez
2755,2023-05-10,Chelsea,Mata,Female,08-08-1992,564.798.9168x343,teresa94@example.org,83384 Christopher Locks,Clarencestad,SC,55904,Turkey,Bachelor's Degree,19,59508.13,Curator,Applied,Chelsea Mata
2756,2023-06-06,Ashley,Brown,Female,15-06-1964,###############################################################################################################################################################################################################################################################,kylemckenzie@example.net,51775 Jordan Unions Apt. 775,Carrtown,GA,726,Uruguay,Bachelor's Degree,0,76399.22,Licensed conveyancer,Rejected,Ashley Brown
2757,2023-06-29,Michael,Salazar,Female,28-05-1998,###############################################################################################################################################################################################################################################################,gibsonchristopher@example.net,690 Douglas Estates,South Jessica,AL,97652,Dominican Republic,Bachelor's Degree,17,88647.95,"Doctor, general practice",Interviewing,Michael Salazar
2758,2023-05-10,Michael,Lee,Female,05-03-2004,861-386-5391,ylane@example.org,866 Anthony Ports,Lauraside,WY,73477,Andorra,High School,20,72715.16,Senior tax professional/tax inspector,Interviewing,Michael Lee
2759,2023-06-29,David,Perez,Other,06-03-1982,778-293-3665x2700,frazierjill@example.org,6308 Robert Avenue Apt. 423,Lake Karenville,NH,93746,Bulgaria,High School,6,87396.46,"Therapist, nutritional",Rejected,David Perez
2760,2023-05-12,Jose,Henson,Other,11-04-2000,812-980-5551x7366,mccormickdaniel@example.com,554 Troy Bypass,New Ashley,TN,85221,Tunisia,PhD,1,91744.17,Landscape architect,Rejected,Jose Henson
2761,2023-08-03,Ronald,Perry,Male,11-03-1997,634-681-3928,qlong@example.net,71852 Brown Roads Suite 428,Helenborough,PA,23234,Paraguay,PhD,7,64913.82,Operational investment banker,Applied,Ronald Perry
2762,2023-07-24,Brandon,Hernandez,Female,14-10-1983,001-948-362-2435x6983,caldwelllaura@example.net,5526 Howard Burg,Jenniferstad,NE,37881,Barbados,Bachelor's Degree,6,70668.1,Investment analyst,Offered,Brandon Hernandez
2763,2023-07-16,Sean,Ford,Male,18-11-1995,###############################################################################################################################################################################################################################################################,scott13@example.com,13208 Peters Avenue Apt. 820,Samuelberg,NY,46357,Mauritania,Bachelor's Degree,12,67237.62,Information systems manager,Offered,Sean Ford
2764,2023-06-11,William,White,Female,25-01-1971,+1-372-936-9530x536,patrickmiller@example.com,5666 Janet Via Apt. 010,Robersonport,RI,42985,Latvia,PhD,7,94663.76,Medical laboratory scientific officer,Interviewing,William White
2765,2023-07-03,Nicholas,Davis,Other,03-12-1965,001-748-401-9523x5296,ashley04@example.org,064 Walter Hills Suite 449,Reedmouth,PR,93163,Isle of Man,Master's Degree,15,77369.33,Licensed conveyancer,Offered,Nicholas Davis
2766,2023-05-15,John,Roberts,Other,22-04-1980,001-381-843-6386,michaeldennis@example.com,33142 Jackson Trail,East Mary,DE,81604,United States Minor Outlying Islands,Bachelor's Degree,0,40511.04,Phytotherapist,Rejected,John Roberts
2767,2023-06-12,Jennifer,Pollard,Other,06-03-1997,710-299-4756,wubarbara@example.org,4600 Kennedy Freeway,Johnville,NH,84807,Palau,Master's Degree,16,54605.66,Industrial/product designer,In Review,Jennifer Pollard
2768,2023-05-16,Jennifer,Gibson,Female,16-02-2003,448.889.8355x34902,malik76@example.com,159 Alexander Tunnel Suite 915,South Rebecca,NV,45341,Austria,PhD,2,74084.28,Telecommunications researcher,In Review,Jennifer Gibson
2769,2023-06-11,Zoe,Patel,Female,02-06-1987,001-456-651-7330x649,kerry43@example.org,99966 Timothy Vista Apt. 390,Port Laura,ND,53952,Israel,Master's Degree,13,39560.83,"Programme researcher, broadcasting/film/video",In Review,Zoe Patel
2770,2023-06-29,Adriana,Thomas,Female,19-10-2000,555.439.8657x4338,joshua94@example.net,08553 Jonathan Pines,Christianstad,DE,80048,Haiti,Master's Degree,0,41954.89,"Nurse, adult",Applied,Adriana Thomas
2771,2023-07-18,Austin,Arnold,Female,25-02-1966,(840)834-9161x68850,nwaters@example.net,579 Alexandra Lodge,Michaelfort,ND,59087,Uzbekistan,Master's Degree,1,91101.92,"Doctor, hospital",Interviewing,Austin Arnold
2772,2023-06-16,Sherri,James,Other,22-01-1994,+1-518-211-5626x1581,millerchristopher@example.com,397 Brandon Station,Jenkinsfort,AL,43125,Belarus,High School,5,94985.2,Music tutor,In Review,Sherri James
2773,2023-06-16,Holly,George,Male,15-08-1988,(556)607-1273x4486,mmartinez@example.com,151 Hall Ridges,Lake Ericstad,MI,3362,Micronesia,PhD,20,40803.41,Counselling psychologist,Interviewing,Holly George
2774,2023-05-23,Jeremy,Mosley,Other,08-06-1972,(759)876-1070,prattcharles@example.com,019 William Mall,Colleenmouth,NE,66214,Greece,Bachelor's Degree,5,31434.0,Trading standards officer,Applied,Jeremy Mosley
2775,2023-07-03,Jeremy,Jones,Other,23-07-1964,001-541-500-5962x078,carl90@example.com,60941 Wood Forges,Amandastad,MN,40660,Aruba,High School,3,44128.99,Sports coach,Rejected,Jeremy Jones
2776,2023-07-03,Thomas,Gallegos,Male,21-11-1992,001-242-918-3839x7123,toddacevedo@example.org,3525 Steven Ports Apt. 992,Matthewfort,OR,572,Haiti,High School,11,50244.81,"Engineer, electronics",Rejected,Thomas Gallegos
2777,2023-08-04,Angela,Taylor,Other,13-07-2000,###############################################################################################################################################################################################################################################################,vschaefer@example.net,6362 Joshua Land Suite 681,Simsfurt,CO,69749,Estonia,PhD,15,65916.88,Holiday representative,In Review,Angela Taylor
2778,2023-07-23,Matthew,Keller,Male,04-03-1969,771.546.0874x898,orasmussen@example.com,30397 Reed Roads,Brandiburgh,AS,44600,Armenia,PhD,8,34304.51,Financial controller,In Review,Matthew Keller
2779,2023-08-03,Angela,Ross,Female,02-02-1987,001-721-379-5385,briggsscott@example.org,11134 Jones Streets Suite 227,Port Julie,ND,7560,Holy See (Vatican City State),Master's Degree,1,36397.52,Clinical cytogeneticist,Rejected,Angela Ross
2780,2023-06-24,Ashley,Steele,Female,09-10-1998,###############################################################################################################################################################################################################################################################,jonathanalexander@example.com,5161 Chambers Way,Port Judith,NY,33903,Paraguay,Bachelor's Degree,11,59474.66,Information systems manager,In Review,Ashley Steele
2781,2023-06-18,Daniel,Shelton,Male,25-03-1974,001-297-466-5158x666,vhartman@example.com,0907 Amanda Crossing Apt. 419,North James,AS,61966,Spain,PhD,2,30656.73,Communications engineer,Offered,Daniel Shelton
2782,2023-07-12,Gene,Ward,Male,27-05-1966,797.873.2470x5855,samantha49@example.org,5201 Charles Manors,Lindseyton,AL,40822,Kiribati,Bachelor's Degree,10,50172.68,Actor,Interviewing,Gene Ward
2783,2023-07-21,Lee,Johnson,Other,27-04-1995,###############################################################################################################################################################################################################################################################,doneal@example.org,0687 Jones Harbors,Bennettview,DC,22115,Cayman Islands,High School,13,71229.12,Charity fundraiser,Rejected,Lee Johnson
2784,2023-06-03,Eric,Thomas,Female,04-10-1965,256.828.3219x2309,udean@example.net,6467 Brown Forge Apt. 846,East Christineview,MH,32568,Swaziland,PhD,4,75784.27,Soil scientist,Offered,Eric Thomas
2785,2023-07-08,Tammy,Perry,Male,10-12-1991,001-742-246-1377,cunninghamtimothy@example.com,73701 Lopez Village,Barrhaven,IA,65892,Saint Kitts and Nevis,High School,9,74943.32,Petroleum engineer,Interviewing,Tammy Perry
2786,2023-05-26,Randall,Martinez,Male,06-03-1964,681.315.0972x551,becky49@example.com,210 Underwood Haven Apt. 840,Juliefort,DE,69253,Malaysia,Master's Degree,20,46241.23,Retail manager,Interviewing,Randall Martinez
2787,2023-07-11,Danielle,Stevens,Female,23-07-1995,(469)829-0041,yolanda32@example.org,255 Jones Fork Apt. 156,Lake Justinfurt,MI,45203,French Polynesia,PhD,14,99575.77,Civil Service fast streamer,Rejected,Danielle Stevens
2788,2023-07-04,Karen,Jones,Other,03-06-1982,(521)391-1693,jason30@example.com,50018 Hughes Springs Suite 377,Alyssaton,MO,86310,Canada,Bachelor's Degree,14,97811.5,Training and development officer,Offered,Karen Jones
2789,2023-05-15,Cynthia,Cruz,Other,15-08-1983,001-750-904-1268x29315,nicholsonalexander@example.com,83819 Chavez Harbor,Lake Christopher,HI,94507,Turkmenistan,High School,3,98816.98,Aid worker,Interviewing,Cynthia Cruz
2790,2023-06-26,Christopher,Sanders,Other,16-03-1984,###############################################################################################################################################################################################################################################################,christopher68@example.com,7439 Matthew Manors Apt. 327,Justinville,NV,8499,Tonga,Master's Degree,5,46865.94,Arts development officer,In Review,Christopher Sanders
2791,2023-07-25,Alfred,Berg,Other,19-03-1990,817.631.8196,melanieanderson@example.net,2610 Albert Lights,Lake Michael,AL,99596,Oman,High School,3,84888.51,Translator,Rejected,Alfred Berg
2792,2023-06-13,Amber,Williams,Other,31-01-1966,(351)985-9313x5893,nancy68@example.com,1982 Padilla Cliff,New William,NH,82843,Solomon Islands,High School,10,54646.94,Economist,In Review,Amber Williams
2793,2023-06-15,Traci,Jones,Male,02-07-1998,+1-625-652-8354x51554,kcarlson@example.net,89865 French Bridge,North Douglasberg,AZ,13438,Gambia,Master's Degree,16,46347.42,IT trainer,Applied,Traci Jones
2794,2023-07-29,Tony,Lucero,Other,23-01-1996,629.227.4804x724,steven30@example.org,9045 Buck Pine,Markburgh,SD,15790,India,High School,5,86172.28,Chartered legal executive (England and Wales),Offered,Tony Lucero
2795,2023-06-13,Lisa,Graham,Female,03-05-1987,511-952-2781,jasonsimpson@example.org,3542 Johnson Corner Apt. 026,New Michelleport,UT,31239,Tokelau,Bachelor's Degree,3,67969.52,"Scientist, research (physical sciences)",Interviewing,Lisa Graham
2796,2023-05-08,Michael,Johnson,Male,28-07-1990,925.609.2784x8138,morrisdavid@example.org,763 Jared Hollow,New Shawnmouth,MO,67589,Chad,Bachelor's Degree,5,68437.16,Training and development officer,Rejected,Michael Johnson
2797,2023-05-29,Mary,Randall,Male,24-10-1984,(465)429-4858x255,danielsdonna@example.net,76960 Ritter Mill Suite 542,Derekshire,WA,11411,Portugal,PhD,9,39605.48,Interior and spatial designer,Offered,Mary Randall
2798,2023-05-14,Megan,Diaz,Other,14-07-1987,001-972-347-4819x98626,adrienne52@example.net,56012 Carrillo Spurs Apt. 805,North Keithfurt,MS,81307,China,High School,10,53496.63,Field trials officer,Offered,Megan Diaz
2799,2023-08-01,John,Mccarthy,Other,13-03-1965,001-228-210-5244x54907,vfuentes@example.net,2407 Wesley Shoals Apt. 655,Smithville,MA,12673,Gambia,High School,17,67539.62,"Engineer, maintenance",Rejected,John Mccarthy
2800,2023-06-07,Vincent,Roberts,Other,17-12-1992,+1-515-968-8944x8307,brockmatthew@example.com,514 Harry Field,Timothyborough,FM,59031,Burundi,PhD,6,30402.85,Trading standards officer,In Review,Vincent Roberts
2801,2023-06-15,Michael,Richardson,Female,29-11-1985,###############################################################################################################################################################################################################################################################,hughesscott@example.net,05981 Mcgee Cape Apt. 017,North James,FM,96667,Cape Verde,High School,4,50888.15,Chartered legal executive (England and Wales),Interviewing,Michael Richardson
2802,2023-08-01,Joseph,Duarte,Female,21-03-1969,458.798.5613x10793,ryan04@example.org,273 Tammy Creek,South Patriciahaven,NH,92439,Sweden,PhD,3,59065.97,Television floor manager,Applied,Joseph Duarte
2803,2023-07-06,Joseph,Ochoa,Female,07-11-1994,(651)474-3966,eschmidt@example.net,4011 Cassandra Station Apt. 015,East Donnaland,MP,26214,Botswana,PhD,1,33226.71,Occupational therapist,Offered,Joseph Ochoa
2804,2023-07-24,Tina,Coleman,Male,02-04-1964,(848)629-5009x43432,rwilliams@example.com,8717 Sydney Island Apt. 184,Carmenchester,GA,86637,Central African Republic,Bachelor's Degree,1,31946.65,Secondary school teacher,Offered,Tina Coleman
2805,2023-08-02,Brianna,Le,Other,15-03-1964,(617)421-3213x536,upark@example.org,491 Kelly Keys Apt. 437,South Vanessa,SC,29764,Denmark,High School,20,83020.05,"Psychologist, counselling",Applied,Brianna Le
2806,2023-07-15,Monique,Wells,Other,31-01-1995,001-567-888-8369x1406,qowens@example.org,822 Gray Stream,Port Angela,NC,85576,Georgia,Master's Degree,1,55816.25,"Engineer, communications",In Review,Monique Wells
2807,2023-07-12,Jennifer,Ortiz,Male,13-09-1971,001-369-768-1854x26354,bradley66@example.com,364 Herrera Manor,New Jamieport,DC,97983,Albania,High School,5,37132.88,"Geologist, wellsite",Applied,Jennifer Ortiz
2808,2023-08-04,Lindsay,Paul,Other,25-12-1980,001-582-509-6357x3779,wdeleon@example.net,908 Martinez Tunnel,Lake Johnview,MD,88211,Liberia,Bachelor's Degree,3,31261.41,Waste management officer,In Review,Lindsay Paul
2809,2023-05-21,Robert,Campbell,Other,10-06-1967,001-595-885-5530,john74@example.com,0150 Colin Loop Apt. 873,Harrisstad,TN,49617,Honduras,Bachelor's Degree,19,92119.36,Volunteer coordinator,Interviewing,Robert Campbell
2810,2023-06-09,Daniel,Velez,Other,23-11-1974,001-879-306-8513x11270,jacksoneric@example.net,705 Taylor Motorway,Robertville,LA,19701,Micronesia,Bachelor's Degree,2,96815.43,Data processing manager,Interviewing,Daniel Velez
2811,2023-05-17,Danielle,Lee,Female,01-08-1976,969.640.8452x17806,vincent02@example.com,081 Lori Throughway Apt. 288,Kimberlyfort,DE,69241,Saint Pierre and Miquelon,Master's Degree,9,88988.36,Catering manager,Interviewing,Danielle Lee
2812,2023-08-02,Jose,Anthony,Male,18-01-1980,917.239.5911,john12@example.com,743 Gardner Wall,North Christopher,NJ,21732,Czech Republic,Bachelor's Degree,6,95617.44,Paediatric nurse,Applied,Jose Anthony
2813,2023-07-29,Cassandra,Diaz,Male,05-01-1979,551.531.9169,william18@example.org,481 Vicki Brooks,Port Meganbury,MO,71407,Philippines,Bachelor's Degree,11,51865.0,Broadcast presenter,Applied,Cassandra Diaz
2814,2023-06-21,Ryan,Owens,Male,09-06-1999,442-655-2224x534,robertboyd@example.org,0375 Gary Ridges,Port Crystal,FL,99480,Croatia,Master's Degree,0,62822.4,Quarry manager,Rejected,Ryan Owens
2815,2023-07-29,Melanie,Hill,Male,22-05-1996,(280)487-3261x9665,kcarter@example.net,0997 Grace Track Apt. 796,Lake Brandi,PA,6659,Rwanda,Master's Degree,17,72485.46,"Copywriter, advertising",Rejected,Melanie Hill
2816,2023-06-09,Connie,Rhodes,Female,08-10-2001,703.648.7499,rjones@example.net,925 Bennett Summit,Charlesfort,AS,60014,Ireland,High School,5,50567.28,Fine artist,Offered,Connie Rhodes
2817,2023-06-10,Gregory,Campbell,Male,05-12-1990,(745)256-5498x4577,abigail31@example.net,4866 Nicole Unions,Port Carolynbury,NH,58244,French Guiana,Master's Degree,8,71891.01,Financial trader,Interviewing,Gregory Campbell
2818,2023-07-03,Kelly,Davies,Other,16-11-1986,911-200-1857x1521,theresarogers@example.com,545 Joseph Views Apt. 630,New Dawnshire,MI,36705,Fiji,Bachelor's Degree,4,40151.47,Community education officer,Rejected,Kelly Davies
2819,2023-06-13,Amy,Smith,Other,14-11-2001,###############################################################################################################################################################################################################################################################,brownmatthew@example.com,78759 Sanchez Gardens Suite 233,Bauerton,NH,83993,Netherlands,High School,17,43618.66,Automotive engineer,Interviewing,Amy Smith
2820,2023-05-08,Bradley,Thompson,Other,05-08-1975,(361)430-0827x087,dbrewer@example.net,202 Jessica Manors,Port Makaylafort,FM,52935,Ethiopia,PhD,11,38253.71,Aid worker,Applied,Bradley Thompson
2821,2023-05-13,Daniel,Knox,Other,03-02-1973,(570)895-0109x1522,dana98@example.com,35957 Thomas Burg,Montgomeryfurt,IA,90123,Nepal,High School,9,45436.21,"Therapist, music",Offered,Daniel Knox
2822,2023-05-10,Christopher,Carroll,Male,16-09-1968,467-878-6684x45455,tylerholden@example.net,178 Lucas Circles Apt. 365,Jamiechester,NY,70103,Eritrea,High School,20,41316.84,"Engineer, maintenance (IT)",Rejected,Christopher Carroll
2823,2023-05-29,Diamond,Shannon,Other,07-11-1987,849-598-9289,gparks@example.org,33392 Amanda Square Suite 904,East Krystal,DE,2957,Wallis and Futuna,PhD,10,37150.46,Writer,Applied,Diamond Shannon
2824,2023-07-08,Nathan,Contreras,Male,07-06-2005,001-996-899-3643x522,nicole94@example.org,24158 Edwards Streets,Caldwellmouth,GU,18773,Mauritania,Bachelor's Degree,11,54872.15,"Psychotherapist, dance movement",Rejected,Nathan Contreras
2825,2023-05-12,Christopher,Murphy,Male,09-01-2001,405.609.0627,stephaniehenderson@example.org,06822 Newman Turnpike Suite 642,Timothyview,SC,24485,Peru,High School,18,87527.0,"Lecturer, higher education",Applied,Christopher Murphy
2826,2023-06-25,Susan,Guerrero,Female,14-03-1985,(224)285-2754x265,anita32@example.net,134 Larsen Creek,South Matthewmouth,MH,35406,Ukraine,High School,4,78424.85,Animator,Rejected,Susan Guerrero
2827,2023-05-20,Mark,Jennings,Male,22-06-1967,568-891-2309x27228,cynthia25@example.com,4839 Miller Orchard,East James,AK,67258,Guatemala,Master's Degree,17,77497.81,"Designer, fashion/clothing",Interviewing,Mark Jennings
2828,2023-06-09,Brianna,Carlson,Male,12-11-1990,(776)894-9155,rachelcarr@example.com,6656 Brandon Turnpike Apt. 353,Michelleview,PW,53295,Japan,PhD,14,50395.65,Manufacturing engineer,Applied,Brianna Carlson
2829,2023-06-06,Jennifer,Robbins,Other,05-09-1993,346.372.4720x59028,kyoung@example.org,158 Johnson Hill,Johnton,AS,87452,Bosnia and Herzegovina,Master's Degree,12,59296.51,Toxicologist,Offered,Jennifer Robbins
2830,2023-06-09,Jessica,Riggs,Male,15-04-1982,901.638.1795x24636,joshua30@example.com,898 Lopez Field,Loribury,NV,20502,Kuwait,PhD,1,33207.7,Company secretary,Rejected,Jessica Riggs
2831,2023-06-19,Desiree,Marquez,Male,26-01-2002,938.282.2260x86732,qwhite@example.com,808 Briana Mill Apt. 252,Elizabethport,AL,96736,Guatemala,PhD,13,45249.2,Environmental manager,Interviewing,Desiree Marquez
2832,2023-07-29,John,Hoover,Female,12-01-1998,709.679.7255x4653,gbennett@example.net,7610 Huff Courts Suite 083,Justinside,NC,43261,Slovenia,Bachelor's Degree,11,80191.06,Bonds trader,Applied,John Hoover
2833,2023-07-15,Alicia,Bush,Other,28-05-1983,794-345-5229x5393,samantha61@example.org,4650 Malone Underpass Apt. 020,Timothyville,DC,94065,Bouvet Island (Bouvetoya),Bachelor's Degree,13,35422.45,Brewing technologist,Interviewing,Alicia Bush
2834,2023-05-27,Luke,Rice,Other,14-09-2000,001-537-968-9100x74271,dylananderson@example.net,737 Lindsay Plaza Suite 913,Sarahchester,PW,13400,Bolivia,PhD,12,85271.89,"Scientist, physiological",Applied,Luke Rice
2835,2023-07-13,Mark,Price,Male,18-01-2002,+1-254-660-7421x899,craigsnow@example.com,7882 Mary Prairie Suite 910,Rebeccaburgh,DE,78542,Niue,High School,4,43105.97,Clinical embryologist,In Review,Mark Price
2836,2023-06-07,Cameron,Brooks,Other,30-03-1986,558-504-4628x2931,sophiahays@example.com,659 Elizabeth Expressway Apt. 700,West Natalieville,VA,84242,Timor-Leste,High School,0,35663.92,Dancer,Offered,Cameron Brooks
2837,2023-06-18,Jeffrey,Simon,Other,25-05-1997,426.701.0546x64714,camposeric@example.com,68503 Rogers Harbor,Jamesfort,AL,34926,Palau,Master's Degree,12,37660.62,Herbalist,Offered,Jeffrey Simon
2838,2023-06-30,Karl,Rivera,Female,13-01-2001,486-927-4577x0449,lwilkerson@example.org,954 Bowman Mews Suite 484,Davidport,KS,12313,Antarctica (the territory South of 60 deg S),Bachelor's Degree,1,93313.86,"Engineer, electrical",Rejected,Karl Rivera
2839,2023-07-01,Jose,Burke,Female,05-11-1996,418.303.3978x0595,zcook@example.org,296 James Ferry,Nathanport,GA,96260,Maldives,High School,16,36052.2,"Surveyor, rural practice",Offered,Jose Burke
2840,2023-05-26,Jaclyn,Daugherty,Other,17-08-1983,376.458.6358x440,zsanders@example.net,926 Morales Wells,South Colton,FL,75219,Portugal,High School,6,45371.73,Research scientist (medical),Rejected,Jaclyn Daugherty
2841,2023-05-09,Amanda,Johnson,Female,28-06-1968,458.650.0145x31312,ibarrajoy@example.com,718 Jackson Causeway,Farrellfurt,ND,3704,Dominican Republic,Bachelor's Degree,6,97758.69,Naval architect,Interviewing,Amanda Johnson
2842,2023-06-05,Sherry,Davis,Female,14-10-1993,001-525-670-9790x83365,halllaura@example.net,4483 Baker Centers Apt. 758,Andreaview,UT,90665,Tunisia,High School,9,63968.9,Theme park manager,In Review,Sherry Davis
2843,2023-07-12,Paige,Martinez,Other,05-08-1968,(250)403-1161x2546,terri55@example.com,1829 Charles Light Suite 671,Loriburgh,SC,72545,Bahamas,PhD,3,79898.87,Politician's assistant,Applied,Paige Martinez
2844,2023-07-18,William,Reynolds,Other,07-04-1992,305.587.4077x71890,savannah55@example.org,446 Watkins Mills,West Vanessaside,AR,74664,Micronesia,High School,13,81588.84,Advertising account executive,Offered,William Reynolds
2845,2023-07-20,Tara,Montoya,Other,21-04-1983,921.216.1703x49118,yreid@example.org,2755 Carolyn Fall,Port Edwardchester,IL,35304,Montserrat,Master's Degree,16,97872.84,Environmental education officer,In Review,Tara Montoya
2846,2023-06-04,Jessica,Allen,Female,11-12-2004,+1-639-207-6409x150,adamsnicole@example.net,3751 Lopez Square,West Charlottebury,GA,37457,Cyprus,Master's Degree,14,64355.99,Conference centre manager,In Review,Jessica Allen
2847,2023-05-06,Samantha,Osborn,Female,01-01-1995,981-793-7967,emclean@example.com,7440 Howard Crescent Apt. 412,Port Williamfurt,ME,65627,Georgia,Bachelor's Degree,20,97580.47,Copy,Rejected,Samantha Osborn
2848,2023-06-24,Jeremiah,Lopez,Male,16-12-1964,942.944.2862,hillkatie@example.com,5145 Mark Crest,Olsonside,WY,43294,Belarus,Bachelor's Degree,19,87221.86,Analytical chemist,Rejected,Jeremiah Lopez
2849,2023-07-19,James,Tucker,Male,26-03-1998,###############################################################################################################################################################################################################################################################,christopherbaker@example.com,3799 Santana Park,Barronport,MH,69484,Sierra Leone,High School,5,45075.3,Adult guidance worker,In Review,James Tucker
2850,2023-07-28,Toni,Baker,Female,25-12-2003,(792)223-7306x289,juancarpenter@example.org,2208 James Dale,West Michael,RI,53987,British Virgin Islands,PhD,18,65291.26,Stage manager,Applied,Toni Baker
2851,2023-05-09,Whitney,Peterson,Male,16-01-1987,422-433-0263,angela85@example.org,6970 Stanley Loop Suite 772,Aprilborough,KY,54112,Tuvalu,Bachelor's Degree,13,70928.65,Waste management officer,Interviewing,Whitney Peterson
2852,2023-06-19,Nicholas,Waller,Female,10-03-1996,001-839-594-5193x13922,gilmoremonica@example.org,819 Alexis Street,South Lorraineshire,OH,16628,Mexico,Master's Degree,16,57791.05,Careers information officer,Applied,Nicholas Waller
2853,2023-07-29,Tracy,Hurley,Other,03-09-1982,830.962.2609x52240,johnsontimothy@example.com,8539 Hogan Trafficway Apt. 493,Hannahfort,ME,19970,Nicaragua,Master's Degree,18,70383.77,"Conservator, furniture",Rejected,Tracy Hurley
2854,2023-07-05,Joshua,Ramirez,Other,07-11-1967,999.881.6005x721,mhughes@example.net,2593 Daniel Glen Apt. 407,South Joshuabury,RI,5738,Nauru,PhD,0,84442.68,"Engineer, building services",Applied,Joshua Ramirez
2855,2023-06-21,Debbie,Lawson,Other,20-03-1965,397-736-7262x119,agriffin@example.org,4413 Williams Garden,East David,PR,26361,Reunion,Bachelor's Degree,7,62282.52,Air broker,Rejected,Debbie Lawson
2856,2023-07-15,Christopher,Nielsen,Female,30-04-1979,+1-502-675-1114x6330,lsanders@example.net,8178 Robert Square Apt. 471,Finleyborough,FM,35980,Sudan,Master's Degree,15,91297.17,"Doctor, hospital",Applied,Christopher Nielsen
2857,2023-06-30,Kevin,Nguyen,Female,17-05-1988,780-705-6813x5272,wisebrian@example.org,698 Singh Cove,Hernandezhaven,ND,75885,Antarctica (the territory South of 60 deg S),Master's Degree,14,33753.17,Sub,Rejected,Kevin Nguyen
2858,2023-05-26,Melanie,Sims,Male,21-08-1967,(629)880-6243,brandoncooper@example.org,10131 Mia Flat Apt. 257,North Joshua,WA,89554,Egypt,Master's Degree,19,44385.2,Probation officer,Applied,Melanie Sims
2859,2023-07-22,Nathan,Alvarez,Male,11-05-1986,925-348-1430,kyle75@example.net,3591 Beth Fork Suite 768,North Traceyshire,AS,13473,United States Minor Outlying Islands,High School,14,88302.63,Clinical research associate,Interviewing,Nathan Alvarez
2860,2023-05-20,Karen,Reyes,Female,31-01-2000,###############################################################################################################################################################################################################################################################,breanna12@example.net,909 Gene Lakes Suite 064,North Donaldchester,ND,9996,Djibouti,PhD,4,87220.65,"Production designer, theatre/television/film",In Review,Karen Reyes
2861,2023-06-28,Thomas,Nelson,Male,04-03-1992,###############################################################################################################################################################################################################################################################,vsmith@example.net,73646 Leah Loop,Smithton,PA,15322,Israel,Bachelor's Degree,8,69704.94,Dramatherapist,Offered,Thomas Nelson
2862,2023-06-19,Kenneth,Jones,Female,15-07-1979,(576)885-7056,xwalls@example.net,6526 Smith Glen,Gregoryview,IN,84742,Australia,High School,14,44306.55,Chief of Staff,In Review,Kenneth Jones
2863,2023-05-31,Monica,Miller,Male,28-02-1989,212-968-5000x624,melissacraig@example.net,66749 Maria Brook Suite 569,Mirandaton,ND,7357,Madagascar,High School,3,86602.2,Restaurant manager,In Review,Monica Miller
2864,2023-07-15,Diana,Higgins,Male,28-09-2001,(728)617-9281,jasonramirez@example.org,563 Jennifer Passage Suite 184,Port Angelica,MI,54750,Christmas Island,High School,14,94566.68,Psychiatric nurse,Offered,Diana Higgins
2865,2023-06-27,Steven,Pena,Male,12-02-1995,###############################################################################################################################################################################################################################################################,manuelmartin@example.org,4431 Katherine Lodge,Mcmillanburgh,CO,75807,French Southern Territories,PhD,16,95571.33,"Psychologist, occupational",In Review,Steven Pena
2866,2023-08-02,Lindsay,Ramos,Other,10-12-1963,737-347-4996x49018,deannawest@example.net,8606 Robert Field Apt. 533,Port Gina,OK,24516,Holy See (Vatican City State),Bachelor's Degree,19,39630.81,Film/video editor,Applied,Lindsay Ramos
2867,2023-07-13,Thomas,Davis,Female,03-03-1996,675.842.7445x60573,john65@example.org,77290 Dodson Estates Suite 860,New Joseton,NY,49499,Seychelles,Bachelor's Degree,2,88037.55,Health physicist,Offered,Thomas Davis
2868,2023-08-02,Pamela,Rogers,Female,10-04-1970,(271)702-1953x432,mark01@example.org,80038 Veronica Cliff,Glendaborough,NY,31027,Bulgaria,Master's Degree,14,74707.15,Museum education officer,Interviewing,Pamela Rogers
2869,2023-08-02,Robert,Chavez,Female,07-08-1982,(213)354-1337x78278,collinsrobin@example.org,255 Wade Underpass,Devonfort,WV,68318,Reunion,PhD,9,46768.25,Manufacturing engineer,In Review,Robert Chavez
2870,2023-05-12,Stephen,Mullins,Male,03-02-1972,+1-259-390-2265x5053,iwallace@example.com,534 Gary Divide,Barnesmouth,HI,1987,Antarctica (the territory South of 60 deg S),Bachelor's Degree,3,41610.12,"Conservation officer, nature",Applied,Stephen Mullins
2871,2023-07-24,Ryan,Castillo,Other,11-02-1994,727-326-5945x5507,maryhenderson@example.com,8201 Casey Dam,Dukebury,WA,62955,Brazil,Bachelor's Degree,10,33227.31,Drilling engineer,Offered,Ryan Castillo
2872,2023-07-22,Eric,Garcia,Other,29-09-1976,(688)941-7605,bduke@example.net,493 Rogers Port,North Lukeborough,IL,68528,New Caledonia,High School,11,93169.62,Records manager,Applied,Eric Garcia
2873,2023-07-13,Mary,Vaughn,Other,18-10-1980,(214)297-8300x04152,iforbes@example.net,469 Roberts Station,Martinezstad,ME,35956,Guinea-Bissau,Bachelor's Degree,2,49300.89,"Pharmacist, community",Interviewing,Mary Vaughn
2874,2023-05-23,Kylie,Martinez,Other,25-04-1968,+1-619-282-6625x6350,pking@example.org,71324 Hoffman Spurs Suite 581,New Jonathanshire,UT,19518,Albania,PhD,9,49463.17,Site engineer,Applied,Kylie Martinez
2875,2023-08-03,James,Brooks,Male,28-07-1973,(598)278-6603,taylormaria@example.net,8932 Freeman Forks Apt. 755,Port Anthonyberg,VA,71085,Malaysia,High School,12,39732.75,Forest/woodland manager,Rejected,James Brooks
2876,2023-05-23,Alan,Elliott,Male,13-05-1990,358-480-9710x19203,xcruz@example.com,60408 Patrick Circles Apt. 111,East Katie,GA,2035,Vanuatu,Bachelor's Degree,8,72294.21,Theme park manager,In Review,Alan Elliott
2877,2023-06-12,Sara,Williams,Other,02-10-1971,793.749.0425,lisa81@example.com,93527 Sullivan Locks,Monroeland,NY,25515,Central African Republic,High School,4,61250.91,Building control surveyor,Applied,Sara Williams
2878,2023-05-23,Robert,Conley,Female,27-05-1971,330-855-6173x426,ashley72@example.net,219 Andrew Village,New Julie,MS,61119,Finland,PhD,2,41585.13,"Education officer, community",In Review,Robert Conley
2879,2023-05-14,Michael,Harrell,Male,23-12-2003,001-580-678-7413x096,emilyjohnson@example.com,86077 Wallace Prairie,East George,NJ,3477,Senegal,PhD,1,93756.09,Early years teacher,In Review,Michael Harrell
2880,2023-06-24,John,Brock,Other,03-04-1981,623-217-5117,maciasnicholas@example.org,36859 Jennifer Valley Apt. 033,Amberfort,KY,28358,Uruguay,PhD,7,76562.47,Automotive engineer,Interviewing,John Brock
2881,2023-05-14,Jeffrey,Hall,Female,06-11-1978,001-442-301-4674x069,josephjohnson@example.com,520 Melinda Point,Anthonyland,NJ,23660,Philippines,High School,7,53461.14,Accommodation manager,Applied,Jeffrey Hall
2882,2023-06-16,Jessica,Rowe,Female,26-10-1993,(534)410-0881x81004,bradypatrick@example.org,06052 Carol Spurs,North Kyle,VT,84588,Peru,Bachelor's Degree,1,50110.74,Music therapist,In Review,Jessica Rowe
2883,2023-06-03,Cody,Pratt,Male,20-06-1993,862-610-8632x01099,kaylamitchell@example.com,5199 Nunez Mission Suite 126,North Anna,DC,56601,Faroe Islands,High School,13,98655.83,Chief Executive Officer,Rejected,Cody Pratt
2884,2023-05-11,Jeffrey,Bennett,Female,23-06-1974,+1-242-224-5942x30945,johnsonrandy@example.com,118 Hunter Ford,Troyville,AZ,91590,Martinique,PhD,20,57635.53,"Psychotherapist, dance movement",Interviewing,Jeffrey Bennett
2885,2023-07-25,Lucas,Davis,Male,02-05-1970,310-353-2829x848,jareddunn@example.org,28582 Gonzales Mountain,East Stacey,MT,78965,United Kingdom,Bachelor's Degree,13,99769.18,"Psychotherapist, child",Applied,Lucas Davis
2886,2023-07-13,Lisa,Rose,Other,11-01-1996,001-431-759-0539x6710,collinscassandra@example.org,05435 Barbara Ways,Wardtown,WY,27610,Senegal,Master's Degree,9,68931.7,Regulatory affairs officer,Offered,Lisa Rose
2887,2023-07-27,Susan,Morris,Male,27-07-1982,787.857.9589x338,ruthfletcher@example.com,5806 Michael Islands,West Mary,MI,24522,Monaco,High School,7,57394.88,"Psychologist, sport and exercise",Rejected,Susan Morris
2888,2023-06-24,Erica,Kelly,Female,25-03-1968,001-714-953-5988x6140,marydennis@example.com,3457 Rebecca Land Apt. 669,Ashleyport,MP,50835,Moldova,Bachelor's Degree,16,74550.56,Data scientist,Applied,Erica Kelly
2889,2023-05-26,Karen,Mcdowell,Male,12-05-1986,690-891-1955x26241,meganpaul@example.org,2575 Brown Crest,Michelestad,GA,12415,Holy See (Vatican City State),PhD,7,68730.18,Broadcast engineer,Applied,Karen Mcdowell
2890,2023-06-24,Brittany,Baldwin,Male,07-11-1966,(891)241-5157x5548,emccoy@example.org,431 Curtis Light,Kellyton,MD,92513,Portugal,Bachelor's Degree,8,78275.88,Camera operator,Offered,Brittany Baldwin
2891,2023-07-20,Sarah,Peterson,Male,03-03-2003,+1-614-564-9256x1734,alicia97@example.com,722 Burgess Mission Apt. 431,West Tabithatown,MD,73449,Equatorial Guinea,High School,19,60780.82,Biomedical scientist,In Review,Sarah Peterson
2892,2023-05-14,Evan,Alvarez,Male,20-12-1964,+1-823-879-5649x42745,zpatel@example.net,852 Robles Causeway Suite 502,North Brooke,UT,81347,Brazil,Master's Degree,6,91145.08,Race relations officer,Applied,Evan Alvarez
2893,2023-05-22,Patrick,Williams,Female,07-07-1994,960-875-5853x0467,angeladillon@example.com,17661 Douglas Corner Suite 593,Hornfort,NV,83429,Bangladesh,High School,11,55148.65,Art therapist,Rejected,Patrick Williams
2894,2023-06-03,Connor,Hobbs,Other,04-09-1993,833.906.0309x430,zmorgan@example.net,635 David Circles,Port Stacyville,ID,52160,Kenya,Master's Degree,7,67534.82,Dealer,Applied,Connor Hobbs
2895,2023-05-07,Stuart,Miller,Other,21-09-1966,###############################################################################################################################################################################################################################################################,tommy73@example.net,299 Victoria Lodge,Nicholaschester,FL,44584,Gibraltar,PhD,10,82045.36,"Engineer, electronics",Rejected,Stuart Miller
2896,2023-07-06,Jennifer,Padilla,Other,19-02-1987,###############################################################################################################################################################################################################################################################,hthomas@example.org,53738 Carla Keys Apt. 207,Hayesfurt,OK,780,Switzerland,High School,9,89404.99,Sport and exercise psychologist,Applied,Jennifer Padilla
2897,2023-07-10,William,Hughes,Male,29-05-2004,(630)332-5195x9282,ryansmith@example.net,7298 Harper Parkway Suite 097,Timothymouth,NH,19206,Serbia,High School,9,58042.44,"Designer, fashion/clothing",Rejected,William Hughes
2898,2023-06-18,Amber,Phillips,Other,26-06-1963,+1-214-390-5570x821,normacarter@example.com,5098 Timothy Extensions Apt. 461,East Brittney,WV,12917,Indonesia,PhD,16,56102.33,Personal assistant,Rejected,Amber Phillips
2899,2023-07-10,Randall,Carter,Other,21-07-1975,001-344-341-5038,davidarmstrong@example.com,107 Craig Rue,East Paulashire,IL,51385,Comoros,PhD,0,74823.35,Barista,Offered,Randall Carter
2900,2023-07-22,Eric,Garrett,Male,18-04-1972,(249)991-5674x29681,ojones@example.org,05609 Sean Prairie,New Christopher,NM,84191,Hong Kong,Master's Degree,1,30133.67,Hydrogeologist,Interviewing,Eric Garrett
2901,2023-06-11,Matthew,Klein,Male,22-12-2002,001-766-962-6963x934,jonschaefer@example.com,3015 Schneider Mountains Suite 358,North Teresa,DE,28151,Central African Republic,PhD,10,60939.59,Print production planner,Offered,Matthew Klein
2902,2023-07-21,Shelly,Miranda,Other,03-03-2000,###############################################################################################################################################################################################################################################################,dknight@example.net,747 Katherine Path,Martinton,NJ,44278,Guinea-Bissau,PhD,15,74581.78,Airline pilot,Interviewing,Shelly Miranda
2903,2023-06-28,Monique,Grant,Female,04-03-1981,(419)971-6161x35557,igilbert@example.org,81322 Marcus Estates Suite 971,West Brian,IL,65212,Benin,Bachelor's Degree,2,31633.95,Corporate treasurer,In Review,Monique Grant
2904,2023-05-28,Renee,Kim,Female,02-04-1980,800-794-4648,raven78@example.org,24725 Richards Garden Apt. 416,Carolfurt,MO,94877,Somalia,Master's Degree,14,55461.8,Geographical information systems officer,Rejected,Renee Kim
2905,2023-06-17,Derek,Murray,Other,08-07-1985,+1-885-637-1875x2550,donnaball@example.net,0961 Alyssa Course Suite 025,Lake Christina,FM,6125,Samoa,Master's Degree,3,89075.61,"Designer, television/film set",Interviewing,Derek Murray
2906,2023-06-09,Michelle,Martinez,Other,25-04-1999,(572)904-3786,scottpatrick@example.org,4055 Justin Villages Apt. 529,East Elizabeth,FM,39956,Mauritania,Master's Degree,8,42896.2,Animal technologist,Offered,Michelle Martinez
2907,2023-05-16,Caitlin,Johnson,Male,12-10-1996,###############################################################################################################################################################################################################################################################,brianfox@example.org,170 Gary Hill Apt. 251,Hallhaven,TN,19508,Korea,High School,15,98523.19,Television/film/video producer,In Review,Caitlin Johnson
2908,2023-06-05,Judy,Riley,Other,03-09-1989,+1-550-993-2772x355,bwhite@example.org,600 Smith Springs Suite 742,Crawfordtown,MS,42700,Algeria,PhD,5,56327.67,Medical physicist,Offered,Judy Riley
2909,2023-05-08,Cheryl,Jenkins,Female,19-01-1989,###############################################################################################################################################################################################################################################################,williamcross@example.org,77065 Christopher Shoal Suite 070,North Teresa,OR,16127,Christmas Island,High School,11,32016.56,Translator,Rejected,Cheryl Jenkins
2910,2023-05-22,Kara,Payne,Female,08-12-1979,945-948-5428x23552,ryanfranklin@example.com,323 Tiffany Garden,Port Angelaland,TX,69885,Finland,Bachelor's Degree,0,93442.18,Publishing rights manager,Offered,Kara Payne
2911,2023-07-18,Erica,Atkins,Other,24-05-1987,(719)221-3573,mitchelljay@example.net,223 Andrea Place Apt. 247,Burnsshire,NJ,59766,Lithuania,High School,2,63657.12,"Conservator, museum/gallery",Interviewing,Erica Atkins
2912,2023-07-05,Curtis,Carter,Other,28-01-1991,+1-391-364-9548x735,watersdakota@example.com,2446 Ashley Center,North Debbieview,SC,82212,Nepal,PhD,4,63849.32,Building services engineer,Rejected,Curtis Carter
2913,2023-07-29,Scott,Lee,Other,02-04-1983,(226)273-8729x5643,pperez@example.com,502 Natasha Villages Apt. 352,North Daniel,AK,36488,Kuwait,High School,8,91061.87,Artist,Interviewing,Scott Lee
2914,2023-07-06,Mark,Williams,Other,28-10-1967,359-814-9022x6336,lmarks@example.org,9591 Schneider Walk Suite 917,Lindamouth,MH,29065,Mali,PhD,2,80939.04,Financial controller,In Review,Mark Williams
2915,2023-06-14,Justin,Horton,Male,30-05-1996,001-211-381-7303x01976,rebecca55@example.net,62131 Maria Underpass Suite 228,South Alexisburgh,LA,45920,New Zealand,PhD,18,54025.95,Sports coach,In Review,Justin Horton
2916,2023-05-16,Aaron,Hernandez,Other,30-12-1992,845-334-9394,kaylanguyen@example.org,63220 Simmons Plains Apt. 164,East Christopherview,CO,33530,Austria,High School,4,68307.77,Broadcast presenter,Rejected,Aaron Hernandez
2917,2023-06-29,Jonathan,Weber,Other,23-07-1964,001-889-561-3772x101,brenda81@example.org,4192 Charles Ford Suite 792,New Jimmyside,ME,93789,Chad,PhD,13,33909.69,"Scientist, research (maths)",Interviewing,Jonathan Weber
2918,2023-06-08,Barbara,Mccann,Male,07-08-1979,+1-245-685-4371x974,fsanchez@example.com,40952 Christina Pines,Jennaside,MA,38868,Indonesia,Bachelor's Degree,10,67763.22,Financial adviser,Applied,Barbara Mccann
2919,2023-07-03,Kathleen,Martinez,Male,29-05-1987,###############################################################################################################################################################################################################################################################,cartershannon@example.net,67648 Jay Brooks Apt. 361,Piercebury,IL,34696,Senegal,Master's Degree,12,80439.21,Waste management officer,Offered,Kathleen Martinez
2920,2023-05-20,Catherine,Harper,Female,24-01-2002,###############################################################################################################################################################################################################################################################,melissa96@example.net,97821 Schneider Square Suite 753,Proctorland,GU,16421,Burkina Faso,Bachelor's Degree,7,48160.35,Ceramics designer,Offered,Catherine Harper
2921,2023-06-08,Tonya,Dennis,Other,22-03-1973,(348)270-4780x99033,anthonyrasmussen@example.org,1284 Misty Centers,Jacksonmouth,MH,4245,Saint Vincent and the Grenadines,High School,3,45517.88,Firefighter,Rejected,Tonya Dennis
2922,2023-07-20,Gregory,Cantrell,Male,02-03-1969,589.801.4519,markmolina@example.com,81394 Liu Lock,Alanfort,DC,73246,Senegal,Bachelor's Degree,13,38370.71,"Doctor, hospital",Interviewing,Gregory Cantrell
2923,2023-05-31,Haley,Hodges,Female,29-10-1973,001-416-369-3739x331,tina40@example.net,59197 Hickman Mount Apt. 703,New Benjamin,MD,27561,Swaziland,Master's Degree,16,63752.8,"Teacher, primary school",Rejected,Haley Hodges
2924,2023-07-11,Brittney,James,Female,01-09-1972,###############################################################################################################################################################################################################################################################,johnlynch@example.org,9611 Makayla Summit Suite 790,Haroldchester,DC,32964,Germany,PhD,13,81132.44,Rural practice surveyor,Interviewing,Brittney James
2925,2023-05-29,Lauren,Morris,Female,10-03-1983,677-904-6115x6680,jose18@example.org,81371 Smith Valleys Apt. 278,Lake Stevenbury,WY,43296,South Africa,Master's Degree,11,49786.83,"Scientist, research (physical sciences)",Interviewing,Lauren Morris
2926,2023-07-27,Jasmine,White,Male,16-12-1975,001-422-896-1990x7823,ctaylor@example.net,9077 Kimberly Stream,Donnaton,NC,52368,Uruguay,PhD,0,44807.87,Purchasing manager,In Review,Jasmine White
2927,2023-06-02,Nathan,Barnett,Female,28-07-1969,001-987-691-4826x763,harveyaaron@example.org,0026 Elliott Green,Williamsfort,NE,73203,Libyan Arab Jamahiriya,PhD,7,85529.32,Publishing rights manager,Interviewing,Nathan Barnett
2928,2023-07-14,Bradley,Dean,Male,18-12-1992,(913)209-8500,vwilliams@example.net,197 Larry Path,Marshallfort,FL,40186,Fiji,Bachelor's Degree,12,86757.53,Energy engineer,In Review,Bradley Dean
2929,2023-08-01,David,Farrell,Female,22-04-1974,001-954-991-6820x243,tylermorgan@example.net,99508 Lynn Trail Suite 720,East Austinchester,IA,57341,United Kingdom,Master's Degree,8,63145.16,Retail banker,Rejected,David Farrell
2930,2023-06-25,Edward,White,Male,23-10-2001,001-964-370-4288x78214,fjacobson@example.net,59438 Theresa Spurs Suite 868,Smithbury,WV,86847,Jamaica,Bachelor's Degree,18,97630.88,Haematologist,Offered,Edward White
2931,2023-06-09,Aaron,Sullivan,Female,26-09-1991,(385)504-0398x236,vcontreras@example.org,00326 Melanie Springs,Port Stephaniehaven,OK,97907,El Salvador,High School,10,80209.01,Interior and spatial designer,Offered,Aaron Sullivan
2932,2023-05-15,Eric,Martinez,Male,22-05-2005,972-565-9656x25713,julia89@example.net,1065 Michael Port,Rodriguezberg,SC,14343,Norfolk Island,Bachelor's Degree,7,90110.49,"Conservator, furniture",Rejected,Eric Martinez
2933,2023-07-21,Amanda,Schmitt,Male,14-08-1994,001-994-508-9051x82790,cochrandaniel@example.com,3939 Regina Springs,Tanyaton,OH,46220,Nicaragua,Bachelor's Degree,17,63866.01,"Engineer, maintenance (IT)",Interviewing,Amanda Schmitt
2934,2023-06-26,Megan,Torres,Other,13-08-1991,600-999-3770x87897,daniellekeith@example.com,9238 Harris Burg Apt. 194,Connortown,OR,14044,Saint Barthelemy,PhD,6,61226.5,"Scientist, biomedical",Applied,Megan Torres
2935,2023-07-26,Jeffrey,Wade,Male,09-08-1991,001-669-702-5290x8599,john11@example.com,887 Richardson Fields Suite 310,Port Rodneyberg,MD,89666,Norfolk Island,Bachelor's Degree,11,42732.86,Lexicographer,Offered,Jeffrey Wade
2936,2023-05-26,Alexis,Hunter,Other,16-10-1969,915.287.6551,raymond70@example.com,58724 Eddie Turnpike,South Emilystad,HI,75148,Bolivia,Bachelor's Degree,1,67226.07,Copy,Applied,Alexis Hunter
2937,2023-07-16,Danielle,Bryan,Male,17-03-2003,260.575.2065x836,rachel80@example.com,98479 Jeffrey Fort,Port Jenniferton,PR,19875,Haiti,Bachelor's Degree,14,91090.47,Advertising account planner,Interviewing,Danielle Bryan
2938,2023-07-28,Krista,Thompson,Male,18-10-2004,(373)308-0333x484,dpatterson@example.net,948 Rita Extension,Rowlandview,WY,41999,Fiji,High School,20,34787.15,Senior tax professional/tax inspector,In Review,Krista Thompson
2939,2023-06-03,Richard,Watson,Male,30-07-1967,691-352-8308x42098,rsoto@example.org,5700 Thompson Row,Coreymouth,PR,74421,Vanuatu,High School,14,35777.09,Information officer,Interviewing,Richard Watson
2940,2023-05-30,Jeff,Martinez,Male,06-05-1983,001-307-980-7213,mirandahill@example.org,61349 Dalton Skyway Suite 923,Port Ashley,FM,29380,Rwanda,Bachelor's Degree,15,91098.57,"Journalist, magazine",Offered,Jeff Martinez
2941,2023-06-04,Paul,Washington,Other,19-08-1983,###############################################################################################################################################################################################################################################################,christinamurphy@example.net,643 Green Turnpike Apt. 009,Jamesfort,OR,39118,Uruguay,PhD,0,90546.8,Energy manager,Offered,Paul Washington
2942,2023-05-25,Lisa,Carr,Male,23-10-1962,994-969-0660,zbradford@example.com,2887 Fernando Fall Apt. 709,Clarkshire,IL,98459,Pakistan,PhD,5,31414.56,Tourism officer,In Review,Lisa Carr
2943,2023-07-30,Arthur,Alexander,Other,09-02-1983,(708)925-3704x014,marshallmegan@example.com,31853 Brown Points Apt. 107,Richardchester,MH,70095,Guernsey,Bachelor's Degree,7,84787.27,"Nurse, adult",Interviewing,Arthur Alexander
2944,2023-07-21,Stephen,Mejia,Other,30-01-1973,+1-702-251-4780x1416,jessicaorr@example.net,8353 Casey Wells,East Jennifer,DE,90176,France,Bachelor's Degree,18,57557.63,"Designer, graphic",Applied,Stephen Mejia
2945,2023-06-08,Sharon,Reilly,Female,29-04-2000,(264)393-5930x6796,gtaylor@example.com,37182 Guerrero Land Suite 840,Port Frances,VA,70729,Guatemala,High School,5,38124.54,Hydrologist,Interviewing,Sharon Reilly
2946,2023-05-16,Anthony,Sims,Female,11-11-1969,+1-652-302-9065x89803,deborahmelendez@example.net,65193 Gray View,North Michelle,CT,75037,Nauru,Bachelor's Degree,16,83490.39,Furniture designer,Rejected,Anthony Sims
2947,2023-07-08,Elizabeth,Gilmore,Male,30-06-1976,(246)747-8064,evansjeffrey@example.com,59736 David Gateway,Lake Dean,SD,33590,Christmas Island,PhD,12,33947.95,Industrial buyer,Offered,Elizabeth Gilmore
2948,2023-05-21,Doris,Serrano,Other,05-06-1991,(714)741-0890,ulee@example.org,86344 Wilson Haven,Veronicashire,ND,89441,South Africa,Bachelor's Degree,12,50530.13,Advertising account executive,Offered,Doris Serrano
2949,2023-06-08,Melissa,Phelps,Male,19-08-1988,240.826.6426,tiffany69@example.com,9681 Woodward Mission,East Sally,PA,57362,Denmark,Bachelor's Degree,11,94129.7,"Librarian, academic",Applied,Melissa Phelps
2950,2023-06-06,Benjamin,Harris,Female,01-01-1972,001-451-958-3683x3787,christinaevans@example.net,4390 Nguyen Unions,Spenceport,RI,94509,Holy See (Vatican City State),Bachelor's Degree,15,70310.18,Glass blower/designer,Rejected,Benjamin Harris
2951,2023-06-01,Jonathan,Williams,Male,27-11-1978,683-374-5578,kingmichael@example.net,423 Rodney Lake,Lucasburgh,NV,11590,American Samoa,PhD,7,69893.99,Education administrator,In Review,Jonathan Williams
2952,2023-06-06,Sarah,Griffin,Male,04-10-1978,001-973-585-0841x01370,melanie30@example.net,95438 Espinoza Rest,South Kelly,KY,3049,Anguilla,High School,10,60010.41,Youth worker,Rejected,Sarah Griffin
2953,2023-05-22,Derrick,Smith,Other,09-10-1964,+1-965-462-1635x615,amanda97@example.org,093 Travis Meadow Apt. 309,West Shawna,CO,75215,Greenland,Master's Degree,10,75155.42,Telecommunications researcher,Applied,Derrick Smith
2954,2023-06-02,Laura,Rhodes,Male,21-09-1988,837.622.7222,hopkinsshane@example.org,9442 Kathy Radial Suite 754,Danielsport,SD,86841,Bosnia and Herzegovina,Bachelor's Degree,16,99960.87,English as a second language teacher,Interviewing,Laura Rhodes
2955,2023-06-16,Cameron,Forbes,Male,22-05-1967,751.381.3693,patriciawalker@example.com,53541 Samantha Point,Lynnview,PW,20520,Honduras,Bachelor's Degree,6,78052.15,"Research officer, trade union",In Review,Cameron Forbes
2956,2023-07-30,Mary,Johnson,Female,15-07-1994,612-690-3032x407,amandastephens@example.com,570 Lewis Fort Apt. 068,Cherryburgh,SD,77383,United Arab Emirates,PhD,6,39714.04,"Research officer, political party",Applied,Mary Johnson
2957,2023-06-13,Brian,Martin,Female,11-04-1984,502-882-8862x266,ksmith@example.net,21841 Linda Fork Suite 968,Greenmouth,MP,68549,Uruguay,PhD,12,51498.84,Systems developer,In Review,Brian Martin
2958,2023-07-25,Jeremy,Perez,Other,09-07-1973,(252)906-4386x138,ngutierrez@example.org,16648 Lopez Drives Apt. 524,Anitahaven,OK,16976,Cote d'Ivoire,High School,7,59092.75,Media planner,Rejected,Jeremy Perez
2959,2023-07-25,Anna,Morris,Female,20-09-1968,215-322-7002,ricky01@example.net,9483 Walton Villages,New Darrell,KY,2646,Norway,High School,14,88069.89,Child psychotherapist,Rejected,Anna Morris
2960,2023-07-10,Micheal,Kennedy,Other,15-04-1968,###############################################################################################################################################################################################################################################################,matthew10@example.com,6596 Williams Lodge,Brownborough,AL,12437,Gambia,Master's Degree,17,50412.6,Accommodation manager,Rejected,Micheal Kennedy
2961,2023-07-05,Diana,Johnson,Other,28-11-2003,549.332.8316x6535,dixonheather@example.net,0864 White Isle Suite 305,Hernandezbury,WV,64854,Switzerland,Bachelor's Degree,2,69867.37,Electrical engineer,Rejected,Diana Johnson
2962,2023-06-24,Shannon,Rodriguez,Other,30-07-1966,201-327-5106x244,barkersean@example.net,5964 Smith Route,West Joshua,FL,6115,Lithuania,Bachelor's Degree,19,33353.51,"Research officer, political party",Offered,Shannon Rodriguez
2963,2023-07-27,Jason,Stokes,Other,06-08-1988,+1-464-793-7892x98141,alexandra30@example.net,4142 Fuller Plains Apt. 969,West Elizabethshire,AL,12516,Christmas Island,High School,15,70164.22,Outdoor activities/education manager,Interviewing,Jason Stokes
2964,2023-06-12,Lynn,Love,Other,11-08-1976,844.646.8946x4675,kaylastevens@example.org,9138 Kent Common Apt. 166,East Shelly,ID,88374,Colombia,PhD,7,98678.0,"Scientist, physiological",In Review,Lynn Love
2965,2023-07-24,Amanda,Underwood,Other,06-09-1989,396-453-3655x07609,martinezmark@example.org,8312 Hunter Brook,Lake Elizabethshire,KY,29385,United States of America,Bachelor's Degree,16,51120.99,Bookseller,Applied,Amanda Underwood
2966,2023-07-15,Patrick,Thomas,Other,04-03-1988,258.799.0771,knappbeverly@example.com,1563 White Circles,East Kimberly,IN,6205,Tanzania,High School,11,81587.11,"Exhibitions officer, museum/gallery",In Review,Patrick Thomas
2967,2023-07-19,Molly,Williams,Other,19-04-1984,890-603-7621,floresmegan@example.com,71224 Bradley Islands,Port Alexander,MS,44869,Uzbekistan,High School,19,77569.08,Clinical research associate,Interviewing,Molly Williams
2968,2023-07-02,Andrew,Sanchez,Male,16-09-1967,320.913.2746x60378,chasewhite@example.org,565 Perkins Trafficway Suite 867,East Timothy,SD,39398,Malaysia,Master's Degree,19,55289.87,"Producer, television/film/video",Rejected,Andrew Sanchez
2969,2023-06-13,Brandon,Brown,Female,02-08-1981,(924)418-0917x20368,hunttony@example.org,85451 Nancy Plaza,Lake David,WA,3925,India,Master's Degree,20,71912.7,Wellsite geologist,Offered,Brandon Brown
2970,2023-07-14,Natasha,Vasquez,Female,06-11-1990,+1-642-261-4158x07727,floreslisa@example.org,90173 Michelle Key Suite 148,Danielhaven,PW,99853,Holy See (Vatican City State),PhD,17,52159.78,Insurance claims handler,Offered,Natasha Vasquez
2971,2023-07-25,Deborah,Garrett,Male,06-01-1979,865-444-6447x72897,munozpatricia@example.com,8832 Matthew Forges Apt. 897,East Stevenport,FL,70751,Fiji,PhD,19,35944.14,Company secretary,Interviewing,Deborah Garrett
2972,2023-07-26,Teresa,Pearson,Other,13-11-1998,489.514.2029x51962,stephenking@example.net,37673 Acosta Keys Apt. 155,North Markfort,NV,45331,Kazakhstan,PhD,6,68372.94,"Surveyor, commercial/residential",In Review,Teresa Pearson
2973,2023-05-06,Megan,Galloway,Male,27-06-1980,001-469-297-0569,lauren57@example.com,010 Ware Extension Suite 679,New Tammyberg,AZ,52574,Malaysia,Bachelor's Degree,13,50315.02,Immigration officer,In Review,Megan Galloway
2974,2023-06-30,Barbara,Flores,Other,01-01-1987,+1-500-275-2088x83836,david49@example.org,7088 Christy Ranch,Lake Darrellview,AL,97704,Bermuda,High School,9,88948.2,Hospital doctor,Interviewing,Barbara Flores
2975,2023-05-31,Elizabeth,Stephens,Other,12-01-1979,+1-815-602-7256x5482,ronnietucker@example.com,96201 Michael Plain Suite 876,Jeffreystad,HI,3269,Vanuatu,High School,3,84569.61,Translator,Applied,Elizabeth Stephens
2976,2023-06-26,Nicole,Donovan,Male,26-11-1982,575-925-3935x36352,lindsay96@example.net,50180 Welch Vista,New Sandra,CT,38744,Austria,High School,8,56729.44,Public relations account executive,Offered,Nicole Donovan
2977,2023-06-22,Spencer,Sanchez,Other,30-05-1984,001-674-239-6940x987,donnajackson@example.net,551 Donald Canyon Suite 073,Lake Tammy,AZ,97502,Anguilla,Master's Degree,19,64602.05,Counselling psychologist,Rejected,Spencer Sanchez
2978,2023-05-15,Ronald,Savage,Male,01-06-1992,(418)783-3729,jacksonkristin@example.net,7727 Travis Locks Suite 945,Port Mark,NV,52765,Sri Lanka,High School,15,43930.86,"Merchandiser, retail",Applied,Ronald Savage
2979,2023-05-23,Marcus,Ellis,Female,23-07-1983,208-387-2074,knoxdavid@example.org,147 Leah Camp Suite 808,Lake Abigailland,KS,5153,Burkina Faso,Master's Degree,16,69708.19,Dentist,Offered,Marcus Ellis
2980,2023-07-24,Robert,Brown,Male,07-08-1989,235-225-4251x699,andrewschaefer@example.net,881 Derek Curve Suite 218,Robertsport,NE,38407,Australia,Master's Degree,1,91072.29,"Designer, graphic",Offered,Robert Brown
2981,2023-06-10,Tyler,Vaughn,Other,07-10-1975,(960)384-7972,likristina@example.net,0825 Serrano Points,Smithchester,OK,73024,Myanmar,Master's Degree,3,32841.03,Television floor manager,Applied,Tyler Vaughn
2982,2023-06-10,Joanne,Brewer,Female,19-06-2002,531.464.1805x2273,sara90@example.org,6565 Sara Unions,Thomasview,MN,77647,Iran,Bachelor's Degree,19,45388.09,Industrial buyer,In Review,Joanne Brewer
2983,2023-05-30,Heather,Jackson,Female,06-12-2001,001-821-298-9375,hansenbryan@example.net,469 Mackenzie Hills,West Kelsey,AR,40637,Turkey,High School,8,95357.45,"Conservator, museum/gallery",In Review,Heather Jackson
2984,2023-05-26,Rebecca,Fox,Male,21-09-2001,(400)366-7205x11186,javierwolfe@example.net,9949 Anthony Pine Suite 297,West Stacieberg,NY,50849,Iceland,Master's Degree,18,69819.56,Dramatherapist,Offered,Rebecca Fox
2985,2023-07-27,Jessica,Austin,Female,14-01-1966,855.242.9476,qferguson@example.org,309 Garner Parkway,East Brandon,SD,37587,Swaziland,High School,16,77222.21,"Therapist, speech and language",Rejected,Jessica Austin
2986,2023-07-29,Jaclyn,Ryan,Other,31-12-1975,###############################################################################################################################################################################################################################################################,salinaslarry@example.net,1422 Joseph Canyon Apt. 108,New Jessica,CO,28368,Mexico,High School,18,36387.75,Field seismologist,In Review,Jaclyn Ryan
2987,2023-07-06,Shane,Brown,Male,17-09-1980,001-584-925-4456x706,asmith@example.org,36058 Charles Turnpike,North Thomasfort,VI,20093,Bulgaria,Bachelor's Degree,15,97296.26,Dispensing optician,Rejected,Shane Brown
2988,2023-06-06,Michelle,Goodman,Other,27-11-1973,001-473-734-1208x6080,stevensbrittany@example.com,31894 Andrew Knoll,Patrickhaven,OR,65431,Papua New Guinea,PhD,8,64758.99,Banker,Offered,Michelle Goodman
2989,2023-06-14,Jeffrey,Bennett,Male,16-04-1992,(783)698-1400,mossstacy@example.net,026 Rogers Lodge Apt. 443,Lake Courtneyfurt,ND,66131,Italy,Master's Degree,15,42701.14,"Scientist, physiological",Applied,Jeffrey Bennett
2990,2023-07-21,Theresa,Gomez,Other,24-03-1976,(744)452-5503x416,jamesperez@example.net,9282 Daniel Court,New Kennethstad,KY,18252,Tuvalu,PhD,16,89620.63,Tour manager,Interviewing,Theresa Gomez
2991,2023-06-11,Rachael,Wheeler,Other,29-06-1996,001-903-746-4839x32825,ashley22@example.org,89032 Morris Turnpike Suite 018,New Micheletown,NJ,12401,Tokelau,Master's Degree,8,92925.06,Garment/textile technologist,Applied,Rachael Wheeler
2992,2023-05-26,Anna,Bowers,Male,08-11-1985,001-573-756-4820,chavezian@example.net,5851 Christopher Orchard,East Jeffreyhaven,MI,50101,Maldives,Bachelor's Degree,8,53600.0,Fashion designer,Rejected,Anna Bowers
2993,2023-07-10,Gregory,Jones,Other,05-08-1988,257-971-4453,ryanjenkins@example.org,889 Angela Forges Apt. 854,Briggsland,SC,58857,Libyan Arab Jamahiriya,Master's Degree,14,95423.6,Catering manager,Interviewing,Gregory Jones
2994,2023-08-03,April,Smith,Other,28-04-1977,###############################################################################################################################################################################################################################################################,ryancynthia@example.org,250 Mercer Shoals Suite 006,Lake Michaelmouth,MT,68151,Norway,PhD,15,59526.68,Armed forces logistics/support/administrative officer,Offered,April Smith
2995,2023-06-18,Amanda,Johnson,Female,05-01-1999,563-340-7588,vhudson@example.org,6833 Ethan Pines Suite 581,Wayneburgh,MP,56574,Christmas Island,Bachelor's Degree,6,37938.04,Tax inspector,Rejected,Amanda Johnson
2996,2023-07-28,Gary,Newton,Male,01-06-1973,659.398.2705x54244,carolpeters@example.net,24902 Hall Shores Suite 764,Changton,AK,93658,Lao People's Democratic Republic,Bachelor's Degree,12,34622.58,"Engineer, communications",Rejected,Gary Newton
2997,2023-05-07,Meghan,Vargas,Other,09-10-1988,670.523.5875,wigginsjames@example.net,6138 Carlson Forge Suite 458,Bradleybury,WV,69695,American Samoa,Master's Degree,18,65028.49,"Engineer, broadcasting (operations)",Interviewing,Meghan Vargas
2998,2023-07-01,Bryan,Diaz,Other,02-04-1969,###############################################################################################################################################################################################################################################################,perrykendra@example.com,77175 Tommy Garden,Anthonyton,MP,30881,United States of America,Master's Degree,4,42734.94,"Psychologist, prison and probation services",Interviewing,Bryan Diaz
2999,2023-05-10,Erica,Moore,Male,24-11-1975,+1-237-720-2331x1142,nancyrodriguez@example.com,09522 Kristin Center,Port William,OR,43946,Serbia,Master's Degree,3,99842.28,"Engineer, drilling",In Review,Erica Moore
3000,2023-07-11,Christopher,Silva,Other,30-03-1986,(303)246-5365x27151,stonelaura@example.com,438 Michelle Well,Smithbury,MI,35243,Nicaragua,Master's Degree,15,62054.83,Charity officer,Interviewing,Christopher Silva
3001,2023-07-17,Regina,Kelly,Male,20-04-1970,823.818.3228x92852,lynn50@example.com,887 Kennedy Alley Suite 510,South Justin,PW,61977,Madagascar,Master's Degree,10,46622.57,International aid/development worker,Offered,Regina Kelly
3002,2023-07-31,Michael,Dixon,Other,22-04-1976,318.984.4226x123,wjackson@example.org,461 Jackson Keys Suite 495,Rogerstown,NM,79954,Greece,PhD,5,41711.18,Charity fundraiser,Interviewing,Michael Dixon
3003,2023-07-18,Nicholas,Davis,Male,14-05-1994,+1-550-737-0998x5225,bruce73@example.org,06461 Jesse Port Apt. 227,Tinatown,MD,67191,Germany,PhD,0,52875.67,Horticultural consultant,Offered,Nicholas Davis
3004,2023-05-19,William,Watson,Other,10-10-1997,001-864-857-4470x9476,ssingh@example.com,9055 Massey Port,New Luke,NH,18298,British Virgin Islands,High School,4,44203.24,Estate manager/land agent,Applied,William Watson
3005,2023-07-26,Molly,Fisher,Male,30-07-1977,894.214.3163,rhenry@example.org,8503 Baker Shores Suite 243,North Jon,OK,19501,Andorra,PhD,11,87794.92,"Engineer, energy",Interviewing,Molly Fisher
3006,2023-07-13,Hannah,Le,Other,01-08-1987,###############################################################################################################################################################################################################################################################,ncole@example.net,98831 Danielle Isle Apt. 663,West Katherinehaven,KY,47825,Mozambique,PhD,19,86568.39,Civil Service fast streamer,Applied,Hannah Le
3007,2023-07-09,Deanna,Guerrero,Male,12-08-1971,949-919-7988x8413,reedkyle@example.net,9444 Richard Point,South Joshua,WA,22029,San Marino,High School,13,48283.47,Child psychotherapist,Applied,Deanna Guerrero
3008,2023-06-25,Cynthia,Brewer,Female,21-02-1989,847.962.7858,melissa29@example.net,06566 Jimmy Pike,North Melissaton,PR,32767,Oman,Bachelor's Degree,8,33622.09,Public librarian,Offered,Cynthia Brewer
3009,2023-07-09,David,Rios,Other,23-07-1984,001-423-302-2036x880,qacevedo@example.com,0942 Matthews Motorway Suite 333,Walkerborough,TN,13119,Dominica,High School,0,52153.77,Aeronautical engineer,Rejected,David Rios
3010,2023-05-24,Christina,James,Other,26-10-2003,694.278.6570,danielanthony@example.com,085 Charles Plaza Suite 173,Brandonshire,MP,39060,Montenegro,High School,13,72563.56,Technical brewer,Rejected,Christina James
3011,2023-06-13,Samuel,Nichols,Male,30-06-1964,001-959-975-3066x98211,jeremy42@example.net,79494 Ian Stravenue Suite 078,Kimton,MA,52478,Korea,Master's Degree,14,86679.01,"Doctor, hospital",In Review,Samuel Nichols
3012,2023-06-22,Lindsay,Duncan,Male,18-03-1977,###############################################################################################################################################################################################################################################################,ortizmegan@example.net,177 Michael Village Suite 394,Adrianland,WI,64846,Togo,PhD,8,44600.82,"Producer, television/film/video",Rejected,Lindsay Duncan
3013,2023-06-21,Todd,Martinez,Other,06-02-2002,###############################################################################################################################################################################################################################################################,nicole84@example.net,85789 Hanson Common Apt. 000,Danielleton,AR,9098,El Salvador,High School,19,58654.97,Chief Technology Officer,In Review,Todd Martinez
3014,2023-06-11,Rachel,Huber,Other,15-03-2002,879-466-3297,gphillips@example.com,02360 Eddie Haven Apt. 923,North Roy,TN,93031,Lebanon,Master's Degree,14,98238.54,Production manager,Interviewing,Rachel Huber
3015,2023-07-20,Joshua,Murray,Male,17-08-2002,+1-978-634-8673x1394,jenniferbarker@example.org,002 Christian Corners Suite 535,Farmershire,CA,76707,Mongolia,High School,6,79196.71,Financial trader,Rejected,Joshua Murray
3016,2023-07-16,Elizabeth,Blankenship,Female,04-12-1992,+1-367-737-4897x888,mkelly@example.net,37282 Flores Island,Christinestad,SC,85166,Madagascar,Bachelor's Degree,16,45121.26,Sports development officer,Offered,Elizabeth Blankenship
3017,2023-06-29,David,Jones,Other,08-04-1995,(379)759-1697x6896,fbowman@example.com,76929 John Villages Apt. 048,Grossville,AL,97980,Venezuela,Master's Degree,10,87121.03,Chartered certified accountant,Applied,David Jones
3018,2023-07-25,Clifford,Cox,Male,21-07-1992,+1-956-603-5369x613,rebecca53@example.org,448 Mark Plains Apt. 594,East Jasonton,WV,85076,Namibia,Bachelor's Degree,17,49332.44,Secretary/administrator,Rejected,Clifford Cox
3019,2023-08-02,Alison,Wilson,Female,17-06-1988,861-203-0327,riverasierra@example.com,68069 Brandi Springs,North Lauren,WA,44618,Turks and Caicos Islands,PhD,14,80661.4,Catering manager,Applied,Alison Wilson
3020,2023-06-14,Frank,Combs,Male,22-12-1985,###############################################################################################################################################################################################################################################################,katherine11@example.com,796 Megan Plain,Port Mary,KS,82885,Taiwan,Master's Degree,7,98869.99,Energy manager,In Review,Frank Combs
3021,2023-06-10,Rhonda,Martin,Other,20-12-1976,(437)373-3057,martinlauren@example.org,1278 Patterson Parkway,Howardville,OK,9145,Saint Helena,High School,1,76604.82,Insurance underwriter,In Review,Rhonda Martin
3022,2023-06-28,Peggy,Manning,Other,07-05-1978,+1-581-580-9409x5991,morgansamantha@example.net,586 Roberts Estates,Port Mitchellberg,ME,78166,Poland,PhD,0,62637.98,Personal assistant,Offered,Peggy Manning
3023,2023-06-14,Marcus,Ballard,Other,16-04-1967,(821)776-7700x0359,harriseric@example.net,31232 Goodwin Branch Apt. 100,Taylorberg,AZ,63330,Slovakia (Slovak Republic),PhD,5,54301.83,Management consultant,Interviewing,Marcus Ballard
3024,2023-05-06,Donna,Medina,Male,06-05-1989,605.865.1615,jyoung@example.net,62203 Shelley Causeway Suite 866,Andersonmouth,PR,60850,Saint Helena,High School,2,55153.69,Sports administrator,Applied,Donna Medina
3025,2023-08-04,Cristina,Walker,Female,07-04-1965,516.733.4069,diana22@example.net,22833 Coleman Field,West Sandraside,CO,2468,Saint Vincent and the Grenadines,PhD,17,51229.12,"Programmer, applications",In Review,Cristina Walker
3026,2023-07-26,Joshua,Mathis,Female,02-12-1976,859.839.9941x37851,singhgregory@example.com,76359 Castillo Keys,Lake Christopher,SD,11725,Macao,Bachelor's Degree,7,74402.16,"Sound technician, broadcasting/film/video",Interviewing,Joshua Mathis
3027,2023-06-16,Jose,Wright,Male,18-01-1993,673-502-9184x4962,michael31@example.com,839 Carlson Divide,Lake Betty,MP,50534,Somalia,PhD,0,96806.82,Commercial art gallery manager,In Review,Jose Wright
3028,2023-06-17,John,Sandoval,Male,21-02-1987,(643)979-6106x109,david07@example.org,643 James Shoal Apt. 053,Lake Timothy,WA,78869,Rwanda,Bachelor's Degree,9,45361.35,Television camera operator,Interviewing,John Sandoval
3029,2023-05-13,Ashley,Campbell,Male,15-03-1996,###############################################################################################################################################################################################################################################################,marisa33@example.com,082 Williams Walk Apt. 893,Port Jessicamouth,WY,31738,Samoa,Bachelor's Degree,7,53120.66,Chief Marketing Officer,Applied,Ashley Campbell
3030,2023-07-04,Melissa,Matthews,Female,27-06-1985,001-766-823-8423x79367,zparker@example.org,30165 Sullivan Camp Apt. 309,Martinezfurt,PR,25471,British Virgin Islands,High School,2,75608.74,"Editor, magazine features",Offered,Melissa Matthews
3031,2023-06-30,Amanda,Jacobs,Other,05-12-2001,+1-731-717-5710x8804,floresmallory@example.org,25762 Orozco Trace Apt. 756,North Jordan,OR,87510,Syrian Arab Republic,High School,0,37333.28,Risk manager,Applied,Amanda Jacobs
3032,2023-08-02,Renee,Schneider,Other,27-03-1981,614.633.6049,davidnelson@example.com,1762 King Harbor Suite 658,Rhondafort,WY,36743,Bhutan,PhD,3,47129.88,Chiropodist,Applied,Renee Schneider
3033,2023-05-15,John,Berry,Female,09-03-2000,237.470.3159,aaron16@example.com,9878 David Summit Apt. 577,South Brianmouth,WY,96106,Tajikistan,Master's Degree,11,63455.44,Financial manager,Applied,John Berry
3034,2023-05-21,Sara,Smith,Other,28-10-1962,+1-396-394-4967x2921,janet11@example.org,49412 Hernandez Mission,Bennettview,MD,69080,Philippines,Master's Degree,0,96051.96,English as a second language teacher,Offered,Sara Smith
3035,2023-06-19,Linda,Gomez,Male,13-01-1994,531-810-7996,gail29@example.com,1604 Jacob Greens Apt. 300,Lake Julie,RI,16792,Algeria,PhD,11,56817.2,"Librarian, academic",Rejected,Linda Gomez
3036,2023-08-05,Stephen,Costa,Other,22-07-1973,001-833-791-9749x94593,carlevans@example.net,23085 Katie Ridges,Guerrerotown,KS,99024,Armenia,High School,14,98291.02,"Psychologist, educational",Applied,Stephen Costa
3037,2023-07-04,Melissa,Johnson,Male,12-05-1984,759-752-8193x0028,elizabethkemp@example.com,77965 Jones Village,New Amandastad,SD,2641,Malaysia,PhD,16,82348.74,Horticultural therapist,Applied,Melissa Johnson
3038,2023-07-10,Michael,Lamb,Male,14-12-1994,246-730-5411x231,vmccarthy@example.net,5118 Victor Cove Suite 480,Rodriguezshire,WI,95897,Singapore,PhD,19,77392.63,Educational psychologist,Offered,Michael Lamb
3039,2023-06-16,Brian,Escobar,Female,24-04-1993,554-325-4850,ronald93@example.net,416 John Rue,Port Carolyn,PW,79164,Micronesia,Master's Degree,17,70237.92,Research scientist (maths),In Review,Brian Escobar
3040,2023-06-11,Sarah,Brown,Male,05-05-2003,895.911.0866,ericfarmer@example.org,914 Kevin Creek,Andersonmouth,NC,90755,Paraguay,High School,10,58648.46,Health service manager,Offered,Sarah Brown
3041,2023-06-17,Ronnie,Morales,Male,14-06-1979,920-364-4062,zburton@example.net,674 Burns Lock,Maryfort,FM,52222,Tajikistan,Bachelor's Degree,15,54419.34,Recycling officer,Interviewing,Ronnie Morales
3042,2023-07-22,Jason,Cohen,Male,10-10-1977,659.655.2714x89415,angelagarrett@example.org,7280 Perry Flats,Lake Dale,MS,75170,Ecuador,Master's Degree,7,92456.13,Aid worker,Applied,Jason Cohen
3043,2023-06-13,John,Lawrence,Male,14-12-1972,668-694-2971,david16@example.net,751 Evans Fords,Schroederton,MT,18040,Lesotho,High School,17,48207.12,Geophysicist/field seismologist,Interviewing,John Lawrence
3044,2023-05-09,Danielle,Bass,Other,21-08-2004,###############################################################################################################################################################################################################################################################,perkinscorey@example.net,041 Ann Mews,Beckhaven,GA,6187,Haiti,High School,4,88838.03,Stage manager,Offered,Danielle Bass
3045,2023-05-07,Michael,Myers,Male,16-04-1969,###############################################################################################################################################################################################################################################################,debbie69@example.com,437 Kelley Fort,Brownmouth,RI,46491,Trinidad and Tobago,High School,6,94888.23,Toxicologist,Applied,Michael Myers
3046,2023-05-25,Billy,Schneider,Male,10-02-2003,+1-685-849-4096x886,twright@example.com,695 Nathan Gateway Suite 654,East Destinyfurt,IL,78762,Cuba,PhD,20,50078.12,Restaurant manager,Offered,Billy Schneider
3047,2023-05-27,Donna,Lopez,Other,24-03-1994,###############################################################################################################################################################################################################################################################,gillmichael@example.com,953 Robinson Common Suite 380,South Dean,MP,26205,Martinique,Bachelor's Degree,3,79882.45,Information officer,Rejected,Donna Lopez
3048,2023-05-23,Matthew,Harris,Other,12-06-1966,362-277-4245,loganali@example.com,9498 Megan Path Apt. 827,West Edwardberg,SC,94065,Bahrain,Master's Degree,3,54993.1,Engineering geologist,In Review,Matthew Harris
3049,2023-07-09,Melody,Diaz,Other,04-02-1989,001-967-772-0573,theresabaker@example.org,4935 Jennifer Estate,Kimberlyburgh,NC,52875,Bahrain,High School,9,38181.93,Set designer,Applied,Melody Diaz
3050,2023-05-22,Kenneth,Jones,Other,29-08-1980,617-434-5636x01123,fmitchell@example.org,0316 Nicholson Shoals Suite 771,West Jenniferland,LA,6278,Nauru,Master's Degree,9,49255.28,Intelligence analyst,Rejected,Kenneth Jones
3051,2023-07-30,Mark,Gonzalez,Female,17-01-2004,299.691.5768x4689,rphillips@example.net,15050 Roth Track,Milesstad,MT,96753,Brazil,High School,17,87484.96,Plant breeder/geneticist,In Review,Mark Gonzalez
3052,2023-08-05,Heather,Lane,Other,22-01-1984,(997)300-1191,wwilson@example.com,87074 Bush Ville,Port Rodney,CO,30938,Gabon,High School,16,59190.69,"Engineer, production",In Review,Heather Lane
3053,2023-05-26,Zachary,Garcia,Other,14-10-1979,(935)990-0078,whamilton@example.com,9699 Tracy Stravenue Apt. 241,Port Jeffreyshire,VT,80670,Mauritania,PhD,10,67939.62,Chemical engineer,Rejected,Zachary Garcia
3054,2023-06-21,Jeffrey,Gonzales,Female,03-07-1993,(341)712-3884x6576,swansonrobert@example.org,3915 Tracy Loop Apt. 467,New Katherine,NE,62434,Estonia,PhD,15,53911.19,Civil Service fast streamer,Offered,Jeffrey Gonzales
3055,2023-05-23,Kenneth,Ray,Female,22-05-1971,001-935-249-4393x00304,kimberlywheeler@example.com,05577 Deborah Junctions,Ernestville,RI,88377,Latvia,PhD,20,46261.01,Sports development officer,Offered,Kenneth Ray
3056,2023-07-10,Amanda,Campbell,Other,22-07-1978,705-615-5376x775,manningrenee@example.com,4482 Melissa Rest,Barbaraburgh,OK,69697,Costa Rica,High School,19,45238.17,Brewing technologist,Offered,Amanda Campbell
3057,2023-07-22,Brian,Kelly,Other,14-10-1998,###############################################################################################################################################################################################################################################################,mccoywendy@example.org,448 Lisa Crossing Apt. 570,Trujilloland,TX,17696,Marshall Islands,Master's Degree,10,80087.98,Health service manager,Interviewing,Brian Kelly
3058,2023-06-18,Jonathan,Berry,Female,29-08-2003,477-504-6657x741,morganfitzgerald@example.org,01203 James Route Apt. 552,North Charlesburgh,MA,48309,Trinidad and Tobago,PhD,4,31178.81,Call centre manager,Rejected,Jonathan Berry
3059,2023-05-25,Suzanne,Turner,Male,16-10-1972,+1-247-906-3430x41203,michellemorgan@example.org,0692 Marks Dale Apt. 540,Jonesburgh,VT,91372,Syrian Arab Republic,High School,10,79527.91,Multimedia specialist,In Review,Suzanne Turner
3060,2023-05-14,Jennifer,Martinez,Female,08-07-2001,+1-256-520-1160x15676,keithramirez@example.com,10348 Harrell Drive Apt. 133,Port Samuelmouth,GA,17630,Uruguay,Master's Degree,19,92865.66,Office manager,In Review,Jennifer Martinez
3061,2023-06-21,Reginald,Patterson,Male,07-02-2002,629.555.8902x0143,jstanley@example.net,5629 Dennis Course,New Scottville,DC,69348,Lebanon,Master's Degree,15,59204.59,Energy engineer,Rejected,Reginald Patterson
3062,2023-07-16,Jose,Glass,Male,17-03-1974,+1-754-714-5473x817,villarrealmichele@example.org,9365 Floyd Plaza Suite 723,Port Edwardstad,NE,60539,Yemen,Bachelor's Degree,12,88791.3,Passenger transport manager,Applied,Jose Glass
3063,2023-06-14,John,Garner,Male,04-03-1973,971.878.7268,woodkeith@example.com,84213 Marie Corners Suite 821,Hendersonmouth,OH,16490,Zambia,Bachelor's Degree,14,60748.83,Academic librarian,Offered,John Garner
3064,2023-07-29,Joanne,Strickland,Male,08-07-2004,274-728-5006x818,amandadavidson@example.net,366 Poole Estates,Pamelahaven,MO,17406,Libyan Arab Jamahiriya,Master's Degree,1,64988.15,Warden/ranger,Applied,Joanne Strickland
3065,2023-07-07,William,Smith,Female,09-04-1964,969-953-8212x51991,schultzjoshua@example.org,451 Jones Cliffs Suite 459,Penningtonfort,MN,68580,Luxembourg,Bachelor's Degree,11,95223.52,Paediatric nurse,Applied,William Smith
3066,2023-06-26,Kelly,Heath,Male,07-10-1991,+1-335-409-9817x093,lorilee@example.com,5018 Saunders Ridges Apt. 416,West Davidstad,NE,985,Romania,PhD,15,39151.98,Economist,Offered,Kelly Heath
3067,2023-06-11,Matthew,Anderson,Female,30-03-1966,001-997-799-3186x0902,ryan86@example.com,987 Avila Landing Apt. 069,West Thomasberg,OR,44138,Saint Lucia,Master's Degree,15,98871.41,Building control surveyor,In Review,Matthew Anderson
3068,2023-05-07,Michael,Andrade,Female,04-09-1994,327-254-9487x46112,ellislauren@example.net,3871 Ryan Alley Suite 358,East Daltonmouth,NV,30409,Togo,Bachelor's Degree,2,99976.54,Training and development officer,In Review,Michael Andrade
3069,2023-07-25,Katie,Hayden,Other,05-07-1979,471.620.3983,anthony52@example.com,2348 Gray Village Suite 577,Lake Davidbury,PW,3064,Kenya,Bachelor's Degree,8,94013.53,Fish farm manager,Rejected,Katie Hayden
3070,2023-07-16,Charlene,Smith,Female,24-07-1974,###############################################################################################################################################################################################################################################################,whitakernicholas@example.com,53966 Gomez Summit Suite 110,New Laurafurt,VI,14816,Ukraine,PhD,18,55524.45,Television camera operator,Rejected,Charlene Smith
3071,2023-05-16,Thomas,Barton,Female,10-07-1986,349.662.3343,alancortez@example.com,765 Navarro Freeway Suite 519,Fisherfurt,NY,39014,Fiji,PhD,13,53409.93,Seismic interpreter,Applied,Thomas Barton
3072,2023-07-07,Chad,Decker,Other,26-07-1986,001-514-961-8908x20264,jasonbarker@example.com,5105 Megan Trail,East Heatherfort,AK,74601,United Arab Emirates,Bachelor's Degree,4,61715.91,Sub,Applied,Chad Decker
3073,2023-07-18,Dylan,Reyes,Other,10-05-1995,001-978-809-6162x03834,tommy97@example.net,77267 Timothy Spur Apt. 477,Sabrinachester,CT,15041,Angola,Bachelor's Degree,5,90200.07,Secondary school teacher,Offered,Dylan Reyes
3074,2023-06-28,Whitney,Thompson,Female,14-11-1981,997.704.2920x448,vhenry@example.org,83466 Nathaniel Throughway Suite 129,Bellmouth,SD,29933,Turkey,PhD,9,88264.99,"Scientist, physiological",In Review,Whitney Thompson
3075,2023-08-04,Jesse,Warren,Female,30-03-1994,###############################################################################################################################################################################################################################################################,mblack@example.com,336 Taylor Lakes Apt. 661,Juliemouth,CA,73634,Madagascar,Master's Degree,0,43144.03,Charity officer,In Review,Jesse Warren
3076,2023-06-20,Charles,Ballard,Male,04-11-1963,+1-461-693-7997x310,kyledavis@example.com,748 Michael Corner,Port James,GA,67059,Holy See (Vatican City State),PhD,13,92852.04,Electronics engineer,Offered,Charles Ballard
3077,2023-05-06,Thomas,Liu,Male,05-07-1979,(203)411-8042,macdonaldrobert@example.org,87738 Kelsey Extension Suite 174,Port Erinburgh,MO,42172,Kuwait,Bachelor's Degree,19,77160.41,Camera operator,Rejected,Thomas Liu
3078,2023-06-11,Colin,Fisher,Male,03-11-1971,001-735-220-6501x97481,patricia40@example.com,0618 Cardenas Divide Suite 392,Rowlandborough,VI,95400,Western Sahara,Bachelor's Degree,3,90473.28,Translator,Rejected,Colin Fisher
3079,2023-05-11,Nicholas,King,Other,22-07-1972,(783)863-6259,evelyn05@example.com,714 Peter Street Suite 363,Mirandaborough,VA,19020,Seychelles,High School,10,43992.88,"Optician, dispensing",Rejected,Nicholas King
3080,2023-05-10,Susan,Nolan,Other,20-07-1984,519.550.2481,christine74@example.com,147 Taylor Manor Suite 490,South Savannah,CA,81812,Libyan Arab Jamahiriya,PhD,9,92375.06,"Engineer, drilling",Interviewing,Susan Nolan
3081,2023-06-27,Greg,Cohen,Other,02-09-1974,306-590-2877x4632,browningsara@example.org,709 Jones Island,Alexischester,MO,65117,Antarctica (the territory South of 60 deg S),High School,5,71709.08,Diagnostic radiographer,Offered,Greg Cohen
3082,2023-07-10,Justin,Simmons,Male,13-11-1964,001-255-530-1333x41952,adamherring@example.org,18570 Alexandra Brook,Mccarthyview,NE,44649,India,Master's Degree,0,41923.83,Counselling psychologist,Applied,Justin Simmons
3083,2023-07-06,Joseph,Jones,Female,07-04-1971,(960)934-2288x6665,raymondrivera@example.com,24998 Palmer Radial Suite 741,New Eddie,MI,28490,Barbados,Bachelor's Degree,6,31321.28,Advertising art director,In Review,Joseph Jones
3084,2023-05-26,Debra,Martinez,Other,18-11-1986,516-998-8586,arellanomelissa@example.org,21618 Dustin Shoal Suite 339,East Leslie,ME,1776,Saint Vincent and the Grenadines,Bachelor's Degree,19,65402.83,Medical physicist,Applied,Debra Martinez
3085,2023-07-13,Seth,Chambers,Female,17-02-1994,(896)966-8259x2912,vthomas@example.com,8680 Michael Spur Suite 208,Brownstad,IN,65417,Saint Kitts and Nevis,Bachelor's Degree,7,89787.26,Dramatherapist,Interviewing,Seth Chambers
3086,2023-07-29,Gina,Benson,Female,27-12-1994,###############################################################################################################################################################################################################################################################,brianherrera@example.net,481 Bennett Ways,North Michael,OH,60779,United States Minor Outlying Islands,Master's Degree,16,50870.33,"Engineer, technical sales",Offered,Gina Benson
3087,2023-07-13,Mark,Guzman,Male,23-11-1970,(933)880-4235x74244,gibbsfernando@example.org,9488 Christian Prairie Apt. 404,North Mercedes,CT,63957,Congo,PhD,12,94430.11,"Therapist, sports",Rejected,Mark Guzman
3088,2023-07-18,Michael,King,Female,25-04-2002,512.750.7595x4835,deleonrandall@example.com,463 Willis Views,North Andrewburgh,ND,81206,Nepal,Bachelor's Degree,0,37348.57,Lawyer,In Review,Michael King
3089,2023-06-13,Mary,Lopez,Other,22-11-1984,(853)388-0123,mwilliams@example.net,5498 Richardson Street,Floresbury,AK,29747,Nauru,High School,18,55455.74,Phytotherapist,Offered,Mary Lopez
3090,2023-07-05,Michelle,Walker,Male,18-06-1979,(356)793-6624x79489,judybates@example.org,94393 Gonzales Unions,Hintonport,VA,57756,Guinea,Master's Degree,14,97624.32,"Administrator, local government",In Review,Michelle Walker
3091,2023-06-15,Audrey,Downs,Female,10-10-1963,(783)618-8723,jeffreyyu@example.com,281 Mason Gateway,West Virginia,CO,93111,Finland,Master's Degree,8,95442.45,"Exhibitions officer, museum/gallery",Interviewing,Audrey Downs
3092,2023-07-07,Michael,Velazquez,Female,02-08-1969,997-354-2889x000,andreaperez@example.net,632 Christopher Extensions Suite 729,Port Andres,WA,45608,Algeria,High School,4,97926.55,Broadcast journalist,Offered,Michael Velazquez
3093,2023-05-18,Matthew,Johnson,Male,02-02-1984,###############################################################################################################################################################################################################################################################,eking@example.com,53559 Lisa Landing Apt. 779,West Johnny,DE,33972,Micronesia,Bachelor's Degree,10,57392.92,"Psychologist, occupational",Rejected,Matthew Johnson
3094,2023-05-27,Willie,Lester,Male,05-01-2001,672.403.7605x600,lopezrobert@example.org,051 Hayes Valley Apt. 315,Nataliemouth,MD,10464,Syrian Arab Republic,Bachelor's Degree,2,45788.02,Medical physicist,Offered,Willie Lester
3095,2023-07-06,Kristin,Anderson,Other,06-08-1969,(690)528-4304,adamjohns@example.com,88342 Jones Stravenue Suite 535,New Michael,OR,57838,Brunei Darussalam,Bachelor's Degree,13,32020.75,Dietitian,Applied,Kristin Anderson
3096,2023-07-30,David,Gill,Other,17-03-1996,001-592-234-9569x096,williamshaw@example.com,2030 Matthew Isle,East Jesse,NC,5991,Palau,Bachelor's Degree,4,98503.52,Aid worker,Interviewing,David Gill
3097,2023-05-06,Lauren,Wells,Male,11-05-1997,502-744-2596x294,jacobhill@example.com,534 Claire Manors,New Jasonberg,MP,66309,Jamaica,Master's Degree,5,80524.78,Sales executive,Offered,Lauren Wells
3098,2023-06-22,Ryan,Adams,Other,15-03-2005,(866)838-5716x9837,ashleyelliott@example.org,8690 Stephanie Corners Apt. 550,Kellyfort,MS,86628,Gabon,PhD,16,62775.6,Systems analyst,In Review,Ryan Adams
3099,2023-06-09,Andrew,Valdez,Male,04-02-1976,+1-227-493-7497x7596,bryansmith@example.com,731 Wilson Lakes Suite 362,New Ashleyshire,VI,70401,Thailand,Bachelor's Degree,8,70202.95,"Conservator, furniture",Interviewing,Andrew Valdez
3100,2023-07-30,Brandon,Smith,Other,01-03-1964,607.693.4880x7031,careyrobert@example.com,352 Schneider Knoll,Port Meghan,AR,52930,Hungary,High School,11,52772.34,Exercise physiologist,Rejected,Brandon Smith
3101,2023-07-19,Jeffery,Ward,Other,07-08-1965,(862)495-4678x7757,jbishop@example.org,747 West Island,Katherinemouth,CO,85508,Liechtenstein,Bachelor's Degree,16,65352.88,Child psychotherapist,In Review,Jeffery Ward
3102,2023-06-02,Heather,Robbins,Male,08-06-1968,(534)604-8842,sdavis@example.net,51662 Oscar Trail,Webbberg,SC,5921,French Polynesia,PhD,8,42566.89,Broadcast engineer,In Review,Heather Robbins
3103,2023-07-19,Colleen,Cole,Female,03-02-1967,+1-634-724-3304x095,abigail23@example.com,704 Mcintyre Route,North David,GU,63303,Turks and Caicos Islands,High School,7,46055.73,"Clinical scientist, histocompatibility and immunogenetics",Rejected,Colleen Cole
3104,2023-07-30,Jose,Thompson,Male,15-07-1979,001-906-648-8335x93657,johnsonsheila@example.com,8640 Anderson Place Apt. 740,Elizabethborough,IA,62294,Estonia,Master's Degree,17,79102.87,"Engineer, water",Offered,Jose Thompson
3105,2023-05-19,Michael,Ellison,Female,19-06-2002,220-292-7120,nataliegraham@example.net,0050 Martinez Neck,Burnston,WY,81687,Grenada,Bachelor's Degree,14,57186.11,Marketing executive,Applied,Michael Ellison
3106,2023-06-15,Kristen,Bailey,Female,04-06-1991,001-234-299-0231x89994,ecunningham@example.net,25014 Long Springs,Kellyfurt,AZ,28158,Trinidad and Tobago,Master's Degree,4,75513.74,Armed forces training and education officer,Applied,Kristen Bailey
3107,2023-06-07,Christopher,Scott,Other,16-06-1973,(985)943-7597x485,michellekeller@example.org,9407 Evans Spurs,Lake Edwin,OH,36668,Romania,PhD,9,31115.25,"Optician, dispensing",In Review,Christopher Scott
3108,2023-07-12,Eric,Hernandez,Female,17-10-1990,867.677.6206,smithvincent@example.com,50761 Russell Mountains,Lake Nathanielburgh,CT,4795,Cameroon,PhD,3,87217.94,Medical technical officer,Offered,Eric Hernandez
3109,2023-05-07,Tonya,Smith,Male,03-03-2005,+1-350-919-8426x867,gquinn@example.net,727 Barnes Brooks Suite 747,Cookview,KY,69142,Madagascar,Bachelor's Degree,0,35668.1,Publishing copy,In Review,Tonya Smith
3110,2023-06-06,Kevin,Gomez,Female,23-03-1990,638.903.8787,hrodriguez@example.org,0878 Johnson Throughway,Arnoldmouth,ND,6431,Monaco,Master's Degree,5,95662.7,Sports development officer,Offered,Kevin Gomez
3111,2023-06-02,Eric,Alvarez,Female,01-11-1973,(566)361-2066,tanderson@example.net,10205 Adrienne Rapids Apt. 560,Walkerberg,UT,39284,Austria,PhD,8,91582.16,Special educational needs teacher,Applied,Eric Alvarez
3112,2023-05-18,Michael,Tucker,Other,17-11-1987,(272)569-5498x9295,heather66@example.net,82863 Daniels Courts Apt. 657,East Joshuaview,WA,20157,Bulgaria,Bachelor's Degree,3,79354.81,"Psychologist, prison and probation services",Interviewing,Michael Tucker
3113,2023-07-02,Eric,Fisher,Female,11-09-1986,223-501-4086x2979,jose23@example.com,2239 Robert Islands,East Leefurt,ND,27028,Brazil,High School,10,31819.95,IT technical support officer,Offered,Eric Fisher
3114,2023-06-09,Rachael,Suarez,Male,07-04-1991,615-665-3392,iwarren@example.net,4463 Paul Corner Suite 214,East Theodorehaven,AK,75541,United States of America,High School,1,44014.4,Ambulance person,Rejected,Rachael Suarez
3115,2023-07-14,Tammy,Brown,Female,19-10-1964,###############################################################################################################################################################################################################################################################,valdezcathy@example.net,5863 Brandon Mountain,Port Ariana,MD,74040,Greenland,High School,8,42692.91,Set designer,Rejected,Tammy Brown
3116,2023-06-29,Christine,Wilkinson,Male,18-08-1977,###############################################################################################################################################################################################################################################################,williamsbelinda@example.com,8053 Travis Tunnel Apt. 183,Lake Wendyside,AK,46501,Croatia,Bachelor's Degree,1,70553.3,Community education officer,Rejected,Christine Wilkinson
3117,2023-06-22,Lawrence,Wilson,Female,03-03-1980,###############################################################################################################################################################################################################################################################,vpineda@example.com,94780 Jackson Corners Apt. 314,North Elizabeth,OK,65367,Holy See (Vatican City State),High School,17,60700.06,Race relations officer,Rejected,Lawrence Wilson
3118,2023-05-30,John,Fox,Other,17-01-1993,315.531.8329,aguilarangela@example.net,948 Jennifer Viaduct,West Markburgh,RI,31116,Panama,Bachelor's Degree,8,92749.17,Optometrist,Interviewing,John Fox
3119,2023-06-05,Olivia,Mcclure,Female,23-12-1967,564-214-9049x90272,williamdavis@example.org,4709 Kimberly Forges,Lake Denise,NE,84604,Cuba,High School,10,48679.54,Fashion designer,Applied,Olivia Mcclure
3120,2023-06-24,Stephanie,Horne,Female,03-08-1985,(612)587-5633,marielopez@example.net,596 Valencia Manor Apt. 216,Tracieton,AS,37833,Ireland,Master's Degree,10,82647.54,Print production planner,Offered,Stephanie Horne
3121,2023-07-05,Lori,Weiss,Female,01-08-1978,890-734-4083x13008,dduncan@example.com,9754 Bolton Canyon,Bridgesfurt,MS,22961,Georgia,Bachelor's Degree,17,87504.88,"Scientist, product/process development",Applied,Lori Weiss
3122,2023-07-31,Alyssa,Hansen,Female,21-10-1997,620.261.6294x577,singhdennis@example.org,31762 Jermaine Parkways Suite 476,Johnnyborough,ND,18478,Norfolk Island,High School,2,70318.7,Financial trader,Interviewing,Alyssa Hansen
3123,2023-05-15,Steven,Joseph,Other,21-03-2004,907.631.3458x860,stephen25@example.org,30141 Laurie Stravenue,Mannshire,IL,32388,Egypt,PhD,19,51620.82,Financial controller,Offered,Steven Joseph
3124,2023-06-18,Ashley,Garcia,Male,11-07-1986,+1-215-980-4155x66575,traceyberry@example.com,1031 Morales Village,South Kelly,IN,19271,Finland,Bachelor's Degree,0,38048.66,Learning disability nurse,In Review,Ashley Garcia
3125,2023-05-29,Chad,Newton,Male,25-09-1979,+1-936-444-2218x20333,fordmichael@example.com,16761 Ellison Corners,West Glenn,OR,8256,Jamaica,High School,17,58579.98,"Scientist, research (physical sciences)",Interviewing,Chad Newton
3126,2023-05-06,Taylor,Chan,Male,30-10-1963,001-465-912-5553x146,cynthia42@example.net,16085 Robert Plaza,New Susanchester,CO,55611,Myanmar,Bachelor's Degree,5,61995.18,Magazine journalist,Applied,Taylor Chan
3127,2023-08-02,Alexandra,Medina,Other,18-11-2004,905.817.0175,brittanypena@example.net,2542 Hensley Glens Apt. 436,Martinezfort,MP,91699,Myanmar,PhD,11,64162.35,Maintenance engineer,Offered,Alexandra Medina
3128,2023-06-16,Michelle,George,Female,28-12-1968,200-347-1308,zmiller@example.com,59088 Marquez Junction Apt. 503,New Jennifer,NE,54695,South Africa,High School,8,48542.28,"Restaurant manager, fast food",In Review,Michelle George
3129,2023-06-08,Larry,Adams,Other,06-03-2000,613-983-7538x9656,jose10@example.org,6238 William Circle Suite 093,East Luke,MH,85174,Morocco,Master's Degree,18,67953.56,Museum education officer,Offered,Larry Adams
3130,2023-07-15,Jared,Anthony,Other,10-02-1992,919-211-5727x17754,randalljones@example.com,629 Miller Prairie,Brandymouth,AS,87839,French Southern Territories,Bachelor's Degree,10,46302.09,"Therapist, drama",Interviewing,Jared Anthony
3131,2023-07-09,John,Johnson,Female,27-06-1968,855.966.2132x20892,coreyespinoza@example.org,1925 Garrett Greens,Juanshire,MS,60678,British Virgin Islands,Bachelor's Degree,12,41847.32,"Engineer, agricultural",Applied,John Johnson
3132,2023-06-19,William,Schneider,Other,24-12-1966,###############################################################################################################################################################################################################################################################,alexander21@example.net,093 Billy Lakes Suite 510,Robertsonmouth,KY,12805,Liberia,Master's Degree,17,39495.55,Clinical biochemist,In Review,William Schneider
3133,2023-06-11,Rebecca,Harris,Other,04-12-1964,001-750-579-0944x41547,philipduncan@example.net,278 Candice Shore,Lisaview,WV,62302,Uganda,PhD,15,71527.0,"Designer, ceramics/pottery",Offered,Rebecca Harris
3134,2023-07-09,Dale,Mendoza,Female,12-04-1969,+1-363-373-9049x421,erose@example.net,630 Jenkins Walk,Brayfort,NC,91156,Netherlands,Master's Degree,4,74475.81,Translator,Applied,Dale Mendoza
3135,2023-07-17,Joshua,Jenkins,Other,11-09-2004,###############################################################################################################################################################################################################################################################,reginald60@example.com,10995 Wiggins Spurs,Christinaview,IN,80604,Montserrat,Master's Degree,1,53160.39,"Geneticist, molecular",Offered,Joshua Jenkins
3136,2023-07-05,Patricia,Mccall,Other,25-12-1976,366.692.0197x296,shannon21@example.com,241 Jacob Tunnel Apt. 008,Mariashire,UT,33738,Barbados,Bachelor's Degree,5,50429.77,Public relations account executive,Applied,Patricia Mccall
3137,2023-07-20,Sarah,Mendoza,Other,16-01-1984,###############################################################################################################################################################################################################################################################,andersonmadison@example.net,7734 Banks Stravenue Suite 414,Sheppardfurt,AK,36758,Puerto Rico,Master's Degree,13,92719.78,Retail banker,In Review,Sarah Mendoza
3138,2023-06-13,Sean,Bailey,Other,11-12-2003,(927)851-7825x194,rgomez@example.net,38727 Davies Shore Apt. 312,Laurenmouth,MI,83816,Malaysia,PhD,18,71166.91,"Psychotherapist, child",Rejected,Sean Bailey
3139,2023-07-03,Angela,Beltran,Female,15-11-1968,317.358.6795,jzavala@example.com,70069 Roberts Green,West Tammy,NV,75889,Sao Tome and Principe,PhD,7,61829.89,"Engineer, maintenance",Interviewing,Angela Beltran
3140,2023-06-03,Robert,Smith,Other,10-03-1971,797-233-8674x773,mjohnson@example.org,312 Brenda Drive,Alexanderberg,NE,23855,Niue,High School,9,51766.02,Archivist,In Review,Robert Smith
3141,2023-06-03,Kathryn,Perez,Male,03-12-1969,923.630.9287x66516,carolterry@example.org,394 Edwards Land Apt. 147,Parkertown,NJ,83655,Germany,High School,16,58607.04,"Buyer, retail",Applied,Kathryn Perez
3142,2023-05-30,Elizabeth,Park,Male,27-08-1970,(227)228-7309,moliver@example.org,40785 Stewart Spring Apt. 147,Alisonberg,TX,11196,Philippines,PhD,12,92263.19,Radiation protection practitioner,Rejected,Elizabeth Park
3143,2023-05-18,Rebecca,Shaw,Other,25-02-1994,###############################################################################################################################################################################################################################################################,bmcdaniel@example.com,35988 Kimberly Tunnel Suite 490,East Christopher,FM,44393,Antarctica (the territory South of 60 deg S),Bachelor's Degree,14,43252.75,Musician,Offered,Rebecca Shaw
3144,2023-07-16,Lisa,Paul,Female,07-07-1970,959-728-5557x386,williamsimmons@example.com,106 Hamilton Ridge,Jefferyview,CO,88727,Morocco,PhD,15,38832.21,"Engineer, site",Applied,Lisa Paul
3145,2023-06-25,Alexis,Torres,Female,28-04-1971,965.997.7417x6799,gilesdanielle@example.net,7882 Davis Mills Suite 977,Richardview,NC,57743,Portugal,Master's Degree,10,93367.9,Civil Service fast streamer,Offered,Alexis Torres
3146,2023-07-02,Jessica,Adams,Other,10-12-1991,623.551.1872x6048,qallen@example.net,1489 George Forest,Lisafort,NE,64083,Belize,PhD,4,87215.75,Counsellor,Interviewing,Jessica Adams
3147,2023-07-27,Sarah,Hall,Male,29-12-1993,+1-594-921-0777x20873,tdavenport@example.org,550 Christopher Rapid Suite 136,Kellyfurt,FL,1794,Kiribati,PhD,14,41426.2,Multimedia programmer,Rejected,Sarah Hall
3148,2023-05-19,Jennifer,Jackson,Male,18-01-2004,870.528.9934x5190,richardwanda@example.net,421 Hernandez Village,Lawrenceshire,MT,86351,Guam,Master's Degree,18,48165.79,Occupational hygienist,Rejected,Jennifer Jackson
3149,2023-07-15,Bryan,Drake,Female,13-12-1976,001-260-618-8025x1617,eric74@example.net,5206 Murphy Shoals,Flowerschester,NV,41474,Uganda,High School,15,43995.02,"Teacher, primary school",Rejected,Bryan Drake
3150,2023-07-02,Caleb,Robinson,Female,10-12-1979,547-496-4025x0311,brucerichard@example.org,231 Smith Hill Apt. 543,West Robert,SC,36397,Jersey,Master's Degree,2,93445.35,Nature conservation officer,In Review,Caleb Robinson
3151,2023-06-18,Ronald,Kennedy,Male,09-01-1967,(281)216-6565,carrieorozco@example.org,55395 Steve Shores Apt. 958,Lake Julie,OR,45951,French Southern Territories,Master's Degree,14,37147.35,Architect,Rejected,Ronald Kennedy
3152,2023-05-14,Jessica,Kirby,Female,18-12-2003,+1-567-424-9477x753,cindy00@example.org,299 Renee Ports,Jodyton,WV,16664,Oman,Bachelor's Degree,1,42229.24,Clinical molecular geneticist,Interviewing,Jessica Kirby
3153,2023-06-21,Tammy,Russell,Other,18-02-2002,001-248-555-9776,nicholasbyrd@example.com,2729 Stephen Isle,North Monica,IA,15866,Austria,Bachelor's Degree,13,71322.51,Firefighter,Interviewing,Tammy Russell
3154,2023-06-10,Natasha,Turner,Other,28-08-1979,589-209-6451x6673,brendan01@example.net,6695 Wilson Village Apt. 086,East Thomas,NV,73721,Reunion,High School,3,82885.58,Maintenance engineer,In Review,Natasha Turner
3155,2023-07-17,Brittney,Bradshaw,Male,16-12-1968,001-724-814-2601x9252,carlwilson@example.org,40897 Mitchell View Apt. 221,Port Christianhaven,NJ,81722,Finland,High School,2,95571.73,Chartered management accountant,Offered,Brittney Bradshaw
3156,2023-07-16,Cody,Campbell,Female,21-02-1987,###############################################################################################################################################################################################################################################################,kathleen40@example.com,058 Logan Course,Port Melissaland,AK,99202,Malta,High School,5,68876.4,Electronics engineer,In Review,Cody Campbell
3157,2023-07-10,Edwin,Thompson,Other,21-10-1987,+1-512-529-9283x0283,monica49@example.net,598 Mccullough Keys,Johnsonville,NH,91308,Bermuda,Master's Degree,20,97964.37,Best boy,Offered,Edwin Thompson
3158,2023-05-27,John,Williams,Other,01-05-1968,399-658-9454x861,staceybarnes@example.net,29664 Warren Crest Suite 457,Dunlapville,MA,63127,Marshall Islands,Bachelor's Degree,20,91580.43,Aid worker,Applied,John Williams
3159,2023-06-09,Tyler,Hayes,Other,22-12-1983,771-357-1609,timmiller@example.com,964 Robert Manors Apt. 481,East Aaron,MP,18207,Mexico,Bachelor's Degree,9,47270.35,Materials engineer,Offered,Tyler Hayes
3160,2023-07-23,Joseph,Taylor,Male,12-10-1999,672-706-3957x809,wharper@example.org,487 Hartman Branch,Ericton,VA,34797,Turkey,High School,15,91488.05,Information systems manager,In Review,Joseph Taylor
3161,2023-06-11,Kathy,Powers,Female,01-08-1972,(256)734-0556,cheryl19@example.com,360 Scott Roads Apt. 466,West Jane,LA,26680,Tanzania,Bachelor's Degree,15,47738.96,Health service manager,Applied,Kathy Powers
3162,2023-05-27,Randall,Howell,Other,12-02-1977,(981)740-8541x47678,billlawson@example.net,648 Williams Stravenue,Lopezfurt,MT,93522,Dominican Republic,PhD,10,98134.82,"Geologist, wellsite",Rejected,Randall Howell
3163,2023-07-09,Angela,Jackson,Male,18-01-1992,+1-963-804-5567x83835,walshmelissa@example.com,0929 Michael Square,Manuelhaven,NC,81846,Bahamas,PhD,16,69537.46,IT consultant,In Review,Angela Jackson
3164,2023-06-20,Stephanie,Wilson,Other,16-05-1978,(420)359-7433,garciamichael@example.org,6316 Keith Pike,New Danielchester,AR,46964,Belgium,High School,11,54829.17,Materials engineer,In Review,Stephanie Wilson
3165,2023-07-10,Joseph,Tate,Male,24-08-1981,834-726-3433,evanmorales@example.net,1123 Melendez Curve Apt. 427,West Diane,AL,97069,Bulgaria,High School,11,34140.09,"Surveyor, quantity",Offered,Joseph Tate
3166,2023-06-25,Jerome,Medina,Female,15-02-1972,001-353-570-2911x699,jacob65@example.net,01884 Pamela Parkway Apt. 780,Chenmouth,OK,31275,France,Master's Degree,12,66741.34,Museum/gallery conservator,Rejected,Jerome Medina
3167,2023-06-30,Sara,Powell,Female,14-08-1962,(583)729-0850x960,lopezrobert@example.net,01275 Karina Trafficway,Hebertside,VA,10866,Chad,Bachelor's Degree,4,44651.0,Television production assistant,Rejected,Sara Powell
3168,2023-05-29,Thomas,Stevens,Male,31-10-1975,855-616-0871,steven89@example.org,25682 Eddie Freeway,Codyside,NY,76855,Armenia,Master's Degree,14,86762.59,Ambulance person,In Review,Thomas Stevens
3169,2023-07-17,Dustin,Russell,Male,26-02-1996,454.237.9564x788,mooneyashley@example.net,4384 Koch Road Suite 147,West Mariahborough,NJ,60490,China,Master's Degree,3,91378.64,"Accountant, chartered management",In Review,Dustin Russell
3170,2023-06-27,Lawrence,Clark,Male,05-01-2002,(747)458-3423,stephenberry@example.net,06998 Hernandez Drive Apt. 633,Lake Suzanne,VA,42530,Bhutan,High School,9,70406.82,Homeopath,Interviewing,Lawrence Clark
3171,2023-05-25,Nathan,Jennings,Male,10-10-1970,001-652-332-1777x34878,leekyle@example.com,28517 Cross Loaf Apt. 769,Lake Kayleeside,NJ,67431,Saint Pierre and Miquelon,Bachelor's Degree,6,72555.38,Market researcher,Applied,Nathan Jennings
3172,2023-07-01,Walter,Erickson,Male,07-08-2003,(803)880-2736x508,bmccarty@example.net,940 John Throughway,Port Rachel,VA,88779,Kazakhstan,Bachelor's Degree,4,57641.34,Insurance underwriter,Applied,Walter Erickson
3173,2023-07-03,Brittney,Cannon,Male,02-05-1967,455-971-2117x6530,lperkins@example.com,2714 Khan Loaf,Anthonymouth,IN,35996,Falkland Islands (Malvinas),Master's Degree,17,77772.82,Insurance risk surveyor,Offered,Brittney Cannon
3174,2023-06-23,Wendy,Allen,Female,20-04-1976,810-766-4565,lewisthomas@example.com,9770 Heather Rapid Suite 315,West Rodney,TX,22337,Dominica,High School,9,35117.58,Television floor manager,Rejected,Wendy Allen
3175,2023-06-28,Angela,Walker,Male,11-07-1973,323-405-5117x23267,jnicholson@example.net,59133 Stacie Light,Port Thomashaven,GU,98245,Cyprus,Master's Degree,12,48537.06,Multimedia programmer,In Review,Angela Walker
3176,2023-07-16,Jeffrey,Miller,Male,14-04-1966,487-259-6835x9721,kyliecastro@example.org,1360 Caleb Cove Apt. 023,Lake Darrylshire,NC,75226,Indonesia,Master's Degree,1,52294.24,Telecommunications researcher,Applied,Jeffrey Miller
3177,2023-07-12,Abigail,Davis,Female,03-12-2000,+1-585-228-4685x126,obriendaniel@example.net,2654 Alexandria Mill Suite 326,East Karenfurt,CT,15903,New Zealand,PhD,4,91504.82,Personal assistant,Applied,Abigail Davis
3178,2023-06-10,Danielle,Sullivan,Other,27-07-1964,(215)853-9718x7234,ann84@example.org,2002 White Pine,Dylanshire,VT,75604,Central African Republic,Master's Degree,15,83496.4,"Therapist, horticultural",Interviewing,Danielle Sullivan
3179,2023-07-14,James,Alexander,Other,17-09-1962,655-314-6551x50700,hannahhoward@example.org,95793 Amanda Springs,Pereztown,NH,31656,Cyprus,Bachelor's Degree,6,31703.95,Intelligence analyst,Offered,James Alexander
3180,2023-07-17,James,Torres,Male,26-07-2002,943-379-0756,meredith21@example.org,55278 Hart Alley,North Amy,MN,78595,Malawi,Master's Degree,9,69875.88,Legal executive,Applied,James Torres
3181,2023-05-07,Christian,Flores,Female,08-02-1984,(530)920-8096,ykim@example.com,7836 Raymond Landing Suite 526,Juliefurt,HI,39892,Benin,PhD,8,33269.04,Public relations account executive,Offered,Christian Flores
3182,2023-07-22,Cody,Brock,Other,10-03-1988,447-466-5133x2228,hillrobin@example.com,916 Angela Trail,Velazquezshire,WA,52399,Sri Lanka,High School,15,97922.62,Chief Marketing Officer,Applied,Cody Brock
3183,2023-06-17,Scott,Chavez,Other,30-04-1973,001-407-616-5967x715,williamsalbert@example.net,2506 Walsh Isle,New Maria,RI,52791,Thailand,High School,0,50350.15,Animator,In Review,Scott Chavez
3184,2023-06-02,John,Holmes,Female,08-09-1985,231-606-7604x23727,xramirez@example.org,0228 Benjamin Stream Apt. 212,Michelleberg,WY,19950,Hong Kong,Bachelor's Degree,14,44178.77,"Therapist, horticultural",Rejected,John Holmes
3185,2023-08-01,Mariah,Phillips,Male,08-02-1964,613-647-9270x740,pduncan@example.org,5511 Kimberly Mount Suite 488,Smithfort,ME,26610,Canada,Bachelor's Degree,2,49988.36,"Engineer, broadcasting (operations)",Rejected,Mariah Phillips
3186,2023-06-22,Laura,Walton,Female,23-02-2003,(975)363-1445,jorge50@example.net,25401 Barber Key Apt. 623,Port Sandra,NC,21895,Angola,Bachelor's Degree,1,69185.91,Art gallery manager,Applied,Laura Walton
3187,2023-05-28,Preston,Rice,Female,01-12-1985,759.400.3489,laurenmoore@example.net,973 Hunter Brook,Emilytown,OR,26617,Tanzania,PhD,9,63703.13,"Engineer, maintenance (IT)",In Review,Preston Rice
3188,2023-05-31,Patrick,Jones,Other,01-02-1968,853-331-3584x63381,marybeard@example.org,526 Blake Islands Apt. 319,Mcgrathton,WV,70918,Italy,Bachelor's Degree,2,57710.45,Environmental consultant,In Review,Patrick Jones
3189,2023-06-14,Johnny,Hunt,Male,04-09-1969,224-370-8695x8792,kclark@example.org,64579 Erika Summit,West Janethaven,PA,11498,Saint Barthelemy,PhD,20,54128.51,Analytical chemist,Interviewing,Johnny Hunt
3190,2023-05-24,John,Robinson,Male,25-02-1963,731.966.3175x479,philipwilliams@example.net,85846 Watson Squares,Taylorberg,SC,73370,Ireland,PhD,19,43728.4,Printmaker,Interviewing,John Robinson
3191,2023-07-04,John,Sparks,Female,20-07-1990,851-907-0955x8616,kristi86@example.com,9621 West Spring Suite 373,East Allison,ME,3602,British Indian Ocean Territory (Chagos Archipelago),PhD,20,33210.08,Counselling psychologist,Interviewing,John Sparks
3192,2023-07-26,Catherine,Richardson,Female,07-01-1997,+1-763-451-3374x6721,elawson@example.com,978 David Falls Apt. 978,West Douglas,WV,31643,Maldives,Master's Degree,15,85506.42,Geophysical data processor,Applied,Catherine Richardson
3193,2023-05-28,Danielle,Smith,Other,26-12-1982,286.541.8490,bailey61@example.net,174 Carolyn Mountains,Garciamouth,TN,90220,Congo,Master's Degree,7,94875.24,Chartered loss adjuster,Applied,Danielle Smith
3194,2023-07-02,Natasha,Morris,Female,30-11-1979,+1-460-483-0872x1251,connierussell@example.org,17402 Nancy Crest Apt. 422,Lake Brandonfort,IN,23298,Mexico,Master's Degree,13,88916.14,"Teacher, early years/pre",Applied,Natasha Morris
3195,2023-07-04,Jason,Perkins,Other,10-09-2003,556.502.8019x70469,eileencombs@example.org,0922 Clarke Brook,Michaelfurt,MI,34294,Cote d'Ivoire,Bachelor's Degree,16,61122.66,Advice worker,Applied,Jason Perkins
3196,2023-07-16,Susan,Hopkins,Male,20-04-1988,463-922-2632,kevin56@example.org,132 Taylor Glens Apt. 556,Port Brandiburgh,OR,7519,Belize,PhD,19,95544.75,Museum education officer,Rejected,Susan Hopkins
3197,2023-06-02,Heather,Washington,Male,21-02-1975,###############################################################################################################################################################################################################################################################,ilove@example.org,863 Nicholas Row Suite 437,Petersonburgh,NH,53378,Thailand,Master's Degree,19,74094.22,Politician's assistant,Applied,Heather Washington
3198,2023-05-24,Adam,Werner,Other,09-03-1982,(684)941-9258x653,joliver@example.com,86578 Jeffrey Glen,Brendatown,TN,30340,Paraguay,Master's Degree,10,83959.11,"Administrator, local government",Interviewing,Adam Werner
3199,2023-07-18,Tiffany,Bell,Female,02-06-1978,001-290-796-4438x113,ununez@example.org,6514 Williams Shoals,Lake Candace,MN,93160,Guinea,High School,19,30489.0,Art therapist,Offered,Tiffany Bell
3200,2023-05-29,Fred,Turner,Female,21-06-1980,(741)470-3637x48013,amymendez@example.net,62551 Tiffany Court Apt. 432,South Jacobview,IA,60130,Comoros,Bachelor's Degree,4,80609.56,Building control surveyor,Interviewing,Fred Turner
3201,2023-08-02,Keith,Sullivan,Male,31-07-1976,###############################################################################################################################################################################################################################################################,jasonmalone@example.net,488 Davis Center,Shirleyfurt,PW,3590,United States Minor Outlying Islands,High School,15,42488.46,"Lecturer, further education",Interviewing,Keith Sullivan
3202,2023-08-02,Courtney,Rodriguez,Male,27-07-1988,(984)517-7772,merrittsheila@example.org,4571 Smith Ridge,Josephland,SD,92124,Montserrat,Master's Degree,16,64409.63,Marketing executive,Rejected,Courtney Rodriguez
3203,2023-05-19,Denise,Thompson,Other,09-03-2002,(446)929-0838x36207,wardamy@example.com,2724 Sarah Pine,Port Amandaview,NY,99897,Cyprus,High School,10,59887.59,Museum/gallery curator,In Review,Denise Thompson
3204,2023-06-29,Hannah,Dickerson,Other,14-09-1963,(457)432-3879x68834,flynnjessica@example.com,12965 Curtis Cliffs,Port Ian,CA,44651,India,Bachelor's Degree,2,40022.17,Customer service manager,Offered,Hannah Dickerson
3205,2023-06-19,Tony,Phillips,Female,22-04-1976,001-622-628-5841,millerjohn@example.org,77199 Rodriguez Overpass,Lauraburgh,MD,58928,Sri Lanka,High School,8,48220.31,Pharmacologist,In Review,Tony Phillips
3206,2023-07-04,Alan,Tran,Other,06-01-1990,(299)375-1746,hgonzalez@example.net,9118 Rodriguez Ports Apt. 245,Edwardsmouth,MH,13858,Antarctica (the territory South of 60 deg S),PhD,9,67332.7,Early years teacher,Applied,Alan Tran
3207,2023-07-03,Natalie,Smith,Male,27-04-1995,968-883-5300x8814,cooperroberta@example.net,109 Melissa Square Apt. 126,Phillipshaven,VT,97646,Ghana,Bachelor's Degree,14,49433.25,"Administrator, Civil Service",Applied,Natalie Smith
3208,2023-06-04,Heather,Marsh,Female,11-01-1974,436.468.9222x90585,ambergraves@example.org,07456 Clinton Field,Reginaland,AZ,13615,Algeria,PhD,14,66090.44,"Psychotherapist, dance movement",Offered,Heather Marsh
3209,2023-05-31,Tasha,Mcgee,Other,03-01-1963,+1-552-218-0740x168,john56@example.com,388 Ricky Extension,East Margaret,MO,34169,Chile,PhD,1,35816.98,"Merchandiser, retail",Interviewing,Tasha Mcgee
3210,2023-05-21,Justin,Jackson,Male,21-12-1991,001-882-913-6222x94265,sandra26@example.org,776 Wallace Court Suite 947,Port Gregory,TX,56828,Solomon Islands,PhD,11,91957.58,"Administrator, local government",Offered,Justin Jackson
3211,2023-07-17,David,Fuentes,Other,29-06-1983,+1-221-912-6367x564,denise13@example.net,1105 Novak Ramp Suite 003,West Debbie,WA,76396,Liechtenstein,Bachelor's Degree,0,55071.04,"Surveyor, land/geomatics",Interviewing,David Fuentes
3212,2023-07-04,Vincent,Houston,Other,16-11-1968,547-285-0039x921,kimjames@example.net,204 Wanda Heights,New Christopherberg,NH,46367,Falkland Islands (Malvinas),High School,17,70412.32,"Engineer, water",Rejected,Vincent Houston
3213,2023-06-15,Mary,Briggs,Male,20-10-1969,001-337-830-0480x14236,jenkinsalexander@example.net,705 Craig Meadow,Lake Mollyburgh,PW,38221,Brunei Darussalam,PhD,2,48888.77,Music tutor,Applied,Mary Briggs
3214,2023-07-24,Kimberly,Jones,Female,27-06-2004,001-538-793-9857x43344,peter68@example.com,1914 Lori Road,West Matthew,AL,95018,Paraguay,Bachelor's Degree,4,56849.62,Multimedia specialist,Offered,Kimberly Jones
3215,2023-05-08,Theresa,Taylor,Other,16-07-1970,(536)311-3033,odaniels@example.net,68545 Pennington Mission,West Monica,FM,39912,Saint Lucia,High School,5,33635.32,Chief Strategy Officer,In Review,Theresa Taylor
3216,2023-06-03,Marcus,Caldwell,Female,05-06-1990,###############################################################################################################################################################################################################################################################,ymendoza@example.com,115 Alexandria View,South Kevin,HI,669,Turkmenistan,High School,2,50785.75,English as a foreign language teacher,Rejected,Marcus Caldwell
3217,2023-07-23,Justin,Mendez,Male,13-07-2004,391-759-8643,pamelahunt@example.net,92544 Michael Summit,Thomasmouth,SC,61764,Nigeria,High School,2,89866.11,"Investment banker, corporate",Rejected,Justin Mendez
3218,2023-06-01,Cody,Bradford,Other,15-10-1962,507-831-8002,tristansilva@example.net,252 Rodriguez Alley,Lake Cynthia,NM,94855,Namibia,PhD,15,34810.88,"Clinical scientist, histocompatibility and immunogenetics",Applied,Cody Bradford
3219,2023-07-20,Autumn,Lang,Other,19-03-1999,001-668-581-5988x4922,ssutton@example.org,74659 Andrew View,South Williammouth,OR,11483,Spain,High School,14,41232.45,Fitness centre manager,Applied,Autumn Lang
3220,2023-05-30,Cheryl,Fitzgerald,Female,23-01-1984,001-955-624-8881x7434,matthew34@example.com,907 Dustin Mount,South Ryan,LA,3289,Sri Lanka,Master's Degree,0,44544.81,"Optician, dispensing",In Review,Cheryl Fitzgerald
3221,2023-06-04,Dalton,Fisher,Male,18-01-1964,###############################################################################################################################################################################################################################################################,richardsonluis@example.org,5236 Anthony Island Suite 222,Lake Ashleyton,PW,43359,Equatorial Guinea,Master's Degree,11,70220.47,Press sub,Interviewing,Dalton Fisher
3222,2023-05-15,Melissa,Cherry,Female,25-09-1986,###############################################################################################################################################################################################################################################################,dporter@example.com,2365 Green Drives,Lake Ericland,ND,85753,Germany,Bachelor's Degree,8,90778.55,Furniture designer,Applied,Melissa Cherry
3223,2023-05-08,Ryan,Webb,Other,02-08-2001,+1-959-282-5593x61814,jjackson@example.net,11248 Wise Center Suite 512,Mcdonaldside,NY,26217,Panama,PhD,8,79855.07,"Surveyor, minerals",In Review,Ryan Webb
3224,2023-07-26,Angela,Hardy,Male,21-09-1966,###############################################################################################################################################################################################################################################################,ericfrederick@example.org,813 Hall Trail,Lake Samantha,FL,72672,South Georgia and the South Sandwich Islands,Master's Degree,2,44885.46,"Embryologist, clinical",In Review,Angela Hardy
3225,2023-07-15,Nancy,Brown,Other,06-10-1995,212.739.8919,kristen43@example.org,34118 Jessica Club Suite 998,North Jonathan,FM,36586,Mexico,Bachelor's Degree,7,37408.45,"Surveyor, insurance",Interviewing,Nancy Brown
3226,2023-05-25,Leah,Perry,Female,04-06-2004,(726)887-5164x273,arussell@example.net,1069 Danielle Parkways Apt. 622,Walkermouth,NY,48503,Maldives,Bachelor's Degree,15,86144.34,Curator,Rejected,Leah Perry
3227,2023-06-08,Michael,Johnson,Other,16-03-1979,+1-439-384-8869x1416,bdaniel@example.org,43465 Michele Islands,North Erictown,VI,49836,Andorra,PhD,15,49769.96,"Pilot, airline",Rejected,Michael Johnson
3228,2023-06-15,Erica,Hayes,Female,06-12-1977,+1-804-702-9772x7364,kimstephanie@example.org,725 Danielle Pass Suite 608,Douglasburgh,ND,9625,Slovenia,Bachelor's Degree,9,68373.13,Charity officer,Rejected,Erica Hayes
3229,2023-07-19,Jasmine,Brooks,Male,25-07-1965,+1-641-808-9559x595,fuentesjames@example.org,460 Angela Green,Johnsonview,MP,57337,Gabon,Master's Degree,17,82583.05,Outdoor activities/education manager,Offered,Jasmine Brooks
3230,2023-08-04,Paul,Espinoza,Female,03-02-1993,534.341.6455,nicolehart@example.org,208 Mcpherson Plaza Suite 129,Morenoport,CO,51504,Turkey,Master's Degree,11,94610.57,Transport planner,Offered,Paul Espinoza
3231,2023-06-11,Tiffany,Silva,Female,08-04-1965,221-830-5394x462,christopherrose@example.net,22055 Ferguson Unions,West Melissa,TX,88214,Gambia,PhD,20,83555.15,Retail manager,Offered,Tiffany Silva
3232,2023-07-15,David,Edwards,Female,26-06-1992,###############################################################################################################################################################################################################################################################,hardinsamuel@example.net,0459 Katherine Throughway,Lake Kelly,NE,67472,Uganda,High School,5,88518.97,Nutritional therapist,Interviewing,David Edwards
3233,2023-07-05,Gina,Chambers,Other,01-01-1993,+1-421-596-5270x654,nicholasruiz@example.org,14099 Norris Knolls,New Katrina,GU,27605,Cuba,Bachelor's Degree,8,33657.59,"Doctor, hospital",Applied,Gina Chambers
3234,2023-07-19,Brittney,Harmon,Male,07-04-1998,001-874-419-5263,james41@example.org,572 Dalton Meadow Apt. 807,Munozstad,MN,15490,Solomon Islands,Master's Degree,10,64926.86,Ophthalmologist,Rejected,Brittney Harmon
3235,2023-05-07,Jacob,Stevens,Other,29-12-2001,###############################################################################################################################################################################################################################################################,yodercynthia@example.com,040 Roach Cape Suite 119,Schultzberg,GA,46889,Northern Mariana Islands,Master's Degree,17,94035.22,Chief Strategy Officer,Interviewing,Jacob Stevens
3236,2023-07-20,Robert,Fernandez,Other,18-05-1973,001-844-596-2598x681,martinbrittany@example.net,621 Steve Bridge,New David,ME,84509,Turkmenistan,High School,17,56839.52,Land/geomatics surveyor,Applied,Robert Fernandez
3237,2023-08-05,Brandon,Ward,Male,11-12-1978,001-624-473-1828x046,robertopadilla@example.net,1310 Whitney Locks,Hobbschester,MO,7695,Mongolia,PhD,2,81566.14,Insurance claims handler,Interviewing,Brandon Ward
3238,2023-06-02,Phillip,Rollins,Other,30-05-1965,708-949-2676,robinsonedward@example.net,33692 Gonzalez Ridge,Juarezfurt,RI,20659,Swaziland,Master's Degree,6,86139.44,Theatre manager,Interviewing,Phillip Rollins
3239,2023-06-14,Morgan,Hall,Male,24-12-2001,+1-407-848-0522x928,lopezalexander@example.net,70985 Karina Ramp Suite 443,Garyfort,GU,67702,Swaziland,Bachelor's Degree,1,71512.15,Horticultural consultant,Offered,Morgan Hall
3240,2023-05-16,Brian,Johnson,Other,26-11-1982,250.248.5049x956,andrea46@example.net,853 Ricardo Rue Suite 448,South Maryton,FM,67122,Liechtenstein,PhD,0,64013.98,Records manager,Applied,Brian Johnson
3241,2023-05-22,Kelly,Hunter,Male,18-07-1965,001-982-315-2648x883,tcox@example.com,973 Michaela Meadow Apt. 147,West Reginald,NH,47327,Oman,PhD,1,53166.52,Barista,Interviewing,Kelly Hunter
3242,2023-07-13,David,Hall,Male,11-04-2002,(872)213-3276x6445,sabrina62@example.net,007 Joshua Springs,Ramseyburgh,IA,78314,Guernsey,High School,7,39200.1,Proofreader,Rejected,David Hall
3243,2023-07-28,Joseph,Salinas,Other,13-04-1967,820-265-8391x6855,boyddebra@example.org,294 Edwards Plains,West Valerie,FM,55511,Swaziland,PhD,3,87885.7,Therapeutic radiographer,Offered,Joseph Salinas
3244,2023-07-07,Judith,Keller,Male,05-04-1982,717-698-5244,lonnie12@example.net,98366 Brian Plain,Cunninghamfort,OK,46702,North Macedonia,Master's Degree,15,83548.43,Tax adviser,In Review,Judith Keller
3245,2023-06-01,Alyssa,Taylor,Female,30-10-1963,406.438.4848,powellwilliam@example.org,90540 Julia Stream Apt. 166,Stephanieborough,FL,46418,Paraguay,High School,12,75661.54,Financial trader,Offered,Alyssa Taylor
3246,2023-07-10,Philip,Nguyen,Other,20-03-1987,426-318-5045,george62@example.org,3217 Tiffany Plains,Lake Kimberly,IA,93321,Nauru,Bachelor's Degree,9,66284.08,"Psychologist, clinical",In Review,Philip Nguyen
3247,2023-07-23,Robert,Williams,Female,21-10-1971,###############################################################################################################################################################################################################################################################,tonya12@example.com,202 Reid Mount,Lake Carlos,WY,20425,Burundi,PhD,13,63884.34,Psychiatric nurse,Rejected,Robert Williams
3248,2023-05-07,Richard,Torres,Other,25-03-2000,+1-453-555-6183x260,randrews@example.com,74525 David Burgs Suite 409,Mikeville,FM,67320,Zimbabwe,High School,14,50444.7,"Administrator, arts",Offered,Richard Torres
3249,2023-06-04,Tiffany,Brown,Female,08-06-1969,(649)589-6041x7035,gentrybenjamin@example.net,961 Maldonado Common Suite 288,South Tina,AZ,41953,New Caledonia,Master's Degree,7,32963.19,"Surveyor, planning and development",In Review,Tiffany Brown
3250,2023-06-30,Matthew,Dominguez,Other,30-12-1975,(399)647-1652x5813,odomlinda@example.org,0737 Villarreal Light Apt. 416,South Gary,OR,3151,Malaysia,High School,4,40092.94,"Psychotherapist, child",Interviewing,Matthew Dominguez
3251,2023-08-04,Toni,Fuentes,Female,24-04-2005,(530)494-5432,westpatrick@example.net,497 Miller Well,Vaughnburgh,MO,70117,Papua New Guinea,PhD,14,91537.55,Ophthalmologist,Offered,Toni Fuentes
3252,2023-05-22,Michael,Alexander,Male,28-09-1978,762-775-1362x882,ian18@example.org,60668 Kristina Unions Suite 163,East Traceyton,MT,80012,Ireland,Master's Degree,7,68123.71,Building control surveyor,Applied,Michael Alexander
3253,2023-07-12,Lisa,Wood,Male,11-09-1984,001-370-654-2462,heathersmith@example.com,322 Daniel Heights Suite 600,New Luis,AK,98819,Tuvalu,Master's Degree,12,50136.45,"Embryologist, clinical",Offered,Lisa Wood
3254,2023-06-15,Amy,Miller,Male,23-03-1992,###############################################################################################################################################################################################################################################################,vtucker@example.org,89520 Malone Crossing Apt. 777,Williamsview,MS,39237,Saint Barthelemy,Bachelor's Degree,12,91165.88,Futures trader,Interviewing,Amy Miller
3255,2023-06-30,Beth,Johnson,Male,17-11-2004,(689)243-9027,emilycompton@example.org,0861 Woodard Forest,Rossmouth,MS,87440,Macao,Master's Degree,16,76361.45,"Designer, ceramics/pottery",In Review,Beth Johnson
3256,2023-07-24,Blake,Dominguez,Other,02-09-1965,001-304-866-3456x5741,rebecca32@example.com,29824 Stephens Pines,New Pamelafurt,LA,56020,Niue,Master's Degree,10,99101.75,Broadcast presenter,Interviewing,Blake Dominguez
3257,2023-07-29,George,Taylor,Other,06-03-1963,(930)297-8763,christophergibson@example.net,321 Jessica Unions Apt. 102,Barnesbury,VI,31534,Tokelau,High School,4,70703.61,Chartered management accountant,In Review,George Taylor
3258,2023-05-29,Nancy,Hansen,Female,12-08-1962,001-264-599-6241x02170,gjohnston@example.org,2092 Turner Loaf,Lake Rick,ND,29299,Faroe Islands,Bachelor's Degree,2,63661.64,Nutritional therapist,Offered,Nancy Hansen
3259,2023-05-08,John,Fowler,Male,19-03-1968,331.522.5847,austinnatalie@example.net,4702 Jennifer Pass,Popeburgh,MS,60760,Rwanda,High School,16,38322.47,"Engineer, chemical",Applied,John Fowler
3260,2023-05-19,Justin,Clements,Female,15-02-2000,+1-450-771-8002x84277,adamsbenjamin@example.net,36809 Elizabeth Pass,East Zacharyborough,MH,17960,Ireland,PhD,8,53050.5,Associate Professor,In Review,Justin Clements
3261,2023-07-06,Troy,Mcknight,Other,07-08-1972,464.494.9709,dana66@example.org,21574 Joseph Bridge,South Allisonhaven,WV,69930,Dominica,PhD,14,77555.35,Secondary school teacher,Applied,Troy Mcknight
3262,2023-06-06,Ann,Key,Other,11-10-1964,377-270-0175x542,haleywilson@example.com,03202 Michelle Plaza Suite 438,Jacksonchester,MH,9119,Ethiopia,PhD,0,42305.41,"Accountant, chartered",In Review,Ann Key
3263,2023-05-07,Gabrielle,Potter,Other,13-01-1978,441-831-2051x55209,oschneider@example.com,444 Amy Crescent Apt. 401,New Sierraside,NY,63371,Pakistan,Bachelor's Degree,6,82231.83,Race relations officer,Applied,Gabrielle Potter
3264,2023-08-01,James,Ellison,Other,26-05-2004,001-392-401-1373,beverly21@example.org,6917 Kimberly Trafficway,New Johnburgh,NC,26122,Tonga,PhD,6,37493.65,Estate agent,Applied,James Ellison
3265,2023-05-29,Marie,Johnson,Male,24-09-1987,(207)769-3767,mlawrence@example.com,69184 Smith Forges,Willieberg,NH,63036,Montenegro,High School,4,92799.8,IT trainer,Offered,Marie Johnson
3266,2023-06-16,Jamie,Allen,Female,28-01-1963,509-490-5626x4079,nlong@example.net,302 Natalie Mission Suite 208,Wadeville,UT,32256,Pakistan,PhD,12,84384.31,Aeronautical engineer,Rejected,Jamie Allen
3267,2023-05-31,Amanda,Summers,Other,20-09-1978,001-526-614-8951x74169,berrycynthia@example.net,8724 Macdonald Union Suite 533,New Karen,FM,89138,Tonga,Master's Degree,16,30263.32,Communications engineer,In Review,Amanda Summers
3268,2023-07-04,Kyle,Fleming,Other,14-06-1966,795-569-9270x68424,chaneytimothy@example.com,318 Christian Gateway,Summersborough,DE,99415,Iran,Master's Degree,12,41809.25,Forensic scientist,Applied,Kyle Fleming
3269,2023-07-17,John,Harrison,Other,03-06-1971,(585)458-4062,conniespencer@example.org,245 Vanessa Branch,Danielport,KS,68751,Timor-Leste,PhD,5,88163.29,Immunologist,Applied,John Harrison
3270,2023-05-08,Ryan,Meadows,Male,30-03-1993,###############################################################################################################################################################################################################################################################,justinhuffman@example.org,511 Compton Islands Suite 626,South Regina,WY,34023,Ukraine,Master's Degree,6,33105.29,"Journalist, broadcasting",Rejected,Ryan Meadows
3271,2023-06-02,Rachel,Perkins,Other,26-03-1994,001-621-495-8073x94130,hbates@example.org,3347 May Crest Apt. 189,Kennethhaven,ID,29544,Chad,PhD,8,57688.96,Dancer,Interviewing,Rachel Perkins
3272,2023-05-16,Jeffrey,Reese,Female,18-11-1997,001-604-831-4861x8362,kimberly98@example.com,53600 Watson Rest,Phillipport,WI,13485,Haiti,PhD,2,98519.51,"Scientist, marine",Applied,Jeffrey Reese
3273,2023-05-19,Wesley,Henderson,Other,31-10-1978,###############################################################################################################################################################################################################################################################,mcdonaldvincent@example.org,271 Gutierrez Branch Apt. 801,North Kristin,AL,11106,Mexico,Bachelor's Degree,1,54419.87,Paediatric nurse,In Review,Wesley Henderson
3274,2023-06-06,Jon,Brooks,Other,26-08-1982,611-716-2233x155,robertpeterson@example.com,5974 Wall Meadow Apt. 055,Lake Lucasshire,NE,61324,Holy See (Vatican City State),Master's Degree,13,78461.52,Architectural technologist,In Review,Jon Brooks
3275,2023-07-24,Shari,Patel,Male,01-07-1976,832-694-2799x09360,fmartin@example.org,5515 Cody Summit,Port Tylerfurt,NM,28716,Palestinian Territory,High School,1,84876.9,"Nurse, adult",Rejected,Shari Patel
3276,2023-05-08,Benjamin,Wilson,Male,06-01-1994,(334)313-8237,gardnerbenjamin@example.net,397 Wilson Divide,Gregorymouth,DE,80285,Ecuador,Master's Degree,6,57599.66,Database administrator,Offered,Benjamin Wilson
3277,2023-07-24,Noah,Neal,Female,23-02-1967,907.409.7281x462,hendrixashley@example.com,004 Odom Islands Apt. 188,Lake Sharon,MN,81569,Gibraltar,High School,18,85050.02,"Journalist, newspaper",In Review,Noah Neal
3278,2023-05-13,Allison,Huynh,Male,02-07-2000,001-270-869-0488,pamelarodriguez@example.net,05836 William Stream,Vanessaport,SD,85382,Lithuania,Bachelor's Degree,7,69151.57,Physiological scientist,Interviewing,Allison Huynh
3279,2023-05-27,Elizabeth,Anderson,Other,19-09-1970,001-898-846-4943x07328,kenneth23@example.com,4040 Andrew Trail Apt. 277,North Traci,MA,23145,Georgia,High School,11,59026.84,Animator,Interviewing,Elizabeth Anderson
3280,2023-07-01,George,Chandler,Male,05-11-1972,(623)626-4054x471,millerdonna@example.com,11515 Anthony Row,Hayesburgh,OH,70036,Japan,Bachelor's Degree,12,81084.35,"Civil engineer, contracting",Rejected,George Chandler
3281,2023-06-05,Charles,Mendez,Female,24-01-1974,821-735-2561,stephaniesanchez@example.net,33150 Bryant Garden Suite 149,East Lucas,MI,82443,Mongolia,PhD,2,39157.12,Primary school teacher,In Review,Charles Mendez
3282,2023-05-22,Chelsea,Mclaughlin,Other,03-11-1970,809.474.3293x6159,lhoward@example.com,266 Nelson Tunnel,Jacquelineport,MA,90921,British Virgin Islands,Bachelor's Degree,18,32893.55,Materials engineer,Offered,Chelsea Mclaughlin
3283,2023-07-08,Jason,Smith,Male,12-11-1999,957-801-1257x7066,fatkinson@example.org,9619 Collins Mountain,Jorgeville,GU,37620,Tonga,Bachelor's Degree,0,85076.58,"Physicist, medical",In Review,Jason Smith
3284,2023-07-22,Brittany,Barnes,Male,31-10-1998,854-305-7566x673,williamserica@example.net,6701 Jennifer Common,Mileschester,AR,59456,Bulgaria,Master's Degree,1,37382.06,Insurance risk surveyor,Rejected,Brittany Barnes
3285,2023-07-31,Carly,Kennedy,Female,17-06-1979,(565)736-7498,warrenlambert@example.org,05507 Anne Summit Suite 391,Lake Charleston,WI,82812,Bermuda,Master's Degree,14,58623.32,"Development worker, international aid",Offered,Carly Kennedy
3286,2023-08-04,David,Mullins,Female,11-07-1967,(847)988-7032x22853,james50@example.org,17682 Pierce Wall,West Steven,PA,88115,Thailand,High School,8,49024.77,"Psychologist, clinical",In Review,David Mullins
3287,2023-06-16,Joseph,Walker,Male,01-07-1989,406-809-4028,derekvalenzuela@example.org,584 Susan Brooks,Josephstad,PA,27841,Israel,High School,13,82297.22,Sub,Interviewing,Joseph Walker
3288,2023-07-03,Alan,Green,Male,26-06-1976,###############################################################################################################################################################################################################################################################,lkramer@example.org,77685 Robert Forest,Donberg,AK,8902,Bahamas,Bachelor's Degree,10,74369.6,Industrial/product designer,Offered,Alan Green
3289,2023-07-15,Stephanie,Steele,Male,01-04-1991,+1-584-224-3366x5691,tracy91@example.com,7606 Warner Skyway,Kennedyshire,GA,96598,Mauritania,PhD,1,54976.64,Naval architect,Offered,Stephanie Steele
3290,2023-05-13,Kathleen,Schmidt,Male,15-02-1969,(873)315-9827x68441,ywise@example.net,12030 Christopher Garden Apt. 273,New Kennethfort,UT,37447,Niue,Bachelor's Degree,1,69880.58,Physiological scientist,Offered,Kathleen Schmidt
3291,2023-06-25,Laura,Jacobson,Female,21-05-1974,001-501-624-2576x75080,jeffreyharris@example.com,421 Adam Mall Suite 648,Kelleyborough,IA,24087,Indonesia,Master's Degree,4,83622.53,"Teacher, primary school",Applied,Laura Jacobson
3292,2023-05-13,Robert,Baker,Female,27-05-1982,440.901.3715x415,jacob60@example.net,31515 Cathy Track Apt. 475,Darlenechester,DC,69232,Gibraltar,PhD,13,92679.57,Community education officer,Rejected,Robert Baker
3293,2023-06-25,Jamie,Greene,Female,18-12-1982,762.594.8853x88270,uboyle@example.org,898 Davis Grove,Pattersonland,OK,47531,Ireland,High School,10,71107.55,"Psychologist, forensic",Interviewing,Jamie Greene
3294,2023-08-05,Kim,Bailey,Female,07-09-1999,+1-804-766-7467x87285,itran@example.org,941 Nelson Way,Aguilarview,WI,26978,Isle of Man,Bachelor's Degree,20,85543.97,"Biochemist, clinical",Rejected,Kim Bailey
3295,2023-08-01,Edward,Mitchell,Male,11-11-1983,595.878.7808x988,jessicaclayton@example.org,270 Monroe Club Suite 817,Jameston,VT,81405,Western Sahara,Bachelor's Degree,0,55499.96,Magazine features editor,Interviewing,Edward Mitchell
3296,2023-05-13,Debra,Miller,Female,17-09-1979,+1-440-318-0279x7001,catherinelee@example.com,270 Brian Center,West Christopher,PA,45074,Czech Republic,High School,9,95308.45,Equality and diversity officer,Rejected,Debra Miller
3297,2023-05-19,Anthony,Harris,Female,25-01-1966,(918)329-4723x532,fullerdanielle@example.org,177 Philip Lakes Suite 114,Lisaville,TN,76345,Georgia,Master's Degree,9,55936.12,Physiological scientist,Offered,Anthony Harris
3298,2023-08-02,Erika,Griffin,Male,13-06-1975,541-681-5323x8989,matthewhansen@example.com,198 Caitlyn Streets,Stephanieborough,AL,27770,Macao,High School,18,39756.88,Chartered loss adjuster,Rejected,Erika Griffin
3299,2023-06-25,Rose,Rodriguez,Female,28-06-1998,362.922.2960,alan74@example.org,917 Kelly Mountains Suite 270,East Peter,CA,70555,China,Bachelor's Degree,18,45421.29,Consulting civil engineer,Applied,Rose Rodriguez
3300,2023-07-22,Donald,Patterson,Other,22-04-1967,644.238.5914,jasminmendez@example.org,06807 Haynes Hill Suite 070,New Joshua,ID,39677,Chile,PhD,6,64141.69,Records manager,Interviewing,Donald Patterson
3301,2023-07-24,Katie,Osborn,Male,21-03-2002,001-454-997-8699x44719,gsolis@example.org,78006 Rodriguez Mall Suite 577,Port Kristenberg,VA,36171,Ukraine,Master's Degree,14,37698.93,"Designer, fashion/clothing",Offered,Katie Osborn
3302,2023-06-29,Chloe,Kennedy,Male,05-12-1990,###############################################################################################################################################################################################################################################################,andrea95@example.net,5119 Bartlett Crossroad,Shannonchester,KY,23583,Austria,PhD,11,94628.89,Purchasing manager,In Review,Chloe Kennedy
3303,2023-07-20,Derrick,Robinson,Other,17-12-1963,(645)264-0334,cooperbrenda@example.net,18113 Robert Mission,Cunninghamhaven,NY,29752,Vietnam,Bachelor's Degree,5,56462.91,Passenger transport manager,In Review,Derrick Robinson
3304,2023-07-26,Juan,Guerrero,Male,12-03-1974,503.747.4751x3604,matthewgeorge@example.org,57095 Julie Manors Apt. 151,Jaredmouth,VA,56793,Angola,PhD,5,81180.34,Aeronautical engineer,Applied,Juan Guerrero
3305,2023-07-29,Sandra,Levy,Other,21-08-2004,738-447-8719x345,guerrerotammy@example.com,82095 Turner Mountains Apt. 033,New Sharon,SC,30082,Saint Martin,Bachelor's Degree,6,73474.4,Web designer,Offered,Sandra Levy
3306,2023-06-21,Joseph,Edwards,Other,07-01-1980,428.510.6964,aaronhood@example.net,481 Brittany Drive Suite 421,New Cynthia,ME,96946,British Virgin Islands,Bachelor's Degree,16,57385.98,Careers adviser,Applied,Joseph Edwards
3307,2023-07-08,Christopher,Morgan,Other,09-08-1996,654.427.5341,frank12@example.net,047 Long Loaf,North John,GA,49123,Mayotte,Bachelor's Degree,11,75826.62,Magazine features editor,In Review,Christopher Morgan
3308,2023-08-03,Kevin,Bell,Female,24-05-1979,+1-452-642-6232x34260,pateljoshua@example.com,435 Torres Unions,Cummingsfurt,KS,10728,British Virgin Islands,High School,7,76841.83,Public affairs consultant,Applied,Kevin Bell
3309,2023-05-26,James,Miller,Other,07-02-1967,864.688.4452x242,susan27@example.net,717 Berry Motorway,New Lindsay,WA,36271,Cook Islands,Bachelor's Degree,1,71690.61,Hydrographic surveyor,Interviewing,James Miller
3310,2023-08-03,Jonathan,Ramirez,Male,16-07-1973,###############################################################################################################################################################################################################################################################,davidharrison@example.org,8295 Walker Oval Suite 159,Port Sarahmouth,OK,33155,French Southern Territories,High School,13,34157.64,"Education officer, museum",Interviewing,Jonathan Ramirez
3311,2023-05-17,Kathleen,Kent,Male,10-01-1986,(902)821-2650x872,gbass@example.org,09869 Morgan Avenue Suite 892,West Zacharychester,WA,39365,Canada,PhD,11,56375.06,Insurance broker,Offered,Kathleen Kent
3312,2023-07-16,Caleb,Smith,Female,12-08-1970,887.351.8590x288,dawn52@example.net,427 Jesse Viaduct,New Aaronfort,GU,17598,Serbia,Bachelor's Degree,14,88807.16,"Loss adjuster, chartered",Rejected,Caleb Smith
3313,2023-05-20,Kimberly,Brown,Male,14-11-1986,(732)231-6994x0055,allendavid@example.org,44881 Kristin Course,Mariahchester,DE,60536,Saint Vincent and the Grenadines,Bachelor's Degree,3,43952.28,Tax inspector,Rejected,Kimberly Brown
3314,2023-08-04,Christine,Harvey,Female,11-03-1996,(895)856-0788x774,ylong@example.com,1019 Miller Streets,Anthonyshire,AR,57829,Algeria,PhD,17,82169.78,Tax inspector,Rejected,Christine Harvey
3315,2023-07-31,Jill,Bishop,Female,17-03-1992,001-707-500-8264,matthewjohnston@example.net,4941 Jennifer Plaza,Cliffordton,IA,29811,Bulgaria,PhD,20,99229.99,Market researcher,Rejected,Jill Bishop
3316,2023-07-06,Jennifer,Soto,Male,26-10-1979,###############################################################################################################################################################################################################################################################,hardinstephanie@example.org,50993 Bailey Harbor Apt. 489,Cassandrachester,ME,92655,Angola,Bachelor's Degree,8,45288.64,Illustrator,Rejected,Jennifer Soto
3317,2023-07-22,Amanda,Wallace,Female,27-08-1967,(498)798-4755,fchen@example.com,2835 Ramsey Spurs Suite 740,West Jeffrey,MS,45486,Iraq,Master's Degree,12,80383.2,Location manager,Interviewing,Amanda Wallace
3318,2023-05-16,Jessica,Thompson,Male,08-08-1976,373-921-7919x6222,randywells@example.com,4047 Warner Trace Suite 890,East Travis,MO,75594,Paraguay,Bachelor's Degree,15,69678.62,Accommodation manager,Applied,Jessica Thompson
3319,2023-06-28,David,Thomas,Female,11-06-1983,567-486-6412x65687,jhill@example.org,1790 Carr Turnpike Apt. 820,Douglasberg,MA,77026,Zambia,High School,3,57148.1,Geographical information systems officer,In Review,David Thomas
3320,2023-07-31,Sean,Anderson,Male,15-07-1990,765-460-2220,tylerhernandez@example.net,7376 Kelley Trail Suite 870,North Stephanie,WY,52723,Cape Verde,Bachelor's Degree,18,32184.7,Publishing copy,Offered,Sean Anderson
3321,2023-06-24,Christopher,Allison,Female,27-09-1984,433-537-5092,mmoore@example.net,84746 Susan Extension Apt. 322,Kingfurt,SC,81790,Taiwan,Master's Degree,9,87681.23,Advertising copywriter,Rejected,Christopher Allison
3322,2023-06-20,Roberto,Campbell,Other,28-07-1971,+1-901-872-7253x022,jrangel@example.net,97664 Gray Junctions Apt. 722,Gillespieside,FL,77707,Guyana,Master's Degree,19,41595.97,Hospital doctor,Offered,Roberto Campbell
3323,2023-06-10,Antonio,Dunn,Female,23-12-2001,+1-863-933-5012x612,smithalicia@example.org,5870 Zimmerman Forge,Juarezview,IN,1829,Hungary,PhD,3,35045.88,Control and instrumentation engineer,Offered,Antonio Dunn
3324,2023-06-16,Sharon,Bishop,Male,04-11-1974,###############################################################################################################################################################################################################################################################,davistiffany@example.net,2506 Jamie Highway Suite 348,Nicolasmouth,GA,60460,Singapore,Bachelor's Degree,17,93277.77,Special effects artist,Applied,Sharon Bishop
3325,2023-06-28,Amanda,Molina,Male,10-03-1973,615.352.0525x0004,weaverdawn@example.org,765 Hall Prairie,Collinsberg,SC,37692,Marshall Islands,Master's Degree,18,78199.72,Company secretary,In Review,Amanda Molina
3326,2023-06-06,Bryan,Wood,Other,11-10-2000,001-964-569-3979x366,shannonshawn@example.net,665 Joel Rapids,New Zachary,AK,3046,Netherlands Antilles,High School,16,31435.21,Speech and language therapist,In Review,Bryan Wood
3327,2023-07-01,Cynthia,West,Male,09-01-1983,+1-782-685-7100x474,hprice@example.org,9832 Moss Street,North Ana,ID,11858,Northern Mariana Islands,Master's Degree,8,68989.18,Learning mentor,Offered,Cynthia West
3328,2023-06-06,Anita,Lawson,Female,04-06-1963,+1-373-326-1675x9074,nosborne@example.com,1967 Javier Bypass,Douglasland,MO,82709,Montserrat,Master's Degree,12,53737.9,"Development worker, community",Interviewing,Anita Lawson
3329,2023-07-01,Pamela,Martin,Other,31-07-1978,###############################################################################################################################################################################################################################################################,cherrera@example.com,75088 Robert Drive,North Elizabethview,NM,7772,Egypt,Master's Degree,8,61783.76,"Radiographer, diagnostic",Offered,Pamela Martin
3330,2023-05-14,Amy,Wilson,Female,12-08-2000,365-995-9847,kennethbrown@example.org,6342 Tucker Fall,Ramirezville,WV,41478,Congo,High School,3,41320.36,Insurance claims handler,Interviewing,Amy Wilson
3331,2023-06-20,Tonya,Delgado,Female,19-03-1996,001-560-647-1876x57706,qlee@example.com,1505 Alexander Island,East Melissa,WI,34517,Montserrat,High School,5,58070.94,Seismic interpreter,Interviewing,Tonya Delgado
3332,2023-06-10,Elizabeth,Hale,Other,20-06-1994,778.721.2171,callen@example.org,866 Kyle Gardens,Fisherfort,NJ,50054,Luxembourg,Master's Degree,13,90463.01,Event organiser,Applied,Elizabeth Hale
3333,2023-08-02,Tracy,Phillips,Female,09-01-2000,(442)780-3454,anthony81@example.net,724 Allen Ford,Edwardton,RI,9071,Poland,PhD,5,71597.44,Risk manager,In Review,Tracy Phillips
3334,2023-06-01,Rebecca,Garza,Male,19-02-1971,270.381.4232x04867,kristin85@example.net,949 Robert Well Apt. 710,Lawsonview,ND,41591,Korea,High School,20,76836.87,Medical illustrator,Applied,Rebecca Garza
3335,2023-07-01,Jerome,Williams,Male,02-12-1966,###############################################################################################################################################################################################################################################################,catherinelittle@example.org,53776 Parrish Field,Mcdonaldville,VA,33213,Egypt,Bachelor's Degree,7,97053.3,"Designer, blown glass/stained glass",Rejected,Jerome Williams
3336,2023-05-27,Kayla,Kelly,Female,08-04-1971,961.369.4144x47112,kevinwolfe@example.net,31256 Jesse Parkways Suite 839,New Marcus,ND,62053,Jordan,Bachelor's Degree,0,94645.43,Acupuncturist,Interviewing,Kayla Kelly
3337,2023-08-05,Brian,Manning,Female,01-01-1969,949-959-7289,bryanpamela@example.org,7537 Meyer Freeway,Port Brianmouth,WI,31616,Zambia,PhD,10,95769.87,Corporate investment banker,Offered,Brian Manning
3338,2023-07-03,Ashley,Peterson,Other,28-01-1972,200.709.6125,leehenry@example.com,775 Stephens Villages,Tannermouth,UT,77237,Monaco,PhD,18,79568.32,Market researcher,Interviewing,Ashley Peterson
3339,2023-07-18,Travis,Espinoza,Other,29-12-1991,324-906-0222x429,sharonbrown@example.net,3541 Reilly Lodge Apt. 559,East Dave,NJ,51088,Angola,Master's Degree,11,98281.77,Legal executive,Offered,Travis Espinoza
3340,2023-07-15,Christine,Schmidt,Male,25-07-1998,+1-380-627-4623x1506,porterjoshua@example.net,740 Mackenzie Land,Port Andrewmouth,AR,62551,Saint Pierre and Miquelon,Bachelor's Degree,6,54791.44,Dietitian,Interviewing,Christine Schmidt
3341,2023-06-30,Kevin,Cooper,Other,25-12-1984,343-390-4853x7805,kyliecollins@example.com,406 Lee Roads Suite 206,Clarkeville,AK,37036,British Virgin Islands,PhD,4,79087.04,Animal technologist,Rejected,Kevin Cooper
3342,2023-05-11,Jessica,Murphy,Female,22-08-1983,(459)763-3063x207,nthomas@example.net,054 Cheryl Harbors Apt. 792,South Stevenmouth,MI,31677,Singapore,Master's Degree,11,82373.2,Psychiatric nurse,Applied,Jessica Murphy
3343,2023-06-25,Tiffany,Drake,Male,20-11-1971,+1-746-851-2450x96685,aprilcoleman@example.net,3459 Davis Forest,East Katherine,AR,83587,Seychelles,High School,4,82150.02,Broadcast journalist,Interviewing,Tiffany Drake
3344,2023-07-31,Diana,Taylor,Female,09-01-1979,749-878-1820x14499,thomasrichard@example.com,7114 Rebecca Canyon,North Megan,ID,28955,Gabon,Master's Degree,16,34390.71,"Designer, television/film set",Offered,Diana Taylor
3345,2023-08-01,Rebecca,Shaw,Male,24-03-1976,+1-426-252-5467x647,amber43@example.net,58147 Jeffrey Place,Freemantown,WY,35363,France,High School,15,98949.57,"Psychotherapist, child",In Review,Rebecca Shaw
3346,2023-06-26,Crystal,Payne,Other,07-12-1995,402-456-0945x4436,baileyleah@example.com,268 Lorraine Ways Suite 300,Lake Amy,AS,71620,United States Minor Outlying Islands,Bachelor's Degree,14,87422.23,Printmaker,Offered,Crystal Payne
3347,2023-05-06,Stephen,Baldwin,Male,14-11-1975,639.507.6735,elong@example.net,17662 Collins Motorway Suite 991,West Kara,DE,5210,Monaco,PhD,12,79421.8,Public librarian,Offered,Stephen Baldwin
3348,2023-07-05,Michelle,Williams,Female,12-12-1966,402.581.6656,michael31@example.org,611 Lucero Harbor Suite 723,Jimenezton,LA,49633,Korea,Bachelor's Degree,19,58766.39,Fitness centre manager,Offered,Michelle Williams
3349,2023-06-26,Frank,Brown,Male,07-05-1980,+1-932-268-4405x820,elang@example.org,051 Johnson Spurs Suite 179,Port Pamelachester,OR,17748,Portugal,Master's Degree,0,56256.3,"Surveyor, quantity",Interviewing,Frank Brown
3350,2023-07-23,Lisa,Jones,Female,05-04-1988,965.342.1314x72830,helenflynn@example.com,14814 Dominique Court Apt. 102,Davidton,NH,9883,Mayotte,PhD,3,61013.56,"Education officer, museum",In Review,Lisa Jones
3351,2023-06-10,Melissa,Morgan,Other,24-05-1963,(219)781-4343x299,mcunningham@example.org,14587 Montoya Walk,Port Michelle,WV,22165,Trinidad and Tobago,Master's Degree,15,42708.7,Clinical research associate,In Review,Melissa Morgan
3352,2023-07-21,Andrew,Lopez,Other,11-02-1975,585-847-0778,tamara03@example.com,0613 Shaffer Wall,Port Edwardfurt,NY,28245,Brunei Darussalam,High School,19,67465.18,Systems developer,Applied,Andrew Lopez
3353,2023-05-25,Whitney,Green,Other,08-09-1967,604-999-8939x33079,joseph31@example.net,12090 Riley Union Apt. 359,North Brianland,NJ,90907,Nigeria,PhD,15,46503.09,Animal technologist,Applied,Whitney Green
3354,2023-06-23,Sarah,Conley,Other,03-09-2000,384.218.2315x862,kyleholloway@example.org,967 Sabrina Village,West Williamfort,MD,10655,South Africa,High School,3,35161.25,"Presenter, broadcasting",Rejected,Sarah Conley
3355,2023-06-10,Gary,Ortiz,Female,26-12-1962,520.526.5019x7824,stephanie19@example.net,5835 Bean Expressway Apt. 167,Nealmouth,AK,21589,Heard Island and McDonald Islands,Master's Degree,5,45984.1,Chief of Staff,Offered,Gary Ortiz
3356,2023-06-11,Rita,Kelley,Female,31-10-1963,622.973.0647x69938,stokesmichele@example.com,35225 Douglas Tunnel,Lake Joshuaborough,FM,8000,Sweden,Bachelor's Degree,20,93331.35,"Pharmacist, hospital",Interviewing,Rita Kelley
3357,2023-07-13,Michael,Hopkins,Other,24-11-1993,826.448.5782,michaelmoore@example.org,01292 Michael Oval,Robertohaven,NH,80939,Egypt,High School,11,62135.35,Consulting civil engineer,Rejected,Michael Hopkins
3358,2023-07-24,Tina,Martin,Other,19-08-1985,+1-330-238-2074x83870,ahoover@example.com,39571 Patrick Street,Port Christy,CT,95976,Antigua and Barbuda,PhD,17,53059.19,Financial manager,In Review,Tina Martin
3359,2023-07-03,Eric,Blanchard,Female,31-07-1992,###############################################################################################################################################################################################################################################################,allenjamie@example.net,47150 Nathaniel Views Suite 074,Owenland,UT,77689,Hong Kong,PhD,0,33323.45,"Surveyor, hydrographic",Rejected,Eric Blanchard
3360,2023-08-04,Devon,James,Female,03-11-1984,642-608-0072x16741,cstrickland@example.com,9813 Jerry Landing,West Nicholasbury,AR,99688,Saudi Arabia,PhD,19,46776.01,"Engineer, site",Rejected,Devon James
3361,2023-06-08,Melanie,Arnold,Female,01-01-1973,288.627.3898x53585,brianholmes@example.com,7908 Cindy Mountains,Coxland,FM,5668,Kyrgyz Republic,High School,11,52464.6,Fashion designer,Interviewing,Melanie Arnold
3362,2023-07-19,Timothy,Herrera,Male,18-09-2003,+1-684-208-4774x270,mbarnes@example.org,2754 Moore Fields,Lake Stephanieport,MT,90905,Paraguay,High School,5,44424.0,Transport planner,Interviewing,Timothy Herrera
3363,2023-06-19,Gregory,Waters,Other,10-06-1990,(941)386-5649x851,mayerfelicia@example.org,186 Thompson Circle,Javierbury,MS,44181,Monaco,PhD,5,49172.88,"Scientist, research (physical sciences)",Offered,Gregory Waters
3364,2023-06-01,Alexander,Rodriguez,Other,28-05-1972,988.949.2461x189,rodriguezeric@example.net,48742 Summers Springs Apt. 889,Mckenziechester,AK,49813,Tanzania,Bachelor's Degree,1,52348.65,TEFL teacher,Rejected,Alexander Rodriguez
3365,2023-06-06,Jason,Williams,Other,31-10-1967,284.749.5738,lisa06@example.net,63105 Tanner Cliff Apt. 734,Lake Mark,MT,34693,Montserrat,PhD,19,33825.68,"Nurse, adult",Offered,Jason Williams
3366,2023-06-10,Lori,Romero,Male,21-11-1974,934-364-8526x851,danielcruz@example.org,0657 Schultz Shoals Apt. 421,Rogersshire,MT,50736,France,Bachelor's Degree,14,59464.48,Exhibition designer,Interviewing,Lori Romero
3367,2023-07-16,Rose,Watts,Female,07-07-1964,258-928-7659x38719,mark81@example.net,0421 Cathy Ridges,Sherryberg,NV,69144,Mauritania,Master's Degree,8,97717.41,"Scientist, biomedical",Applied,Rose Watts
3368,2023-07-01,Nathaniel,Taylor,Female,23-01-1972,###############################################################################################################################################################################################################################################################,ryan42@example.org,654 Sharon Drive,Port David,OR,22677,Eritrea,Bachelor's Degree,12,88773.03,Visual merchandiser,Applied,Nathaniel Taylor
3369,2023-07-18,Tina,Harris,Other,12-09-1975,938.477.6819x4157,rodriguezkimberly@example.net,1574 Davis Island,New Jamie,PA,61090,Cuba,Bachelor's Degree,10,67636.5,Airline pilot,Interviewing,Tina Harris
3370,2023-06-09,Sarah,Trevino,Female,04-05-1987,619.680.5016x27485,steven38@example.org,01065 Timothy Underpass Apt. 451,New Lisamouth,AZ,73457,Libyan Arab Jamahiriya,Master's Degree,11,90898.78,Computer games developer,Interviewing,Sarah Trevino
3371,2023-05-22,Kathryn,Bartlett,Other,21-06-1986,+1-677-930-3580x05361,christianromero@example.org,172 Joshua Club Suite 349,Portermouth,GU,54881,Lao People's Democratic Republic,Bachelor's Degree,9,91219.93,"Teacher, English as a foreign language",Interviewing,Kathryn Bartlett
3372,2023-06-12,Donna,Russell,Other,12-04-1980,###############################################################################################################################################################################################################################################################,oconnelljason@example.com,0750 Keller Lake,New Rodneyview,VT,90879,Niue,Bachelor's Degree,4,64491.78,"Engineer, mining",Rejected,Donna Russell
3373,2023-05-28,John,Mcclain,Female,25-01-1987,455.348.9542x58622,johnmejia@example.com,13177 Glover Canyon,South Brettmouth,PW,80871,Switzerland,Bachelor's Degree,15,70836.93,Agricultural consultant,In Review,John Mcclain
3374,2023-05-21,Patricia,Thompson,Other,23-06-1969,476-546-0078x284,tammystanley@example.net,66323 James Motorway Suite 232,Jenniferport,GA,99634,Angola,High School,19,56509.81,Herbalist,Applied,Patricia Thompson
3375,2023-06-26,Judy,Jensen,Other,10-01-1990,(820)928-8665x86643,marymccarthy@example.org,5410 Palmer Neck,East Keithside,MA,93308,Hong Kong,High School,18,91801.01,Interpreter,Applied,Judy Jensen
3376,2023-06-02,Debra,Mckee,Male,15-05-1984,336.463.0922,kimberly81@example.com,64481 Jackson Green,New Stephenmouth,PW,91178,Lebanon,PhD,9,55798.48,Legal executive,Applied,Debra Mckee
3377,2023-05-21,Michael,Larson,Female,27-04-2001,001-286-370-8841x8197,jbryant@example.com,628 Schmidt Station Suite 968,Petersonmouth,MS,65410,Saint Barthelemy,Master's Degree,8,91717.91,Biomedical engineer,Offered,Michael Larson
3378,2023-06-29,Christopher,Thornton,Male,22-04-1969,###############################################################################################################################################################################################################################################################,kerri08@example.com,158 Helen Pass Apt. 303,Heatherborough,FL,89259,Niger,PhD,7,80932.82,"Teacher, adult education",Applied,Christopher Thornton
3379,2023-07-19,Lawrence,Gibson,Male,16-12-1993,480.573.6939x51115,coxbenjamin@example.net,8443 Alexandra Parks,Lake Chelsey,PA,42008,Paraguay,Bachelor's Degree,4,97777.16,Dance movement psychotherapist,Interviewing,Lawrence Gibson
3380,2023-05-31,Megan,Jones,Other,27-03-2000,890-970-6819x1523,thompsonjennifer@example.org,2336 Andrea River Suite 538,Anneshire,ID,80422,Falkland Islands (Malvinas),PhD,9,54212.8,"Restaurant manager, fast food",In Review,Megan Jones
3381,2023-07-20,Shane,Mendez,Other,19-04-1997,###############################################################################################################################################################################################################################################################,donna75@example.com,6570 Coleman Spurs Suite 269,Michelleport,IN,48366,Iran,PhD,10,81447.94,Estate agent,In Review,Shane Mendez
3382,2023-06-14,Jennifer,Hopkins,Female,06-07-1991,001-388-439-1032x1034,cbell@example.com,9885 Jessica Pines Apt. 083,Williamsonville,NM,62173,Sudan,Bachelor's Degree,3,60951.99,Tourist information centre manager,Offered,Jennifer Hopkins
3383,2023-07-16,Tammy,King,Female,14-03-1972,###############################################################################################################################################################################################################################################################,gregoryvincent@example.net,52657 Max Extensions,East Scottshire,IN,72694,Algeria,High School,19,71885.09,"Optician, dispensing",Rejected,Tammy King
3384,2023-07-02,Anita,Walker,Female,16-07-1965,001-851-520-6228,johnmcneil@example.net,09592 Scott Lights Suite 594,South Carlos,TN,93080,Bermuda,High School,9,43541.86,Professor Emeritus,Interviewing,Anita Walker
3385,2023-07-08,Charles,Rivera,Male,12-06-1978,483-857-0555,tracyanderson@example.com,1623 Mahoney Hill,North Georgeville,AL,41286,Albania,Master's Degree,10,97779.42,Chartered loss adjuster,Offered,Charles Rivera
3386,2023-05-28,Scott,Hartman,Male,01-05-1993,861.339.2856x410,tbaird@example.net,585 Catherine Summit Apt. 932,Fordfort,GA,28159,Seychelles,Bachelor's Degree,19,76009.25,Clothing/textile technologist,Applied,Scott Hartman
3387,2023-07-12,James,Harris,Male,07-11-1966,630-547-5429x59328,bstokes@example.org,964 Tiffany Path Suite 546,Gateschester,GA,56711,Bulgaria,High School,9,36244.44,Patent attorney,Rejected,James Harris
3388,2023-07-24,Leslie,Shannon,Other,22-09-1996,893.307.9366,carriejohnson@example.net,806 Henderson Forges Suite 318,Marioton,NC,90301,Guam,Bachelor's Degree,10,75368.5,"Scientist, biomedical",In Review,Leslie Shannon
3389,2023-06-29,Maria,West,Female,25-08-2002,001-930-979-5813x4333,phernandez@example.net,8332 Hunter Crescent,South Sarahbury,NC,91004,Korea,Bachelor's Degree,0,63524.11,Wellsite geologist,Offered,Maria West
3390,2023-07-20,Nicholas,Morrow,Male,20-01-2003,533.767.2362x766,wrivera@example.com,71393 Jenkins Extensions Suite 210,West Paulatown,MD,4861,Australia,High School,16,97294.41,Senior tax professional/tax inspector,In Review,Nicholas Morrow
3391,2023-07-03,John,Powell,Male,27-03-1973,001-384-552-0656x00336,alyssapoole@example.com,39223 Nicole Street Apt. 929,Troytown,DC,55488,Norway,PhD,19,98296.21,"Engineer, chemical",Interviewing,John Powell
3392,2023-05-18,Karen,Glass,Female,19-09-1963,001-860-326-0641x24012,devinpreston@example.org,8276 Cynthia Garden Suite 523,Lake Melissa,UT,97675,Egypt,Master's Degree,16,36862.03,"Engineer, electrical",In Review,Karen Glass
3393,2023-05-16,Lori,Davis,Other,17-01-1983,908.554.4146x43976,arnoldlinda@example.org,10388 Mccoy Street Apt. 222,South Kyle,AZ,52130,Egypt,Bachelor's Degree,6,79380.76,"Designer, industrial/product",In Review,Lori Davis
3394,2023-06-25,Tyrone,Gordon,Female,30-06-1990,514.692.8886,clewis@example.org,015 William Road Apt. 965,New Vanessa,VI,72678,Saint Pierre and Miquelon,Master's Degree,13,80040.19,"Engineer, manufacturing systems",Offered,Tyrone Gordon
3395,2023-05-30,Charles,Kelly,Female,27-03-1965,646-390-7222x11002,marcuskeller@example.com,1503 Martinez Flats,Robertsfort,CA,39660,Cyprus,PhD,7,72726.53,Financial planner,Rejected,Charles Kelly
3396,2023-07-02,Anthony,Sutton,Female,22-06-1970,(226)933-5312x4055,carrie78@example.org,612 Ramirez Rapid Apt. 139,South Bryan,TN,7694,Barbados,Master's Degree,9,44945.68,"Research officer, political party",Interviewing,Anthony Sutton
3397,2023-07-27,Gabriel,Stout,Other,05-07-1983,001-867-332-6368x8185,wrightjoseph@example.net,27367 Alice Gardens Suite 346,East Ryan,RI,95701,Estonia,Master's Degree,19,41877.59,Contracting civil engineer,Interviewing,Gabriel Stout
3398,2023-05-19,Hannah,White,Other,01-06-2005,(861)544-0235x1235,smithangela@example.org,30970 Sean Roads Apt. 807,East Jeffreyview,OH,45174,Isle of Man,PhD,17,49134.82,Magazine journalist,In Review,Hannah White
3399,2023-06-30,Kristin,Downs,Male,02-08-2002,+1-222-969-5548x2219,timothymorgan@example.com,73316 Robertson Roads Apt. 911,Watsonbury,GA,29323,Turks and Caicos Islands,High School,8,65126.6,Television/film/video producer,Applied,Kristin Downs
3400,2023-07-07,Thomas,Richardson,Other,24-09-1962,298.714.9677,smiththomas@example.com,703 Ramirez Walks,Lake Kellyview,OH,47268,Syrian Arab Republic,Bachelor's Degree,3,61840.69,"Runner, broadcasting/film/video",Rejected,Thomas Richardson
3401,2023-07-01,Arthur,Cook,Other,09-06-1968,622-852-8337,barkerjamie@example.org,28687 Alexander Forks Suite 315,Lake Heatherburgh,AK,97033,Taiwan,Bachelor's Degree,9,83596.94,Occupational hygienist,Interviewing,Arthur Cook
3402,2023-07-11,Ashley,Goodman,Female,14-01-1966,698-822-4601,jgutierrez@example.net,81289 Griffin Loop Apt. 912,New Mark,MD,29420,Tuvalu,Bachelor's Degree,5,50007.1,Environmental manager,In Review,Ashley Goodman
3403,2023-07-09,Julia,Mendez,Other,31-01-1976,561-590-2121x957,qwhite@example.net,18652 Matthews Square,South Ronald,WI,88508,Bahrain,Bachelor's Degree,16,33961.13,"Engineer, chemical",In Review,Julia Mendez
3404,2023-06-25,Michelle,Ball,Male,12-08-1967,654.717.3974x5336,clarkmelanie@example.org,707 Richard Villages,South Danielmouth,NH,49581,Bahrain,Bachelor's Degree,11,70555.0,"Psychologist, forensic",Interviewing,Michelle Ball
3405,2023-06-28,Emily,Kirk,Male,13-03-1969,+1-316-469-1124x2904,michaelwilliam@example.net,0552 Elizabeth Mill,Barretttown,AR,29674,Greenland,Bachelor's Degree,0,71238.03,Multimedia programmer,Offered,Emily Kirk
3406,2023-05-29,Julia,Ortega,Female,27-04-1979,###############################################################################################################################################################################################################################################################,kelly29@example.net,43386 Larry Rapid Suite 092,South Vanessa,IN,83111,Bulgaria,PhD,15,76997.12,Secretary/administrator,Applied,Julia Ortega
3407,2023-07-08,Jeffrey,Stone,Female,28-12-1996,001-551-350-6196,ramosnatalie@example.com,504 Gaines Ramp Suite 787,Holtmouth,VI,41928,Comoros,Master's Degree,6,78101.79,Charity fundraiser,In Review,Jeffrey Stone
3408,2023-07-12,Linda,Marsh,Other,09-03-1974,001-568-752-2533x304,molly41@example.com,74052 Rodriguez Mountains Suite 646,Grantville,NV,74601,Greece,PhD,9,65872.62,"Administrator, charities/voluntary organisations",Applied,Linda Marsh
3409,2023-06-19,Stephanie,Warren,Male,18-04-1982,+1-246-987-5185x26246,zburns@example.org,7346 Morrow Greens,Corytown,AS,42731,Estonia,PhD,20,56417.39,TEFL teacher,Rejected,Stephanie Warren
3410,2023-07-13,Bobby,Clark,Female,10-07-1963,(533)939-7745x648,ricehunter@example.net,38147 Martin Square Apt. 511,New Christianview,MP,22635,Antigua and Barbuda,High School,9,49204.36,Research scientist (medical),Offered,Bobby Clark
3411,2023-06-02,Elizabeth,Davis,Female,11-09-1965,842-215-5566,jimenezamanda@example.com,64088 Linda Fords,Pamelaview,CA,32728,Dominican Republic,PhD,0,86812.07,Housing manager/officer,In Review,Elizabeth Davis
3412,2023-08-01,Cory,Vaughan,Male,06-11-1972,###############################################################################################################################################################################################################################################################,suttonamanda@example.org,105 Jeffrey Highway Apt. 665,South Lisa,PR,64120,Bosnia and Herzegovina,Master's Degree,0,95989.14,IT consultant,Interviewing,Cory Vaughan
3413,2023-05-27,Lindsey,Simpson,Other,31-05-1969,001-599-703-4085x1496,kelsey10@example.com,419 Michele Cove Apt. 328,Joannatown,CA,21167,Eritrea,Master's Degree,11,59740.57,Trade union research officer,Rejected,Lindsey Simpson
3414,2023-07-07,Adam,Riley,Male,13-01-1973,001-577-535-7113x37917,dmaldonado@example.com,587 Christina Ports Suite 344,Brettshire,AK,88165,Nepal,Master's Degree,10,88260.96,Animal nutritionist,In Review,Adam Riley
3415,2023-06-12,Jacqueline,Davis,Female,10-08-1972,631.546.9370,ralphstewart@example.com,205 Bass Lodge,West Thomas,WA,13964,Qatar,Bachelor's Degree,14,46602.75,Armed forces operational officer,Interviewing,Jacqueline Davis
3416,2023-05-23,John,Gomez,Other,13-08-2004,###############################################################################################################################################################################################################################################################,olsonpatricia@example.org,273 Blair Forges Apt. 334,North Todd,MS,43841,Hong Kong,Bachelor's Degree,2,80775.56,Printmaker,Interviewing,John Gomez
3417,2023-05-13,Anthony,Reed,Other,22-08-1965,997-907-9505x256,xsmith@example.com,840 Vincent Inlet,South Edward,GU,36284,Holy See (Vatican City State),High School,15,59822.09,Senior tax professional/tax inspector,Applied,Anthony Reed
3418,2023-06-10,Peggy,Frost,Female,13-01-1965,001-867-848-0769,dyoung@example.org,8768 David Street,East Michael,IL,53597,Marshall Islands,High School,15,96035.31,Field seismologist,Rejected,Peggy Frost
3419,2023-05-21,Jessica,Brown,Male,25-09-2003,###############################################################################################################################################################################################################################################################,jonathanwoods@example.com,355 Kelly Fields Apt. 559,New Angelicashire,IA,44240,Moldova,Bachelor's Degree,7,47203.52,Special effects artist,Rejected,Jessica Brown
3420,2023-06-01,Jillian,Smith,Other,22-03-1997,717.409.7640,margaret07@example.org,260 Mary Expressway,Melissatown,WA,86480,Thailand,Master's Degree,4,58897.06,"Accountant, chartered management",Interviewing,Jillian Smith
3421,2023-05-06,Darin,Kim,Male,06-08-2001,(421)534-0298x478,kathyjones@example.org,10684 Ruben Lights,Gonzalezmouth,IL,41131,Jersey,Bachelor's Degree,14,80594.14,Diplomatic Services operational officer,In Review,Darin Kim
3422,2023-05-29,Natalie,Reed,Other,28-02-2001,(271)241-7352x928,waltonlaura@example.com,819 Peter Village Apt. 421,Rodriguezview,AS,13745,American Samoa,Master's Degree,17,83622.89,Restaurant manager,In Review,Natalie Reed
3423,2023-05-25,Debbie,Moore,Female,15-10-1985,473.991.9586x78348,jodi79@example.org,19783 Smith Oval Suite 069,Lake Samanthaside,HI,71558,Angola,Master's Degree,13,54196.36,Hotel manager,Applied,Debbie Moore
3424,2023-05-21,William,Boyd,Other,16-09-1972,992-371-1494x525,lhernandez@example.net,70611 Copeland Harbor,Zhanghaven,MI,37055,Kenya,Bachelor's Degree,5,40944.38,Environmental health practitioner,Applied,William Boyd
3425,2023-07-21,Robert,Armstrong,Male,27-11-1995,572-598-0300x13230,fischerstephen@example.org,5177 Brown Stravenue Apt. 730,Ericview,NV,55770,Hungary,Master's Degree,2,57868.34,Waste management officer,Rejected,Robert Armstrong
3426,2023-07-29,Michael,Brown,Female,15-11-1996,372-340-0504x199,alison18@example.net,9458 Schultz Stravenue,Lake David,UT,4966,Argentina,Master's Degree,18,73790.27,Ecologist,Offered,Michael Brown
3427,2023-06-04,Tracey,Frank,Other,08-04-2004,+1-478-229-9056x0321,jonathanthompson@example.com,12258 Marshall Road Suite 512,Burchview,GA,68818,Israel,PhD,17,65413.92,Seismic interpreter,Offered,Tracey Frank
3428,2023-07-03,Peter,Best,Female,29-08-1999,001-502-828-7564x256,alyssa68@example.com,14568 Simon Fall Suite 694,North Charlesbury,CO,36929,Saint Barthelemy,High School,1,58149.11,"Horticulturist, amenity",In Review,Peter Best
3429,2023-07-05,Matthew,Haynes,Other,08-02-1984,290.653.6304x6871,alam@example.net,4277 Murphy Prairie,Sheppardtown,MA,69595,France,PhD,10,88632.71,Senior tax professional/tax inspector,Rejected,Matthew Haynes
3430,2023-07-19,Anne,Martin,Female,16-10-2001,001-470-323-5890x06846,hodgeskayla@example.org,54007 Joshua Gateway Suite 053,Lake Dominicmouth,SD,7132,Antigua and Barbuda,Master's Degree,5,46816.47,Data scientist,Interviewing,Anne Martin
3431,2023-06-22,Haley,Gonzalez,Male,08-09-1992,473-601-3674x422,john83@example.net,9003 Avery Lock Apt. 562,Port Christopherborough,NV,5073,Netherlands,Bachelor's Degree,15,98876.61,"Engineer, land",Applied,Haley Gonzalez
3432,2023-06-03,Gina,Vasquez,Other,15-02-1967,999.630.5616x0335,jose64@example.net,753 Mary Crest,Ashleyhaven,AZ,36340,French Southern Territories,High School,4,33499.53,Chief Strategy Officer,Interviewing,Gina Vasquez
3433,2023-07-05,Crystal,Jenkins,Male,30-05-1978,812.577.6995,baileychristina@example.net,16283 Silva Dale Suite 413,Jeffreyberg,RI,60974,Singapore,Master's Degree,2,85943.23,"Journalist, newspaper",Rejected,Crystal Jenkins
3434,2023-05-21,Victoria,Thomas,Female,06-08-1974,883-868-7936,wanda90@example.com,43899 Haley Path,East Andrew,AZ,19584,Qatar,High School,16,92047.07,Lawyer,Offered,Victoria Thomas
3435,2023-07-01,David,Garner,Female,14-01-1966,(972)987-4476x0101,cunninghamdave@example.net,4568 Abigail Oval Suite 186,Hillfurt,WV,18334,Armenia,PhD,17,55770.38,Chief of Staff,Interviewing,David Garner
3436,2023-05-16,John,Mora,Other,05-06-1970,373.368.5164x494,terrywaller@example.com,1536 Miller Station,East Shannonville,IN,17327,Comoros,Bachelor's Degree,9,74212.39,"Administrator, education",In Review,John Mora
3437,2023-06-05,Tyler,Walsh,Other,23-05-1986,894.727.5870x543,waltersbobby@example.org,2285 Rodgers Expressway,New Vanessa,DE,22551,Bolivia,Bachelor's Degree,1,83420.31,"Administrator, education",Rejected,Tyler Walsh
3438,2023-06-29,Matthew,Callahan,Other,08-10-1976,001-485-470-6156x41331,mullinswilliam@example.com,69587 Hurst Junctions Apt. 922,Barnesland,FM,56513,Egypt,High School,1,46361.34,Merchant navy officer,Interviewing,Matthew Callahan
3439,2023-05-29,Savannah,Kemp,Male,15-03-1978,785-751-9452,clarkerin@example.org,193 Blanchard Plaza,Anamouth,MP,27779,Indonesia,Bachelor's Degree,19,91520.7,Clinical biochemist,Offered,Savannah Kemp
3440,2023-08-05,Gregory,Young,Other,07-02-1983,(501)674-9777x58023,floydbenjamin@example.net,8880 Andrew Fork Suite 067,Lake Melissaview,ND,48199,Mali,Bachelor's Degree,9,61365.47,"Conservator, museum/gallery",In Review,Gregory Young
3441,2023-06-17,Lori,Summers,Female,08-09-1990,519-253-4767,mcdowelljoseph@example.com,48619 Craig Gardens Suite 101,North Karenton,MS,46766,Philippines,PhD,6,94490.48,Film/video editor,Offered,Lori Summers
3442,2023-06-08,Megan,Gonzalez,Male,16-06-1972,687.253.5280x414,bbates@example.com,50462 Owens Pass,West Margaretfort,KS,74562,Central African Republic,High School,13,89195.28,"Editor, magazine features",In Review,Megan Gonzalez
3443,2023-07-20,Anne,Ingram,Male,26-03-1988,(372)341-1540,tracysimpson@example.com,2176 Martinez Lock,Martinland,PW,89098,Slovakia (Slovak Republic),Master's Degree,19,78361.9,Theme park manager,Rejected,Anne Ingram
3444,2023-06-24,Victoria,Mora,Female,22-06-1974,(996)480-2759x0472,estessherry@example.org,486 Phillip Pine Suite 278,Jonathonshire,IL,3181,Taiwan,Master's Degree,11,75223.13,IT consultant,Interviewing,Victoria Mora
3445,2023-05-31,Chad,Smith,Male,24-01-1974,808.606.7438,andrewyoung@example.net,0372 Lozano Corner,North Brenttown,IN,21571,Liechtenstein,High School,3,81570.46,Arts administrator,Interviewing,Chad Smith
3446,2023-05-21,Connie,Hart,Other,26-06-1991,250.359.3072,aliciaheath@example.org,0736 Rowe Mountain Apt. 211,Doughertyfort,NH,41583,Tajikistan,High School,13,60934.69,Administrator,Rejected,Connie Hart
3447,2023-05-06,Wesley,Johnson,Other,16-01-1993,###############################################################################################################################################################################################################################################################,griffithrobert@example.net,831 Leslie Knoll Suite 166,Tammymouth,VI,78615,Uganda,Master's Degree,19,83388.05,"Secretary, company",Rejected,Wesley Johnson
3448,2023-08-05,Jennifer,Johnston,Other,17-06-2003,(485)202-0030x994,jeffrey14@example.net,7912 Ward Prairie Suite 266,South Amandaberg,MA,88342,Cocos (Keeling) Islands,Bachelor's Degree,14,46272.71,Television production assistant,Applied,Jennifer Johnston
3449,2023-05-30,William,Murray,Male,20-08-1985,508.980.7784,kirstengutierrez@example.net,89339 Clark Pine Apt. 537,North Christopherborough,TN,61078,Malaysia,PhD,16,33206.26,Telecommunications researcher,Interviewing,William Murray
3450,2023-05-15,Rebecca,Larson,Other,29-05-1996,+1-425-514-9138x98187,heatherkemp@example.org,11958 Christine Spring Apt. 857,Christianchester,OH,6301,Bahamas,Master's Degree,5,45949.34,"Clinical scientist, histocompatibility and immunogenetics",In Review,Rebecca Larson
3451,2023-07-15,Lori,Yoder,Female,10-11-1975,(358)777-5886,nealtaylor@example.org,0659 Elizabeth Loaf Apt. 407,New Renee,OH,3868,Reunion,Master's Degree,18,44796.97,Automotive engineer,Interviewing,Lori Yoder
3452,2023-06-27,Jerry,Chambers,Other,13-08-1966,(629)347-0557x664,whitetanya@example.org,68136 Kimberly Fort Apt. 407,Kimton,MD,48714,Barbados,High School,6,80632.87,Environmental consultant,Rejected,Jerry Chambers
3453,2023-07-18,Brad,Atkinson,Female,31-01-1968,001-272-992-6119,claystephanie@example.com,14961 Joshua Cove,Millerchester,HI,2814,Gabon,High School,10,86035.79,Clinical cytogeneticist,In Review,Brad Atkinson
3454,2023-05-26,Cynthia,Dunlap,Female,11-10-2004,229-998-6878x4069,floresbianca@example.net,77068 Underwood Avenue,North Timothyfurt,ND,80411,Germany,PhD,8,41449.82,TEFL teacher,Offered,Cynthia Dunlap
3455,2023-07-25,Gary,Rivera,Male,11-02-1963,426-990-7400,campbellamy@example.com,6423 Natalie Key Apt. 144,Morseshire,FM,39660,Cape Verde,PhD,8,36298.04,"Engineer, biomedical",Offered,Gary Rivera
3456,2023-06-02,Samuel,Murphy,Female,07-12-1983,674.277.1526x55872,arielwhitaker@example.org,8303 Michael Plain Apt. 688,New Meredithville,LA,86317,Jamaica,Bachelor's Degree,1,96695.92,Administrator,Offered,Samuel Murphy
3457,2023-06-23,Adam,Sellers,Male,04-06-1964,###############################################################################################################################################################################################################################################################,christopherwilliams@example.org,2947 Atkins Loaf Apt. 226,Rodriguezborough,AR,41795,Saint Helena,Bachelor's Degree,12,90622.65,"Conservator, museum/gallery",Interviewing,Adam Sellers
3458,2023-05-22,Corey,Ward,Other,30-11-1976,001-611-211-2636x2482,hardingalex@example.net,48337 Gonzalez Green,East Debbie,OH,1909,Ukraine,Master's Degree,18,37071.68,Archivist,In Review,Corey Ward
3459,2023-05-27,Elizabeth,Armstrong,Other,24-02-1973,001-229-508-3220x0029,nichole32@example.net,7373 Brian Ford,South Deborah,OR,79718,Portugal,PhD,10,60886.45,Chief Executive Officer,Offered,Elizabeth Armstrong
3460,2023-06-02,Nicholas,Silva,Female,10-10-1963,(755)286-7296,allengregory@example.org,71940 Phillip Hills Suite 290,East Amanda,AR,99864,Nicaragua,Bachelor's Degree,12,51767.22,Counsellor,Interviewing,Nicholas Silva
3461,2023-07-27,Madison,Avery,Male,24-03-1969,001-665-559-3747x62962,lindasmith@example.net,859 Carla Gateway Apt. 659,Lake Phillip,GA,81001,Guyana,PhD,15,88675.51,"Surveyor, commercial/residential",Rejected,Madison Avery
3462,2023-07-20,Steven,Andrews,Male,22-01-1981,438.741.7937x00559,wilsonmichael@example.net,96515 Palmer Spurs Apt. 143,Vincentborough,KS,59166,Lebanon,High School,10,40175.8,"Nurse, learning disability",Offered,Steven Andrews
3463,2023-08-03,Stacey,Hammond,Male,15-12-1963,901-931-6582x567,hubbardsharon@example.net,9862 Brown Road,Bobbyburgh,OR,3060,Marshall Islands,PhD,15,95275.15,Furniture designer,Applied,Stacey Hammond
3464,2023-05-29,Alexandra,Smith,Other,11-03-1988,(792)307-2268x23070,heather29@example.org,6749 Ryan Mountains Apt. 984,South Marcia,LA,69042,Heard Island and McDonald Islands,Master's Degree,16,48429.57,Management consultant,Interviewing,Alexandra Smith
3465,2023-07-07,Jennifer,Berg,Other,10-08-1970,(993)256-2589,josephmitchell@example.net,33669 Lopez Mill,Jerryview,MT,9974,Croatia,Master's Degree,16,75813.91,"Designer, blown glass/stained glass",Offered,Jennifer Berg
3466,2023-07-09,Mary,Knight,Other,28-05-1978,+1-575-775-5233x66992,jason32@example.net,99523 Brandon Crossroad,Glendaview,OH,57892,Greenland,Bachelor's Degree,18,50156.05,Insurance broker,Rejected,Mary Knight
3467,2023-06-16,Dana,Jones,Female,19-02-2003,(819)930-9538,stacymeza@example.com,54263 Olsen Isle,Danielborough,MD,33697,Christmas Island,High School,12,35962.41,Mental health nurse,Rejected,Dana Jones
3468,2023-06-23,Tammy,Hutchinson,Female,01-02-1970,267.914.5358x18642,isaac72@example.com,71965 Barry Fork,Jasonstad,RI,92925,Armenia,Master's Degree,20,88071.43,Government social research officer,In Review,Tammy Hutchinson
3469,2023-05-15,Steven,Martinez,Female,04-11-1998,(807)764-2038,mooredestiny@example.net,1299 Jeffrey Avenue,Port Edward,AR,82912,Bosnia and Herzegovina,PhD,18,58182.3,Control and instrumentation engineer,Applied,Steven Martinez
3470,2023-06-29,Carl,Riley,Male,14-05-1970,###############################################################################################################################################################################################################################################################,jesse34@example.net,21332 Jeffrey Dam Apt. 899,Hartstad,NV,41004,Timor-Leste,PhD,8,46352.59,Investment analyst,Rejected,Carl Riley
3471,2023-07-23,Allison,Hunter,Male,16-02-1968,822-448-9123,rlane@example.net,8356 Donna Isle,Port Jennifer,ID,45210,Saint Vincent and the Grenadines,High School,4,44567.14,Clinical research associate,Applied,Allison Hunter
3472,2023-06-13,Jessica,Kim,Other,22-07-1992,488.582.6324,brandonfrederick@example.com,66933 Mccarthy Prairie,Brianberg,PA,36974,American Samoa,Bachelor's Degree,20,39382.96,Games developer,Offered,Jessica Kim
3473,2023-06-08,Sydney,Powell,Other,17-12-1990,+1-773-770-1761x397,brightkayla@example.net,9257 Simmons Park,Craighaven,DE,52731,Albania,High School,4,50740.72,Medical secretary,Rejected,Sydney Powell
3474,2023-06-30,Mark,Roy,Male,09-06-1985,001-922-477-6857x04770,alexandriaanderson@example.net,177 Long Lane Suite 450,Mcclainland,MP,23502,Canada,Bachelor's Degree,9,84882.63,Financial manager,Rejected,Mark Roy
3475,2023-05-14,Steven,Andrade,Other,19-11-1978,770.213.3917,shahalyssa@example.net,33957 Ryan Points,Marshtown,NE,12466,Guadeloupe,High School,4,62772.24,Astronomer,Applied,Steven Andrade
3476,2023-07-16,James,Perez,Other,28-05-1991,(811)321-4253x181,hcrawford@example.com,3618 John Brooks,Thomasside,OR,20529,Tanzania,Bachelor's Degree,6,91870.42,Osteopath,Offered,James Perez
3477,2023-07-30,Amy,Garcia,Male,16-02-2002,+1-617-260-1265x00019,zthompson@example.net,139 Shaw Mountains,Anthonyberg,SC,29915,Samoa,PhD,7,47880.21,Armed forces training and education officer,Rejected,Amy Garcia
3478,2023-06-12,Carolyn,Nichols,Other,31-07-1993,001-334-888-9740x378,nchapman@example.com,422 Alexander Trail,Martinview,NV,21979,Ecuador,PhD,13,73632.57,Aeronautical engineer,Rejected,Carolyn Nichols
3479,2023-07-10,Anthony,Neal,Other,23-03-1977,(310)855-6460x0639,logan10@example.com,72028 Jesse Glen Suite 043,Lake Brendan,OH,65813,Russian Federation,Master's Degree,2,56923.43,Community pharmacist,In Review,Anthony Neal
3480,2023-08-03,Rachel,Martinez,Other,14-11-1997,(720)725-4609x082,lewisjohnathan@example.com,49845 Mccarthy River Suite 662,West Nicole,NM,58411,North Macedonia,Bachelor's Degree,20,93530.29,Senior tax professional/tax inspector,Rejected,Rachel Martinez
3481,2023-06-30,Troy,Warren,Male,16-06-1970,(314)517-6366x58641,eringreer@example.com,31692 Taylor Hollow Suite 402,Martinburgh,MT,56940,Monaco,Master's Degree,4,95465.38,Information officer,Rejected,Troy Warren
3482,2023-06-02,John,Porter,Female,31-03-1971,551.912.4758,mckenzieamy@example.org,6783 Elizabeth Stravenue,West Gregoryshire,MP,78961,Benin,Master's Degree,11,81681.46,Adult guidance worker,Rejected,John Porter
3483,2023-07-05,Jennifer,Jones,Female,09-12-1981,001-483-835-4819x3444,rebecca09@example.org,7911 Justin Hill Suite 558,South Jonathan,AL,5151,Iran,Master's Degree,11,56008.28,"Teacher, English as a foreign language",Rejected,Jennifer Jones
3484,2023-05-31,Katelyn,Murphy,Female,27-09-1965,349-561-1874x760,alexiswilliams@example.org,288 Morgan Crescent Apt. 925,South Michaelberg,CA,20524,Syrian Arab Republic,Master's Degree,16,69630.74,"Engineer, technical sales",Rejected,Katelyn Murphy
3485,2023-08-02,Madison,Welch,Other,02-12-1976,+1-580-763-3788x4470,leslie20@example.org,163 Duarte Shore,North Gregoryfurt,MT,83273,Ireland,High School,11,43727.86,"Scientist, forensic",Applied,Madison Welch
3486,2023-07-31,James,Green,Male,25-06-1969,828.600.1694,erica46@example.net,5655 Kelly Corners,Millertown,DE,15101,Senegal,PhD,12,47512.26,"Scientist, forensic",Rejected,James Green
3487,2023-06-10,Michael,Goodwin,Male,13-05-1989,987.232.3268,veronica72@example.org,361 Terri Mall,New Manueltown,DE,66609,China,High School,11,95822.43,Accounting technician,Interviewing,Michael Goodwin
3488,2023-07-25,Raymond,Chavez,Male,12-05-1989,(461)908-8451,johnsonpaul@example.org,8413 Bonnie Fort,Cherylton,PW,90988,Fiji,High School,20,92395.37,Arboriculturist,Rejected,Raymond Chavez
3489,2023-05-16,Jodi,Peterson,Female,18-02-1970,###############################################################################################################################################################################################################################################################,nicholas96@example.net,38262 Brian Manor Suite 687,Chrisside,DE,77780,Mongolia,Bachelor's Degree,0,77973.23,Administrator,In Review,Jodi Peterson
3490,2023-07-06,Ryan,Owens,Other,13-08-1990,###############################################################################################################################################################################################################################################################,jamesrodriguez@example.com,7616 Brown Port,Petersonside,MA,34308,Korea,PhD,17,87196.4,Jewellery designer,Applied,Ryan Owens
3491,2023-05-19,Kerri,Pierce,Male,02-08-1981,+1-211-308-8640x88337,carolynharris@example.org,0519 Mary Point Suite 060,Alexanderville,NV,37447,Sierra Leone,Master's Degree,0,41585.2,Chief Financial Officer,Interviewing,Kerri Pierce
3492,2023-07-07,Cynthia,Melendez,Male,01-02-1980,(296)616-3593x6219,lovesusan@example.com,039 Thomas Creek Apt. 112,Richardsontown,SD,22916,Kazakhstan,High School,11,94849.36,"Education officer, environmental",Offered,Cynthia Melendez
3493,2023-06-07,Melanie,Sullivan,Other,07-06-1972,508.239.9551,elizabethgonzalez@example.org,89703 Walsh Expressway,New James,WI,69921,Tokelau,Bachelor's Degree,6,89546.16,Recruitment consultant,In Review,Melanie Sullivan
3494,2023-08-03,Cindy,Holland,Female,16-02-1963,261.384.6842x3103,christinawaters@example.net,8501 Michael Junction Suite 082,New Alexandraside,FL,73390,Armenia,Master's Degree,16,40352.39,Chiropodist,Offered,Cindy Holland
3495,2023-06-10,Perry,Graham,Female,01-04-1994,(915)816-8353x6428,cathy86@example.com,810 Tamara Villages,South Maryville,NH,84593,Cocos (Keeling) Islands,PhD,13,84789.02,"Engineer, energy",Rejected,Perry Graham
3496,2023-07-15,Robert,Harris,Other,03-09-2004,500-212-3462x4183,julie06@example.net,006 Chris Via Suite 892,Jonberg,ID,39890,Equatorial Guinea,PhD,6,53632.93,Forest/woodland manager,Applied,Robert Harris
3497,2023-06-29,Bridget,Vang,Other,08-07-1986,(255)636-9380x16808,jacob69@example.com,31590 Sue Falls,East Stephenberg,IA,70379,Jamaica,Master's Degree,15,56838.87,Financial trader,In Review,Bridget Vang
3498,2023-05-28,Brian,Combs,Female,29-10-1985,(919)628-9231x8231,benjamin19@example.org,434 Erica Divide,East Markport,NH,11594,Haiti,Master's Degree,16,54772.75,Dance movement psychotherapist,Interviewing,Brian Combs
3499,2023-08-05,James,Goodman,Male,10-11-1965,###############################################################################################################################################################################################################################################################,lmccarthy@example.org,3014 Barnett Landing,Port Deborahtown,SD,88407,Reunion,High School,3,71333.1,Lexicographer,Applied,James Goodman
3500,2023-06-10,Miranda,Walters,Male,03-12-1972,893-862-0362x29509,zbryant@example.org,5086 Denise Park,Lake Andrewside,OH,51609,Morocco,PhD,2,56175.72,Clothing/textile technologist,Applied,Miranda Walters
3501,2023-05-15,Thomas,Patel,Male,09-01-1991,###############################################################################################################################################################################################################################################################,michelleriggs@example.org,065 Garcia Stravenue,Port Juanburgh,CT,95252,Svalbard & Jan Mayen Islands,Bachelor's Degree,13,47880.34,"Therapist, sports",Offered,Thomas Patel
3502,2023-05-27,Henry,Patterson,Other,14-12-1999,(445)862-0178,jonesjeffery@example.net,9412 Renee Green Apt. 319,West Karenhaven,FL,68245,Luxembourg,High School,15,99991.8,Airline pilot,Interviewing,Henry Patterson
3503,2023-05-16,Shannon,Mack,Other,21-10-1974,+1-893-684-8143x94949,maxwelltonya@example.org,756 Haas Bridge Apt. 805,Port Masonchester,NJ,77028,Seychelles,Bachelor's Degree,10,78809.48,General practice doctor,Rejected,Shannon Mack
3504,2023-06-27,Sara,Moon,Female,11-05-1972,816-597-0728x3897,deborah66@example.net,949 Joshua Streets Apt. 240,North Rebecca,MP,64262,Hungary,Master's Degree,17,52652.51,Politician's assistant,Applied,Sara Moon
3505,2023-06-27,Kimberly,Ortega,Female,18-12-1982,226.334.3005x9709,cartermichelle@example.net,11923 Mark Street,New Brenda,AK,63929,Monaco,Bachelor's Degree,9,33185.55,Pension scheme manager,In Review,Kimberly Ortega
3506,2023-07-12,Noah,Villanueva,Female,10-01-1976,434.368.5907,goodmichelle@example.org,12653 Juan Road,Barreraton,DE,45801,Antigua and Barbuda,PhD,12,88022.46,Charity fundraiser,Rejected,Noah Villanueva
3507,2023-06-09,Amanda,Miller,Male,27-09-1964,498.274.1616,david24@example.com,4808 Davis Viaduct,Goldenchester,VI,78266,India,PhD,18,90808.84,Press photographer,Interviewing,Amanda Miller
3508,2023-07-18,Evan,Craig,Other,09-12-2001,429.576.8467x0035,kimberlywang@example.net,6263 Thomas Burg,Lake Nicholasburgh,TX,30974,Chad,Bachelor's Degree,11,59082.05,Telecommunications researcher,Interviewing,Evan Craig
3509,2023-06-24,Meghan,Norman,Other,08-07-1982,+1-589-403-2958x2608,chall@example.net,070 Smith Corners,Carolynstad,WY,87438,Singapore,Bachelor's Degree,4,43162.39,"Designer, furniture",Interviewing,Meghan Norman
3510,2023-05-27,Daniel,Klein,Male,20-03-1992,(362)884-4748,tim56@example.org,72602 Nicholas Fort,South Tinaberg,MN,74360,Turkey,Bachelor's Degree,18,83884.61,"Development worker, international aid",Applied,Daniel Klein
3511,2023-05-08,Jennifer,Jackson,Male,01-03-1982,001-229-675-2408x48092,mark58@example.org,32372 Mitchell Ports Apt. 990,Aaronton,PW,32918,Moldova,High School,14,89720.32,"Engineer, water",In Review,Jennifer Jackson
3512,2023-07-05,Susan,Stewart,Female,26-02-1964,651-871-0450x5886,masontracy@example.net,0864 Brianna Trafficway Suite 173,Markmouth,MO,2479,Cambodia,Master's Degree,20,53195.04,Health service manager,In Review,Susan Stewart
3513,2023-06-01,Mark,Sutton,Male,29-05-1978,001-360-700-5726x27798,sotoashley@example.org,7928 Friedman Park,East Daniel,UT,94556,United States of America,High School,7,44269.94,Energy engineer,In Review,Mark Sutton
3514,2023-05-22,Angela,Velazquez,Male,27-12-2002,774.317.3383,muelleramy@example.org,7780 Jessica Squares,West Michael,IA,74253,Comoros,Bachelor's Degree,6,82170.94,Mudlogger,Offered,Angela Velazquez
3515,2023-05-17,Allen,Miller,Other,07-10-2000,###############################################################################################################################################################################################################################################################,martinezrichard@example.org,706 Chad Pines Apt. 356,Markfort,MI,51638,Montserrat,PhD,9,55925.99,Media buyer,Interviewing,Allen Miller
3516,2023-07-02,Dawn,Camacho,Female,04-09-1966,###############################################################################################################################################################################################################################################################,crystal64@example.org,905 Gross Knolls Suite 387,West Andrew,KS,67867,Senegal,High School,10,79686.22,Fashion designer,Interviewing,Dawn Camacho
3517,2023-07-24,Richard,Parker,Female,22-02-1977,+1-260-513-7697x5282,stephaniemiller@example.org,978 Smith Squares Suite 184,North Ambertown,CA,97117,Uruguay,Bachelor's Degree,2,36224.14,"Programmer, applications",Offered,Richard Parker
3518,2023-07-10,William,Rodriguez,Male,10-11-1995,###############################################################################################################################################################################################################################################################,eallen@example.org,23008 Emily Parks Apt. 602,Ramosberg,OH,48865,Turkey,Master's Degree,9,48575.63,"Nurse, adult",In Review,William Rodriguez
3519,2023-08-05,Barbara,Mason,Other,10-02-1968,###############################################################################################################################################################################################################################################################,paula80@example.net,39052 Baird Tunnel Apt. 525,North Belinda,MO,14052,Nicaragua,Bachelor's Degree,7,37576.45,"Nurse, learning disability",Offered,Barbara Mason
3520,2023-07-26,Carolyn,Trujillo,Other,14-05-1995,###############################################################################################################################################################################################################################################################,kevinbuck@example.net,54432 Miller Inlet Apt. 648,South Margaret,AS,8879,Sudan,Master's Degree,5,45267.2,"Engineer, materials",In Review,Carolyn Trujillo
3521,2023-07-10,Dustin,Cervantes,Other,24-09-1975,774.681.6676,stephanie84@example.com,3652 Garcia Via,Yolandamouth,MD,34533,Swaziland,Bachelor's Degree,15,33980.0,Social researcher,Rejected,Dustin Cervantes
3522,2023-05-07,Austin,Fisher,Female,13-11-1979,629-938-6628,wagnerchristopher@example.net,3635 Matthew Ridge,Williamsburgh,ME,94151,Thailand,Master's Degree,5,45055.03,Systems analyst,Rejected,Austin Fisher
3523,2023-07-29,Katie,Gray,Female,13-09-1977,668-401-0974x94241,sdeleon@example.org,9640 Kelly Glen,Shannonhaven,PA,95601,Tajikistan,PhD,1,39992.05,"Surveyor, minerals",Interviewing,Katie Gray
3524,2023-07-07,Matthew,Aguilar,Female,14-08-1979,969-854-9248,zacharyjohnson@example.com,0522 Porter Summit Suite 420,West Morganmouth,SC,60294,United States of America,High School,3,81871.32,Newspaper journalist,Offered,Matthew Aguilar
3525,2023-06-20,Angela,Williams,Female,01-09-1981,308-318-1033,morrisjessica@example.com,21130 Leslie Street Suite 719,Rachelchester,MI,32211,Cote d'Ivoire,Master's Degree,6,60949.18,"Nurse, mental health",Applied,Angela Williams
3526,2023-06-18,Gabriel,Mann,Male,16-08-1967,750.425.0133x8785,rogersbrian@example.com,8819 Jeremiah Dale,Natalieland,SC,28080,Australia,PhD,20,30479.56,"Teacher, early years/pre",Rejected,Gabriel Mann
3527,2023-06-30,Philip,Lee,Other,04-06-1983,001-677-619-9762x9174,thompsonpeter@example.com,4868 Blankenship Ridges,East Matthewside,PW,65613,Romania,High School,10,64653.22,Geochemist,Interviewing,Philip Lee
3528,2023-07-19,Michael,Nunez,Female,10-08-1995,(397)335-1254x591,steven11@example.net,863 Romero Springs Apt. 854,Sototown,HI,7742,Rwanda,Bachelor's Degree,10,31631.5,"Lecturer, further education",Offered,Michael Nunez
3529,2023-05-31,Angela,Rose,Female,20-09-1979,520.298.5274x658,zlopez@example.net,8278 Judy Village Apt. 802,Lake Kristen,VT,42392,Somalia,High School,16,99803.19,"Radiographer, therapeutic",In Review,Angela Rose
3530,2023-07-03,Heather,Roberts,Female,17-07-1974,+1-750-234-4839x373,deborahkrause@example.com,602 Smith Gardens Suite 256,North Patriciastad,GU,28239,Mongolia,Bachelor's Degree,18,91400.85,Health and safety inspector,Interviewing,Heather Roberts
3531,2023-07-02,Vincent,Jackson,Male,27-04-1990,365.885.3829x49700,wilsontammy@example.net,504 Kramer Loaf,New Veronica,NJ,7887,Holy See (Vatican City State),PhD,17,72007.94,"Surveyor, rural practice",Interviewing,Vincent Jackson
3532,2023-07-05,Samantha,Woodard,Female,02-07-2002,(324)241-6384,kellysmith@example.com,308 Laura Garden Apt. 398,Port Amberfort,PA,61898,Ethiopia,PhD,20,75765.9,"Therapist, horticultural",Interviewing,Samantha Woodard
3533,2023-07-15,Monica,Lynch,Female,16-04-1969,(558)373-9063,david25@example.com,4667 Murphy Land Suite 440,New Garyshire,DE,42110,Antarctica (the territory South of 60 deg S),Bachelor's Degree,12,96580.34,Clinical cytogeneticist,Interviewing,Monica Lynch
3534,2023-06-11,Stephanie,Hanson,Male,11-11-2004,###############################################################################################################################################################################################################################################################,swilliamson@example.net,1505 Austin Mall Apt. 902,North Annaburgh,NV,71708,Zambia,High School,19,42433.37,Magazine features editor,Applied,Stephanie Hanson
3535,2023-08-03,Rodney,Pugh,Female,27-11-1996,###############################################################################################################################################################################################################################################################,scottchambers@example.org,64595 Thomas Crescent,Whitneyburgh,MN,72823,Central African Republic,High School,15,64759.19,Chief Technology Officer,Offered,Rodney Pugh
3536,2023-07-21,Kevin,Hall,Other,13-10-1985,584-771-0089x56058,benjaminsalazar@example.org,05398 Michael Mountain Suite 213,Lake Lisa,WY,26331,Congo,Master's Degree,18,42011.47,Agricultural consultant,Offered,Kevin Hall
3537,2023-06-23,Ryan,Payne,Female,12-06-1970,(544)646-1293,meghananderson@example.com,07066 Russell Center Suite 654,North Raymond,MH,5834,Christmas Island,Bachelor's Degree,10,45381.84,Comptroller,Rejected,Ryan Payne
3538,2023-07-09,Stephanie,Wright,Female,07-12-1988,(323)302-2051,scott15@example.org,52986 Tony Park,Mariaview,CO,74420,Australia,Master's Degree,14,71973.23,Best boy,Interviewing,Stephanie Wright
3539,2023-08-04,Christopher,Butler,Male,13-11-2003,777-963-0887,stephanie28@example.org,8500 Anderson Ranch Apt. 993,Evansfurt,MN,62481,Andorra,PhD,8,60627.4,Financial risk analyst,Rejected,Christopher Butler
3540,2023-07-19,Emily,Neal,Other,24-08-1975,###############################################################################################################################################################################################################################################################,ellislisa@example.org,54718 David Rapids Apt. 306,Walshmouth,ME,15845,Samoa,Master's Degree,5,59776.04,"Clinical scientist, histocompatibility and immunogenetics",Interviewing,Emily Neal
3541,2023-06-29,Robert,Hendrix,Male,21-06-1983,001-477-330-8627x6550,aray@example.net,50029 Lee Drive Apt. 870,Martinside,CA,95642,United States Virgin Islands,Master's Degree,4,85535.25,Engineering geologist,Rejected,Robert Hendrix
3542,2023-06-10,Lindsey,Everett,Female,13-12-1985,845.847.4067,cartermason@example.com,681 Gomez Lakes,Nicholsside,TX,44363,Guinea-Bissau,PhD,20,72498.76,Minerals surveyor,Offered,Lindsey Everett
3543,2023-06-16,Heather,Hart,Female,21-08-1991,364.894.8293x9757,psims@example.org,463 Allison Gardens Apt. 469,Scottfurt,AR,43576,Bhutan,PhD,16,50227.87,"Investment banker, operational",Offered,Heather Hart
3544,2023-07-10,Andrew,Le,Male,07-01-1974,001-908-857-7429,gibbsdeanna@example.org,54375 Thompson Estate Apt. 403,Charlesburgh,OK,38567,Guadeloupe,High School,4,68764.76,Sports development officer,Interviewing,Andrew Le
3545,2023-07-26,James,Sanders,Male,13-03-1999,643.582.2062,briannahuynh@example.net,95805 White Lights Apt. 670,Port Kayla,ND,41662,Paraguay,PhD,8,63073.24,Financial manager,Offered,James Sanders
3546,2023-08-01,Jerry,Cox,Other,01-07-1992,250.984.5937x626,kristin13@example.org,07889 Hampton Path,Kleinland,PA,97025,Falkland Islands (Malvinas),Master's Degree,1,36155.89,"Scientist, research (medical)",Interviewing,Jerry Cox
3547,2023-05-29,Ashley,Blankenship,Female,28-05-2001,(980)752-9623x782,adrian79@example.com,462 Marshall Stream,Andrewland,ND,43281,Seychelles,Bachelor's Degree,19,70447.67,"Sales professional, IT",Offered,Ashley Blankenship
3548,2023-07-04,Christian,Shepherd,Other,30-12-1980,829-940-2647x436,lopezbryan@example.org,8705 Jillian Canyon Suite 581,Howellchester,AL,83913,Pitcairn Islands,PhD,2,88195.15,Architect,Offered,Christian Shepherd
3549,2023-07-20,David,Butler,Female,06-07-1999,614-977-8914x142,ryan30@example.com,37183 Phelps Way,Port Stephanieside,WA,86277,Sudan,High School,20,63260.18,Cytogeneticist,Offered,David Butler
3550,2023-05-29,Angela,Grant,Female,27-03-1984,###############################################################################################################################################################################################################################################################,marc58@example.org,0703 Destiny Mountain,Williamsmouth,RI,21489,Austria,PhD,6,75419.12,"Surveyor, insurance",In Review,Angela Grant
3551,2023-05-08,Todd,Smith,Other,13-06-1995,504.303.1202x175,xcaldwell@example.net,862 Manning Turnpike Suite 394,West Nancy,PA,29588,Saint Vincent and the Grenadines,PhD,4,70066.41,Marine scientist,Interviewing,Todd Smith
3552,2023-07-07,Jenna,Williams,Other,02-06-2002,001-244-934-2575x36084,hburgess@example.org,95186 Wendy Heights,Fishermouth,HI,83804,Northern Mariana Islands,High School,4,89020.83,Community arts worker,Offered,Jenna Williams
3553,2023-07-24,Karen,Fletcher,Female,05-01-1972,001-349-414-7031x27891,ldixon@example.org,53254 Hernandez Squares,North Shelly,MT,30449,Puerto Rico,Bachelor's Degree,14,79930.71,"Engineer, water",Rejected,Karen Fletcher
3554,2023-07-13,Heather,Singh,Male,10-10-1984,###############################################################################################################################################################################################################################################################,esmall@example.com,4631 Robert Mountain Apt. 895,Lake Jessestad,NM,58162,Antarctica (the territory South of 60 deg S),Bachelor's Degree,14,50649.47,Public relations account executive,Rejected,Heather Singh
3555,2023-05-29,Matthew,Powers,Female,07-07-1975,658.485.0371x8926,ramirezshawna@example.com,755 Lam Ferry,Thomasfort,TX,14048,South Africa,High School,10,70934.68,Plant breeder/geneticist,Offered,Matthew Powers
3556,2023-05-12,Shannon,Johnson,Female,10-03-1987,###############################################################################################################################################################################################################################################################,johnsonwhitney@example.net,5979 Lauren Light Suite 537,West Amanda,ME,53320,Uzbekistan,Bachelor's Degree,18,47876.1,Geophysical data processor,Interviewing,Shannon Johnson
3557,2023-06-08,Kathleen,Wilson,Male,30-11-1970,001-702-727-3265x58103,lisa18@example.org,63676 Ochoa Isle,North John,RI,81323,Azerbaijan,Master's Degree,9,56118.06,Nature conservation officer,Offered,Kathleen Wilson
3558,2023-06-08,Jennifer,Jones,Other,27-02-1983,001-622-430-6692x188,davidnguyen@example.com,94985 Thompson Flat Apt. 987,West Joseburgh,UT,88995,Guernsey,Master's Degree,5,69962.78,"Sound technician, broadcasting/film/video",Offered,Jennifer Jones
3559,2023-07-05,Gabriel,Kane,Female,11-11-1972,987-649-7745x6657,nmurphy@example.org,81729 Anthony Ports,Jonesview,IL,17980,Serbia,PhD,4,31497.55,"Engineer, building services",Interviewing,Gabriel Kane
3560,2023-05-09,Tonya,Mason,Female,02-03-1993,###############################################################################################################################################################################################################################################################,rhondaking@example.org,83213 Joseph Turnpike,Tiffanyburgh,AR,88346,Qatar,Bachelor's Degree,13,75909.15,"Engineer, civil (contracting)",In Review,Tonya Mason
3561,2023-07-03,Theresa,Adams,Other,19-07-1988,296.328.8746x9963,michael90@example.net,8267 Williams Square,South Michelle,OK,53465,Turks and Caicos Islands,PhD,15,61647.79,"Sound technician, broadcasting/film/video",Applied,Theresa Adams
3562,2023-05-25,Kristin,Parker,Other,16-03-1992,620-593-1696,leachkatherine@example.com,35865 Justin Shoal Apt. 886,Port Karenside,AR,57970,Nauru,High School,11,81206.32,"Engineer, electrical",In Review,Kristin Parker
3563,2023-07-24,Rebecca,Hobbs,Male,29-11-1981,(881)753-3059,john57@example.com,440 Simpson Square Suite 751,Leemouth,WY,29953,French Polynesia,PhD,5,47165.98,Advertising art director,Rejected,Rebecca Hobbs
3564,2023-07-29,Virginia,Brown,Male,05-02-1984,###############################################################################################################################################################################################################################################################,rodriguezronald@example.net,382 Evans Islands,East Angelatown,IL,24983,Solomon Islands,Master's Degree,13,72183.98,Animal technologist,Applied,Virginia Brown
3565,2023-06-08,Joseph,Fowler,Male,16-01-1986,###############################################################################################################################################################################################################################################################,michael39@example.com,730 Doris Park,Lake Todd,PR,92167,Korea,PhD,18,70439.03,Midwife,Interviewing,Joseph Fowler
3566,2023-05-18,Jennifer,Gray,Other,21-08-1967,219.667.6735,david29@example.net,316 Daniel Garden,Port Emily,AS,5449,Guinea,PhD,10,62481.17,Analytical chemist,Applied,Jennifer Gray
3567,2023-07-09,Jonathan,Kirby,Other,27-09-1972,960.831.7186x90446,peterstrong@example.org,921 James Extensions,Port Tony,PW,84372,Indonesia,PhD,0,56886.66,Public house manager,Applied,Jonathan Kirby
3568,2023-06-22,Darlene,Winters,Other,29-08-1979,(608)654-1837x5599,fharper@example.org,5337 Burgess Underpass,Wrighthaven,LA,6854,Lao People's Democratic Republic,PhD,9,76141.9,Oceanographer,Rejected,Darlene Winters
3569,2023-07-15,Pamela,Jones,Female,07-06-1970,###############################################################################################################################################################################################################################################################,joel95@example.net,037 Buckley Inlet,Suttonside,UT,13510,Georgia,PhD,13,70763.15,Secondary school teacher,In Review,Pamela Jones
3570,2023-05-29,Andrew,Nolan,Female,05-02-1976,###############################################################################################################################################################################################################################################################,lindasmith@example.net,25114 Glenda Parks,Woodsport,MD,98923,Hungary,Bachelor's Degree,18,58532.04,"Therapist, nutritional",Applied,Andrew Nolan
3571,2023-05-28,Steven,Williams,Other,14-07-2001,###############################################################################################################################################################################################################################################################,theresaandrade@example.net,47501 Andrew Cliffs Suite 449,Lake Noahbury,AR,83940,Sweden,PhD,18,41124.2,Health service manager,Interviewing,Steven Williams
3572,2023-06-07,Ellen,Lopez,Female,05-05-1994,(302)666-9793,mannhailey@example.net,3302 Anderson Ferry,Tracichester,MA,74229,Fiji,PhD,15,97564.93,Financial manager,Interviewing,Ellen Lopez
3573,2023-05-10,Brittany,Young,Female,22-08-1986,(519)595-9155x85425,jacksonbowen@example.org,142 Joshua Harbors,New Douglasport,ND,50966,Israel,High School,6,69873.41,Communications engineer,Applied,Brittany Young
3574,2023-07-18,Mark,Vaughan,Male,08-04-1976,913.920.7512x32390,daniel23@example.net,25361 Sara Gateway,East Jessicamouth,OH,20128,Somalia,High School,9,54756.12,"Psychologist, prison and probation services",Offered,Mark Vaughan
3575,2023-07-15,Nicholas,Morton,Other,27-11-1983,231.499.6690,brooke46@example.org,3256 Susan Drives Suite 584,Jessicabury,SC,26649,South Georgia and the South Sandwich Islands,Master's Degree,10,53551.66,Research scientist (physical sciences),Applied,Nicholas Morton
3576,2023-06-09,Eric,Valenzuela,Female,25-06-1977,671.408.6484x6152,uchase@example.org,4093 Darrell Harbor Apt. 349,West Pamelaberg,WA,34596,Guatemala,PhD,3,33725.82,Community arts worker,In Review,Eric Valenzuela
3577,2023-08-03,Larry,Pratt,Female,28-08-1966,226.862.2029,ddean@example.net,82905 Lewis Road,Donnamouth,NH,39960,Samoa,Bachelor's Degree,9,98308.98,Health promotion specialist,Interviewing,Larry Pratt
3578,2023-07-14,John,Wall,Female,06-11-1999,###############################################################################################################################################################################################################################################################,ljoseph@example.com,2175 Stephanie Mills,West Emily,MH,50556,Macao,High School,2,91039.18,"Engineer, chemical",Rejected,John Wall
3579,2023-07-02,Noah,Ball,Female,25-02-1976,###############################################################################################################################################################################################################################################################,jeremy94@example.org,05028 Ferrell Key,Terrellborough,VA,32044,Nepal,High School,4,48512.45,Building control surveyor,In Review,Noah Ball
3580,2023-06-23,Steven,Valentine,Female,24-08-1985,+1-612-310-2795x74335,tcox@example.org,21977 Clark Motorway,Joseside,AK,10936,Maldives,Bachelor's Degree,2,71791.95,"Engineer, control and instrumentation",Applied,Steven Valentine
3581,2023-07-07,Brian,Johnson,Other,21-06-1974,(592)267-9712x924,erik96@example.net,212 Roberts Crest Apt. 090,Wheelertown,OR,61023,Norfolk Island,Bachelor's Degree,11,52584.01,"Engineer, technical sales",In Review,Brian Johnson
3582,2023-08-05,Stephanie,Mclaughlin,Female,13-12-1999,467-264-3982x0323,vanessa74@example.com,4149 Marshall Courts Suite 204,North Megan,KS,48693,Switzerland,High School,8,39608.74,"Designer, multimedia",Offered,Stephanie Mclaughlin
3583,2023-07-14,David,Murphy,Male,26-05-1994,001-446-635-5503,fdavis@example.net,9546 Brown Rue Apt. 831,Donaldfort,AS,92189,Algeria,High School,6,50965.51,Glass blower/designer,Rejected,David Murphy
3584,2023-05-14,Joshua,Williams,Male,21-06-2002,441-579-4600,collinsleonard@example.net,3110 Osborn Rapid Apt. 832,North Isaac,MO,12466,Kuwait,Master's Degree,7,41535.6,Science writer,Interviewing,Joshua Williams
3585,2023-07-11,Nicholas,Long,Other,22-10-1974,626.879.6544,susan01@example.com,594 Alexis Squares Suite 877,East Stephenburgh,ND,3114,Czech Republic,Bachelor's Degree,14,83864.11,Writer,Interviewing,Nicholas Long
3586,2023-07-10,Michael,Bullock,Other,22-05-1978,###############################################################################################################################################################################################################################################################,martha39@example.net,4007 Boyd Avenue Suite 355,Juliestad,OK,1333,Ukraine,High School,11,73944.12,Fashion designer,In Review,Michael Bullock
3587,2023-05-16,Emily,Larsen,Female,03-12-1966,001-991-967-1448x469,kimberlybrown@example.com,7676 Yvonne Road,Janicehaven,WV,11255,British Indian Ocean Territory (Chagos Archipelago),PhD,4,90569.42,Contractor,Applied,Emily Larsen
3588,2023-06-12,Danielle,Craig,Male,23-03-1966,001-518-907-3628x7758,reillyjacqueline@example.org,2866 Bates Ways Suite 701,East Brandi,WV,30922,Madagascar,Bachelor's Degree,12,82512.62,Film/video editor,Rejected,Danielle Craig
3589,2023-05-18,Samuel,Barron,Male,19-03-1987,001-481-595-8274x74804,juarezdavid@example.com,777 Anderson Track Suite 730,Kevinbury,UT,89954,Western Sahara,PhD,3,86039.2,"Producer, television/film/video",Interviewing,Samuel Barron
3590,2023-07-24,James,Kelley,Female,15-06-2001,(733)540-0581x36210,mckayjoshua@example.org,2691 Marcus Crossing,South Ryan,CA,41947,Turkmenistan,PhD,3,86635.26,Translator,Applied,James Kelley
3591,2023-07-16,Thomas,Gutierrez,Male,12-08-1974,(445)452-2003x786,malik90@example.net,5266 Lee Junctions Apt. 335,Lake Jared,ND,80438,Andorra,High School,15,85295.8,Operations geologist,Interviewing,Thomas Gutierrez
3592,2023-07-03,Christopher,Ford,Other,10-07-1993,001-969-620-0215x096,smithjeanne@example.com,750 Potter Bypass Apt. 840,South Larry,VI,47282,Jersey,Master's Degree,0,95522.69,Chief Executive Officer,Interviewing,Christopher Ford
3593,2023-05-11,Cesar,Blair,Male,30-10-1973,(863)269-6950x307,kanelisa@example.org,67081 Ashley Inlet,Kevinberg,DC,39939,Wallis and Futuna,Bachelor's Degree,12,93130.77,"Therapist, drama",Rejected,Cesar Blair
3594,2023-07-05,William,Morris,Other,20-12-1987,320.928.9375x551,michellescott@example.net,3646 Johnson Land Apt. 981,Russellchester,FL,35581,Syrian Arab Republic,High School,12,31934.58,Warehouse manager,Rejected,William Morris
3595,2023-06-02,Jeff,Spencer,Male,03-11-1968,###############################################################################################################################################################################################################################################################,bpierce@example.net,28176 Jennifer Shores,Lake Chelseafort,SD,1982,Cyprus,PhD,18,74339.04,Public relations account executive,Offered,Jeff Spencer
3596,2023-06-25,Melissa,Vaughn,Other,27-08-1985,735.993.6585x4566,echristian@example.com,188 White Plains,Brewerstad,NH,34333,Macao,High School,10,69339.65,Administrator,In Review,Melissa Vaughn
3597,2023-05-19,Taylor,Castillo,Female,15-10-1991,(556)841-6343x332,yrhodes@example.com,33530 Jaime Shores Apt. 492,Boyleton,MO,99780,Cape Verde,Master's Degree,3,70897.2,Legal secretary,Applied,Taylor Castillo
3598,2023-05-08,Laura,Newton,Other,15-03-1985,624-598-9883x1554,darrellwilliams@example.com,2277 Spencer Grove,Brownfurt,MA,12243,Mongolia,Master's Degree,20,60627.97,Data scientist,Rejected,Laura Newton
3599,2023-06-13,Michele,Coleman,Male,12-08-1989,###############################################################################################################################################################################################################################################################,lucasmichelle@example.org,990 Gillespie Rest,North Chaseshire,WY,89943,United Arab Emirates,Master's Degree,5,82381.71,Interpreter,Applied,Michele Coleman
3600,2023-07-30,Eileen,Martinez,Other,03-03-1979,(623)745-2273x078,castillodavid@example.org,537 Price Freeway,North Amber,OR,6829,Kenya,High School,5,63887.15,Hydrographic surveyor,Interviewing,Eileen Martinez
3601,2023-06-27,Scott,Wright,Female,18-01-1988,658.498.9867x419,cartergeorge@example.net,28836 Todd Terrace,West Zacharychester,WY,80135,Zimbabwe,Bachelor's Degree,0,51661.63,"Engineer, agricultural",Interviewing,Scott Wright
3602,2023-05-10,Brett,Haney,Male,07-09-1976,001-328-434-2719x0763,matthew78@example.net,63697 Joel Route,North Tracytown,WV,65953,Austria,Master's Degree,3,91454.59,"Scientist, research (physical sciences)",In Review,Brett Haney
3603,2023-07-10,Steven,Haas,Other,13-11-1982,+1-658-202-2960x1509,qwaller@example.net,824 Brittany Summit Apt. 386,West Maryhaven,IA,86390,Montenegro,Master's Degree,0,50597.99,"Scientist, physiological",Applied,Steven Haas
3604,2023-07-04,Andrew,Choi,Female,04-07-1982,###############################################################################################################################################################################################################################################################,marissa44@example.net,3608 Ronald Parks,Joannemouth,GA,16968,Korea,PhD,3,84222.03,Magazine journalist,Offered,Andrew Choi
3605,2023-06-07,Antonio,Wheeler,Female,11-10-1971,577.570.6069,charles54@example.org,060 Parsons Ports Apt. 390,Jonesview,DE,67078,Vanuatu,PhD,18,58599.99,Air cabin crew,Applied,Antonio Wheeler
3606,2023-08-01,David,Brown,Other,04-10-1990,893-260-2615x52676,timothynunez@example.net,95240 Richardson Shores,Lake Steven,NJ,27132,Costa Rica,Master's Degree,1,42226.07,Comptroller,Applied,David Brown
3607,2023-05-16,Danielle,Morris,Other,22-06-1963,(544)290-5517,andersonbryan@example.org,039 Madison Ranch Suite 693,Port Jenniferville,ND,49640,New Zealand,Master's Degree,19,55679.35,Best boy,Offered,Danielle Morris
3608,2023-08-05,Shannon,Murphy,Other,27-09-1992,356-650-3108x971,jimeneznancy@example.net,658 Marie Walk,Davidburgh,NH,87375,Jersey,Master's Degree,19,73580.55,"Librarian, academic",Interviewing,Shannon Murphy
3609,2023-05-25,Melissa,Clements,Male,22-03-2002,001-884-803-4460,snavarro@example.net,1174 Obrien Ford Suite 756,Briggsstad,MP,6481,Bosnia and Herzegovina,High School,6,85341.85,Mining engineer,Rejected,Melissa Clements
3610,2023-05-25,Patricia,Gonzalez,Other,16-08-1983,777.722.7660,paultorres@example.net,98039 Jones Brooks,Port Julia,TN,91876,Svalbard & Jan Mayen Islands,High School,4,47285.13,Fine artist,Offered,Patricia Gonzalez
3611,2023-05-26,Kathy,Morse,Other,17-08-1985,517-648-6037,kennethturner@example.com,40392 Davis Square,North Diana,NE,99670,Serbia,PhD,18,77140.3,Investment analyst,In Review,Kathy Morse
3612,2023-05-28,Christina,Warren,Other,10-09-1994,001-539-659-9627x24904,castanedacory@example.com,40888 Randall Isle Apt. 923,North Dennisbury,FL,92023,Kazakhstan,High School,20,48837.14,Prison officer,Interviewing,Christina Warren
3613,2023-07-11,Theresa,Robinson,Male,18-10-1993,001-782-811-0935,evansangelica@example.com,9593 Reed Village Apt. 786,Port Stacey,OH,92000,Papua New Guinea,High School,13,73123.15,Clinical molecular geneticist,Rejected,Theresa Robinson
3614,2023-05-31,Angela,Andersen,Female,24-06-1963,(838)487-6879x913,christina13@example.net,837 Sarah Coves Apt. 292,Gregoryfort,PR,90007,Argentina,Master's Degree,12,64297.95,Building surveyor,Rejected,Angela Andersen
3615,2023-05-29,Thomas,Thomas,Other,21-08-1964,637.539.2496x59770,dmayer@example.com,88606 Felicia Keys Apt. 008,East Rachaelside,FL,19173,Burundi,High School,1,83803.97,Chief Financial Officer,Offered,Thomas Thomas
3616,2023-07-18,Jason,Davis,Female,21-03-2004,730-824-5103x115,charles73@example.org,62999 Matthew Trace,Santanaton,PW,88621,Tonga,Master's Degree,4,87801.49,"Administrator, arts",Interviewing,Jason Davis
3617,2023-06-23,Lisa,Kelly,Male,07-09-2002,337-712-2932,lstephens@example.com,56374 Jeremy Expressway Apt. 227,East Hannahton,WV,28579,Montserrat,Master's Degree,12,64737.16,Oncologist,In Review,Lisa Kelly
3618,2023-08-03,Heather,Rivera,Male,28-07-1987,001-691-553-5415x4142,linda41@example.com,2401 Adkins Parks Apt. 533,North Malik,AS,62299,Singapore,Master's Degree,16,80865.31,Arts administrator,Offered,Heather Rivera
3619,2023-05-29,Ricky,Jordan,Female,08-07-1996,388.372.9638,escobarpaul@example.org,376 Jean Ranch,New Gary,TX,62037,Poland,Bachelor's Degree,7,55155.02,Sports administrator,Interviewing,Ricky Jordan
3620,2023-05-11,Jacob,Castaneda,Male,12-12-1991,(851)797-9733,rochachristina@example.com,1873 Zhang Flat Apt. 742,Hillhaven,OH,32666,Seychelles,Master's Degree,0,78923.16,Animal nutritionist,In Review,Jacob Castaneda
3621,2023-08-01,Andrew,Mckinney,Other,29-08-2000,331-499-7603,kevinturner@example.com,4923 Stephanie Crest Apt. 166,New Susanborough,NC,17442,Liechtenstein,Master's Degree,0,59024.79,Cabin crew,Applied,Andrew Mckinney
3622,2023-08-05,Jenna,Young,Male,22-01-1976,001-268-946-1366x00338,bfrank@example.com,32725 Pace Fork Suite 906,Bensonstad,GU,93131,India,PhD,3,85858.03,Health and safety adviser,In Review,Jenna Young
3623,2023-07-26,Jerry,Williamson,Male,28-08-1969,(871)774-1371x88169,casey60@example.org,95189 Melanie Port Suite 164,East Albert,KS,80741,Iceland,High School,16,67286.84,Video editor,Offered,Jerry Williamson
3624,2023-05-20,Latoya,Greene,Other,17-08-1970,(316)222-3186x7688,kristie81@example.com,063 Cheryl Tunnel Apt. 892,Port Kimberly,OK,16441,Bermuda,PhD,10,99992.33,Ergonomist,Offered,Latoya Greene
3625,2023-06-29,Timothy,Henry,Female,05-04-1997,(736)226-2916x73485,reyesguy@example.org,487 Rebecca Fork,Kellyhaven,MD,27475,Poland,PhD,6,48042.2,Community education officer,Applied,Timothy Henry
3626,2023-07-10,Jennifer,Estes,Male,26-08-1999,001-640-509-1416,mhayes@example.org,00646 Jackson Crescent,Lauramouth,AZ,63373,Belgium,Bachelor's Degree,18,58272.03,"Engineer, production",Rejected,Jennifer Estes
3627,2023-06-04,Mark,Velazquez,Other,23-01-1963,555-696-0968x54141,alexislong@example.com,818 Ashley Courts,Bondton,MA,57284,Ukraine,Master's Degree,6,53427.93,"Scientist, biomedical",Offered,Mark Velazquez
3628,2023-06-17,Ryan,Logan,Male,26-07-1967,(501)512-1427x02514,isaac46@example.org,493 Mendoza Prairie,Hodgeschester,NY,11613,Canada,High School,15,64813.73,"Therapist, occupational",Interviewing,Ryan Logan
3629,2023-06-21,Michael,Yates,Female,30-09-1999,001-815-444-4719x673,amandasimpson@example.com,9572 Amanda Locks Suite 534,Chambersside,KS,52831,Aruba,Bachelor's Degree,11,37488.22,Retail banker,Interviewing,Michael Yates
3630,2023-07-02,John,Li,Female,30-03-1994,344-425-0224,nmccormick@example.com,5993 Ramsey Village,Sharonshire,PA,90583,Saudi Arabia,Master's Degree,0,35313.42,"Scientist, research (medical)",In Review,John Li
3631,2023-06-28,Cynthia,Elliott,Other,11-01-1985,001-914-477-1418x9088,diana61@example.com,4033 Nathan Shoals Suite 039,Chaseton,MH,50985,Hungary,High School,4,43917.9,Clinical research associate,In Review,Cynthia Elliott
3632,2023-06-09,Vickie,Holmes,Female,16-06-1994,(308)206-4411,rushgeorge@example.com,6927 Phillips Mill Suite 651,Port Stacy,NE,89140,Congo,PhD,7,78283.5,Architectural technologist,Rejected,Vickie Holmes
3633,2023-05-08,Margaret,Sanchez,Male,13-10-1963,(964)384-0496x5155,mitchellmatthew@example.net,83880 John Tunnel Suite 358,Margaretchester,NV,841,Greece,PhD,11,35586.77,"Education officer, museum",Offered,Margaret Sanchez
3634,2023-07-11,Lindsey,Jones,Male,25-02-1969,001-839-398-7815,hermangeorge@example.org,9532 Joseph Shore,West John,CT,12749,Martinique,Bachelor's Degree,9,90647.43,Statistician,Applied,Lindsey Jones
3635,2023-05-23,Luke,Bennett,Male,23-12-1989,(895)734-9246,danguerrero@example.com,52648 Elizabeth Overpass Suite 082,Taylorberg,SC,29636,Heard Island and McDonald Islands,PhD,13,34410.8,Race relations officer,Interviewing,Luke Bennett
3636,2023-07-22,Felicia,Davis,Female,19-01-1963,(402)581-7891,stewartmicheal@example.org,12386 Jones Trail Apt. 785,Loveport,CT,87699,Saint Barthelemy,Bachelor's Degree,10,45419.57,Sales promotion account executive,Interviewing,Felicia Davis
3637,2023-05-27,Justin,Anderson,Male,11-10-1985,(564)406-7113x18010,watersclayton@example.com,730 Austin Mount,Kimberlymouth,AK,5970,Azerbaijan,PhD,11,38390.06,Neurosurgeon,Rejected,Justin Anderson
3638,2023-07-04,Rachel,Manning,Other,28-05-1975,462.661.6643,lynnclark@example.org,1077 Thomas Via Apt. 849,Deleonshire,FM,17405,South Africa,Bachelor's Degree,10,82499.18,Information officer,Rejected,Rachel Manning
3639,2023-07-01,Abigail,King,Female,07-11-1962,905-367-4894,christopher64@example.net,47647 Reynolds Club,Lake Daniel,FL,44037,Montenegro,Master's Degree,16,97424.76,Animator,In Review,Abigail King
3640,2023-05-10,Kimberly,Graves,Female,29-04-1970,+1-881-747-3108x60643,tsmith@example.com,901 White Groves Suite 586,Stewartmouth,UT,19680,French Guiana,Bachelor's Degree,10,95638.17,Psychiatric nurse,Applied,Kimberly Graves
3641,2023-07-05,Samuel,Hubbard,Female,28-07-1994,###############################################################################################################################################################################################################################################################,jose97@example.com,4458 Stephen Haven,Lake Samanthashire,NV,86702,Cameroon,Bachelor's Degree,14,49728.66,Chief Strategy Officer,Offered,Samuel Hubbard
3642,2023-07-15,Gerald,Clayton,Other,29-12-1978,665-291-4990x68620,elizabeth74@example.net,10375 Pacheco Spurs,North Christopherport,IA,78400,Kiribati,Master's Degree,2,64241.69,Video editor,Interviewing,Gerald Clayton
3643,2023-05-25,Mary,Santiago,Female,06-07-1987,###############################################################################################################################################################################################################################################################,longalex@example.org,110 Mary Meadow,Lisaport,AS,3290,Tanzania,Bachelor's Degree,16,96132.46,"Programmer, systems",Rejected,Mary Santiago
3644,2023-06-28,Tiffany,Smith,Other,10-08-1987,757.890.3893x3789,asantana@example.com,843 Katelyn Manor Apt. 482,Zacharystad,TX,98538,Chad,Bachelor's Degree,6,57049.27,"Conservator, furniture",Offered,Tiffany Smith
3645,2023-06-21,Mary,Wagner,Female,27-05-1993,414-798-5746x59321,dominicstewart@example.net,8170 Fitzgerald Gardens Suite 058,Prestonstad,GU,24623,Malaysia,High School,16,56499.88,Water quality scientist,In Review,Mary Wagner
3646,2023-07-29,Phillip,Johnston,Female,19-09-1997,(858)713-9617x4679,edwardmiller@example.net,627 Smith Alley Apt. 719,Scottland,NM,67576,Greenland,Bachelor's Degree,15,60819.28,Geographical information systems officer,Applied,Phillip Johnston
3647,2023-05-16,Marc,Brown,Male,18-01-1987,001-884-372-3752x10760,beardjennifer@example.net,1321 Mcdaniel Well,Lake Jenniferville,KY,28703,Tuvalu,PhD,10,81615.33,Horticultural consultant,Offered,Marc Brown
3648,2023-07-25,Elaine,Harris,Male,28-03-1974,001-295-543-4551,kennethclark@example.org,4545 Rhodes Islands Suite 285,Tinamouth,VT,74555,Australia,Bachelor's Degree,17,73238.57,"Designer, jewellery",Rejected,Elaine Harris
3649,2023-07-23,Beth,Curtis,Male,16-11-1998,+1-260-475-7874x4887,ryanschmidt@example.net,5566 Mays Divide Apt. 378,East Joseph,VI,52937,Liechtenstein,High School,0,53176.07,"Psychologist, sport and exercise",Rejected,Beth Curtis
3650,2023-07-03,Jimmy,Rubio,Other,27-05-1991,+1-244-330-5003x427,ronald14@example.org,41723 Robinson Drive Suite 872,Hernandezside,IL,59515,Dominican Republic,PhD,16,56433.64,Patent attorney,In Review,Jimmy Rubio
3651,2023-07-13,Joseph,Brock,Male,23-08-2001,(354)494-0499,nicholsstephanie@example.org,81822 Robert Pines,Leblancfurt,NV,38810,Jordan,PhD,16,93783.43,Lexicographer,Rejected,Joseph Brock
3652,2023-06-02,Jaime,Duarte,Male,12-04-1969,+1-785-706-0976x80841,xchen@example.com,81259 Brown Prairie Suite 092,New Courtney,AL,79063,Jordan,Master's Degree,2,68690.32,Petroleum engineer,Interviewing,Jaime Duarte
3653,2023-06-04,Anthony,Butler,Male,01-11-1987,001-339-971-4668,alexanderbryan@example.com,0325 Michelle Mountains Suite 432,East Derek,WI,70758,United Kingdom,Bachelor's Degree,8,83486.26,Camera operator,Offered,Anthony Butler
3654,2023-06-15,Chase,Dixon,Female,17-08-1964,701.752.2198x8280,newtonbrooke@example.net,2070 Phelps Greens Suite 310,Lake Mistyborough,PW,92937,Holy See (Vatican City State),Bachelor's Degree,15,45282.32,Museum/gallery curator,Interviewing,Chase Dixon
3655,2023-06-30,Andrew,Williams,Male,14-09-2003,001-466-761-2351,kbarr@example.com,9573 Alvarado Oval,Port Matthewtown,AL,61092,Uganda,High School,17,38545.26,"Engineer, biomedical",In Review,Andrew Williams
3656,2023-05-07,Tammy,Peterson,Male,14-12-1978,(748)379-4040,darlene12@example.com,1403 Palmer Harbors Apt. 545,New Thomasberg,SC,28395,Reunion,High School,5,68146.05,Scientific laboratory technician,Rejected,Tammy Peterson
3657,2023-05-15,James,Hansen,Male,30-12-1983,238-616-1453x9030,hannajoseph@example.com,28831 Todd Causeway Apt. 635,New Kristinachester,IL,83718,New Caledonia,Master's Degree,19,61763.2,Manufacturing engineer,In Review,James Hansen
3658,2023-07-28,Christopher,Graham,Female,21-04-1990,459.339.5563x7429,udurham@example.com,640 Wall Field,East Melanieshire,FL,69530,Bahrain,Master's Degree,17,84769.21,Technical author,Offered,Christopher Graham
3659,2023-06-29,Todd,Boone,Male,11-07-1976,215.695.5798x614,kferguson@example.com,1873 Eric Cove,Ortegaburgh,WA,56672,Iraq,Master's Degree,3,64613.68,Radio broadcast assistant,Offered,Todd Boone
3660,2023-05-18,Eric,Wood,Other,02-03-2001,###############################################################################################################################################################################################################################################################,bellamber@example.org,731 Connie Green,Kerryshire,ID,88485,Somalia,High School,3,96575.82,Personnel officer,In Review,Eric Wood
3661,2023-05-27,Olivia,Turner,Female,06-05-1983,(995)655-7754x8574,mirandacarol@example.com,988 Katherine Heights Suite 128,Brooksport,NH,43110,Benin,Bachelor's Degree,9,94380.7,Copy,Applied,Olivia Turner
3662,2023-06-16,Timothy,Cisneros,Female,08-06-1974,+1-456-632-9834x812,wmalone@example.com,2549 Timothy Turnpike Suite 140,Jeffreystad,PA,91249,Cote d'Ivoire,High School,9,97150.57,Diagnostic radiographer,In Review,Timothy Cisneros
3663,2023-06-19,Stacy,Johnson,Other,08-02-1972,+1-375-655-9246x5643,smcgee@example.com,4538 Choi Ways,East Jasonburgh,DE,83807,Uganda,PhD,10,83708.24,"Editor, commissioning",In Review,Stacy Johnson
3664,2023-07-05,Theresa,Meadows,Other,15-07-1966,405.428.1876x3181,cory59@example.com,95613 Giles Key,Port Aaron,VI,35757,San Marino,PhD,3,90444.25,"Secretary, company",Applied,Theresa Meadows
3665,2023-08-03,Larry,Robbins,Female,27-06-1969,001-356-600-0053x96266,sgay@example.net,32490 Rivera Avenue,Roblesstad,SC,71620,Libyan Arab Jamahiriya,High School,17,43495.22,Technical sales engineer,Interviewing,Larry Robbins
3666,2023-06-06,Robert,Hines,Male,03-09-1996,+1-811-732-8735x374,michellebrown@example.com,9341 Brooke Meadows,Port Jonathanfort,NY,63542,Sierra Leone,High School,3,47424.67,Sports coach,Offered,Robert Hines
3667,2023-07-14,Ryan,Mcclure,Female,05-09-1994,+1-589-331-3310x703,frenchwilliam@example.net,79128 Walls Inlet Suite 632,Kimberlyberg,WY,53631,United States Minor Outlying Islands,Master's Degree,14,70944.97,International aid/development worker,Offered,Ryan Mcclure
3668,2023-06-12,Amanda,Nelson,Male,24-08-1969,505-397-6274x359,john77@example.com,35623 Charles Lights,South Nathan,MS,17973,Bouvet Island (Bouvetoya),Master's Degree,5,73796.35,Furniture designer,Offered,Amanda Nelson
3669,2023-06-11,John,Patrick,Other,16-02-1991,+1-770-251-5958x1650,jerome87@example.com,01311 David Tunnel Apt. 905,North John,MH,54932,Senegal,Master's Degree,19,49070.75,"Surveyor, insurance",Interviewing,John Patrick
3670,2023-08-04,Victor,Turner,Male,27-09-1982,(418)705-0978x24584,xtaylor@example.net,4565 Monroe Crest Apt. 574,West James,AZ,56856,Bermuda,High School,9,34780.87,Phytotherapist,Rejected,Victor Turner
3671,2023-08-01,Jason,Davis,Other,31-12-1988,244.334.9633x6893,carmstrong@example.net,2792 Lee Walks,Lake Rebeccashire,IN,93601,Angola,Bachelor's Degree,3,59913.78,"Doctor, general practice",Rejected,Jason Davis
3672,2023-07-30,Michael,Martin,Female,30-07-1987,949.930.4970,vmontoya@example.net,7754 Bradley Way Apt. 364,Leefurt,MO,58495,Guinea,High School,20,86136.69,"Engineer, production",Applied,Michael Martin
3673,2023-07-16,Johnny,Flowers,Male,21-08-1972,+1-607-470-7663x0508,mccoydonna@example.com,0013 Hines Courts,North Jeremy,WA,81347,Latvia,Bachelor's Degree,17,41630.58,Air cabin crew,Applied,Johnny Flowers
3674,2023-07-03,Peggy,Morales,Female,05-02-1976,429.333.8064,meganfoster@example.com,15233 Jordan Squares,East Charles,WV,32652,Saint Helena,Bachelor's Degree,3,50772.82,"Lighting technician, broadcasting/film/video",Applied,Peggy Morales
3675,2023-06-20,Colin,Moore,Female,16-08-1990,###############################################################################################################################################################################################################################################################,camposlisa@example.com,5657 Kelly Overpass Apt. 156,Josephland,NY,55663,Guatemala,High School,16,42569.71,Forest/woodland manager,Applied,Colin Moore
3676,2023-06-18,Timothy,Lopez,Female,01-01-1971,671.335.6561,lisa85@example.org,577 Benjamin Heights,Port Jessicabury,AL,88732,Spain,Master's Degree,1,87047.58,Call centre manager,Offered,Timothy Lopez
3677,2023-05-29,Edgar,York,Other,05-10-1979,+1-416-915-8115x78872,freemanjoshua@example.com,35354 Mays Summit,Port Francisco,IL,16782,South Africa,High School,17,94954.84,Warehouse manager,In Review,Edgar York
3678,2023-05-25,Tammy,Taylor,Female,21-10-1995,001-398-447-9761,richard00@example.com,7974 Cassandra Station Apt. 383,East Stephanietown,FL,20660,Malawi,Bachelor's Degree,13,85391.68,Administrator,Offered,Tammy Taylor
3679,2023-05-10,Christopher,Ponce,Other,01-08-1967,877-413-3296,wharrison@example.com,498 Valenzuela Trafficway Suite 770,Timothybury,UT,62808,Ecuador,Bachelor's Degree,8,41046.75,"Solicitor, Scotland",Offered,Christopher Ponce
3680,2023-07-09,Walter,Morales,Female,17-08-1998,###############################################################################################################################################################################################################################################################,mark22@example.net,4680 Rodriguez Run,East Brittany,SC,22064,Gabon,Master's Degree,13,97366.45,Facilities manager,Interviewing,Walter Morales
3681,2023-07-21,Lori,Larsen,Female,12-08-1980,(345)578-6551x7761,angela07@example.com,318 Matthew Well,South Christineborough,ND,71128,Iceland,PhD,10,61454.67,"Investment banker, operational",Applied,Lori Larsen
3682,2023-07-05,Ronald,Lewis,Other,17-06-1972,###############################################################################################################################################################################################################################################################,gavinbarron@example.org,83287 Tapia Squares,Williamshaven,SD,80097,Cocos (Keeling) Islands,PhD,5,42151.68,Broadcast engineer,Rejected,Ronald Lewis
3683,2023-07-25,Cindy,Mercer,Other,11-05-1979,587.331.5354x866,wardpamela@example.com,13202 Sullivan Flats Suite 501,South Danielchester,MA,5029,Guatemala,Bachelor's Degree,14,65507.93,Outdoor activities/education manager,Offered,Cindy Mercer
3684,2023-07-29,Andrew,Hudson,Other,09-07-1993,001-785-849-5993x13653,justin37@example.com,3645 Kristy Skyway Suite 222,Ortizchester,CO,35316,Falkland Islands (Malvinas),PhD,13,77438.52,"Engineer, communications",Offered,Andrew Hudson
3685,2023-06-28,Christine,Klein,Female,07-10-1996,###############################################################################################################################################################################################################################################################,williamsmith@example.net,2703 Foster Land Apt. 298,South Scott,NE,62680,India,PhD,19,58042.33,Hydrogeologist,In Review,Christine Klein
3686,2023-06-17,Kevin,Mack,Male,18-12-1967,001-307-465-7697,adrian10@example.net,3485 Mary Mountains Apt. 996,Mortonton,CO,24634,Ethiopia,High School,0,68261.77,"Designer, textile",Offered,Kevin Mack
3687,2023-07-11,Charlene,Gomez,Other,21-02-1994,526.630.2998x8280,jennifer09@example.net,30433 Patricia Lodge,Amyfurt,PR,6906,Barbados,PhD,18,31188.49,"Conservator, furniture",Offered,Charlene Gomez
3688,2023-05-28,Justin,Hill,Male,26-03-1966,778.580.4658x86861,anthony96@example.com,1046 Lindsey Summit Apt. 546,Whitehaven,MO,14131,Jordan,Master's Degree,3,50236.43,Quality manager,Applied,Justin Hill
3689,2023-06-29,Marc,Craig,Male,13-02-1975,861-714-8062x59003,jennifer48@example.org,344 Robertson Drive Suite 274,New Gary,MP,2362,Rwanda,PhD,7,44437.92,Administrator,Applied,Marc Craig
3690,2023-07-08,Brandon,Hernandez,Male,07-09-1995,777.331.5828x182,heidi23@example.org,1755 Webb Road Apt. 303,North David,NY,44288,Lebanon,High School,2,54702.95,"Horticulturist, amenity",In Review,Brandon Hernandez
3691,2023-05-19,Kevin,Cox,Other,10-01-1999,###############################################################################################################################################################################################################################################################,hcollins@example.com,92103 Jacob Radial,Jefferyville,NJ,89766,Moldova,Master's Degree,18,74473.95,Print production planner,Applied,Kevin Cox
3692,2023-07-15,Damon,Davis,Female,25-03-1976,(488)488-0608x4697,harrischristopher@example.com,780 Stephanie Prairie,New Michael,OH,58503,Wallis and Futuna,High School,12,39548.74,Theatre manager,Applied,Damon Davis
3693,2023-06-17,George,Meza,Female,13-04-1980,566.435.5375,browndanny@example.org,577 Green Fall,Lake Catherine,NH,43561,Bhutan,PhD,10,43079.76,"Research officer, political party",Interviewing,George Meza
3694,2023-07-17,Brenda,Mccarty,Female,30-11-1980,897-615-7273x749,cory60@example.org,5672 Jeffrey Rest,Jeanetteberg,UT,75003,Czech Republic,PhD,2,56967.15,"Administrator, arts",Applied,Brenda Mccarty
3695,2023-06-06,Tamara,Nguyen,Male,06-12-1967,(385)578-8110x689,andrewharper@example.com,496 Ashley Forges Suite 550,Garciafurt,DE,30657,Lithuania,Bachelor's Degree,8,86400.79,"Investment banker, corporate",In Review,Tamara Nguyen
3696,2023-05-25,Juan,Nguyen,Female,10-06-1975,975.451.4293x43168,stacy56@example.com,23244 Tonya Cliffs,Muellerfort,VI,4586,Malaysia,Bachelor's Degree,2,85346.2,Fashion designer,Offered,Juan Nguyen
3697,2023-08-02,Shaun,Shaw,Female,06-11-2000,(939)375-0925x5417,robert01@example.org,58253 Aaron Port,Valenzuelaville,FL,94340,Palestinian Territory,High School,5,46595.46,Community development worker,Applied,Shaun Shaw
3698,2023-05-22,Jenna,Snyder,Male,26-09-1972,###############################################################################################################################################################################################################################################################,paigebautista@example.net,5605 Rachel Islands,Jacobsland,WI,90965,Jamaica,Bachelor's Degree,18,87139.36,Travel agency manager,Interviewing,Jenna Snyder
3699,2023-07-21,Kristen,King,Other,24-12-1993,489-925-2205,scotttorres@example.org,86150 Gates Isle Suite 039,Greenstad,MS,88771,American Samoa,PhD,17,85027.44,Hydrographic surveyor,Applied,Kristen King
3700,2023-07-31,Robert,Lewis,Female,19-07-1986,563.763.3567,rdouglas@example.com,3256 Fuentes Track Suite 778,West Dianatown,AK,91236,Switzerland,Bachelor's Degree,15,83938.71,Merchant navy officer,Offered,Robert Lewis
3701,2023-05-07,Stephanie,Dunn,Male,21-07-1977,227-976-7756,williamsrichard@example.net,008 Glen Bridge Apt. 030,Donnaberg,FL,16688,Sudan,PhD,11,64245.13,"Scientist, research (life sciences)",Applied,Stephanie Dunn
3702,2023-05-12,Claire,Griffin,Other,03-01-1987,001-723-523-2417,wbarrett@example.com,89078 Walker Locks,Baxterfort,CT,16567,Mozambique,Bachelor's Degree,4,30513.62,Translator,Applied,Claire Griffin
3703,2023-07-20,David,Blair,Male,27-11-1983,001-594-443-7674,treyes@example.com,05898 Chase Mountain,Spencerbury,IN,65276,Sudan,PhD,5,51414.66,Therapeutic radiographer,Applied,David Blair
3704,2023-06-25,Thomas,Benitez,Other,30-12-1984,380.995.9105,uwatson@example.net,914 Victor Park,Derrickfurt,MH,38504,Tokelau,PhD,11,37890.85,Retail merchandiser,Interviewing,Thomas Benitez
3705,2023-07-03,Kevin,Watson,Male,15-12-1997,###############################################################################################################################################################################################################################################################,marshalldenise@example.com,42838 Randy Island Apt. 334,North Jay,MI,25952,Saint Barthelemy,PhD,13,53964.07,Computer games developer,Rejected,Kevin Watson
3706,2023-08-03,Michael,Allen,Male,21-10-1996,670-829-6272x5285,carolyn38@example.net,494 Ruth Creek Apt. 092,Lake Leeview,PR,66039,Cyprus,Bachelor's Degree,12,31220.62,"Production designer, theatre/television/film",Rejected,Michael Allen
3707,2023-06-22,Andrew,Bryant,Male,13-11-1966,(271)832-6393x765,ablair@example.net,677 Jeremy Way Apt. 818,Arnoldmouth,TX,15984,Pakistan,Master's Degree,8,44815.48,"Civil engineer, contracting",Offered,Andrew Bryant
3708,2023-05-07,Nancy,Davis,Other,11-07-1968,603.263.2415,robinsonpaula@example.com,3305 Tracy Stream Suite 601,Justinburgh,ND,84467,Martinique,Master's Degree,3,39376.21,Exercise physiologist,Offered,Nancy Davis
3709,2023-05-27,Jennifer,Dunn,Other,09-05-2001,###############################################################################################################################################################################################################################################################,katelyn95@example.com,48731 Wilson Station,Andrewfort,DE,76041,Venezuela,Bachelor's Degree,0,70460.61,"Scientist, research (maths)",Rejected,Jennifer Dunn
3710,2023-07-07,Laura,Perez,Female,11-08-1989,922.733.4960x340,karen67@example.com,758 Frost Turnpike,Port Robert,NJ,73539,Seychelles,High School,7,55471.24,Medical illustrator,Rejected,Laura Perez
3711,2023-06-09,Kayla,Walker,Female,25-10-1967,001-275-654-8877x63485,harrisroy@example.org,530 Kelly Tunnel,West Scott,KS,25027,Zimbabwe,PhD,17,32549.99,Town planner,Applied,Kayla Walker
3712,2023-06-07,Jody,Hawkins,Other,19-01-1968,991-226-1310x757,fmassey@example.com,02434 Ana Mall Suite 875,Port Nathanstad,NY,95435,Serbia,Master's Degree,8,30074.41,"Surveyor, rural practice",Interviewing,Jody Hawkins
3713,2023-07-27,Yvette,Wilkinson,Female,11-02-1981,229-802-5672x3224,smithjulie@example.net,1569 Mcdonald Mountain Suite 919,South Brian,WI,59647,Congo,PhD,8,35011.18,"Therapist, horticultural",Applied,Yvette Wilkinson
3714,2023-07-14,Rachel,Park,Female,07-05-1964,###############################################################################################################################################################################################################################################################,michaelyoung@example.com,3132 Moss Branch Apt. 736,East Annetteside,IN,49800,Guam,Master's Degree,20,93069.01,Dietitian,In Review,Rachel Park
3715,2023-06-20,Rick,Wang,Other,21-12-1969,(865)741-8554x767,grossphillip@example.com,402 Ryan Lodge Apt. 704,Lake Anna,MN,69613,Paraguay,PhD,3,80615.09,Chiropractor,In Review,Rick Wang
3716,2023-08-05,Amanda,Hughes,Other,07-07-1964,388-748-6342x729,zcarroll@example.org,9564 Tracy Fork Apt. 395,Davisfort,KY,20276,Iraq,Master's Degree,5,54126.84,"Designer, exhibition/display",Applied,Amanda Hughes
3717,2023-06-21,Haley,Nolan,Female,26-03-1969,890-856-6159,hdaniels@example.org,13360 Holloway Squares,Lake Robertton,WY,65082,Saint Kitts and Nevis,Master's Degree,20,48830.0,"Producer, television/film/video",Applied,Haley Nolan
3718,2023-07-12,Edward,Pittman,Other,17-10-2004,353.771.1162x504,mullinsrodney@example.org,4568 Murray Forks,Jacksonberg,SC,26057,Myanmar,High School,15,81508.05,Lawyer,Applied,Edward Pittman
3719,2023-05-13,Kimberly,Cummings,Other,22-08-1988,###############################################################################################################################################################################################################################################################,bennettscott@example.net,34214 Reeves Estate,Turnermouth,ME,72071,Jamaica,Master's Degree,0,52812.03,Sports development officer,Rejected,Kimberly Cummings
3720,2023-06-17,Tommy,Roberts,Male,23-05-1993,(892)923-0408x011,brownsusan@example.net,0402 Nelson Gardens Suite 811,Lake Johnport,GA,87295,China,Bachelor's Degree,1,90233.08,Amenity horticulturist,Rejected,Tommy Roberts
3721,2023-07-04,Kevin,Bailey,Female,27-12-1978,(842)709-3207,jerry94@example.org,243 Charles Trace,East Geraldburgh,IN,35433,Eritrea,Bachelor's Degree,16,45413.74,Homeopath,Applied,Kevin Bailey
3722,2023-07-02,Brian,Wright,Other,08-02-2003,###############################################################################################################################################################################################################################################################,harriscindy@example.com,60513 Brenda Land Apt. 029,Zacharyfurt,FL,30030,Mozambique,PhD,7,85502.91,Glass blower/designer,In Review,Brian Wright
3723,2023-07-29,Jennifer,Singh,Female,08-05-1966,+1-740-859-9474x9559,phamangela@example.com,92581 Powers Mountains Suite 244,West Edward,AZ,3790,Benin,Bachelor's Degree,11,87671.91,Human resources officer,Rejected,Jennifer Singh
3724,2023-05-08,Tyrone,Hawkins,Other,15-08-1997,(463)475-2238,charlesbrown@example.org,7516 Thompson Cape,South Lisatown,AR,98752,Comoros,Master's Degree,6,63945.11,"Programme researcher, broadcasting/film/video",Rejected,Tyrone Hawkins
3725,2023-06-07,Rhonda,Brock,Female,30-01-1996,(448)652-9288x801,robert50@example.com,979 Sarah Viaduct Suite 866,Andreabury,CT,79756,Kenya,High School,5,45199.01,Radiation protection practitioner,In Review,Rhonda Brock
3726,2023-07-27,Nathaniel,Padilla,Other,17-01-1993,+1-229-646-6490x89715,susan77@example.com,5134 Garcia Courts Apt. 110,Port Brettmouth,IN,6703,Qatar,High School,4,54751.27,Chartered legal executive (England and Wales),In Review,Nathaniel Padilla
3727,2023-05-26,Lindsey,Harris,Male,03-02-2000,(301)525-6053,rachel80@example.com,57446 Massey Fields,Lewisside,OR,78359,Vietnam,High School,1,64435.78,"Teacher, adult education",Offered,Lindsey Harris
3728,2023-05-24,Jo,Morgan,Male,09-03-1997,+1-350-912-7281x6483,ghale@example.org,013 Marcus Manors Suite 639,Wyattstad,MO,47213,Oman,Bachelor's Degree,6,71740.36,"Programme researcher, broadcasting/film/video",In Review,Jo Morgan
3729,2023-05-17,Christina,Brown,Female,05-10-1964,(230)664-2881,mcintoshjason@example.com,572 Murillo Islands Suite 484,Willistown,IA,74665,Cape Verde,Bachelor's Degree,2,55713.62,Chiropodist,Applied,Christina Brown
3730,2023-07-24,Angela,Jones,Female,10-10-1963,284.385.1437x1813,angela66@example.org,861 Pope Turnpike Suite 622,Port William,GU,41745,Samoa,Master's Degree,0,67326.49,Brewing technologist,Offered,Angela Jones
3731,2023-06-09,Jonathan,Casey,Other,03-08-1974,534-955-2961x744,robertsonkayla@example.org,543 Ford Rapids,Lake Feliciabury,NH,40498,Libyan Arab Jamahiriya,Bachelor's Degree,12,89520.05,Best boy,Interviewing,Jonathan Casey
3732,2023-06-01,Karen,Jackson,Female,11-06-1989,(744)672-7880,zmcknight@example.net,04427 Jennifer Coves,Jamesfurt,ND,74725,Uzbekistan,Bachelor's Degree,1,54424.33,"Investment banker, operational",In Review,Karen Jackson
3733,2023-05-06,Carl,Short,Male,10-01-2001,(493)939-9187x736,bullockwendy@example.org,856 Tanya Green,Morrisland,ND,52023,Malawi,PhD,20,52887.92,Operational researcher,Offered,Carl Short
3734,2023-08-04,Randy,Donaldson,Male,22-03-1971,###############################################################################################################################################################################################################################################################,leecraig@example.net,37273 Williams Keys Suite 170,South Tony,NC,10470,Jersey,Master's Degree,14,47095.84,"Teacher, music",Rejected,Randy Donaldson
3735,2023-05-25,Sherry,Edwards,Female,17-03-1988,001-366-653-5354,jgonzalez@example.net,048 Santiago Rapids Apt. 801,Rebeccastad,MN,44477,North Macedonia,Master's Degree,0,52048.25,Occupational therapist,Applied,Sherry Edwards
3736,2023-07-08,Jessica,Fox,Other,10-01-1981,257.403.5287,jeffrey65@example.org,168 Pamela Views,Port Jessica,HI,27414,Lesotho,PhD,1,66006.92,Orthoptist,Offered,Jessica Fox
3737,2023-06-15,Kristy,Barnes,Other,20-10-1975,(703)428-6721,johnmendez@example.com,9215 Bradley Port Suite 424,Port Christopherberg,VA,92635,India,PhD,2,46269.35,Manufacturing engineer,Offered,Kristy Barnes
3738,2023-05-11,Angela,Mills,Female,28-05-1978,329-301-2259x57263,michael62@example.org,75693 Betty Lock,Morristown,MS,74808,Albania,Bachelor's Degree,16,70234.81,Technical author,Rejected,Angela Mills
3739,2023-06-24,Jennifer,Burns,Female,28-08-1967,442-617-6848,thomasthornton@example.net,3969 Christopher Squares Suite 135,Boyleland,OR,87193,Congo,High School,6,73958.11,Haematologist,Offered,Jennifer Burns
3740,2023-06-15,Richard,Cline,Male,28-10-1996,+1-514-302-3078x852,felicia68@example.org,69009 Hamilton River Apt. 819,New Timothy,NE,70669,Namibia,High School,0,73111.95,"Engineer, materials",Interviewing,Richard Cline
3741,2023-06-12,Barry,Sanders,Female,01-06-1985,001-314-349-8878x84268,jeremy55@example.com,47980 Katherine Street,Lake Roger,DE,63111,Pakistan,Bachelor's Degree,9,53854.06,Web designer,In Review,Barry Sanders
3742,2023-06-12,Jose,Cabrera,Other,23-05-1972,+1-694-827-8334x062,coxdonald@example.org,7114 Miller Lodge,South Timothyshire,VT,28831,Saint Martin,Master's Degree,16,64359.96,Waste management officer,Offered,Jose Cabrera
3743,2023-05-30,Allison,Morton,Other,05-11-1966,660-302-9616x145,hreyes@example.net,044 Sharon Ways Apt. 854,Whitehaven,WY,64534,Ukraine,High School,4,63389.53,Chief Strategy Officer,Interviewing,Allison Morton
3744,2023-07-15,Nicholas,Johns,Female,08-10-1980,+1-551-722-5202x867,carlhorton@example.net,6287 Luis Lodge,New Tammyside,WI,57950,American Samoa,High School,6,47902.17,Geoscientist,Offered,Nicholas Johns
3745,2023-06-24,Brian,Henry,Female,08-07-1965,(466)725-5396,rayrichard@example.org,930 Lopez Manor Suite 779,North Nathanchester,UT,828,Northern Mariana Islands,High School,9,33170.79,Customer service manager,In Review,Brian Henry
3746,2023-06-22,Gregory,Moore,Male,25-02-1968,###############################################################################################################################################################################################################################################################,ricardo58@example.com,673 Thompson Prairie Suite 800,Lovehaven,WY,37878,Swaziland,Bachelor's Degree,14,53038.43,English as a foreign language teacher,In Review,Gregory Moore
3747,2023-07-10,Joy,Gallegos,Male,05-08-1981,426-870-4575x312,davidbaker@example.org,76406 Yang Ports Suite 142,East Brian,IA,98402,Bhutan,Master's Degree,3,54306.72,Technical sales engineer,In Review,Joy Gallegos
3748,2023-05-31,Joshua,Knapp,Male,22-11-1976,(872)996-8053,sabrina33@example.org,6733 Wallace Rapid Apt. 781,South Marc,MT,98823,Saint Barthelemy,High School,2,58524.14,Tree surgeon,Rejected,Joshua Knapp
3749,2023-07-04,Nicole,Wilson,Male,07-09-1962,464-284-1296,kevin28@example.org,8906 Crystal Summit,Griffinhaven,OK,11412,Heard Island and McDonald Islands,High School,3,83852.41,Best boy,Applied,Nicole Wilson
3750,2023-08-04,Tamara,Hensley,Female,09-06-1980,(285)242-3577x100,kendra71@example.com,7958 Larson Burg Suite 602,Brewerland,VI,49456,Cambodia,Master's Degree,4,79020.68,"Education officer, community",In Review,Tamara Hensley
3751,2023-06-22,Debra,Ruiz,Male,25-05-1980,001-421-676-7190x283,madisonjames@example.org,865 Shepherd Isle,Paulberg,NV,42822,Antarctica (the territory South of 60 deg S),High School,10,98661.19,Hospital doctor,Interviewing,Debra Ruiz
3752,2023-07-27,James,Carney,Female,03-08-2003,001-412-434-6498,currysarah@example.com,45000 Brown Wall,Stephenshaven,KS,64147,British Indian Ocean Territory (Chagos Archipelago),PhD,0,83656.43,Broadcast presenter,Interviewing,James Carney
3753,2023-06-06,Russell,Dunn,Other,15-01-1974,001-871-467-1738,pdillon@example.net,6563 Jonathan Drive,Laurenside,MH,18400,Thailand,High School,19,92542.35,Immigration officer,Interviewing,Russell Dunn
3754,2023-05-28,Jordan,Cooper,Female,23-08-1997,001-473-744-3361x81411,hfrey@example.com,77910 Nicholas Alley,Lake Vanessashire,OH,98000,United States Minor Outlying Islands,PhD,7,91335.84,Haematologist,Applied,Jordan Cooper
3755,2023-06-29,Jasmine,Payne,Other,02-02-2004,991.526.7184,mccluremichael@example.org,55712 Fleming Wall Apt. 709,North Suzanne,UT,45059,Papua New Guinea,Bachelor's Degree,16,35861.39,Video editor,In Review,Jasmine Payne
3756,2023-05-10,Scott,Larson,Other,28-04-1983,001-406-444-1992x9617,gsimon@example.org,7769 Andrea Tunnel Suite 118,Jeffreyland,LA,41241,Sao Tome and Principe,Master's Degree,10,59847.21,Health visitor,Applied,Scott Larson
3757,2023-07-22,Robert,Gomez,Female,31-08-1969,423.641.7283x0556,davidburke@example.net,159 Lewis Path,East Thomas,MP,80441,Saudi Arabia,PhD,8,30478.43,Fitness centre manager,In Review,Robert Gomez
3758,2023-07-02,Jonathan,Green,Male,13-01-1999,486-488-2120x96605,randybutler@example.net,88442 Long Islands,Lake Jack,NH,2891,Bangladesh,PhD,20,40380.1,Seismic interpreter,Rejected,Jonathan Green
3759,2023-06-06,Kimberly,Clark,Male,30-11-1977,836.771.1001,whitetodd@example.com,7301 Smith Turnpike Suite 357,New Kristy,IA,84769,Liechtenstein,PhD,2,97292.09,Arts development officer,Applied,Kimberly Clark
3760,2023-07-27,Stanley,Stone,Female,27-10-1989,(922)445-6085,ipatterson@example.net,5554 Amber Estates Apt. 738,East James,MA,11978,Chile,High School,13,91933.68,Industrial buyer,Offered,Stanley Stone
3761,2023-06-18,Danielle,Mcintyre,Other,28-08-1986,###############################################################################################################################################################################################################################################################,richardlove@example.org,257 Carter Ridge,Port Charlesstad,TN,2756,Saint Martin,High School,6,30695.75,Agricultural engineer,Rejected,Danielle Mcintyre
3762,2023-05-11,Anthony,Johnson,Male,02-06-1984,(865)370-3287x099,donaldwilliams@example.net,4704 Beard Drive Apt. 219,Amyfort,MS,62450,Kuwait,Bachelor's Degree,6,52243.68,Meteorologist,In Review,Anthony Johnson
3763,2023-05-24,Melody,Lowery,Male,10-05-1987,331.606.3481,bpratt@example.org,385 Donald Crest,Port Steven,PR,5702,Reunion,Master's Degree,0,33631.22,Financial planner,In Review,Melody Lowery
3764,2023-06-08,Roberta,Ward,Female,24-10-1985,(282)804-8396x05597,cunninghammichael@example.net,24231 James Plain Suite 103,Alexanderbury,NH,8004,Taiwan,High School,17,49101.25,Minerals surveyor,Interviewing,Roberta Ward
3765,2023-05-20,Eric,Rodriguez,Male,14-09-1967,692-873-6509x1177,kevinrhodes@example.net,23266 Walls Point Suite 676,Nolanside,CO,48122,Thailand,Master's Degree,20,85327.83,Chartered management accountant,In Review,Eric Rodriguez
3766,2023-05-23,Ryan,Diaz,Female,24-01-1996,(840)929-2604x07545,davismegan@example.net,8172 Brown Forges,Davidhaven,NC,24242,Mayotte,High School,6,47574.39,Warden/ranger,Rejected,Ryan Diaz
3767,2023-06-10,Jonathan,Flores,Female,19-06-1971,###############################################################################################################################################################################################################################################################,mreynolds@example.net,763 Bryan Squares,Brandonbury,OH,85520,Falkland Islands (Malvinas),Bachelor's Degree,20,77725.64,Music tutor,Offered,Jonathan Flores
3768,2023-05-09,Lisa,Crawford,Male,16-03-1978,612-969-5917x3420,nglenn@example.net,618 Dominguez Street Suite 370,Allenland,WV,59035,Cayman Islands,PhD,17,32113.08,Company secretary,Offered,Lisa Crawford
3769,2023-06-02,Sabrina,Gardner,Other,30-07-1980,001-629-271-4723x774,brian45@example.org,9887 Williams Ford,Dianaton,MT,38297,Estonia,High School,20,81869.91,Museum/gallery curator,Rejected,Sabrina Gardner
3770,2023-07-21,John,Scott,Other,21-02-1964,+1-325-953-6145x811,matthewgraves@example.net,517 Brown Street Suite 952,Wilsonbury,AS,2439,Lebanon,Bachelor's Degree,8,99792.08,Commercial horticulturist,In Review,John Scott
3771,2023-06-25,Susan,Davis,Female,10-09-1997,211.617.3766x041,qbrown@example.org,51524 Scott Shore,New Loriton,AZ,1618,Vanuatu,PhD,16,90740.95,Chiropodist,Rejected,Susan Davis
3772,2023-06-17,Nina,Gordon,Female,07-06-1969,+1-647-381-3704x5343,wardrichard@example.org,7285 Jones Lock Suite 425,West Nicoleberg,VT,15290,Falkland Islands (Malvinas),PhD,5,43893.91,Advertising copywriter,In Review,Nina Gordon
3773,2023-06-02,Blake,Smith,Female,04-01-1978,+1-212-319-5224x9779,dporter@example.com,6005 Brown Fork,Georgemouth,AL,44233,Suriname,High School,13,70571.08,"Engineer, maintenance",Offered,Blake Smith
3774,2023-07-20,Nancy,West,Other,01-10-1998,808.847.2770x378,smithmisty@example.org,82117 Steven Ranch Apt. 667,Christopherhaven,KS,12676,Palestinian Territory,PhD,14,62945.49,Hydrographic surveyor,In Review,Nancy West
3775,2023-07-10,Hunter,Gilmore,Other,15-06-1964,421.642.3780,masonmichelle@example.net,56470 Nguyen Harbor Apt. 727,Saundersshire,CT,33417,Saint Martin,PhD,13,39891.62,"Nurse, children's",Interviewing,Hunter Gilmore
3776,2023-06-27,Tonya,Lewis,Other,30-03-1963,001-846-612-1493,bthompson@example.com,77794 Laura Village Apt. 174,Port Amy,FM,95615,Brazil,High School,14,85201.18,Child psychotherapist,Interviewing,Tonya Lewis
3777,2023-07-02,Shawn,Brock,Male,11-01-1988,001-558-485-8559x87870,conniecarroll@example.com,0467 Bishop Forges,Lake Ashley,IN,50692,Georgia,PhD,0,90004.49,"Programmer, applications",Applied,Shawn Brock
3778,2023-07-15,Julie,Young,Female,03-10-1967,372.648.4843,monica16@example.com,923 Jeffrey Locks Apt. 612,Port Jill,WI,48780,United Arab Emirates,Bachelor's Degree,11,69964.76,"Pharmacist, community",In Review,Julie Young
3779,2023-07-31,Joseph,Black,Female,18-12-1969,001-638-884-7891x31329,crystaljones@example.com,57440 Obrien Fort,Lake Juanshire,LA,41829,Tonga,High School,0,96359.43,Wellsite geologist,Applied,Joseph Black
3780,2023-07-13,Travis,Berry,Other,20-08-1979,###############################################################################################################################################################################################################################################################,petersonlinda@example.org,615 Hughes Crossroad Suite 706,Jessicafurt,ME,970,Peru,High School,7,88723.51,Toxicologist,Offered,Travis Berry
3781,2023-07-25,Kimberly,Blackwell,Male,07-02-1979,001-859-550-2982,ofoster@example.org,828 Michael Camp,East Brianafort,WY,86753,Christmas Island,High School,10,70490.54,Ceramics designer,Interviewing,Kimberly Blackwell
3782,2023-07-28,Jennifer,Barrera,Male,17-07-1970,843-906-5028,reedhannah@example.org,647 Jessica Drives,Lake Karifurt,OR,47137,Micronesia,High School,7,39765.14,"Engineer, land",Rejected,Jennifer Barrera
3783,2023-06-25,Sheri,Lucero,Female,21-07-2000,###############################################################################################################################################################################################################################################################,kingtyler@example.org,71762 Debbie Crossroad,New Denise,OK,77016,Peru,Bachelor's Degree,10,96442.27,Adult guidance worker,In Review,Sheri Lucero
3784,2023-06-20,Rebecca,West,Other,01-04-2000,276.655.2535,epreston@example.com,2036 Tina Turnpike,Joshuaborough,SD,58975,Afghanistan,Master's Degree,11,54307.79,Legal secretary,Rejected,Rebecca West
3785,2023-06-14,Stephanie,Sanchez,Male,28-03-1964,###############################################################################################################################################################################################################################################################,julie28@example.org,0494 Miller Cliffs,Dustinborough,IL,58825,Swaziland,Bachelor's Degree,14,50694.52,"Engineer, technical sales",Rejected,Stephanie Sanchez
3786,2023-05-23,Timothy,Cooley,Other,20-02-1982,001-630-957-4655x37552,xsolis@example.com,661 Stewart Flats Suite 203,Hineshaven,NM,86142,Peru,Bachelor's Degree,11,85411.81,Race relations officer,In Review,Timothy Cooley
3787,2023-06-21,Rachel,Dunn,Other,04-07-1984,001-610-861-3709x6817,mooreangelica@example.com,3352 Clay Freeway,Smithburgh,HI,63176,United States Virgin Islands,Bachelor's Degree,15,54951.27,Paediatric nurse,Interviewing,Rachel Dunn
3788,2023-06-01,Melissa,Leon,Female,18-03-1966,243.483.3460x43491,wcruz@example.net,5245 Jeffrey Crossroad Suite 141,West Michaelhaven,WY,51328,Cape Verde,Master's Degree,10,56923.21,Orthoptist,Offered,Melissa Leon
3789,2023-07-02,Katherine,Williamson,Female,16-04-1990,+1-265-692-9770x3445,trananthony@example.org,6697 George Crest Apt. 365,New Tanyamouth,PA,73954,Qatar,PhD,3,70825.6,Press sub,Applied,Katherine Williamson
3790,2023-08-05,Melissa,Johnson,Male,29-04-1980,622.291.5784x11209,josephwalker@example.org,3118 Erin Ways,Lake Meganmouth,WY,22960,Micronesia,Bachelor's Degree,4,85464.95,"Civil engineer, contracting",Offered,Melissa Johnson
3791,2023-06-11,Carol,Fisher,Female,03-03-1986,+1-507-719-4990x3208,matthewstevens@example.com,938 Scott Park Apt. 476,Port Johnathanfurt,KS,41764,Kiribati,Master's Degree,9,86493.76,Recruitment consultant,Interviewing,Carol Fisher
3792,2023-07-17,Kim,Summers,Female,11-06-1968,001-648-878-0205x396,aprilbowers@example.org,98168 Jessica Rapid,South Christopherbury,AZ,83922,Argentina,Master's Degree,16,35135.99,Banker,In Review,Kim Summers
3793,2023-08-05,Michael,Brown,Male,13-09-2004,(505)893-8146x83379,ywatts@example.net,937 Jackson Inlet Apt. 654,Wilsonberg,MO,99466,Dominica,Master's Degree,17,99378.09,Newspaper journalist,Offered,Michael Brown
3794,2023-05-22,Kathryn,Delacruz,Other,24-10-1963,512.286.6026,crystal78@example.org,20535 Murray Knoll Suite 310,New Justinport,AS,12516,Malaysia,Bachelor's Degree,16,62725.86,Curator,In Review,Kathryn Delacruz
3795,2023-06-08,Joseph,Lynch,Male,25-12-1973,+1-526-686-6687x8336,ccarter@example.org,44550 Shawn Estate Suite 092,Churchfurt,NE,88942,Holy See (Vatican City State),Master's Degree,12,34833.03,Chartered legal executive (England and Wales),Rejected,Joseph Lynch
3796,2023-06-05,Maurice,Morales,Other,03-05-1987,545.715.1499,kcalhoun@example.net,666 Floyd Parks,Courtneyville,NC,98967,Peru,PhD,9,44258.15,Midwife,Applied,Maurice Morales
3797,2023-06-10,Joshua,Thomas,Other,30-07-1970,+1-730-657-5681x8116,pblackburn@example.com,89340 Townsend Cape,Brettstad,AR,99392,Russian Federation,PhD,12,98513.59,"Nurse, mental health",Offered,Joshua Thomas
3798,2023-05-13,Desiree,Alexander,Other,06-05-1986,+1-944-629-7082x1564,juliacrawford@example.net,05232 Ho Turnpike Suite 617,Kendrachester,IN,18115,United Kingdom,High School,9,45824.91,"Restaurant manager, fast food",Offered,Desiree Alexander
3799,2023-07-27,Joe,Gonzalez,Male,31-03-1987,###############################################################################################################################################################################################################################################################,smartinez@example.com,978 Pierce Squares Apt. 467,Christinaview,OH,20174,Bouvet Island (Bouvetoya),High School,18,92520.98,"Sound technician, broadcasting/film/video",Rejected,Joe Gonzalez
3800,2023-07-14,William,Perkins,Male,11-07-1965,282-216-0814x422,christophercohen@example.com,974 Xavier Brook Apt. 145,Johnton,HI,39077,Romania,Bachelor's Degree,14,42719.1,"Scientist, marine",Rejected,William Perkins
3801,2023-06-29,Jenna,Richardson,Male,10-11-1970,(757)205-9797x336,taylorpatricia@example.org,0353 Miller Bypass,Pageside,MN,56459,Montenegro,High School,4,46638.46,Art gallery manager,Applied,Jenna Richardson
3802,2023-05-17,Stephanie,Chambers,Male,17-01-1988,(615)969-8664x535,sgriffin@example.com,406 Amy Heights,Port Edward,TN,75779,Lao People's Democratic Republic,Master's Degree,17,83290.14,Nutritional therapist,Interviewing,Stephanie Chambers
3803,2023-07-20,Erik,Jones,Male,13-08-1964,280.912.7988x7015,donaldbautista@example.net,7724 Richard Villages,Pollardchester,IN,45518,Ghana,PhD,4,68533.12,Gaffer,In Review,Erik Jones
3804,2023-07-03,Melissa,Berry,Female,10-08-1992,744.506.0421x22601,walkerjoseph@example.org,6512 Megan Pass,Mccallland,MT,64234,Western Sahara,PhD,19,74505.57,Facilities manager,Offered,Melissa Berry
3805,2023-07-25,Danny,Hernandez,Other,15-04-2002,620.610.5811,anna54@example.com,8791 Melissa Street,New Heatherport,MS,66309,Venezuela,High School,4,42836.93,Commercial/residential surveyor,Applied,Danny Hernandez
3806,2023-05-21,Kevin,Gillespie,Male,18-04-1964,607-968-8571,ashleymartinez@example.org,39516 James Alley,Andrewstown,FL,64952,Jamaica,Bachelor's Degree,1,36571.74,"Restaurant manager, fast food",Applied,Kevin Gillespie
3807,2023-06-28,Misty,Parker,Female,19-01-1966,412-358-7561x01121,robinperry@example.com,50109 Tamara Plain Suite 211,Michaelland,MS,47432,Senegal,Bachelor's Degree,20,39999.55,Event organiser,Rejected,Misty Parker
3808,2023-05-26,Robert,Jackson,Male,13-06-1972,001-817-695-2111,qbrock@example.net,7722 Christopher Station,Lake James,VI,45772,Bahrain,High School,10,56269.19,Artist,Applied,Robert Jackson
3809,2023-06-12,Raymond,Holmes,Other,30-09-1975,001-945-329-2426x2428,zkane@example.net,441 Jo Rapids,Yangchester,DC,35391,Saint Barthelemy,Master's Degree,6,43771.96,"Psychologist, educational",In Review,Raymond Holmes
3810,2023-07-21,Thomas,Wood,Other,19-04-1985,203.337.0833x012,cmiller@example.org,67831 Ford Rue,West Angelaberg,OK,31817,Guatemala,Bachelor's Degree,5,69092.94,"Designer, industrial/product",In Review,Thomas Wood
3811,2023-07-26,Savannah,Brown,Male,02-01-1964,754-389-1169x696,tmartinez@example.com,8056 Tina Manors Apt. 509,Phillipsfort,GU,21035,Congo,Master's Degree,15,58183.05,Pension scheme manager,Interviewing,Savannah Brown
3812,2023-07-06,Jessica,Dodson,Other,18-08-2003,(772)286-2587x7337,cmiller@example.net,6415 Becker Land,North Rebecca,AL,56088,Finland,Master's Degree,4,93520.03,Public affairs consultant,Offered,Jessica Dodson
3813,2023-07-18,Dana,Mack,Male,03-04-1969,+1-534-872-4491x941,jeff10@example.com,088 Thomas Common,West Kylemouth,AS,41672,Aruba,Bachelor's Degree,2,84402.13,"Horticulturist, amenity",In Review,Dana Mack
3814,2023-06-30,David,Juarez,Female,16-04-1985,470.720.3537,vwong@example.com,9276 David Mall Apt. 462,Meltonburgh,OH,53269,Congo,High School,6,64107.33,Orthoptist,Applied,David Juarez
3815,2023-06-04,Gregory,Hampton,Other,31-07-1972,(773)932-7832x408,knapptaylor@example.net,4386 Hopkins Extension,Krystalhaven,SC,25648,Anguilla,Bachelor's Degree,7,51595.95,"Librarian, academic",In Review,Gregory Hampton
3816,2023-06-09,Jordan,Ramsey,Other,26-11-2004,001-951-526-4352x116,cory92@example.org,4635 Michael Ridges,Dianeside,OK,52483,Vietnam,Bachelor's Degree,8,35212.87,"Scientist, forensic",Rejected,Jordan Ramsey
3817,2023-05-27,Jose,Miles,Male,10-06-1982,+1-570-956-8282x223,johnwelch@example.com,86399 Derek Mill,Nguyentown,DE,62170,Montserrat,Bachelor's Degree,17,99077.23,Special effects artist,Rejected,Jose Miles
3818,2023-07-20,William,Johnson,Other,05-10-1996,(510)625-4385,alexcollins@example.org,379 William Track Apt. 193,New Melanie,WI,49058,United States Minor Outlying Islands,PhD,17,38470.71,"Teacher, early years/pre",Offered,William Johnson
3819,2023-06-17,Jennifer,Vega,Male,23-02-1981,(221)829-8216,patriciaharris@example.net,339 Mccarthy Hills Suite 907,Hillfurt,FM,30238,Papua New Guinea,PhD,10,81164.53,"Designer, industrial/product",Applied,Jennifer Vega
3820,2023-06-17,Richard,Hogan,Male,27-12-1974,517.726.2464x996,ymorris@example.com,0314 Patterson Mall Apt. 738,Smithmouth,PR,922,Nigeria,Master's Degree,20,63548.81,Press sub,Offered,Richard Hogan
3821,2023-05-06,Tanya,Martin,Female,12-04-1979,348.623.4924x9617,warebrandon@example.com,8544 Collins Park,East Austinland,KS,14808,Central African Republic,High School,5,37706.04,"Editor, film/video",In Review,Tanya Martin
3822,2023-05-17,Patrick,Saunders,Male,31-01-1980,+1-843-714-8124x3186,millervirginia@example.com,3039 Allison Cliff,Charlesburgh,NM,46070,Mexico,Bachelor's Degree,6,95688.53,Armed forces operational officer,In Review,Patrick Saunders
3823,2023-06-06,Anthony,Hull,Female,16-10-1980,(344)669-8458x844,eric25@example.net,766 Noah Tunnel Apt. 059,Knightfort,PW,50212,Thailand,Bachelor's Degree,14,34778.51,Technical brewer,Interviewing,Anthony Hull
3824,2023-07-26,Juan,Solomon,Other,14-09-1971,(604)410-0752x815,vshields@example.net,395 Watson Mall,Port Ryanhaven,MT,19507,South Georgia and the South Sandwich Islands,PhD,20,50750.92,Print production planner,In Review,Juan Solomon
3825,2023-07-01,Eric,Diaz,Male,01-10-1983,(342)751-1750,danasmith@example.org,14214 Clayton Haven,Hillville,MN,88800,Japan,Bachelor's Degree,20,69743.61,"Administrator, arts",Offered,Eric Diaz
3826,2023-05-19,Tammy,Hernandez,Male,19-09-2002,947-806-6198,kevin04@example.net,160 Dean View Suite 938,Loweville,MP,43975,Antarctica (the territory South of 60 deg S),PhD,8,92836.62,Patent attorney,In Review,Tammy Hernandez
3827,2023-05-23,Daniel,Munoz,Other,12-02-1991,(537)859-9156,amy81@example.net,2510 Riddle Unions,Davisfort,HI,6887,Saint Vincent and the Grenadines,Bachelor's Degree,5,68669.43,Government social research officer,In Review,Daniel Munoz
3828,2023-05-31,David,Harris,Other,14-12-1994,###############################################################################################################################################################################################################################################################,kevin47@example.net,338 Anderson Rapids,Markberg,NY,20690,Yemen,Master's Degree,9,38333.33,"Engineer, electronics",Applied,David Harris
3829,2023-06-25,Maria,Hill,Other,04-10-1987,593.815.6318,jduffy@example.org,2273 Owens Plaza Apt. 628,Connormouth,KY,22872,Saint Kitts and Nevis,High School,13,59130.47,"Education officer, environmental",In Review,Maria Hill
3830,2023-06-15,Jonathan,Lindsey,Other,25-11-2003,(816)466-0269x522,michellegray@example.net,78322 Moody Bypass,Frederickberg,IN,20329,Belize,PhD,0,96945.68,Technical brewer,Offered,Jonathan Lindsey
3831,2023-07-30,Katie,Henderson,Other,19-12-1975,001-723-491-6060x9621,harrisonpamela@example.com,58625 Michael Inlet,Port Troyton,WI,62765,Afghanistan,Master's Degree,2,40464.63,Paediatric nurse,Rejected,Katie Henderson
3832,2023-06-16,Anita,Strong,Male,13-10-1998,524-440-2985x236,kaylawhite@example.net,0634 Martin Mountain,Johnsonville,GA,50521,Nepal,PhD,9,95687.95,Neurosurgeon,In Review,Anita Strong
3833,2023-07-15,Kathy,Dillon,Other,07-10-1987,###############################################################################################################################################################################################################################################################,matthewrichardson@example.com,255 Wright Station,Kellieshire,MO,92796,Sri Lanka,Master's Degree,10,58717.22,Quality manager,Rejected,Kathy Dillon
3834,2023-06-06,Joshua,Pope,Male,24-06-1971,###############################################################################################################################################################################################################################################################,thomas47@example.org,6540 Gabriel Route Suite 995,Port Charles,CO,66175,China,PhD,16,68084.31,"Engineer, agricultural",Applied,Joshua Pope
3835,2023-07-17,Aaron,King,Female,05-08-1986,###############################################################################################################################################################################################################################################################,gfloyd@example.net,7066 Andrew Ports,Lewisfurt,KY,8067,Tunisia,Bachelor's Degree,6,70229.7,Acupuncturist,Rejected,Aaron King
3836,2023-07-22,Brooke,Farrell,Female,26-09-1997,825-317-3157x090,wturner@example.net,8346 Charlene Corners,West Randallville,DE,49228,Liechtenstein,PhD,10,65410.01,Environmental manager,Interviewing,Brooke Farrell
3837,2023-05-29,Catherine,Powell,Male,23-05-1982,+1-731-695-2329x51572,ronaldjames@example.net,85737 Woodward Course Suite 659,Douglaston,RI,60356,Sri Lanka,Master's Degree,8,57696.78,Medical physicist,Interviewing,Catherine Powell
3838,2023-05-20,Chelsea,Forbes,Female,11-08-1983,001-581-564-5541x08014,jessica76@example.com,8376 Justin Parks Apt. 747,East Jill,PA,4209,Turkey,High School,9,60108.26,"Programmer, applications",Offered,Chelsea Forbes
3839,2023-05-29,Timothy,Johnson,Other,24-03-1990,541.949.2713,hperez@example.org,89806 Ramirez Plaza,North Austin,KS,63747,Mauritania,Master's Degree,20,73443.65,Environmental consultant,Applied,Timothy Johnson
3840,2023-06-23,Lucas,Lyons,Other,23-09-1972,394.570.8634,joe94@example.org,255 Alexander Causeway,Christopherhaven,OK,81867,North Macedonia,Bachelor's Degree,7,47760.25,Immunologist,Offered,Lucas Lyons
3841,2023-07-13,John,Garcia,Female,25-09-1999,001-470-232-3060x570,brownkristen@example.org,56831 Webb Port,West Richard,WA,81098,Mali,PhD,0,34569.47,Lexicographer,Rejected,John Garcia
3842,2023-05-22,Scott,Downs,Other,27-01-1967,954.886.4284x05908,daniel63@example.net,9226 Sarah Groves,Aaronton,MP,20881,Libyan Arab Jamahiriya,Master's Degree,19,73628.7,Armed forces logistics/support/administrative officer,Applied,Scott Downs
3843,2023-05-10,Samuel,Lucas,Male,12-01-2002,878.555.6077,brittany71@example.org,5809 Mark Neck,Wilsonberg,TX,87391,Senegal,Master's Degree,17,85894.56,Public relations officer,Rejected,Samuel Lucas
3844,2023-05-08,Rodney,Harper,Male,05-03-2004,001-482-991-5018x209,samantha67@example.com,43574 Madeline Ports Apt. 519,Lake Jennifer,DC,72666,Sri Lanka,PhD,19,77389.73,Dramatherapist,In Review,Rodney Harper
3845,2023-06-10,Kenneth,Terry,Other,23-03-1995,001-968-692-7008x799,abird@example.org,043 Wilcox Expressway,Nicoleburgh,NE,12342,Zimbabwe,PhD,13,86607.11,"Engineer, biomedical",Applied,Kenneth Terry
3846,2023-06-29,Beth,Nixon,Other,01-06-2002,921.529.0172,woodtiffany@example.net,521 Susan Turnpike,Port Tiffanyfurt,RI,55647,British Virgin Islands,Master's Degree,19,87243.05,"Merchandiser, retail",Offered,Beth Nixon
3847,2023-05-09,Alicia,Roy,Other,29-04-1969,###############################################################################################################################################################################################################################################################,michaelsimon@example.net,46312 Cameron Plains,East Jackie,AL,37235,Venezuela,PhD,18,93470.71,Fisheries officer,Rejected,Alicia Roy
3848,2023-07-22,Jeffrey,Fowler,Other,01-02-1989,+1-253-706-8387x8534,lcalderon@example.org,0905 Lynn Tunnel,North Cindyville,NC,66403,Colombia,Master's Degree,11,40438.33,Information officer,In Review,Jeffrey Fowler
3849,2023-06-15,Ronald,Cook,Female,10-12-2003,736-512-7459,douglasedwards@example.net,16730 Angela Creek Apt. 422,New Amychester,NY,84467,Slovenia,Master's Degree,3,53823.88,Minerals surveyor,Applied,Ronald Cook
3850,2023-06-08,Michael,Larson,Other,13-03-1986,001-513-560-7170x40178,smithtoni@example.com,2057 Orozco Glens,New Jenniferview,MN,86565,Senegal,PhD,11,81141.31,Toxicologist,Rejected,Michael Larson
3851,2023-07-08,Patty,Henry,Male,04-01-1996,(220)658-5076x643,burchralph@example.net,0085 Joshua Forks Apt. 845,Susanhaven,CA,33588,Croatia,PhD,7,99288.89,Physiological scientist,In Review,Patty Henry
3852,2023-07-31,Kayla,Hall,Other,08-12-1994,+1-484-330-7012x91742,ymoore@example.com,9694 Escobar Street,South Andreamouth,UT,32851,Liberia,High School,16,41967.41,Editorial assistant,Rejected,Kayla Hall
3853,2023-07-19,Anthony,Greene,Male,07-08-1979,###############################################################################################################################################################################################################################################################,hpreston@example.net,238 Lisa Villages Suite 789,Lake James,IN,87288,Nigeria,Bachelor's Degree,2,70625.69,"Scientist, forensic",Interviewing,Anthony Greene
3854,2023-07-26,Thomas,Wilson,Female,17-10-1966,001-418-735-6363x9692,jesse64@example.org,595 Levi Wells Suite 640,Kellyville,WA,84649,Ukraine,Master's Degree,0,88582.3,Location manager,Rejected,Thomas Wilson
3855,2023-05-31,Jordan,Carlson,Male,18-03-2004,+1-975-789-6117x780,mtyler@example.com,283 Jamie Burg Apt. 042,New Cynthia,MS,48203,Somalia,High School,0,52242.93,Film/video editor,Rejected,Jordan Carlson
3856,2023-07-28,Roberto,Allen,Other,01-03-1988,901.547.5735x107,zprice@example.org,08049 Washington Forges,Lake John,AR,3516,Monaco,Master's Degree,13,54852.56,Environmental consultant,In Review,Roberto Allen
3857,2023-07-15,David,Bentley,Male,12-04-1979,001-247-967-1636,gdean@example.net,45768 Jacqueline Meadow Suite 047,Karenshire,TN,60163,Kiribati,High School,14,70048.19,"Horticulturist, commercial",Applied,David Bentley
3858,2023-07-22,Erica,Cole,Male,02-10-1977,962-421-9092x5214,drios@example.net,3399 Castillo Loaf Suite 226,Whitefort,WA,17562,Solomon Islands,Master's Degree,19,81177.81,Toxicologist,Offered,Erica Cole
3859,2023-07-14,Jennifer,Bell,Other,06-01-1963,001-434-750-2272x7392,ocarpenter@example.org,35209 Williams Mill Suite 496,Allenberg,KS,26160,Guinea,PhD,19,45445.99,"Geneticist, molecular",Interviewing,Jennifer Bell
3860,2023-07-04,Mason,Washington,Male,29-10-1990,+1-441-411-0976x89048,vanessaharrison@example.net,73853 Wood Spring,Lake Jeremiah,GU,41924,Croatia,PhD,18,53163.31,"Engineer, structural",Applied,Mason Washington
3861,2023-07-01,Angela,Becker,Female,06-09-1980,(311)949-9612x1426,kristinebanks@example.net,37945 Dana Bypass Suite 374,East Kristystad,RI,74575,Myanmar,High School,15,66838.78,"Physicist, medical",Applied,Angela Becker
3862,2023-06-09,Jeffrey,Stewart,Female,30-10-1994,423-456-6282,claytonwalker@example.com,9189 Charles Manors,Fieldstown,AK,17680,Maldives,High School,4,60215.95,Chemical engineer,Interviewing,Jeffrey Stewart
3863,2023-07-08,Jennifer,Reid,Other,29-07-1999,787.289.1669x4014,wcrawford@example.net,054 Catherine Bridge Apt. 499,New Karenburgh,DC,37836,Chile,Master's Degree,10,74811.14,Regulatory affairs officer,Offered,Jennifer Reid
3864,2023-06-27,Kirk,Zimmerman,Female,24-08-1987,(727)646-7738x985,tammy00@example.org,88233 Khan Parkway,Foxshire,NY,45543,Austria,Master's Degree,12,37726.33,"Engineer, civil (contracting)",Offered,Kirk Zimmerman
3865,2023-05-19,Anthony,Hansen,Other,03-11-1974,###############################################################################################################################################################################################################################################################,diazbobby@example.net,1049 Young Via Suite 106,West Michaelberg,FL,28841,Antarctica (the territory South of 60 deg S),Master's Degree,19,65256.97,Immigration officer,Rejected,Anthony Hansen
3866,2023-07-10,Krystal,Walton,Other,05-08-1970,616-755-5747x242,steven27@example.net,864 Parker Roads,Lake Dean,AR,87247,Liberia,Master's Degree,4,54291.85,Police officer,Interviewing,Krystal Walton
3867,2023-06-12,Alex,Carpenter,Other,13-04-1982,+1-970-333-3063x083,cbradley@example.com,406 William Garden,North Christinaside,DE,43435,Zimbabwe,High School,14,50337.37,Pensions consultant,In Review,Alex Carpenter
3868,2023-06-10,Kayla,Dennis,Other,06-04-1988,###############################################################################################################################################################################################################################################################,baileydebra@example.com,6401 Tiffany Land Suite 898,East Derricktown,GU,23702,Denmark,High School,2,70434.15,Medical physicist,Applied,Kayla Dennis
3869,2023-07-11,Vernon,Simon,Female,10-03-1990,(473)320-0371x728,brett89@example.net,429 Wagner Cliffs Apt. 757,Hallstad,GA,76501,Qatar,PhD,12,90090.7,"Engineer, maintenance (IT)",Applied,Vernon Simon
3870,2023-05-29,Heidi,Norris,Female,08-05-2005,831.385.4117x65256,farmerdonald@example.org,42204 Susan Cliff Suite 543,Kennethshire,NV,28781,Timor-Leste,Bachelor's Degree,16,67265.25,Social researcher,Offered,Heidi Norris
3871,2023-06-08,Derrick,Jones,Male,20-11-1969,591-746-9496x47288,boylestephanie@example.org,438 Durham Green Suite 595,Patriciabury,VI,12998,Denmark,PhD,9,33126.64,Estate manager/land agent,In Review,Derrick Jones
3872,2023-06-22,Brian,Key,Female,10-08-2002,800-596-3718x7275,barrycollier@example.com,211 Becky Mill Apt. 899,Amandamouth,VA,38208,Palestinian Territory,Bachelor's Degree,17,64768.37,Educational psychologist,Rejected,Brian Key
3873,2023-06-27,Shawn,Goodman,Other,05-12-1993,677.953.7480x34947,leekatherine@example.com,4673 Anderson Harbor Suite 977,Mckenziemouth,IA,45272,Turkmenistan,Bachelor's Degree,11,91342.3,Chief Operating Officer,Interviewing,Shawn Goodman
3874,2023-06-27,Jacob,Johnson,Male,04-10-2001,(687)388-0674x3287,ggallagher@example.org,08734 Benjamin Street Apt. 032,North Zacharymouth,TN,37089,Rwanda,PhD,20,43799.05,"Therapist, drama",In Review,Jacob Johnson
3875,2023-07-27,Daniel,Norris,Female,24-08-1968,###############################################################################################################################################################################################################################################################,kaylahancock@example.net,1577 Smith Port,Kathleenville,GA,21145,Burundi,High School,20,41075.69,Early years teacher,Interviewing,Daniel Norris
3876,2023-06-19,Michael,Townsend,Female,25-02-1980,249.555.1453,timothy61@example.com,43107 Gomez Forge,Austinmouth,PR,78611,Martinique,High School,0,46776.09,"Engineer, mining",Interviewing,Michael Townsend
3877,2023-07-26,Gail,Ayala,Other,27-03-1975,877.743.0477x9649,garrett02@example.com,651 Angela Turnpike Apt. 762,Schwartzburgh,PA,95058,Libyan Arab Jamahiriya,High School,10,48239.71,"Scientist, water quality",Offered,Gail Ayala
3878,2023-07-16,Courtney,Dunn,Male,09-09-1970,462.246.7522,amandarodriguez@example.com,6124 Pineda Corner Apt. 501,Larsonville,UT,29624,Cyprus,Bachelor's Degree,5,84372.22,Barrister's clerk,In Review,Courtney Dunn
3879,2023-07-28,Jeffrey,Benson,Male,12-10-1984,###############################################################################################################################################################################################################################################################,sjohnson@example.net,101 Sarah Dam,Simpsontown,MO,19386,Tuvalu,Bachelor's Degree,19,60626.13,Catering manager,Interviewing,Jeffrey Benson
3880,2023-07-10,Justin,Smith,Other,11-02-1996,001-245-465-2406,erinbaldwin@example.com,567 Lawrence Ridges Apt. 330,Brentville,AZ,92602,Syrian Arab Republic,Bachelor's Degree,17,57352.06,Lexicographer,In Review,Justin Smith
3881,2023-06-11,Jason,Fox,Other,18-09-1970,(376)405-5614x6633,singletonsheryl@example.org,3347 Gonzalez Circles,Lake Melanieshire,WA,96122,Saint Vincent and the Grenadines,PhD,3,34618.81,Paediatric nurse,Interviewing,Jason Fox
3882,2023-07-11,Tommy,Allen,Other,16-07-2001,421.938.5239x74499,jamessampson@example.net,345 Laura Inlet Suite 946,Lake Breanna,HI,51081,Saudi Arabia,Bachelor's Degree,20,42295.38,Product designer,In Review,Tommy Allen
3883,2023-05-13,Linda,Page,Other,12-11-1989,561.260.3566x4738,nunezcorey@example.org,401 Bishop Roads,South Markhaven,VI,69843,Afghanistan,Bachelor's Degree,12,86486.69,"Designer, industrial/product",Rejected,Linda Page
3884,2023-07-25,Amanda,Levy,Female,12-08-1989,001-851-593-9582x16142,qblack@example.com,240 Kristopher Route Suite 285,North Nancy,AZ,35340,Chad,High School,13,53237.24,Architect,In Review,Amanda Levy
3885,2023-06-08,Jennifer,Bryant,Other,26-03-1992,294-341-8976x8394,sean80@example.net,06179 Dawson Expressway Apt. 340,West Madisontown,NY,66460,South Africa,PhD,9,40177.63,Aid worker,Rejected,Jennifer Bryant
3886,2023-07-24,Claudia,Nolan,Other,08-12-1995,(661)619-5921x4181,peter59@example.net,630 Palmer Turnpike Apt. 506,Masseybury,NM,67032,Nauru,Master's Degree,8,86636.95,"Psychologist, clinical",Offered,Claudia Nolan
3887,2023-07-11,Susan,White,Other,07-11-1998,001-876-250-8075x9867,hallcole@example.org,9728 Jenkins Fork,East Johnfort,KS,79862,Bahrain,Master's Degree,11,70567.18,Armed forces operational officer,Rejected,Susan White
3888,2023-07-16,Dillon,Trujillo,Other,31-03-1992,307.296.8812,sara36@example.com,399 Dominique Spurs,New Debra,WI,47185,Taiwan,High School,8,71489.23,Contracting civil engineer,Rejected,Dillon Trujillo
3889,2023-06-02,Christopher,Chapman,Female,08-04-1996,+1-797-382-0321x86951,johnjones@example.net,025 Alexis Meadow Apt. 520,East Josephhaven,MH,1731,New Caledonia,Bachelor's Degree,6,52009.43,Brewing technologist,Offered,Christopher Chapman
3890,2023-06-14,Victoria,Larsen,Female,24-07-1980,625-793-4577x614,gibbsnathan@example.net,626 Brown Drive,Lake Christopher,LA,88926,Sierra Leone,Master's Degree,4,54294.72,"Designer, exhibition/display",Interviewing,Victoria Larsen
3891,2023-07-03,Christopher,Kennedy,Male,17-05-2003,001-883-250-1979x71525,michelle48@example.net,11559 Cruz Skyway,Jaredborough,TN,34382,Cyprus,Bachelor's Degree,11,83885.61,Chief Marketing Officer,Offered,Christopher Kennedy
3892,2023-06-28,Lori,Moyer,Female,18-01-1976,001-894-518-3953x9714,durhamdarren@example.net,5302 Gibbs Squares,South Lawrence,IL,31343,Sao Tome and Principe,High School,14,58658.05,Optometrist,Offered,Lori Moyer
3893,2023-05-22,Raymond,Malone,Other,14-03-1974,503.607.1726x54812,jamescolon@example.com,02714 Winters Hills Apt. 428,Alvarezberg,NY,9370,Jordan,Bachelor's Degree,10,58273.26,"Conservation officer, nature",Applied,Raymond Malone
3894,2023-07-29,Megan,Garcia,Other,26-07-1988,001-843-536-3330x190,tiffany28@example.com,18059 West Spring Suite 797,Lake Christopher,WA,6836,Benin,Bachelor's Degree,12,80736.56,Biomedical engineer,Interviewing,Megan Garcia
3895,2023-05-19,Gail,Bell,Female,03-01-1968,###############################################################################################################################################################################################################################################################,amandahudson@example.org,8056 Harrington Locks Suite 702,Lake Ryanmouth,NH,51670,Latvia,Bachelor's Degree,0,82473.9,Interpreter,Applied,Gail Bell
3896,2023-05-22,Richard,Moore,Other,01-09-1983,###############################################################################################################################################################################################################################################################,dwu@example.com,57283 Patel Shore,Richardberg,WY,71355,Montserrat,Master's Degree,14,44371.04,Regulatory affairs officer,Rejected,Richard Moore
3897,2023-06-29,Lori,Payne,Male,21-01-1986,886.345.2218x4484,wardnatalie@example.net,72165 Chavez Meadow Suite 270,Port Robert,NV,91363,Egypt,Bachelor's Degree,3,63139.5,"Administrator, arts",In Review,Lori Payne
3898,2023-06-14,Michael,Burton,Other,28-09-1963,989.384.8939,austinalan@example.net,641 Robert Freeway,Fordville,WA,50965,Libyan Arab Jamahiriya,PhD,3,78886.57,Clothing/textile technologist,Applied,Michael Burton
3899,2023-06-01,Cindy,Guzman,Other,03-01-1969,(881)870-7298,lisa46@example.com,54329 Rush Plains Apt. 250,Port Melissa,CO,63454,Barbados,High School,15,96640.49,"Teacher, music",Interviewing,Cindy Guzman
3900,2023-07-20,Matthew,Ford,Female,28-08-1989,(397)428-8337x66912,jessicaguerra@example.com,98706 Johnson Port Apt. 403,Silvaton,MN,43502,Cote d'Ivoire,Bachelor's Degree,19,77718.14,"Designer, jewellery",Applied,Matthew Ford
3901,2023-06-27,Robert,David,Male,20-01-1986,900.469.5016,campbellcolleen@example.com,6132 Mary Trail Suite 755,Saraland,SD,91718,Guyana,PhD,5,74360.67,Sports administrator,In Review,Robert David
3902,2023-06-21,Heather,Dominguez,Male,07-07-1983,###############################################################################################################################################################################################################################################################,george61@example.com,7149 Ritter Springs,Villaville,WV,13162,Ethiopia,Bachelor's Degree,18,35871.36,"Engineer, manufacturing",Interviewing,Heather Dominguez
3903,2023-06-06,Lisa,Burns,Male,24-03-1966,001-231-456-5213x51558,brandi99@example.net,418 Stephanie Pines,West Patrickmouth,NM,96096,Comoros,High School,7,86579.14,General practice doctor,Offered,Lisa Burns
3904,2023-07-23,Dominic,Perry,Other,15-07-1968,978-980-9257x5449,desireediaz@example.net,916 Andrew Mountain,South Ericaton,MO,27005,India,High School,15,39250.79,Data scientist,Rejected,Dominic Perry
3905,2023-05-20,Michael,Boone,Male,30-03-2000,849.942.0385,phooper@example.net,3985 Clayton Square,Myerschester,SC,31951,Jordan,Master's Degree,6,55376.7,Surgeon,Offered,Michael Boone
3906,2023-07-06,Hannah,Lee,Male,04-05-1982,001-517-423-0328,katherinenguyen@example.org,60688 Higgins Field,East Robertview,WI,68565,Denmark,Master's Degree,10,95952.16,Soil scientist,Interviewing,Hannah Lee
3907,2023-07-14,Brian,Moody,Female,03-01-1995,001-475-879-4177x47868,chadpeck@example.net,458 Villanueva Harbors Suite 031,North Edward,NM,17608,Saint Barthelemy,Master's Degree,13,65452.45,Prison officer,Rejected,Brian Moody
3908,2023-06-17,Zachary,Vega,Other,29-08-1964,###############################################################################################################################################################################################################################################################,chavezjamie@example.com,54926 Tracy Well Apt. 579,Port Jonstad,SC,30186,Taiwan,Bachelor's Degree,17,71069.96,Aid worker,Interviewing,Zachary Vega
3909,2023-05-09,Stephanie,Juarez,Male,09-09-1964,406-318-9505x7575,wallacekimberly@example.com,866 Lisa Trace Apt. 676,Fryetown,CO,77351,Equatorial Guinea,High School,0,72638.84,Lawyer,Rejected,Stephanie Juarez
3910,2023-06-15,Troy,Davis,Other,04-04-1978,225.873.5334,nealjake@example.org,15853 Wesley Meadow,Buckmouth,NM,55068,Niger,Bachelor's Degree,20,95758.87,Nutritional therapist,Applied,Troy Davis
3911,2023-06-09,Victoria,Hart,Male,13-02-2003,001-797-615-7116x950,emmamyers@example.com,9197 Reid Corners Apt. 867,South Juan,HI,29848,Malta,High School,10,71543.58,Chief Technology Officer,Applied,Victoria Hart
3912,2023-05-22,Erica,Wolfe,Female,01-02-1995,001-703-282-2092x8708,christie74@example.com,5700 Stephanie Viaduct,Lake Anthony,MO,40324,Kiribati,Master's Degree,10,30551.48,Web designer,Rejected,Erica Wolfe
3913,2023-06-05,Susan,Pena,Other,22-06-1985,001-450-615-3892x31195,kdavenport@example.net,23157 Hanna Inlet Apt. 221,Mejiaton,IN,94968,Central African Republic,Bachelor's Degree,18,93667.34,Chief Operating Officer,In Review,Susan Pena
3914,2023-05-14,Heather,Case,Male,08-03-1969,###############################################################################################################################################################################################################################################################,claytonjones@example.net,86244 Barrett Manors Suite 237,New Briana,VA,39506,Singapore,Master's Degree,6,51049.17,Microbiologist,Offered,Heather Case
3915,2023-07-26,Michael,Brown,Female,10-11-1974,(700)285-6456,srhodes@example.com,542 Meagan Cliffs Suite 011,Jordanton,AL,36975,Georgia,PhD,18,33692.41,Amenity horticulturist,Offered,Michael Brown
3916,2023-06-21,Theodore,Martinez,Female,05-03-1992,471.646.1115,coxmichael@example.org,937 Mata Overpass Suite 082,East John,AK,23702,Jamaica,Master's Degree,10,98241.31,"Accountant, chartered certified",Rejected,Theodore Martinez
3917,2023-07-31,George,Brennan,Female,11-09-1985,001-565-313-4437x880,reedamanda@example.net,62559 Paul Ramp Suite 562,New Austin,VI,23571,Tuvalu,PhD,2,33941.36,"Engineer, structural",Applied,George Brennan
3918,2023-05-25,Mallory,Booth,Male,28-03-1970,268.803.8554x1261,murrayjohn@example.org,8991 Harrell Park Apt. 368,West Maria,MN,27604,Western Sahara,High School,2,93462.72,"Engineer, automotive",Offered,Mallory Booth
3919,2023-07-30,Gregory,Mcintosh,Male,28-03-1970,001-676-465-5967,jamesdavis@example.com,60365 Brittney Meadow,East Lori,LA,75633,Senegal,PhD,3,49960.6,Prison officer,In Review,Gregory Mcintosh
3920,2023-08-01,Rodney,Guzman,Male,15-03-1966,###############################################################################################################################################################################################################################################################,cnelson@example.org,4405 Rodriguez Brook Suite 854,Fosterton,VI,17022,Heard Island and McDonald Islands,Master's Degree,12,66292.91,"Engineer, structural",In Review,Rodney Guzman
3921,2023-07-09,Phillip,Brown,Female,03-04-1993,664.261.5254x0088,gbradford@example.net,4118 Deborah Shoals,Jonesland,RI,57257,Hungary,PhD,9,47304.44,Radio producer,Rejected,Phillip Brown
3922,2023-05-19,Leah,Gonzales,Female,09-12-1964,###############################################################################################################################################################################################################################################################,carly12@example.net,97810 Sheppard Shoals,Tannerfurt,CA,43425,Indonesia,Master's Degree,12,47410.22,Primary school teacher,Applied,Leah Gonzales
3923,2023-05-09,Lauren,Prince,Other,17-08-1979,(551)458-7234,christine26@example.com,388 Robert Cliff,Travisstad,GA,18731,Gabon,High School,9,98004.58,Technical sales engineer,In Review,Lauren Prince
3924,2023-07-17,James,Ortiz,Male,26-02-1997,001-746-874-1966x26158,tony49@example.com,632 Erik Springs Apt. 841,Gabrielleborough,MH,65970,Honduras,Master's Degree,6,58080.88,Structural engineer,In Review,James Ortiz
3925,2023-08-01,Amanda,Bradley,Female,20-08-1971,743-723-9458,gregoryvargas@example.com,031 Jamie Passage,Jacquelinechester,VI,2164,Afghanistan,High School,12,48094.39,"Administrator, education",Applied,Amanda Bradley
3926,2023-05-29,Tyrone,Wyatt,Other,18-11-1980,###############################################################################################################################################################################################################################################################,howejames@example.net,7801 Patel Isle,South Jody,MP,96793,Venezuela,High School,5,40790.75,Exercise physiologist,Offered,Tyrone Wyatt
3927,2023-07-18,Rachel,Nicholson,Male,02-12-1979,001-923-414-2378,juliejones@example.com,11753 Hale Harbors Suite 091,Port Charleston,FM,2285,Grenada,High School,13,42283.91,"Conservation officer, historic buildings",Applied,Rachel Nicholson
3928,2023-07-29,Douglas,Carpenter,Male,10-12-1979,###############################################################################################################################################################################################################################################################,clarkjack@example.org,397 Alexander Stream,Gonzalesview,TN,72166,Western Sahara,PhD,5,58017.46,Product/process development scientist,Interviewing,Douglas Carpenter
3929,2023-07-31,Marvin,Wolf,Male,08-01-1996,+1-947-269-3641x3417,storres@example.net,8077 Chad Landing Apt. 043,West Jefferyborough,WI,8824,Tokelau,Bachelor's Degree,7,92692.1,Animal technologist,Applied,Marvin Wolf
3930,2023-07-27,Vincent,Diaz,Female,27-10-1999,707.560.0306x687,esantos@example.net,98122 Steven Cove Apt. 920,South Helen,IL,95675,Kyrgyz Republic,PhD,19,76906.13,Learning disability nurse,Interviewing,Vincent Diaz
3931,2023-05-24,Jennifer,Coleman,Male,07-07-1971,974-566-2565,stephaniemccall@example.org,0456 Mario Parks Suite 689,Stacymouth,AS,43363,Netherlands,High School,3,55320.13,Event organiser,Offered,Jennifer Coleman
3932,2023-07-04,Scott,Henderson,Male,12-07-1977,###############################################################################################################################################################################################################################################################,michaelpace@example.com,526 Huff Lock Apt. 722,Cindyland,AS,28881,Armenia,High School,14,76638.44,Senior tax professional/tax inspector,Offered,Scott Henderson
3933,2023-07-31,Shirley,Schroeder,Other,23-06-1986,(219)521-4602,jerrygibson@example.net,78846 Steven Village,Port Antonioview,WY,59955,New Caledonia,PhD,2,85146.08,Historic buildings inspector/conservation officer,Rejected,Shirley Schroeder
3934,2023-06-03,Shawn,Torres,Other,22-07-1989,+1-298-394-3791x363,austin60@example.com,767 Caleb Harbor Suite 764,Whitemouth,AK,79478,Cambodia,Bachelor's Degree,7,52234.8,Glass blower/designer,Offered,Shawn Torres
3935,2023-07-19,Donald,Grimes,Female,15-01-1982,470.533.4715,lgonzalez@example.org,2707 Misty Club,North Brandonville,GU,19438,Bermuda,Master's Degree,12,38407.5,Travel agency manager,Applied,Donald Grimes
3936,2023-05-31,David,Spencer,Female,17-05-1979,###############################################################################################################################################################################################################################################################,joshuahunt@example.org,21359 Jeffrey Island Suite 135,Patriciastad,UT,56367,Paraguay,High School,15,76705.26,"Secretary, company",Offered,David Spencer
3937,2023-05-22,Jennifer,Hardy,Other,22-10-1997,+1-903-400-6415x427,nclements@example.org,0478 Rodgers Cliffs Suite 183,Jeremiahberg,LA,84430,Georgia,Master's Degree,7,99784.58,Theme park manager,Offered,Jennifer Hardy
3938,2023-05-13,Kevin,Sanchez,Female,02-03-1995,(825)409-7924x203,ljohnson@example.net,875 Joshua Forges,West Matthewmouth,MD,64934,Greece,Master's Degree,17,97674.55,"Psychologist, prison and probation services",Interviewing,Kevin Sanchez
3939,2023-06-08,Kathryn,Anderson,Female,30-06-1977,###############################################################################################################################################################################################################################################################,rscott@example.net,673 Victoria Course,North Scottshire,MP,18558,Angola,PhD,5,70650.26,Pathologist,In Review,Kathryn Anderson
3940,2023-07-16,Carol,Ball,Male,24-01-1967,960.442.0484,rachelcurtis@example.net,966 Alexander Port,Port Timothyview,WV,96544,Gabon,High School,9,73015.85,Fisheries officer,Rejected,Carol Ball
3941,2023-06-09,Teresa,Adams,Female,02-12-1965,880.703.0916,ashleysalazar@example.org,44119 William Mission,Port Tracichester,KS,19479,Rwanda,Master's Degree,20,69288.54,"Surveyor, building control",Interviewing,Teresa Adams
3942,2023-08-05,Curtis,Ward,Other,17-10-1965,+1-292-507-3086x39654,joycejones@example.com,73221 Brian Pike Suite 261,New Williamside,NV,84934,Austria,PhD,15,60406.6,Press photographer,Interviewing,Curtis Ward
3943,2023-07-09,Corey,West,Other,23-11-1976,+1-802-615-7721x80480,brittany00@example.org,22623 Rhonda Branch Suite 310,New Brentstad,AS,62635,Slovenia,Bachelor's Degree,1,67982.03,Chartered accountant,Rejected,Corey West
3944,2023-06-12,Angela,Smith,Female,15-09-1973,###############################################################################################################################################################################################################################################################,ubriggs@example.net,186 Casey Springs Suite 112,Davidshire,WA,31201,Armenia,PhD,17,37097.3,Statistician,Applied,Angela Smith
3945,2023-06-24,Corey,Mendoza,Other,28-07-1966,336.927.8748,dianeford@example.com,3421 Jason Viaduct,Travisport,NM,44817,Comoros,Bachelor's Degree,18,55697.83,Medical illustrator,Rejected,Corey Mendoza
3946,2023-07-17,Brooke,Little,Male,27-02-1985,(272)601-3636x520,ppatrick@example.net,28541 Winters Squares,Victoriashire,FL,87835,Martinique,Master's Degree,17,97045.59,Nature conservation officer,In Review,Brooke Little
3947,2023-05-17,Jeremy,Gonzales,Other,18-11-1993,478-383-1156,christopherfisher@example.net,9721 William Mall Apt. 131,Jessicamouth,NV,85955,Belgium,High School,10,82358.86,Management consultant,In Review,Jeremy Gonzales
3948,2023-07-30,Marcus,Williams,Other,11-07-1973,+1-411-886-3936x15750,mejiaallen@example.org,43507 Hansen Ferry,Christopherside,VI,68931,Kazakhstan,High School,15,60246.35,Farm manager,Offered,Marcus Williams
3949,2023-07-24,Kelli,Jensen,Female,04-07-1964,+1-276-882-7088x953,drusso@example.net,62445 Kevin Estate,Brianville,WY,70615,Israel,Master's Degree,1,87826.83,Operational researcher,Offered,Kelli Jensen
3950,2023-07-14,Pamela,Mitchell,Other,28-10-1992,+1-544-311-9832x48613,connersamuel@example.com,184 Erica Light Suite 693,Lake Theresaville,CA,28694,Brazil,Master's Degree,0,68201.29,"Engineer, biomedical",Applied,Pamela Mitchell
3951,2023-06-28,Juan,Davis,Female,19-09-1963,(749)807-2005x23983,dsmith@example.com,913 Paul Villages Apt. 028,Port Natasha,ID,89398,Korea,High School,20,61223.97,"Engineer, building services",In Review,Juan Davis
3952,2023-05-26,Charles,George,Male,06-05-1975,331-265-0682,anna61@example.org,690 Megan Point,South Amandatown,WI,78782,Chile,High School,5,76613.66,"Engineer, chemical",In Review,Charles George
3953,2023-06-23,Bryan,Brown,Female,06-08-1979,242-399-0895,kirknicole@example.net,8948 Lane Club Suite 082,Timothyview,AK,78591,Vietnam,Bachelor's Degree,16,50780.25,"Investment banker, operational",Applied,Bryan Brown
3954,2023-06-21,Joseph,Cook,Other,24-09-1988,483-822-2517x322,frodriguez@example.net,6748 Contreras Highway,Whitefurt,PW,71650,Azerbaijan,Master's Degree,8,60599.4,Historic buildings inspector/conservation officer,In Review,Joseph Cook
3955,2023-07-26,Catherine,Carlson,Female,01-09-2003,569-564-7107x890,courtneygreen@example.net,1572 Cummings Fall Suite 369,North Timothyland,ID,16779,Maldives,PhD,6,64322.23,Geophysicist/field seismologist,Interviewing,Catherine Carlson
3956,2023-06-08,Stacey,Martin,Male,28-02-1971,821-777-6286x06067,elizabeth58@example.net,071 Lopez Alley,East Charlesmouth,MO,10839,Falkland Islands (Malvinas),Master's Degree,9,41758.66,"Nurse, children's",Offered,Stacey Martin
3957,2023-07-21,Robert,Ford,Male,01-05-1996,338-927-7032x8105,ifoster@example.com,82435 Christopher Squares,New Scott,ND,33073,British Indian Ocean Territory (Chagos Archipelago),Master's Degree,5,57816.37,Pensions consultant,Offered,Robert Ford
3958,2023-08-04,Mark,Jones,Other,22-08-1966,900.593.3265x91690,batesvanessa@example.org,443 Brittany Lock,Port Susan,MO,77239,Armenia,Bachelor's Degree,1,78487.49,"Therapist, occupational",Interviewing,Mark Jones
3959,2023-06-14,Crystal,Mann,Male,01-01-1990,+1-465-920-0919x5507,jensenalfred@example.org,1196 Sarah Courts,Kimberlyville,KY,21952,French Southern Territories,Bachelor's Degree,3,72554.72,"Therapist, occupational",Interviewing,Crystal Mann
3960,2023-06-11,Nicholas,Bright,Male,05-04-2001,###############################################################################################################################################################################################################################################################,jameslamb@example.com,532 Autumn Brook Apt. 944,Nicholasfort,NM,25428,Saint Kitts and Nevis,High School,10,72528.04,"Psychologist, sport and exercise",In Review,Nicholas Bright
3961,2023-06-07,Mark,Burton,Female,15-01-1985,+1-867-435-6144x7562,maydonna@example.org,999 Natasha Haven,Alexanderville,CA,51834,Svalbard & Jan Mayen Islands,Master's Degree,0,45886.18,"Programmer, multimedia",In Review,Mark Burton
3962,2023-05-14,Jeremy,Fletcher,Other,10-08-1975,+1-960-497-8182x5352,anthony20@example.org,114 Hines Ville Apt. 245,South Breanna,VA,99131,British Virgin Islands,PhD,1,89925.18,Television/film/video producer,Interviewing,Jeremy Fletcher
3963,2023-05-17,Joe,Jacobs,Other,21-01-1967,(276)844-6763x87966,kimberly66@example.com,1636 Potter Square Apt. 726,East Joanna,OK,45713,Iraq,PhD,17,45045.96,Physiological scientist,Rejected,Joe Jacobs
3964,2023-05-14,Dorothy,Ali,Female,11-11-1994,654-654-2946x2070,clarkkelly@example.com,2371 Hanson Curve Suite 808,Smithport,ME,14754,French Southern Territories,High School,4,68205.32,"Therapist, drama",In Review,Dorothy Ali
3965,2023-07-12,Charles,Russo,Other,19-10-2001,+1-951-767-7388x083,zherrera@example.org,30941 Alexis Brooks,Port Debraview,GA,69661,Sudan,Master's Degree,11,58881.24,"Lecturer, further education",In Review,Charles Russo
3966,2023-08-01,Greg,Nolan,Male,03-06-1982,425.433.6164,catherinethompson@example.com,746 Brooke Fords Apt. 920,Watsonport,TX,6782,Saint Vincent and the Grenadines,High School,12,94818.44,Personal assistant,Offered,Greg Nolan
3967,2023-05-10,Lori,Morgan,Other,26-08-1993,+1-721-337-9615x33864,jacob39@example.org,728 Carter Plain,Ashleeborough,AZ,78384,Palau,Bachelor's Degree,7,76692.47,English as a second language teacher,Offered,Lori Morgan
3968,2023-07-11,Lee,Fowler,Other,02-08-2002,###############################################################################################################################################################################################################################################################,stephaniewilliams@example.net,5469 Randolph Inlet,North Roy,KY,15780,Aruba,Master's Degree,9,85091.42,Advertising art director,Rejected,Lee Fowler
3969,2023-07-13,John,Graves,Male,28-08-1967,(830)935-6472x7726,annmahoney@example.net,98745 White Throughway Suite 466,Lake Susanborough,CA,12004,Australia,Bachelor's Degree,12,70973.49,"Engineer, manufacturing systems",In Review,John Graves
3970,2023-06-03,Tyler,Thompson,Other,31-08-1975,316-660-2078x7613,seth88@example.net,2737 Shari Field,Hunterfurt,SC,14543,Guadeloupe,High School,13,51801.35,Magazine journalist,Offered,Tyler Thompson
3971,2023-06-15,Dawn,Stewart,Male,22-08-1988,001-758-237-0829x88584,susan66@example.com,630 Gallagher Roads,Chambersview,VI,40802,British Indian Ocean Territory (Chagos Archipelago),High School,2,96602.41,"Investment banker, operational",Rejected,Dawn Stewart
3972,2023-07-19,Brian,White,Female,27-08-1976,+1-617-438-4732x4905,ggreen@example.com,5775 Melissa Fields,Velazquezchester,MS,98339,Senegal,Master's Degree,12,56660.43,Event organiser,Interviewing,Brian White
3973,2023-06-15,Lisa,Garcia,Other,27-02-1977,###############################################################################################################################################################################################################################################################,kellymeredith@example.com,7580 Taylor Route Suite 995,South Kathrynberg,RI,47652,Trinidad and Tobago,PhD,4,59039.94,Chiropractor,Interviewing,Lisa Garcia
3974,2023-06-15,Eduardo,Dorsey,Female,17-02-1981,840-979-0728x64546,yjohnston@example.net,9757 James Pines,Maxwelltown,KY,71177,Western Sahara,Master's Degree,20,58899.83,Ambulance person,Applied,Eduardo Dorsey
3975,2023-05-31,Amy,Stewart,Other,27-07-1977,773.666.8927,dbrown@example.com,797 Tammy Spur,Sandramouth,IN,78805,Belgium,Bachelor's Degree,3,97165.76,"Designer, multimedia",In Review,Amy Stewart
3976,2023-05-11,Vanessa,Brown,Male,27-06-2003,529.375.7007x45005,davidmurray@example.net,77846 White Causeway Apt. 440,Stevenville,PA,64932,Vietnam,Bachelor's Degree,20,37535.01,Geophysical data processor,Interviewing,Vanessa Brown
3977,2023-05-22,Nathan,Anderson,Female,05-12-1967,899-494-8650x202,donnahess@example.com,1351 Natalie Parkways Suite 110,East Tinaport,AS,34107,Burundi,High School,7,38472.32,Psychiatrist,Rejected,Nathan Anderson
3978,2023-06-23,Thomas,Riley,Other,29-11-1979,+1-658-456-6729x68024,morgancynthia@example.com,896 Tyler Extensions Apt. 378,Port Mary,WA,27512,Maldives,PhD,13,57013.1,"Investment banker, corporate",Offered,Thomas Riley
3979,2023-05-17,Brian,Kirk,Female,29-04-1987,(497)437-5004x943,jameswhitney@example.org,2732 Williams Burg,Kaitlynhaven,NC,39577,Peru,High School,5,41681.71,"Editor, film/video",Offered,Brian Kirk
3980,2023-05-23,Jennifer,Haynes,Male,29-04-1973,###############################################################################################################################################################################################################################################################,sethaguilar@example.net,125 Joshua Drive,East Jessica,FL,69185,Croatia,High School,14,65799.37,"Pharmacist, community",Rejected,Jennifer Haynes
3981,2023-05-13,Misty,Nguyen,Other,15-05-1974,###############################################################################################################################################################################################################################################################,eric34@example.com,23453 Christine Drive Suite 150,South Allisonside,MA,48291,Chad,Master's Degree,19,41664.7,Barrister's clerk,In Review,Misty Nguyen
3982,2023-05-22,Wesley,Stafford,Other,22-10-1983,###############################################################################################################################################################################################################################################################,chavezdenise@example.net,2088 Steven Drives Suite 277,North Briannafort,MA,64728,Martinique,Bachelor's Degree,7,42712.92,IT technical support officer,Offered,Wesley Stafford
3983,2023-07-26,Raymond,Estrada,Male,31-12-2004,(863)261-6505,justin72@example.org,776 Thompson Fall,Watsonstad,KS,33607,Mozambique,Bachelor's Degree,3,62266.2,Retail banker,In Review,Raymond Estrada
3984,2023-05-30,Bailey,Washington,Male,07-04-1969,+1-538-333-4248x33976,michael83@example.com,7186 Allison Glen,Elliotthaven,OR,888,Thailand,PhD,19,78240.23,Electronics engineer,Interviewing,Bailey Washington
3985,2023-06-24,Adrienne,Nunez,Male,06-09-1997,(982)868-7191x6066,zsmith@example.org,368 Linda Divide Apt. 177,Alexandermouth,TX,14042,Anguilla,Master's Degree,6,90491.06,"Administrator, sports",Interviewing,Adrienne Nunez
3986,2023-06-22,Misty,Cunningham,Male,06-12-1984,+1-504-379-2164x3986,mitchellclark@example.net,4890 Christopher Gateway Suite 858,Port Julie,NH,42875,Hong Kong,Bachelor's Degree,13,61911.37,Mechanical engineer,Interviewing,Misty Cunningham
3987,2023-07-27,Michael,Lang,Female,28-07-1974,568.931.6486,kingandrew@example.net,29410 Kirk Mill Apt. 725,Deniseport,MI,38184,Fiji,Bachelor's Degree,10,44000.19,Geographical information systems officer,Applied,Michael Lang
3988,2023-06-01,Antonio,Blackburn,Female,15-06-1973,###############################################################################################################################################################################################################################################################,sdavis@example.com,5584 Henry Bypass,Georgemouth,FM,84532,Brunei Darussalam,PhD,8,62688.51,"Programmer, systems",Rejected,Antonio Blackburn
3989,2023-08-05,Carl,Crawford,Other,22-06-1984,###############################################################################################################################################################################################################################################################,rodneysalinas@example.com,10140 Ashley Lake Apt. 572,Jasonport,ID,83756,Senegal,Bachelor's Degree,6,50104.78,Chief Operating Officer,Interviewing,Carl Crawford
3990,2023-07-04,Sandra,Nash,Other,27-05-1978,001-382-460-0687,davidmckenzie@example.com,27578 Martinez Rapids,Kimberlyborough,NH,79583,Guinea-Bissau,PhD,17,66870.15,"Psychologist, forensic",Interviewing,Sandra Nash
3991,2023-06-20,Jasmine,Austin,Female,06-03-1990,(751)605-0290,jacobscott@example.com,298 Regina Freeway,New Cameron,NH,28020,Angola,Bachelor's Degree,5,90893.48,Physiotherapist,Interviewing,Jasmine Austin
3992,2023-06-13,Kimberly,Holmes,Male,04-04-1968,240-770-1581,judy52@example.com,18403 Matthews Inlet Apt. 555,West Julia,OR,2276,Bosnia and Herzegovina,PhD,19,53474.17,Immigration officer,Interviewing,Kimberly Holmes
3993,2023-06-03,Jessica,Odonnell,Female,20-02-1990,831-607-7452x887,morriskevin@example.com,68164 Wilson Cove,Adamchester,MD,96631,Turkey,Master's Degree,14,52123.62,"Teacher, early years/pre",Applied,Jessica Odonnell
3994,2023-05-12,Andrew,Garcia,Male,16-02-1972,979.438.4439,juareznicholas@example.org,84464 Amy Plains,New Lisatown,MA,93605,Brunei Darussalam,Bachelor's Degree,9,33630.92,Acupuncturist,Rejected,Andrew Garcia
3995,2023-07-29,Sarah,Watson,Male,23-02-1989,+1-852-501-5727x891,aburton@example.com,0282 Schultz Grove Apt. 524,Reyesside,FL,91992,Switzerland,High School,2,73184.35,Electronics engineer,In Review,Sarah Watson
3996,2023-05-18,Melinda,Butler,Male,25-11-1993,001-324-747-3549x4392,davisvickie@example.org,1307 Stephen Walk Apt. 998,West Jennifer,WY,17130,India,PhD,20,65428.69,"Psychologist, forensic",Offered,Melinda Butler
3997,2023-07-12,Latasha,Johnson,Male,29-01-1978,(870)454-9481x49987,gpeterson@example.net,2945 Morse Wells,New Lindsey,MH,81966,Turkey,Bachelor's Degree,0,37297.03,Operational investment banker,Applied,Latasha Johnson
3998,2023-06-19,Cheryl,Gill,Other,08-02-2000,001-847-873-3665,bschultz@example.net,36716 Kevin Locks Suite 422,Schmidtfurt,ME,59399,Maldives,High School,10,31093.7,Petroleum engineer,Rejected,Cheryl Gill
3999,2023-05-16,Danielle,Villegas,Female,08-08-1994,(385)467-6434x67311,alvarezstephen@example.net,0983 Jeremy Burgs,Michaelhaven,KY,37855,Ghana,Bachelor's Degree,14,59442.38,Housing manager/officer,Applied,Danielle Villegas
4000,2023-07-07,Charles,Hernandez,Female,01-06-1980,(772)767-2580,murrayallison@example.com,146 Cheryl Highway,Hallland,OR,8592,Netherlands,Bachelor's Degree,1,89853.85,"Loss adjuster, chartered",Rejected,Charles Hernandez
